scenario,components,personality,metric,observed,expected,observed_z,expected_z,residual,residual_z
boycott_tncs-long_rides,boycott_tncs+long_rides,baseline,drivers_accept,-0.860824333333333,-1.3224674722222223,-0.9518328825671043,-1.4622821142987867,0.4616431388888893,0.5104492317316824
boycott_tncs-long_rides,boycott_tncs+long_rides,baseline,drivers_acceptance_rate,-0.04532325000000004,0.06495863888888986,-0.22411285007475967,0.32120524671920514,-0.1102818888888899,-0.5453180967939648
boycott_tncs-long_rides,boycott_tncs+long_rides,baseline,drivers_busy,-961.0985668888889,-952.7979128055554,-0.988314316615689,-0.9797786101330662,-8.300654083333484,-0.008535706482622807
boycott_tncs-long_rides,boycott_tncs+long_rides,baseline,drivers_change_provider,-0.2602082222222224,-0.3718929166666669,-0.9660815843492124,-1.3807361468952841,0.11168469444444451,0.4146545625460717
boycott_tncs-long_rides,boycott_tncs+long_rides,baseline,drivers_change_zone,-0.40546294444444464,-0.6002544444444443,-0.7795257228228772,-1.154023533085925,0.19479149999999967,0.37449781026304774
boycott_tncs-long_rides,boycott_tncs+long_rides,baseline,drivers_demand_pressure,0.0,0.0,,,0.0,
boycott_tncs-long_rides,boycott_tncs+long_rides,baseline,drivers_idle,2011.043945194443,1514.5797450555547,0.6103165455700017,0.4596483732747196,496.4642001388884,0.15066817229528212
boycott_tncs-long_rides,boycott_tncs+long_rides,baseline,drivers_idle_duration_avg,-20.3887358611114,-102.50722369444452,-0.17181038179582298,-0.8638007456540916,82.11848783333312,0.6919903638582686
boycott_tncs-long_rides,boycott_tncs+long_rides,baseline,drivers_occupied_distance_avg,578.7806914166658,221.32897130555557,0.5205231468094246,0.19905096063600863,357.45172011111026,0.32147218617341594
boycott_tncs-long_rides,boycott_tncs+long_rides,baseline,drivers_occupied_duration_avg,49.82228291666661,6.629647555555607,0.4152324328982515,0.055253282720017956,43.192635361111,0.35997915017823356
boycott_tncs-long_rides,boycott_tncs+long_rides,baseline,drivers_passengers_served,-0.5094210555555554,-0.645653027777777,-0.5915668864470419,-0.7497667149840677,0.1362319722222216,0.15819982853702574
boycott_tncs-long_rides,boycott_tncs+long_rides,baseline,drivers_pickup,-307.28062119444445,-318.35357244444447,-1.074889434220263,-1.1136234040293433,11.072951250000017,0.03873396980908028
boycott_tncs-long_rides,boycott_tncs+long_rides,baseline,drivers_pickup_accept,-0.37157891666666665,-0.3681761666666664,-1.0229654926856753,-1.0135976419435972,-0.003402750000000232,-0.009367850742078021
boycott_tncs-long_rides,boycott_tncs+long_rides,baseline,drivers_pickup_reject,-0.07792119444444442,-0.0720919166666667,-0.9555841021846685,-0.8840969386295169,-0.005829277777777725,-0.07148716355515161
boycott_tncs-long_rides,boycott_tncs+long_rides,baseline,drivers_reject,-0.367532361111111,-0.5631250555555551,-0.8105718254522429,-1.2419404453518823,0.19559269444444416,0.43136861989963937
boycott_tncs-long_rides,boycott_tncs+long_rides,baseline,drivers_removed,-0.15629088888888887,-0.19802722222222222,-1.0284561984969638,-1.3030978684264112,0.04173633333333335,0.2746416699294474
boycott_tncs-long_rides,boycott_tncs+long_rides,baseline,drivers_shift_duration_avg,482.39317158333324,99.58844563888897,0.5162737950614406,0.10658298625061956,382.8047259444443,0.409690808810821
boycott_tncs-long_rides,boycott_tncs+long_rides,baseline,drivers_starting,0.01403730555555549,0.02972736111111096,0.09017174176353954,0.19096028926731648,-0.01569005555555547,-0.10078854750377694
boycott_tncs-long_rides,boycott_tncs+long_rides,baseline,drivers_total_length_avg,3704.9781850000036,1609.9176331944473,0.619701050431644,0.2692776039649,2095.0605518055563,0.350423446466744
boycott_tncs-long_rides,boycott_tncs+long_rides,baseline,drivers_waiting,-0.9590690555555557,-1.4789117500000006,-0.8922527112719556,-1.3758790475260154,0.519842694444445,0.4836263362540598
boycott_tncs-long_rides,boycott_tncs+long_rides,baseline,failed_requests,-0.03478136454506142,-0.0006507967848305429,-0.8048126577405837,-0.015058911486060866,-0.03413056776023088,-0.7897537462545229
boycott_tncs-long_rides,boycott_tncs+long_rides,baseline,passengers_accept,-3.644212750000001,-5.381453361111112,-1.0671453180576784,-1.5758664909603533,1.737240611111111,0.5087211729026748
boycott_tncs-long_rides,boycott_tncs+long_rides,baseline,passengers_acceptance_rate,-0.04261274999999998,-0.11051538888888901,-0.36651244721864795,-0.9505433382494043,0.06790263888888903,0.5840308910307563
boycott_tncs-long_rides,boycott_tncs+long_rides,baseline,passengers_arrivals,-0.7614534722222221,-0.6292732777777772,-0.9956639411923639,-0.8228273094753298,-0.13218019444444495,-0.17283663171703412
boycott_tncs-long_rides,boycott_tncs+long_rides,baseline,passengers_cancel,-0.04158366666666667,-0.042138833333333334,-2.8047798911821573,-2.842225369845766,0.0005551666666666621,0.0374454786636087
boycott_tncs-long_rides,boycott_tncs+long_rides,baseline,passengers_change_provider,-1.0499353333333332,-1.4194159722222226,-0.9207019045085411,-1.2447042664673724,0.3694806388888894,0.32400236195883136
boycott_tncs-long_rides,boycott_tncs+long_rides,baseline,passengers_departures,-0.7583792777777771,-1.0342267777777774,-1.0264474355653668,-1.3998001461138283,0.27584750000000025,0.37335271054846153
boycott_tncs-long_rides,boycott_tncs+long_rides,baseline,passengers_drivers_ratio,-0.07879502777777778,-0.07620013888888888,-1.1265822602821993,-1.0894814955249328,-0.0025948888888888966,-0.037100764757266536
boycott_tncs-long_rides,boycott_tncs+long_rides,baseline,passengers_new,-0.8499540833333334,-1.5365888333333333,-0.9271524512602224,-1.6761518431877076,0.6866347499999998,0.7489993919274852
boycott_tncs-long_rides,boycott_tncs+long_rides,baseline,passengers_no_ratings_count,-0.17287891666666666,-0.15947138888888895,-0.9328418543999282,-0.8604958256516335,-0.013407527777777706,-0.07234602874829466
boycott_tncs-long_rides,boycott_tncs+long_rides,baseline,passengers_offers_discarded,-27.958944666666667,-41.16299605555557,-1.0445262809099232,-1.537820246566029,13.2040513888889,0.4932939656561057
boycott_tncs-long_rides,boycott_tncs+long_rides,baseline,passengers_pickup_accept,-0.4021527777777777,-0.41853741666666655,-1.0108382369715871,-1.052022136233406,0.01638463888888886,0.04118389926181876
boycott_tncs-long_rides,boycott_tncs+long_rides,baseline,passengers_pickup_reject,-0.04705525000000002,-0.02224933333333337,-0.9522451638122134,-0.45025411754719324,-0.02480591666666665,-0.5019910462650201
boycott_tncs-long_rides,boycott_tncs+long_rides,baseline,passengers_rating_avg,-0.012791583333333634,-0.0050861111111109025,-0.606950739177548,-0.24133203982523638,-0.007705472222222731,-0.36561869935231167
boycott_tncs-long_rides,boycott_tncs+long_rides,baseline,passengers_ratings_count,-0.5899072500000002,-0.4718983611111114,-1.018043391900034,-0.8143873603479578,-0.11800888888888883,-0.20365603155207623
boycott_tncs-long_rides,boycott_tncs+long_rides,baseline,passengers_reject,-1.6008238055555557,-2.0418749444444444,-0.8898914272976907,-1.1350699573364134,0.4410511388888887,0.2451785300387227
boycott_tncs-long_rides,boycott_tncs+long_rides,baseline,passengers_unassigned,-7.996051416666667,-9.212523416666674,-0.9944559510192824,-1.1457466014429183,1.2164720000000067,0.15129065042363588
boycott_tncs-long_rides,boycott_tncs+long_rides,baseline,rides_dispatched,-0.860824333333333,-1.3224674722222223,-0.9518328825671043,-1.4622821142987867,0.4616431388888893,0.5104492317316824
boycott_tncs-long_rides,boycott_tncs+long_rides,baseline,rides_duration_avg,22.76875638888896,174.58772308333323,0.09742547077195614,0.747045241377263,-151.81896669444427,-0.6496197706053068
boycott_tncs-long_rides,boycott_tncs+long_rides,baseline,rides_in_progress,-571.7961068611107,-263.0410887500002,-0.6921314024155717,-0.31839845613653095,-308.75501811111053,-0.37373294627904075
boycott_tncs-long_rides,boycott_tncs+long_rides,baseline,rides_length_avg,746.8520991388878,1449.1764706666663,0.6455634971513607,1.252638148130937,-702.3243715277786,-0.6070746509795762
boycott_tncs-long_rides,boycott_tncs+long_rides,baseline,rides_not_served,-0.13576827777777775,-0.13214799999999996,-1.0879701650369806,-1.0589593071559116,-0.0036202777777777917,-0.029010857881069052
boycott_tncs-long_rides,boycott_tncs+long_rides,baseline,rides_offers_generated,-30.859166750000007,-46.43089827777777,-1.045021593719816,-1.5723461268145216,15.571731527777764,0.5273245330947056
boycott_tncs-long_rides,boycott_tncs+long_rides,baseline,rides_offers_lyft,-12.347666638888885,-18.617879305555554,-1.1048045820500125,-1.6658303926062918,6.270212666666669,0.5610258105562793
boycott_tncs-long_rides,boycott_tncs+long_rides,baseline,rides_offers_price_lyft_avg,5.991267222222223,6.26006127777778,11.1920412638829,11.69416444578771,-0.26879405555555635,-0.5021231819048104
boycott_tncs-long_rides,boycott_tncs+long_rides,baseline,rides_offers_price_no_surge_avg,5.782665861111113,6.138404000000001,9.752349573586596,10.35229478405306,-0.3557381388888885,-0.5999452104664638
boycott_tncs-long_rides,boycott_tncs+long_rides,baseline,rides_offers_price_uber_avg,5.709335777777778,6.120942472222225,9.132266706650094,9.790644889019392,-0.41160669444444764,-0.6583781823692973
boycott_tncs-long_rides,boycott_tncs+long_rides,baseline,rides_offers_radius_avg,-415.21336499999995,-421.36070647222255,-0.8757962178000216,-0.8887626077689423,6.1473414722225925,0.012966389968920744
boycott_tncs-long_rides,boycott_tncs+long_rides,baseline,rides_offers_surge_lyft_avg,0.0,0.0,,,0.0,
boycott_tncs-long_rides,boycott_tncs+long_rides,baseline,rides_offers_surge_uber_avg,0.0,0.0,,,0.0,
boycott_tncs-long_rides,boycott_tncs+long_rides,baseline,rides_offers_uber,-18.51150472222222,-27.812106499999985,-0.9845583272501081,-1.4792228651229105,9.300601777777764,0.4946645378728024
boycott_tncs-long_rides,boycott_tncs+long_rides,baseline,rides_partial_acceptances,-2.4154679444444445,-3.4976754722222227,-1.120371626659678,-1.6223342426688947,1.0822075277777783,0.5019626160092168
boycott_tncs-long_rides,boycott_tncs+long_rides,baseline,rides_waiting_duration_avg,-206.58928119444442,-34.68281108333326,-0.895869875155072,-0.1504012476136554,-171.90647011111116,-0.7454686275414166
boycott_tncs-long_rides,boycott_tncs+long_rides,baseline,traffic_duration_avg,-3.306226250000236,38.59721430555555,-0.02178362988233389,0.25430426333384926,-41.90344055555579,-0.27608789321618316
boycott_tncs-long_rides,boycott_tncs+long_rides,baseline,traffic_length_avg,4.810539638888713,1.4040115555562807,0.060338606819326804,0.017610519313810732,3.4065280833324323,0.04272808750551607
boycott_tncs-long_rides,boycott_tncs+long_rides,baseline,traffic_speed_avg,-0.01438127777777698,-0.2811420277777774,-0.014772007874174486,-0.2887804764130406,0.26676075000000044,0.2740084685388661
boycott_tncs-long_rides,boycott_tncs+long_rides,bank_tellers,drivers_accept,-0.8556018888888886,-1.3316164166666669,-0.9460583079447147,-1.4723983085393484,0.4760145277777783,0.5263400005946337
boycott_tncs-long_rides,boycott_tncs+long_rides,bank_tellers,drivers_acceptance_rate,0.04267636111111095,0.0688186111111111,0.21102460479843577,0.3402919048015669,-0.026142250000000145,-0.12926730000313114
boycott_tncs-long_rides,boycott_tncs+long_rides,bank_tellers,drivers_busy,-435.1902562222217,-325.31473180555395,-0.44751368433347727,-0.33452677792473684,-109.87552441666776,-0.11298690640874043
boycott_tncs-long_rides,boycott_tncs+long_rides,bank_tellers,drivers_change_provider,-0.2418009166666668,-0.37995483333333324,-0.8977403199462596,-1.4106678268387904,0.13815391666666643,0.5129275068925309
boycott_tncs-long_rides,boycott_tncs+long_rides,bank_tellers,drivers_change_zone,-0.4017406111111108,-0.622045805555555,-0.7723693238916987,-1.1959186723438613,0.22030519444444419,0.42354934845216263
boycott_tncs-long_rides,boycott_tncs+long_rides,bank_tellers,drivers_demand_pressure,0.0,0.0,,,0.0,
boycott_tncs-long_rides,boycott_tncs+long_rides,bank_tellers,drivers_idle,1353.2018355833334,1065.3551722777793,0.41067300976973575,0.3233165988756361,287.8466633055541,0.08735641089409968
boycott_tncs-long_rides,boycott_tncs+long_rides,bank_tellers,drivers_idle_duration_avg,196.77862022222223,95.0380680833332,1.658200395548816,0.8008601844550464,101.74055213888903,0.8573402110937697
boycott_tncs-long_rides,boycott_tncs+long_rides,bank_tellers,drivers_occupied_distance_avg,421.6048069999997,385.5586405555541,0.3791679026341839,0.346749986372752,36.04616644444559,0.03241791626143187
boycott_tncs-long_rides,boycott_tncs+long_rides,bank_tellers,drivers_occupied_duration_avg,48.23586641666657,54.00449574999982,0.4020108070649522,0.4500881301489753,-5.7686293333332515,-0.04807732308402313
boycott_tncs-long_rides,boycott_tncs+long_rides,bank_tellers,drivers_passengers_served,-0.44849080555555565,-0.5638335277777784,-0.5208114320152828,-0.6547535498669175,0.11534272222222275,0.13394211785163468
boycott_tncs-long_rides,boycott_tncs+long_rides,bank_tellers,drivers_pickup,-266.91344008333317,-317.81826083333334,-0.9336821680512315,-1.1117508459989605,50.90482075000017,0.17806867794772896
boycott_tncs-long_rides,boycott_tncs+long_rides,bank_tellers,drivers_pickup_accept,-0.31006047222222227,-0.3327180000000002,-0.8536037689503609,-0.9159804755572811,0.02265752777777791,0.062376706606920185
boycott_tncs-long_rides,boycott_tncs+long_rides,bank_tellers,drivers_pickup_reject,-0.07092125,-0.07780097222222226,-0.8697405050096269,-0.954109760766985,0.006879722222222259,0.0843692557573581
boycott_tncs-long_rides,boycott_tncs+long_rides,bank_tellers,drivers_reject,-0.4044955555555556,-0.6188753888888887,-0.8920920592210508,-1.3648946508617195,0.2143798333333331,0.4728025916406686
boycott_tncs-long_rides,boycott_tncs+long_rides,bank_tellers,drivers_removed,-0.131226888888889,-0.20350005555555545,-0.8635251117113902,-1.3391112880506917,0.07227316666666644,0.47558617633930145
boycott_tncs-long_rides,boycott_tncs+long_rides,bank_tellers,drivers_shift_duration_avg,476.4492862222214,49.23709397222274,0.5099124441270582,0.05269523463485623,427.2121922499987,0.4572172094922019
boycott_tncs-long_rides,boycott_tncs+long_rides,bank_tellers,drivers_starting,-0.008717805555555624,-0.0035788333333334754,-0.056000755144152314,-0.02298942869562145,-0.005138972222222149,-0.033011326448530866
boycott_tncs-long_rides,boycott_tncs+long_rides,bank_tellers,drivers_total_length_avg,1913.8599051944439,-467.51994769444354,0.32011551334626887,-0.0781981939480687,2381.3798528888874,0.39831370729433757
boycott_tncs-long_rides,boycott_tncs+long_rides,bank_tellers,drivers_waiting,-1.0111432777777771,-1.548027916666666,-0.9406990308523958,-1.4401800347634084,0.5368846388888888,0.4994810039110126
boycott_tncs-long_rides,boycott_tncs+long_rides,bank_tellers,failed_requests,-0.0167658036430344,0.02363080090145947,-0.3879471425459983,0.5467976293282772,-0.04039660454449387,-0.9347447718742756
boycott_tncs-long_rides,boycott_tncs+long_rides,bank_tellers,passengers_accept,-3.5731525000000017,-5.430545888888889,-1.0463365403353824,-1.5902423972983328,1.8573933888888874,0.5439058569629505
boycott_tncs-long_rides,boycott_tncs+long_rides,bank_tellers,passengers_acceptance_rate,-0.05426575000000011,-0.10322941666666696,-0.4667399506639538,-0.8878766596254317,0.04896366666666685,0.4211367089614779
boycott_tncs-long_rides,boycott_tncs+long_rides,bank_tellers,passengers_arrivals,-0.7754766666666664,-0.7028935277777779,-1.0140004378504124,-0.919091928313624,-0.07258313888888845,-0.09490850953678842
boycott_tncs-long_rides,boycott_tncs+long_rides,bank_tellers,passengers_cancel,-0.017249583333333332,-0.006568750000000012,-1.1634684563154816,-0.4430561176311889,-0.01068083333333332,-0.7204123386842927
boycott_tncs-long_rides,boycott_tncs+long_rides,bank_tellers,passengers_change_provider,-1.3282638333333332,-1.7966893055555557,-1.1647717742360788,-1.5755401432041796,0.4684254722222225,0.41076836896810076
boycott_tncs-long_rides,boycott_tncs+long_rides,bank_tellers,passengers_departures,-0.7417685,-1.0289260277777783,-1.003965162180068,-1.392625713209998,0.28715752777777825,0.3886605510299299
boycott_tncs-long_rides,boycott_tncs+long_rides,bank_tellers,passengers_drivers_ratio,-0.06819327777777778,-0.07034911111111108,-0.9750023469959038,-1.0058256572726383,0.0021558333333333013,0.03082331027673446
boycott_tncs-long_rides,boycott_tncs+long_rides,bank_tellers,passengers_new,-0.8502453611111114,-1.536388722222223,-0.9274701847836679,-1.6759335566816145,0.6861433611111116,0.7484633718979465
boycott_tncs-long_rides,boycott_tncs+long_rides,bank_tellers,passengers_no_ratings_count,-0.21868525,-0.1562130833333334,-1.180009442870633,-0.8429142497414457,-0.062472166666666606,-0.33709519312918723
boycott_tncs-long_rides,boycott_tncs+long_rides,bank_tellers,passengers_offers_discarded,-28.22765286111111,-42.584351583333344,-1.0545650278776404,-1.5909210778377654,14.356698722222234,0.536356049960125
boycott_tncs-long_rides,boycott_tncs+long_rides,bank_tellers,passengers_pickup_accept,-0.31370416666666656,-0.3394781388888891,-0.7885166640306043,-0.8533012883836473,0.025773972222222552,0.064784624353043
boycott_tncs-long_rides,boycott_tncs+long_rides,bank_tellers,passengers_pickup_reject,-0.06740227777777776,-0.0710552499999999,-1.3640028061441871,-1.4379270788268612,0.003652972222222148,0.0739242726826741
boycott_tncs-long_rides,boycott_tncs+long_rides,bank_tellers,passengers_rating_avg,-0.010067583333333907,0.0026220277777770917,-0.4776990452757426,0.12441319079857188,-0.012689611111110999,-0.6021122360743145
boycott_tncs-long_rides,boycott_tncs+long_rides,bank_tellers,passengers_ratings_count,-0.5566208888888886,-0.5441630833333331,-0.9605988360489821,-0.9390995467566251,-0.012457805555555534,-0.021499289292357004
boycott_tncs-long_rides,boycott_tncs+long_rides,bank_tellers,passengers_reject,-2.4959307500000003,-3.239699166666667,-1.3874777285579376,-1.8009355592007947,0.7437684166666667,0.4134578306428571
boycott_tncs-long_rides,boycott_tncs+long_rides,bank_tellers,passengers_unassigned,-7.698129583333332,-9.387851388888876,-0.9574038956161148,-1.1675518570961139,1.6897218055555445,0.21014796147999903
boycott_tncs-long_rides,boycott_tncs+long_rides,bank_tellers,rides_dispatched,-0.8556018888888886,-1.3316164166666669,-0.9460583079447147,-1.4723983085393484,0.4760145277777783,0.5263400005946337
boycott_tncs-long_rides,boycott_tncs+long_rides,bank_tellers,rides_duration_avg,52.25980761111123,203.35010911111112,0.22361503948669603,0.8701169169409073,-151.0903014999999,-0.6465018774542113
boycott_tncs-long_rides,boycott_tncs+long_rides,bank_tellers,rides_in_progress,-403.4876481944443,-240.32999516666632,-0.48840219170994703,-0.290907780940237,-163.157653027778,-0.19749441076971003
boycott_tncs-long_rides,boycott_tncs+long_rides,bank_tellers,rides_length_avg,580.6348418611115,1439.8251095833339,0.5018887401025839,1.2445550251524495,-859.1902677222224,-0.7426662850498656
boycott_tncs-long_rides,boycott_tncs+long_rides,bank_tellers,rides_not_served,-0.13267624999999997,-0.13126930555555555,-1.0631924037900273,-1.0519179470135667,-0.001406944444444419,-0.011274456776460662
boycott_tncs-long_rides,boycott_tncs+long_rides,bank_tellers,rides_offers_generated,-31.117291333333334,-47.86181475,-1.053762781245667,-1.6208029961913208,16.744523416666667,0.5670402149456539
boycott_tncs-long_rides,boycott_tncs+long_rides,bank_tellers,rides_offers_lyft,-12.390666750000001,-16.951509249999997,-1.1086520069257861,-1.5167323219659283,4.560842499999996,0.4080803150401422
boycott_tncs-long_rides,boycott_tncs+long_rides,bank_tellers,rides_offers_price_lyft_avg,6.222002222222226,6.186020333333335,11.62306788066335,11.555851585635944,0.03598188888889098,0.06721629502740534
boycott_tncs-long_rides,boycott_tncs+long_rides,bank_tellers,rides_offers_price_no_surge_avg,6.034302444444442,5.972051388888886,10.176729606102956,10.07174445398042,0.062251055555556434,0.10498515212253601
boycott_tncs-long_rides,boycott_tncs+long_rides,bank_tellers,rides_offers_price_uber_avg,5.979911027777774,5.830655749999995,9.565060545267213,9.326321914873967,0.14925527777777958,0.2387386303932466
boycott_tncs-long_rides,boycott_tncs+long_rides,bank_tellers,rides_offers_radius_avg,-364.8807411666668,-369.69172286111143,-0.769631230588725,-0.7797788797904788,4.810981694444649,0.010147649201753817
boycott_tncs-long_rides,boycott_tncs+long_rides,bank_tellers,rides_offers_surge_lyft_avg,0.0,0.0,,,0.0,
boycott_tncs-long_rides,boycott_tncs+long_rides,bank_tellers,rides_offers_surge_uber_avg,0.0,0.0,,,0.0,
boycott_tncs-long_rides,boycott_tncs+long_rides,bank_tellers,rides_offers_uber,-18.727147916666667,-30.91067552777777,-0.9960275895273243,-1.6440242675283907,12.183527611111103,0.6479966780010664
boycott_tncs-long_rides,boycott_tncs+long_rides,bank_tellers,rides_partial_acceptances,-2.3126762499999987,-3.483491416666664,-1.0726935367157784,-1.6157552220563618,1.1708151666666655,0.5430616853405834
boycott_tncs-long_rides,boycott_tncs+long_rides,bank_tellers,rides_waiting_duration_avg,-143.6037677500001,-25.54621019444437,-0.6227345811078323,-0.11078057876604663,-118.05755755555572,-0.5119540023417857
boycott_tncs-long_rides,boycott_tncs+long_rides,bank_tellers,traffic_duration_avg,-9.549373666666725,-62.56612200000018,-0.0629176607507604,-0.41222745866858157,53.01674833333345,0.3493097979178212
boycott_tncs-long_rides,boycott_tncs+long_rides,bank_tellers,traffic_length_avg,-1.789917666666497,-61.459366611109544,-0.02245094031756198,-0.7708849392558534,59.66944894444305,0.7484339989382914
boycott_tncs-long_rides,boycott_tncs+long_rides,bank_tellers,traffic_speed_avg,-0.05080911111111153,0.1732414444444439,-0.052189562082790415,0.17794830341301354,-0.22405055555555542,-0.23013786549580395
boycott_tncs-long_rides,boycott_tncs+long_rides,students,drivers_accept,-0.8678008333333334,-1.365611111111111,-0.9595469559826596,-1.5099870089885417,0.49781027777777775,0.5504400530058821
boycott_tncs-long_rides,boycott_tncs+long_rides,students,drivers_acceptance_rate,-0.051396722222222024,0.001967333333333432,-0.25414474693943845,0.009728002303021788,-0.053364055555555456,-0.26387274924246024
boycott_tncs-long_rides,boycott_tncs+long_rides,students,drivers_busy,-675.9038117777777,-207.38565194444436,-0.6950436061906238,-0.21325826084710842,-468.51815983333336,-0.48178534534351536
boycott_tncs-long_rides,boycott_tncs+long_rides,students,drivers_change_provider,-0.2594117777777779,-0.42039780555555595,-0.9631246051109548,-1.5608214628252375,0.16098602777777804,0.5976968577142827
boycott_tncs-long_rides,boycott_tncs+long_rides,students,drivers_change_zone,-0.3677684999999997,-0.6412361388888884,-0.7070559954296042,-1.2328131867941907,0.2734676388888887,0.5257571913645865
boycott_tncs-long_rides,boycott_tncs+long_rides,students,drivers_demand_pressure,0.0,0.0,,,0.0,
boycott_tncs-long_rides,boycott_tncs+long_rides,students,drivers_idle,1680.0199271111105,1071.8399424722193,0.5098565652199515,0.32528461282846055,608.1799846388913,0.18457195239149093
boycott_tncs-long_rides,boycott_tncs+long_rides,students,drivers_idle_duration_avg,67.96061205555566,166.84848038888913,0.57268576060244,1.4059871741408352,-98.88786833333347,-0.8333014135383952
boycott_tncs-long_rides,boycott_tncs+long_rides,students,drivers_occupied_distance_avg,202.37805761111213,494.19328102777763,0.18200756340898522,0.4444499368889036,-291.8152234166655,-0.2624423734799184
boycott_tncs-long_rides,boycott_tncs+long_rides,students,drivers_occupied_duration_avg,19.36875658333338,54.34551472222233,0.16142447610768046,0.45293027485232545,-34.976758138888954,-0.291505798744645
boycott_tncs-long_rides,boycott_tncs+long_rides,students,drivers_passengers_served,-0.5223147222222226,-0.769731555555556,-0.606539699529077,-0.8938533159440248,0.2474168333333333,0.2873136164149478
boycott_tncs-long_rides,boycott_tncs+long_rides,students,drivers_pickup,-316.08521966666666,-347.8405058055556,-1.1056885449274587,-1.2167707909169758,31.75528613888895,0.1110822459895171
boycott_tncs-long_rides,boycott_tncs+long_rides,students,drivers_pickup_accept,-0.3683940555555555,-0.40944958333333314,-1.0141974951768555,-1.1272243282852052,0.041055527777777656,0.11302683310834971
boycott_tncs-long_rides,boycott_tncs+long_rides,students,drivers_pickup_reject,-0.08618527777777775,-0.09542163888888888,-1.0569304266188115,-1.1702002488121468,0.009236361111111133,0.11326982219333526
boycott_tncs-long_rides,boycott_tncs+long_rides,students,drivers_reject,-0.36764838888888907,-0.6073144444444446,-0.8108277181506502,-1.3393976420705616,0.23966605555555553,0.5285699239199113
boycott_tncs-long_rides,boycott_tncs+long_rides,students,drivers_removed,-0.14280552777777772,-0.25110697222222217,-0.9397171598857491,-1.6523837307710725,0.10830144444444445,0.7126665708853234
boycott_tncs-long_rides,boycott_tncs+long_rides,students,drivers_shift_duration_avg,331.8153281944442,518.3411108055552,0.35512019829018204,0.554746518350577,-186.52578261111103,-0.19962632006039494
boycott_tncs-long_rides,boycott_tncs+long_rides,students,drivers_starting,-0.008912055555555465,-0.010925027777777707,-0.05724856304918299,-0.07017933602986842,0.0020129722222222424,0.012930772980685429
boycott_tncs-long_rides,boycott_tncs+long_rides,students,drivers_total_length_avg,1858.3640968611107,2539.076567222215,0.31083318859252146,0.4246903321062275,-680.7124703611044,-0.11385714351370602
boycott_tncs-long_rides,boycott_tncs+long_rides,students,drivers_waiting,-0.9766064166666673,-1.5456253611111122,-0.9085682809478852,-1.4379448602512013,0.5690189444444449,0.529376579303316
boycott_tncs-long_rides,boycott_tncs+long_rides,students,failed_requests,-0.02129789271163024,0.02533246373725473,-0.49281601977731354,0.5861727316961116,-0.04663035644888497,-1.078988751473425
boycott_tncs-long_rides,boycott_tncs+long_rides,students,passengers_accept,-3.4826900277777773,-5.562875388888888,-1.019846153984621,-1.6289928260064022,2.080185361111111,0.6091466720217811
boycott_tncs-long_rides,boycott_tncs+long_rides,students,passengers_acceptance_rate,-0.03851527777777797,-0.02310672222222232,-0.3312700708975464,-0.19874101786127896,-0.015408555555555647,-0.13252905303626744
boycott_tncs-long_rides,boycott_tncs+long_rides,students,passengers_arrivals,-0.7394540555555553,-0.7383203888888883,-0.9668978685414088,-0.9654155047956136,-0.0011336666666670325,-0.0014823637457952454
boycott_tncs-long_rides,boycott_tncs+long_rides,students,passengers_cancel,-0.01583358333333333,-0.0005564166666666634,-1.0679605647735957,-0.037529790008543173,-0.015277166666666668,-1.0304307747650525
boycott_tncs-long_rides,boycott_tncs+long_rides,students,passengers_change_provider,-1.1770275833333335,-1.7523612500000012,-1.0321507460784116,-1.5366682966461764,0.5753336666666677,0.5045175505677648
boycott_tncs-long_rides,boycott_tncs+long_rides,students,passengers_departures,-0.7419026944444445,-1.0371432500000004,-1.004146791013296,-1.403747518518531,0.29524055555555595,0.3996007275052351
boycott_tncs-long_rides,boycott_tncs+long_rides,students,passengers_drivers_ratio,-0.07303727777777778,-0.07471619444444447,-1.0442600733107874,-1.068264604897389,0.0016789166666666827,0.02400453158660154
boycott_tncs-long_rides,boycott_tncs+long_rides,students,passengers_new,-0.8488980277777778,-1.5329070833333334,-0.9260004778581293,-1.6721356926633875,0.6840090555555556,0.7461352148052581
boycott_tncs-long_rides,boycott_tncs+long_rides,students,passengers_no_ratings_count,-0.1705005833333334,-0.19543947222222235,-0.9200085435496206,-1.0545769444069737,0.024938888888888955,0.1345684008573531
boycott_tncs-long_rides,boycott_tncs+long_rides,students,passengers_offers_discarded,-27.11624533333333,-42.99753725,-1.0130436333684598,-1.6063574003769046,15.881291916666669,0.5933137670084447
boycott_tncs-long_rides,boycott_tncs+long_rides,students,passengers_pickup_accept,-0.3959302777777778,-0.45991158333333315,-0.9951975618920498,-1.15601890562191,0.06398130555555537,0.16082134372986012
boycott_tncs-long_rides,boycott_tncs+long_rides,students,passengers_pickup_reject,-0.058610500000000024,-0.04547175000000003,-1.186085828331923,-0.9202002757944763,-0.01313874999999999,-0.26588555253744683
boycott_tncs-long_rides,boycott_tncs+long_rides,students,passengers_rating_avg,-0.005634666666666455,0.012018888888887247,-0.2673605768130514,0.5702869852079371,-0.0176535555555537,-0.8376475620209884
boycott_tncs-long_rides,boycott_tncs+long_rides,students,passengers_ratings_count,-0.569791277777778,-0.5433653333333341,-0.9833278792622797,-0.9377228148790508,-0.026425944444443905,-0.045605064383228866
boycott_tncs-long_rides,boycott_tncs+long_rides,students,passengers_reject,-1.7594536944444443,-2.580995361111112,-0.9780731358314523,-1.4347647990846775,0.8215416666666675,0.4566916632532252
boycott_tncs-long_rides,boycott_tncs+long_rides,students,passengers_unassigned,-7.659527944444443,-9.687212749999993,-0.9526030723707641,-1.2047829442351565,2.02768480555555,0.2521798718643924
boycott_tncs-long_rides,boycott_tncs+long_rides,students,rides_dispatched,-0.8678008333333334,-1.365611111111111,-0.9595469559826596,-1.5099870089885417,0.49781027777777775,0.5504400530058821
boycott_tncs-long_rides,boycott_tncs+long_rides,students,rides_duration_avg,50.658222499999965,140.21171591666678,0.21676200013899083,0.5999533833824645,-89.55349341666681,-0.3831913832434737
boycott_tncs-long_rides,boycott_tncs+long_rides,students,rides_in_progress,-554.7070279722225,-288.02643077777793,-0.6714459028197699,-0.3486419985636553,-266.68059719444454,-0.3228039042561146
boycott_tncs-long_rides,boycott_tncs+long_rides,students,rides_length_avg,801.3850136388901,1297.8121352222206,0.6927006197959487,1.1218019493090114,-496.4271215833305,-0.4291013295130628
boycott_tncs-long_rides,boycott_tncs+long_rides,students,rides_not_served,-0.14067144444444446,-0.13557963888888894,-1.1272613686587027,-1.0864585197068934,-0.005091805555555523,-0.0408028489518093
boycott_tncs-long_rides,boycott_tncs+long_rides,students,rides_offers_generated,-29.918087750000005,-48.40017086111109,-1.0131526879789876,-1.639034005660237,18.482083111111088,0.6258813176812494
boycott_tncs-long_rides,boycott_tncs+long_rides,students,rides_offers_lyft,-12.951666805555558,-20.01512994444445,-1.158847355572149,-1.7908490664385543,7.063463138888892,0.6320017108664053
boycott_tncs-long_rides,boycott_tncs+long_rides,students,rides_offers_price_lyft_avg,6.13150252777778,6.194004416666662,11.454009102775064,11.570766325173755,-0.06250188888888175,-0.11675722239869124
boycott_tncs-long_rides,boycott_tncs+long_rides,students,rides_offers_price_no_surge_avg,5.867334527777775,6.0653023888888775,9.895141575596567,10.229010388400448,-0.19796786111110265,-0.3338688128038818
boycott_tncs-long_rides,boycott_tncs+long_rides,students,rides_offers_price_uber_avg,5.790568916666665,6.052854194444443,9.262201732128734,9.68173549281898,-0.262285277777778,-0.4195337606902463
boycott_tncs-long_rides,boycott_tncs+long_rides,students,rides_offers_radius_avg,-439.5844144444444,-479.7270992499998,-0.9272012898098346,-1.0118729658408887,40.142684805555405,0.08467167603105408
boycott_tncs-long_rides,boycott_tncs+long_rides,students,rides_offers_surge_lyft_avg,0.0,0.0,,,0.0,
boycott_tncs-long_rides,boycott_tncs+long_rides,students,rides_offers_surge_uber_avg,0.0,0.0,,,0.0,
boycott_tncs-long_rides,boycott_tncs+long_rides,students,rides_offers_uber,-16.966791916666665,-28.384588305555557,-0.9024007782695611,-1.5096710505792927,11.417796388888892,0.6072702723097316
boycott_tncs-long_rides,boycott_tncs+long_rides,students,rides_partial_acceptances,-2.2474720833333333,-3.5921108611111094,-1.0424497496097058,-1.6661364096597782,1.3446387777777762,0.6236866600500723
boycott_tncs-long_rides,boycott_tncs+long_rides,students,rides_waiting_duration_avg,-133.60802702777778,2.8983435555555843,-0.5793882712648191,0.012568603096247688,-136.50637058333336,-0.5919568743610668
boycott_tncs-long_rides,boycott_tncs+long_rides,students,traffic_duration_avg,-17.808651555555457,18.85530613888909,-0.11733530764557992,0.12423136808850532,-36.66395769444455,-0.24156667573408525
boycott_tncs-long_rides,boycott_tncs+long_rides,students,traffic_length_avg,-13.996625944444077,2.030229638889068,-0.1755597028723574,0.025465173791223594,-16.026855583333145,-0.201024876663581
boycott_tncs-long_rides,boycott_tncs+long_rides,students,traffic_speed_avg,0.05096074999999978,-0.23069361111111153,0.05234532090306365,-0.23696140861148543,0.2816543611111113,0.28930672951454905
boycott_tncs-long_rides,boycott_tncs+long_rides,managers,drivers_accept,-0.8647453611111111,-1.3538938888888883,-0.9561684514257311,-1.4970310120776842,0.4891485277777772,0.540862560651953
boycott_tncs-long_rides,boycott_tncs+long_rides,managers,drivers_acceptance_rate,0.005934416666666831,0.16085105555555534,0.029344299729120393,0.7953707754428243,-0.1549166388888885,-0.7660264757137039
boycott_tncs-long_rides,boycott_tncs+long_rides,managers,drivers_busy,-416.5524216666663,-157.3034037499997,-0.42834807598011526,-0.16175781687173796,-259.2490179166666,-0.2665902591083773
boycott_tncs-long_rides,boycott_tncs+long_rides,managers,drivers_change_provider,-0.24229141666666654,-0.4417910833333334,-0.89956141158232,-1.6402488210903714,0.19949966666666685,0.7406874095080515
boycott_tncs-long_rides,boycott_tncs+long_rides,managers,drivers_change_zone,-0.3766065833333332,-0.606491361111111,-0.7240477166045822,-1.1660143624314547,0.22988477777777783,0.4419666458268725
boycott_tncs-long_rides,boycott_tncs+long_rides,managers,drivers_demand_pressure,0.0,0.0,,,0.0,
boycott_tncs-long_rides,boycott_tncs+long_rides,managers,drivers_idle,1509.0675518333337,1215.484311777779,0.45797551936521685,0.3688781580986384,293.5832400555546,0.08909736126657847
boycott_tncs-long_rides,boycott_tncs+long_rides,managers,drivers_idle_duration_avg,278.78377163888854,330.523817055555,2.349235703971008,2.785235121380995,-51.740045416666476,-0.43599941740998727
boycott_tncs-long_rides,boycott_tncs+long_rides,managers,drivers_occupied_distance_avg,603.6129648611104,1374.644165083333,0.5428559117192151,1.2362784681033454,-771.0312002222227,-0.6934225563841303
boycott_tncs-long_rides,boycott_tncs+long_rides,managers,drivers_occupied_duration_avg,68.38584225000011,165.17754347222217,0.5699461765081928,1.3766344940645765,-96.79170122222206,-0.8066883175563837
boycott_tncs-long_rides,boycott_tncs+long_rides,managers,drivers_passengers_served,-0.4268474444444441,-0.33209311111111117,-0.4956780073067453,-0.38564422417967165,-0.09475433333333294,-0.11003378312707368
boycott_tncs-long_rides,boycott_tncs+long_rides,managers,drivers_pickup,-307.9895291944445,-357.0197876666667,-1.0773692447467853,-1.248880570726339,49.03025847222216,0.17151132597955376
boycott_tncs-long_rides,boycott_tncs+long_rides,managers,drivers_pickup_accept,-0.3557220555555555,-0.43197705555555566,-0.9793111812826213,-1.1892429888903269,0.07625500000000013,0.20993180760770558
boycott_tncs-long_rides,boycott_tncs+long_rides,managers,drivers_pickup_reject,-0.08143955555555561,-0.07649475,-0.9987314123291468,-0.938090945881314,-0.004944805555555612,-0.06064046644783272
boycott_tncs-long_rides,boycott_tncs+long_rides,managers,drivers_reject,-0.39533827777777764,-0.6432781388888886,-0.8718962012507026,-1.4187135351465097,0.247939861111111,0.5468173338958071
boycott_tncs-long_rides,boycott_tncs+long_rides,managers,drivers_removed,-0.13820358333333338,-0.21055602777777785,-0.9094345354623115,-1.3855423911044726,0.07235244444444447,0.4761078556421612
boycott_tncs-long_rides,boycott_tncs+long_rides,managers,drivers_shift_duration_avg,712.9610305000006,1071.3746632500015,0.7630354628342091,1.1466220832132974,-358.41363275000094,-0.3835866203790883
boycott_tncs-long_rides,boycott_tncs+long_rides,managers,drivers_starting,0.0009446388888889046,0.00722747222222242,0.006068097158074326,0.04642726884059803,-0.006282833333333515,-0.0403591716825237
boycott_tncs-long_rides,boycott_tncs+long_rides,managers,drivers_total_length_avg,2950.6375826944422,5369.251815999993,0.49352873839899036,0.8980703324727415,-2418.6142333055504,-0.4045415940737511
boycott_tncs-long_rides,boycott_tncs+long_rides,managers,drivers_waiting,-1.0209445833333333,-1.5409766944444454,-0.949817499856574,-1.4336200565125068,0.5200321111111121,0.48380255665593275
boycott_tncs-long_rides,boycott_tncs+long_rides,managers,failed_requests,-0.0281480101649369,0.009295421037173568,-0.6513221998982337,0.21508852822761448,-0.037443431202110466,-0.8664107281258482
boycott_tncs-long_rides,boycott_tncs+long_rides,managers,passengers_accept,-3.458041388888889,-5.555361222222221,-1.0126282220494531,-1.6267924309341224,2.097319833333332,0.6141642088846693
boycott_tncs-long_rides,boycott_tncs+long_rides,managers,passengers_acceptance_rate,-0.04549483333333337,-0.06402924999999993,-0.3913012584450556,-0.5507158564296976,0.018534416666666553,0.15941459798464197
boycott_tncs-long_rides,boycott_tncs+long_rides,managers,passengers_arrivals,-0.7610786666666673,-0.6717633055555559,-0.9951738516593351,-0.8783865656372738,-0.08931536111111149,-0.11678728602206134
boycott_tncs-long_rides,boycott_tncs+long_rides,managers,passengers_cancel,-0.022444333333333337,-0.01586058333333333,-1.513849543594586,-1.069781689824182,-0.006583750000000006,-0.4440678537704039
boycott_tncs-long_rides,boycott_tncs+long_rides,managers,passengers_change_provider,-1.2370653333333332,-1.8682962500000002,-1.0847986273454555,-1.6383332010553973,0.631230916666667,0.5535345737099417
boycott_tncs-long_rides,boycott_tncs+long_rides,managers,passengers_departures,-0.7438749999999996,-1.0146898333333332,-1.0068162573858253,-1.3733573791350886,0.27081483333333356,0.36654112174926334
boycott_tncs-long_rides,boycott_tncs+long_rides,managers,passengers_drivers_ratio,-0.07137941666666667,-0.08123608333333328,-1.0205565862956298,-1.1614835727483614,0.00985666666666661,0.1409269864527316
boycott_tncs-long_rides,boycott_tncs+long_rides,managers,passengers_new,-0.8509349722222224,-1.5373234444444448,-0.9282224308692157,-1.6769531764664642,0.6863884722222224,0.7487307455972485
boycott_tncs-long_rides,boycott_tncs+long_rides,managers,passengers_no_ratings_count,-0.2287315277777779,-0.1990703611111112,-1.234218415096603,-1.0741689524409077,-0.029661166666666683,-0.1600494626556952
boycott_tncs-long_rides,boycott_tncs+long_rides,managers,passengers_offers_discarded,-27.165184888888895,-43.257369277777784,-1.014871980345189,-1.6160645400730456,16.09218438888889,0.6011925597278565
boycott_tncs-long_rides,boycott_tncs+long_rides,managers,passengers_pickup_accept,-0.3664959444444445,-0.42526038888888906,-0.9212123720407893,-1.0689207821308004,0.058764444444444563,0.14770841009001112
boycott_tncs-long_rides,boycott_tncs+long_rides,managers,passengers_pickup_reject,-0.0706111111111111,-0.08333861111111113,-1.4289391527398612,-1.6865023432960684,0.01272750000000003,0.25756319055620724
boycott_tncs-long_rides,boycott_tncs+long_rides,managers,passengers_rating_avg,-0.006486222222221727,0.010952972222221469,-0.3077662295322229,0.5197100635028227,-0.017439194444443196,-0.8274762930350456
boycott_tncs-long_rides,boycott_tncs+long_rides,managers,passengers_ratings_count,-0.5326808611111107,-0.47056061111111,-0.9192838885194,-0.8120787134419982,-0.062120250000000654,-0.1072051750774018
boycott_tncs-long_rides,boycott_tncs+long_rides,managers,passengers_reject,-2.0789028333333324,-3.0042497777777784,-1.155653609815093,-1.6700502037934344,0.925346944444446,0.5143965939783415
boycott_tncs-long_rides,boycott_tncs+long_rides,managers,passengers_unassigned,-7.797236027777776,-10.30024477777778,-0.9697296034344401,-1.281024743646093,2.503008750000003,0.31129514021165294
boycott_tncs-long_rides,boycott_tncs+long_rides,managers,rides_dispatched,-0.8647453611111111,-1.3538938888888883,-0.9561684514257311,-1.4970310120776842,0.4891485277777772,0.540862560651953
boycott_tncs-long_rides,boycott_tncs+long_rides,managers,rides_duration_avg,37.46652366666649,178.2307773333332,0.16031590149538844,0.7626335444576731,-140.76425366666672,-0.6023176429622846
boycott_tncs-long_rides,boycott_tncs+long_rides,managers,rides_in_progress,-481.8082820833338,-121.24642613888955,-0.583205513245609,-0.1467629071874208,-360.56185594444423,-0.4364426060581882
boycott_tncs-long_rides,boycott_tncs+long_rides,managers,rides_length_avg,720.166279916667,1275.5574137777776,0.6224968273230121,1.1025654286908477,-555.3911338611106,-0.4800686013678356
boycott_tncs-long_rides,boycott_tncs+long_rides,managers,rides_not_served,-0.14921350000000003,-0.15665338888888886,-1.1957125690764043,-1.2553316293958547,0.007439888888888829,0.05961906031945041
boycott_tncs-long_rides,boycott_tncs+long_rides,managers,rides_offers_generated,-29.950611111111108,-48.70512488888887,-1.0142540662156976,-1.6493610357677368,18.75451377777776,0.6351069695520393
boycott_tncs-long_rides,boycott_tncs+long_rides,managers,rides_offers_lyft,-12.035902472222226,-19.250360916666676,-1.076909556218369,-1.7224215367028757,7.21445844444445,0.6455119804845066
boycott_tncs-long_rides,boycott_tncs+long_rides,managers,rides_offers_price_lyft_avg,6.062424861111115,5.649834500000008,11.32496793884926,10.554224759591921,0.41259036111110703,0.7707431792573392
boycott_tncs-long_rides,boycott_tncs+long_rides,managers,rides_offers_price_no_surge_avg,5.752495222222226,5.34085975,9.701467398415172,9.007252460457785,0.4116354722222262,0.694214937957387
boycott_tncs-long_rides,boycott_tncs+long_rides,managers,rides_offers_price_uber_avg,5.622115666666669,5.207894611111108,8.992755326017946,8.33019538873644,0.41422105555556143,0.6625599372815056
boycott_tncs-long_rides,boycott_tncs+long_rides,managers,rides_offers_radius_avg,-393.9799151944444,-522.6795163333331,-0.8310091839564646,-1.1024711199416182,128.69960113888874,0.27146193598515356
boycott_tncs-long_rides,boycott_tncs+long_rides,managers,rides_offers_surge_lyft_avg,0.0,0.0,,,0.0,
boycott_tncs-long_rides,boycott_tncs+long_rides,managers,rides_offers_surge_uber_avg,0.0,0.0,,,0.0,
boycott_tncs-long_rides,boycott_tncs+long_rides,managers,rides_offers_uber,-17.91498619444446,-29.454985888888903,-0.9528317176256871,-1.566601530837557,11.539999694444443,0.6137698132118699
boycott_tncs-long_rides,boycott_tncs+long_rides,managers,rides_partial_acceptances,-2.1981808611111116,-3.5578660277777767,-1.019586897321324,-1.6502525558853576,1.3596851666666652,0.6306656585640336
boycott_tncs-long_rides,boycott_tncs+long_rides,managers,rides_waiting_duration_avg,-143.12789686111103,-33.45642944444444,-0.6206709774622119,-0.14508307060383407,-109.67146741666659,-0.4755879068583778
boycott_tncs-long_rides,boycott_tncs+long_rides,managers,traffic_duration_avg,16.50082847222211,46.22095927777764,0.10871849444385052,0.3045345943017248,-29.720130805555527,-0.1958160998578743
boycott_tncs-long_rides,boycott_tncs+long_rides,managers,traffic_length_avg,13.980880972221712,14.515539805555818,0.17536221365916677,0.1820684403091313,-0.534658833334106,-0.006706226649964536
boycott_tncs-long_rides,boycott_tncs+long_rides,managers,traffic_speed_avg,-0.0633417500000002,-0.2844349444444445,-0.06506270473475484,-0.29216285951422605,0.2210931944444443,0.2271001547794712
boycott_tncs-long_rides,boycott_tncs+long_rides,drivers,drivers_accept,-0.8561109722222224,-1.3274128333333328,-0.9466212128695298,-1.4677503116294737,0.4713018611111104,0.5211290987599438
boycott_tncs-long_rides,boycott_tncs+long_rides,drivers,drivers_acceptance_rate,-0.10343936111111085,-0.20605827777777708,-0.5114834004296536,-1.0189098953467393,0.10261891666666623,0.5074264949170857
boycott_tncs-long_rides,boycott_tncs+long_rides,drivers,drivers_busy,-617.3631523055551,-27.75629480555517,-0.6348452312749215,-0.028542279093531464,-589.6068574999999,-0.6063029521813901
boycott_tncs-long_rides,boycott_tncs+long_rides,drivers,drivers_change_provider,-0.24706933333333325,-0.3772784722222217,-0.9173005024680794,-1.4007312339039788,0.13020913888888846,0.48343073143589943
boycott_tncs-long_rides,boycott_tncs+long_rides,drivers,drivers_change_zone,-0.4099489722222225,-0.5656334444444449,-0.788150368043829,-1.087462678587054,0.15568447222222237,0.29931231054322505
boycott_tncs-long_rides,boycott_tncs+long_rides,drivers,drivers_demand_pressure,0.0,0.0,,,0.0,
boycott_tncs-long_rides,boycott_tncs+long_rides,drivers,drivers_idle,1718.5093690277772,553.2865866111088,0.5215374353907054,0.16791276941392747,1165.2227824166685,0.35362466597677794
boycott_tncs-long_rides,boycott_tncs+long_rides,drivers,drivers_idle_duration_avg,79.21605836111121,85.75454419444463,0.667532372977675,0.722630430799606,-6.538485833333425,-0.055098057821931
boycott_tncs-long_rides,boycott_tncs+long_rides,drivers,drivers_occupied_distance_avg,597.7781349722236,1183.91456563889,0.5376083904043159,1.0647468797749238,-586.1364306666665,-0.5271384893706079
boycott_tncs-long_rides,boycott_tncs+long_rides,drivers,drivers_occupied_duration_avg,52.90127119444435,122.50405483333316,0.4408935571704025,1.0209820536210201,-69.60278363888881,-0.5800884964506177
boycott_tncs-long_rides,boycott_tncs+long_rides,drivers,drivers_passengers_served,-0.469620611111111,-0.5552363055555551,-0.5453484886355664,-0.6447699971130025,0.08561569444444417,0.09942150847743614
boycott_tncs-long_rides,boycott_tncs+long_rides,drivers,drivers_pickup,-320.7157739444443,-287.6516536388889,-1.1218865526261512,-1.0062259117758465,-33.064120305555434,-0.1156606408503047
boycott_tncs-long_rides,boycott_tncs+long_rides,drivers,drivers_pickup_accept,-0.38825000000000004,-0.4021118611111111,-1.0688613770072983,-1.107023406511757,0.01386186111111104,0.03816202950445868
boycott_tncs-long_rides,boycott_tncs+long_rides,drivers,drivers_pickup_reject,-0.10334713888888886,-0.09562013888888882,-1.2673943672527237,-1.1726345472804387,-0.007727000000000039,-0.094759819972285
boycott_tncs-long_rides,boycott_tncs+long_rides,drivers,drivers_reject,-0.38221330555555555,-0.5303534444444442,-0.8429498176968465,-1.169664511442178,0.14814013888888866,0.32671469374533146
boycott_tncs-long_rides,boycott_tncs+long_rides,drivers,drivers_removed,-0.15458822222222224,-0.2493101944444444,-1.017251974759057,-1.640560218498448,0.09472197222222217,0.6233082437393911
boycott_tncs-long_rides,boycott_tncs+long_rides,drivers,drivers_shift_duration_avg,508.64202247222147,529.7254917499995,0.5443662197944203,0.5669304751328055,-21.083469277778022,-0.02256425533838513
boycott_tncs-long_rides,boycott_tncs+long_rides,drivers,drivers_starting,-0.0026386111111110777,-0.025189611111111176,-0.016949702974254216,-0.16181104694527104,0.0225510000000001,0.14486134397101683
boycott_tncs-long_rides,boycott_tncs+long_rides,drivers,drivers_total_length_avg,3154.924331527778,3659.071584305555,0.5276980928512848,0.6120226331099787,-504.1472527777769,-0.08432454025869396
boycott_tncs-long_rides,boycott_tncs+long_rides,drivers,drivers_waiting,-0.9926667222222227,-1.46292988888889,-0.9235096984535305,-1.3610106094036947,0.47026316666666723,0.4375009109501642
boycott_tncs-long_rides,boycott_tncs+long_rides,drivers,failed_requests,-0.034332698833043435,0.045012156962596195,-0.7944308958732927,1.0415449235400143,-0.07934485579563963,-1.835975819413307
boycott_tncs-long_rides,boycott_tncs+long_rides,drivers,passengers_accept,-3.680305722222222,-5.258541749999998,-1.077714527092395,-1.5398739297872572,1.578236027777776,0.46215940269486233
boycott_tncs-long_rides,boycott_tncs+long_rides,drivers,passengers_acceptance_rate,-0.0459564722222221,-0.050735833333332536,-0.3952718165268012,-0.43637912213309793,0.004779361111110436,0.04110730560629672
boycott_tncs-long_rides,boycott_tncs+long_rides,drivers,passengers_arrivals,-0.7472358055555552,-0.7035650555555553,-0.9770731558794018,-0.9199700069070417,-0.04367074999999998,-0.05710314897236013
boycott_tncs-long_rides,boycott_tncs+long_rides,drivers,passengers_cancel,-0.02199991666666666,0.022555500000000013,-1.4838740500921797,1.5213476325374349,-0.044555416666666674,-3.0052216826296148
boycott_tncs-long_rides,boycott_tncs+long_rides,drivers,passengers_change_provider,-1.0734071111111105,-1.46192125,-0.9412846107154003,-1.2819776955626858,0.3885141388888895,0.34069308484728555
boycott_tncs-long_rides,boycott_tncs+long_rides,drivers,passengers_departures,-0.7126617222222222,-1.0186613055555553,-0.964569864493248,-1.3787326677240175,0.3059995833333331,0.4141628032307695
boycott_tncs-long_rides,boycott_tncs+long_rides,drivers,passengers_drivers_ratio,-0.07699316666666667,-0.05671683333333327,-1.1008199143509927,-0.8109163749890289,-0.020276333333333396,-0.2899035393619638
boycott_tncs-long_rides,boycott_tncs+long_rides,drivers,passengers_new,-0.8488705000000003,-1.533709055555555,-0.9259704498282103,-1.6730105052282727,0.6848385555555547,0.7470400554000624
boycott_tncs-long_rides,boycott_tncs+long_rides,drivers,passengers_no_ratings_count,-0.16109747222222226,-0.15036569444444442,-0.8692700511114112,-0.811362171560472,-0.01073177777777784,-0.057907879550939234
boycott_tncs-long_rides,boycott_tncs+long_rides,drivers,passengers_offers_discarded,-28.209532611111094,-40.488986277777755,-1.0538880682295804,-1.5126397208032476,12.279453666666662,0.45875165257366723
boycott_tncs-long_rides,boycott_tncs+long_rides,drivers,passengers_pickup_accept,-0.4379261388888889,-0.4626812777777778,-1.100757002362002,-1.1629807201458406,0.02475513888888886,0.06222371778383873
boycott_tncs-long_rides,boycott_tncs+long_rides,drivers,passengers_pickup_reject,-0.053402749999999985,-0.0355414166666667,-1.0806979119603581,-0.7192426378750119,-0.017861333333333285,-0.3614552740853463
boycott_tncs-long_rides,boycott_tncs+long_rides,drivers,passengers_rating_avg,-0.02233616666666638,-0.010997833333331819,-1.0598338388179012,-0.5218386885400219,-0.01133833333333456,-0.5379951502778793
boycott_tncs-long_rides,boycott_tncs+long_rides,drivers,passengers_ratings_count,-0.5871477777777778,-0.5531987222222221,-1.0132811814661646,-0.9546929683706644,-0.03394905555555572,-0.05858821309550022
boycott_tncs-long_rides,boycott_tncs+long_rides,drivers,passengers_reject,-1.6444677222222226,-2.1866350555555556,-0.9141529026459305,-1.2155415129475773,0.542167333333333,0.30138861030164676
boycott_tncs-long_rides,boycott_tncs+long_rides,drivers,passengers_unassigned,-8.134314638888892,-8.68502741666667,-1.011651523806546,-1.0801427791306364,0.5507127777777789,0.0684912553240904
boycott_tncs-long_rides,boycott_tncs+long_rides,drivers,rides_dispatched,-0.8561109722222224,-1.3274128333333328,-0.9466212128695298,-1.4677503116294737,0.4713018611111104,0.5211290987599438
boycott_tncs-long_rides,boycott_tncs+long_rides,drivers,rides_duration_avg,16.343272555555586,285.4881118333333,0.06993140053342589,1.2215780791933089,-269.1448392777777,-1.151646678659883
boycott_tncs-long_rides,boycott_tncs+long_rides,drivers,rides_in_progress,-571.1235230833336,-187.80826833333367,-0.6913172724350262,-0.22733278276475632,-383.3152547499999,-0.46398448967026984
boycott_tncs-long_rides,boycott_tncs+long_rides,drivers,rides_length_avg,768.4254030000011,1459.7901867222245,0.6642110145135626,1.2618124246208844,-691.3647837222234,-0.5976014101073218
boycott_tncs-long_rides,boycott_tncs+long_rides,drivers,rides_not_served,-0.15225483333333337,-0.10534352777777772,-1.2200840937267725,-0.8441634318257941,-0.046911305555555644,-0.3759206619009784
boycott_tncs-long_rides,boycott_tncs+long_rides,drivers,rides_offers_generated,-31.187629416666674,-45.60129138888888,-1.0561447255327467,-1.544252137102774,14.413661972222208,0.48810741157002724
boycott_tncs-long_rides,boycott_tncs+long_rides,drivers,rides_offers_lyft,-13.253277305555557,-17.89443002777778,-1.1858338844556644,-1.6010999378293251,4.641152722222223,0.41526605337366074
boycott_tncs-long_rides,boycott_tncs+long_rides,drivers,rides_offers_price_lyft_avg,6.081961944444444,6.489818749999998,11.3614643651865,12.123364982905919,-0.4078568055555536,-0.7619006177194194
boycott_tncs-long_rides,boycott_tncs+long_rides,drivers,rides_offers_price_no_surge_avg,5.788206749999997,6.05734822222222,9.76169417116333,10.215595846429162,-0.2691414722222234,-0.4539016752658327
boycott_tncs-long_rides,boycott_tncs+long_rides,drivers,rides_offers_price_uber_avg,5.683392888888889,5.844609222222228,9.090770219195903,9.348640943702723,-0.16121633333333918,-0.25787072450681947
boycott_tncs-long_rides,boycott_tncs+long_rides,drivers,rides_offers_radius_avg,-408.6703746666667,-465.38466602777794,-0.8619952983931153,-0.9816209319978275,56.714291361111236,0.11962563360471223
boycott_tncs-long_rides,boycott_tncs+long_rides,drivers,rides_offers_surge_lyft_avg,0.0,0.0,,,0.0,
boycott_tncs-long_rides,boycott_tncs+long_rides,drivers,rides_offers_surge_uber_avg,0.0,0.0,,,0.0,
boycott_tncs-long_rides,boycott_tncs+long_rides,drivers,rides_offers_uber,-17.934573944444445,-27.707740305555543,-0.953873517450389,-1.4736720140513428,9.773166361111098,0.5197984966009539
boycott_tncs-long_rides,boycott_tncs+long_rides,drivers,rides_partial_acceptances,-2.441074333333334,-3.4000234166666687,-1.1322486924010424,-1.5770400823464312,0.958949083333335,0.4447913899453888
boycott_tncs-long_rides,boycott_tncs+long_rides,drivers,rides_waiting_duration_avg,-143.97074577777778,29.25430702777794,-0.6243259732557165,0.12686065914550632,-173.22505280555572,-0.7511866324012229
boycott_tncs-long_rides,boycott_tncs+long_rides,drivers,traffic_duration_avg,-80.51940969444445,-3.1041373611111567,-0.5305157259360759,-0.020452133116529797,-77.41527233333329,-0.510063592819546
boycott_tncs-long_rides,boycott_tncs+long_rides,drivers,traffic_length_avg,-45.551674499999535,-26.049099833333457,-0.571354730225727,-0.32673390322670615,-19.502574666666078,-0.24462082699902088
boycott_tncs-long_rides,boycott_tncs+long_rides,drivers,traffic_speed_avg,0.29822513888888924,0.011390277777777236,0.3063277246998858,0.011699744321910233,0.286834861111112,0.29462798037797555
boycott_tncs-long_rides,boycott_tncs+long_rides,bank_tellers_drivers,drivers_accept,-0.8741766111111111,-1.3520148611111114,-0.9665967972869011,-1.4949533286794705,0.47783825000000024,0.5283565313925694
boycott_tncs-long_rides,boycott_tncs+long_rides,bank_tellers_drivers,drivers_acceptance_rate,-0.09518527777777752,0.03488713888888895,-0.470668892630943,0.1725087262573377,-0.13007241666666647,-0.6431776188882807
boycott_tncs-long_rides,boycott_tncs+long_rides,bank_tellers_drivers,drivers_busy,-622.6019777222223,53.60226911111204,-0.6402324062639576,0.05512014250222419,-676.2042468333343,-0.6953525487661818
boycott_tncs-long_rides,boycott_tncs+long_rides,bank_tellers_drivers,drivers_change_provider,-0.23830519444444442,-0.41277766666666665,-0.8847616644908405,-1.5325299823029492,0.17447247222222223,0.6477683178121088
boycott_tncs-long_rides,boycott_tncs+long_rides,bank_tellers_drivers,drivers_change_zone,-0.38650897222222236,-0.6136759722222225,-0.7430856261399681,-1.1798271886004754,0.22716700000000012,0.4367415624605073
boycott_tncs-long_rides,boycott_tncs+long_rides,bank_tellers_drivers,drivers_demand_pressure,0.0,0.0,,,0.0,
boycott_tncs-long_rides,boycott_tncs+long_rides,bank_tellers_drivers,drivers_idle,1756.816664361113,797.0298279722238,0.5331630272699077,0.24188456571854156,959.7868363888892,0.29127846155136616
boycott_tncs-long_rides,boycott_tncs+long_rides,bank_tellers_drivers,drivers_idle_duration_avg,169.2171688611112,168.1974522222223,1.4259474734718036,1.417354596196601,1.0197166388888945,0.008592877275202637
boycott_tncs-long_rides,boycott_tncs+long_rides,bank_tellers_drivers,drivers_occupied_distance_avg,571.532378638889,-75.08915269444424,0.5140044176394647,-0.0675310054938022,646.6215313333332,0.5815354231332669
boycott_tncs-long_rides,boycott_tncs+long_rides,bank_tellers_drivers,drivers_occupied_duration_avg,47.618788750000135,-17.913534138888963,0.39686791425039264,-0.14929625715341294,65.5323228888891,0.5461641714038056
boycott_tncs-long_rides,boycott_tncs+long_rides,bank_tellers_drivers,drivers_passengers_served,-0.5300648055555559,-0.9277775000000006,-0.6155395094450712,-1.0773846919069214,0.3977126944444447,0.46184518246185025
boycott_tncs-long_rides,boycott_tncs+long_rides,bank_tellers_drivers,drivers_pickup,-333.19635163888876,-402.4140813888885,-1.1655444996993394,-1.4076730338053276,69.21772974999976,0.24212853410598822
boycott_tncs-long_rides,boycott_tncs+long_rides,bank_tellers_drivers,drivers_pickup_accept,-0.4182269166666666,-0.5056295277777776,-1.151388533290019,-1.3920099763454097,0.08740261111111097,0.2406214430553908
boycott_tncs-long_rides,boycott_tncs+long_rides,bank_tellers_drivers,drivers_pickup_reject,-0.09870838888888885,-0.09025380555555551,-1.21050720342505,-1.1068246882694468,-0.008454583333333335,-0.10368251515560312
boycott_tncs-long_rides,boycott_tncs+long_rides,bank_tellers_drivers,drivers_reject,-0.3892547777777777,-0.6793287222222224,-0.858479386238193,-1.498221056750259,0.2900739444444447,0.639741670512066
boycott_tncs-long_rides,boycott_tncs+long_rides,bank_tellers_drivers,drivers_removed,-0.16703716666666668,-0.2706204166666666,-1.099170979568962,-1.7807899548036348,0.1035832499999999,0.6816189752346729
boycott_tncs-long_rides,boycott_tncs+long_rides,bank_tellers_drivers,drivers_shift_duration_avg,603.2540215277777,-237.60823049999954,0.645623241427703,-0.25429651604609604,840.8622520277772,0.899919757473799
boycott_tncs-long_rides,boycott_tncs+long_rides,bank_tellers_drivers,drivers_starting,-0.0017129444444444197,0.004894083333333243,-0.011003478088328869,0.031438228423254146,-0.006607027777777663,-0.042441706511583015
boycott_tncs-long_rides,boycott_tncs+long_rides,bank_tellers_drivers,drivers_total_length_avg,3070.891596916663,-2852.626999194439,0.5136426325195658,-0.4771353189196877,5923.518596111102,0.9907779514392534
boycott_tncs-long_rides,boycott_tncs+long_rides,bank_tellers_drivers,drivers_waiting,-1.0246108888888887,-1.5788376666666664,-0.9532283815374567,-1.4688433336279385,0.5542267777777776,0.5156149520904818
boycott_tncs-long_rides,boycott_tncs+long_rides,bank_tellers_drivers,failed_requests,-0.04330302309342898,-0.007456119199491934,-1.0019969474996602,-0.17252857062578175,-0.03584690389393705,-0.8294683768738784
boycott_tncs-long_rides,boycott_tncs+long_rides,bank_tellers_drivers,passengers_accept,-3.5447131944444434,-5.6611760833333316,-1.0380085765598246,-1.6577785015513347,2.116462888888888,0.6197699249915101
boycott_tncs-long_rides,boycott_tncs+long_rides,bank_tellers_drivers,passengers_acceptance_rate,-0.034170277777777924,-0.08438372222222235,-0.2938987070882395,-0.7257847601266131,0.05021344444444442,0.4318860530383736
boycott_tncs-long_rides,boycott_tncs+long_rides,bank_tellers_drivers,passengers_arrivals,-0.7116204444444445,-0.6176659999999996,-0.9305030999213026,-0.8076498254131601,-0.0939544444444449,-0.12285327450814254
boycott_tncs-long_rides,boycott_tncs+long_rides,bank_tellers_drivers,passengers_cancel,-0.02222283333333333,0.003193666666666664,-1.498909573272179,0.21540986555150798,-0.025416499999999995,-1.714319438823687
boycott_tncs-long_rides,boycott_tncs+long_rides,bank_tellers_drivers,passengers_change_provider,-1.3526619999999996,-1.8587268611111116,-1.186166842868734,-1.6299416798871262,0.506064861111112,0.44377483701839227
boycott_tncs-long_rides,boycott_tncs+long_rides,bank_tellers_drivers,passengers_departures,-0.6878704166666665,-0.9017729722222216,-0.9310154508146689,-1.2205272242036223,0.21390255555555515,0.2895117733889534
boycott_tncs-long_rides,boycott_tncs+long_rides,bank_tellers_drivers,passengers_drivers_ratio,-0.07867752777777777,-0.06871369444444446,-1.1249022885972284,-0.9824430726502608,-0.00996383333333331,-0.14245921594696764
boycott_tncs-long_rides,boycott_tncs+long_rides,bank_tellers_drivers,passengers_new,-0.8475049166666668,-1.5324496111111117,-0.9244808353187596,-1.6716366698331742,0.6849446944444448,0.7471558345144146
boycott_tncs-long_rides,boycott_tncs+long_rides,bank_tellers_drivers,passengers_no_ratings_count,-0.2031802777777777,-0.17259197222222217,-1.096345758951991,-0.9312935233898406,-0.03058830555555553,-0.16505223556215032
boycott_tncs-long_rides,boycott_tncs+long_rides,bank_tellers_drivers,passengers_offers_discarded,-28.264342666666664,-44.55727344444444,-1.055935732909649,-1.664628034902177,16.292930777777777,0.6086923019925279
boycott_tncs-long_rides,boycott_tncs+long_rides,bank_tellers_drivers,passengers_pickup_accept,-0.41899977777777775,-0.4841477499999999,-1.0531843121929565,-1.216938151585245,0.06514797222222213,0.1637538393922886
boycott_tncs-long_rides,boycott_tncs+long_rides,bank_tellers_drivers,passengers_pickup_reject,-0.09797238888888887,-0.11228272222222221,-1.982642393921482,-2.27223698133112,0.014310333333333342,0.28959458740963795
boycott_tncs-long_rides,boycott_tncs+long_rides,bank_tellers_drivers,passengers_rating_avg,-0.01337316666666677,-0.004957222222223834,-0.6345464186850274,-0.23521636169976767,-0.008415944444442935,-0.3993300569852597
boycott_tncs-long_rides,boycott_tncs+long_rides,bank_tellers_drivers,passengers_ratings_count,-0.5117774444444445,-0.44696727777777756,-0.8832094290079555,-0.7713620802884068,-0.06481016666666695,-0.11184734871954871
boycott_tncs-long_rides,boycott_tncs+long_rides,bank_tellers_drivers,passengers_reject,-2.5501623055555562,-3.4757733333333345,-1.4176248292010087,-1.9321682260277393,0.9256110277777783,0.5145433968267306
boycott_tncs-long_rides,boycott_tncs+long_rides,bank_tellers_drivers,passengers_unassigned,-8.162500333333336,-10.537949444444443,-1.0151569329282863,-1.3105876876585596,2.3754491111111076,0.29543075473027325
boycott_tncs-long_rides,boycott_tncs+long_rides,bank_tellers_drivers,rides_dispatched,-0.8741766111111111,-1.3520148611111114,-0.9665967972869011,-1.4949533286794705,0.47783825000000024,0.5283565313925694
boycott_tncs-long_rides,boycott_tncs+long_rides,bank_tellers_drivers,rides_duration_avg,-5.227692611110797,122.51206366666702,-0.02236882880160669,0.5242181555332335,-127.73975627777781,-0.5465869843348402
boycott_tncs-long_rides,boycott_tncs+long_rides,bank_tellers_drivers,rides_in_progress,-553.6437036388893,-254.59778241666663,-0.6701588003837414,-0.30817824410047057,-299.04592122222266,-0.36198055628327086
boycott_tncs-long_rides,boycott_tncs+long_rides,bank_tellers_drivers,rides_length_avg,739.9190064999984,1203.9789151944406,0.639570675366169,1.0406944559512912,-464.05990869444213,-0.4011237805851222
boycott_tncs-long_rides,boycott_tncs+long_rides,bank_tellers_drivers,rides_not_served,-0.19221699999999994,-0.22143897222222214,-1.5403182881586392,-1.7744866407494744,0.029221972222222198,0.23416835259083513
boycott_tncs-long_rides,boycott_tncs+long_rides,bank_tellers_drivers,rides_offers_generated,-31.095152527777763,-49.970536861111114,-1.0530130678767946,-1.692213224442722,18.87538433333335,0.6392001565659273
boycott_tncs-long_rides,boycott_tncs+long_rides,bank_tellers_drivers,rides_offers_lyft,-12.33125480555556,-18.084033194444448,-1.1033361371043584,-1.618064636782631,5.752778388888888,0.5147284996782726
boycott_tncs-long_rides,boycott_tncs+long_rides,bank_tellers_drivers,rides_offers_price_lyft_avg,5.871512361111108,6.169901416666665,10.96833210563757,11.52574049665074,-0.29838905555555684,-0.5574083910131709
boycott_tncs-long_rides,boycott_tncs+long_rides,bank_tellers_drivers,rides_offers_price_no_surge_avg,5.531975222222226,5.792766499999999,9.32956485733456,9.76938409775363,-0.26079127777777344,-0.4398192404190695
boycott_tncs-long_rides,boycott_tncs+long_rides,bank_tellers_drivers,rides_offers_price_uber_avg,5.38948527777778,5.586544277777772,8.620655516496504,8.935857742287844,-0.19705899999999232,-0.3152022257913405
boycott_tncs-long_rides,boycott_tncs+long_rides,bank_tellers_drivers,rides_offers_radius_avg,-460.8452540833331,-605.8568062499992,-0.972046096149321,-1.277914306641237,145.0115521666661,0.30586821049191604
boycott_tncs-long_rides,boycott_tncs+long_rides,bank_tellers_drivers,rides_offers_surge_lyft_avg,0.0,0.0,,,0.0,
boycott_tncs-long_rides,boycott_tncs+long_rides,bank_tellers_drivers,rides_offers_surge_uber_avg,0.0,0.0,,,0.0,
boycott_tncs-long_rides,boycott_tncs+long_rides,bank_tellers_drivers,rides_offers_uber,-18.764166638888895,-31.887574333333326,-0.9979964781603645,-1.6959818943298357,13.123407694444431,0.6979854161694712
boycott_tncs-long_rides,boycott_tncs+long_rides,bank_tellers_drivers,rides_partial_acceptances,-2.281194972222223,-3.6286384444444444,-1.0580915087839509,-1.6830790762148202,1.3474434722222215,0.6249875674308694
boycott_tncs-long_rides,boycott_tncs+long_rides,bank_tellers_drivers,rides_waiting_duration_avg,-153.51821438888885,-23.87257186111117,-0.665728360946066,-0.1035228829356093,-129.64564252777768,-0.5622054780104567
boycott_tncs-long_rides,boycott_tncs+long_rides,bank_tellers_drivers,traffic_duration_avg,-38.994557444444354,6.377765388889088,-0.25692222569315176,0.04202098410776006,-45.37232283333344,-0.2989432098009118
boycott_tncs-long_rides,boycott_tncs+long_rides,bank_tellers_drivers,traffic_length_avg,-5.723263166666584,54.45519886111197,-0.07178689957054508,0.6830316513321427,-60.17846202777855,-0.7548185509026878
boycott_tncs-long_rides,boycott_tncs+long_rides,bank_tellers_drivers,traffic_speed_avg,0.0948339166666674,-6.0388888886819814e-05,0.09741049337796488,-6.202961627838066e-05,0.09489430555555423,0.09747252299424326
boycott_tncs-long_rides,boycott_tncs+long_rides,students_drivers,drivers_accept,-0.8657639444444449,-1.320921027777778,-0.9572947219930927,-1.4605721757941612,0.45515708333333316,0.5032774538010685
boycott_tncs-long_rides,boycott_tncs+long_rides,students_drivers,drivers_acceptance_rate,-0.07447544444444465,0.03468169444444458,-0.3682636199969972,0.1714928516239771,-0.10915713888888923,-0.5397564716209743
boycott_tncs-long_rides,boycott_tncs+long_rides,students_drivers,drivers_busy,-701.5246005555559,-374.25844991666736,-0.7213899074175947,-0.3848564516794247,-327.2661506388886,-0.33653345573816995
boycott_tncs-long_rides,boycott_tncs+long_rides,students_drivers,drivers_change_provider,-0.29199961111111106,-0.4850637500000001,-1.0841142701888244,-1.8009083345189922,0.19306413888888907,0.7167940643301678
boycott_tncs-long_rides,boycott_tncs+long_rides,students_drivers,drivers_change_zone,-0.43577761111111135,-0.6913241111111115,-0.837807404957472,-1.3291101808505992,0.2555465000000001,0.4913027758931272
boycott_tncs-long_rides,boycott_tncs+long_rides,students_drivers,drivers_demand_pressure,0.0,0.0,,,0.0,
boycott_tncs-long_rides,boycott_tncs+long_rides,students_drivers,drivers_idle,1877.844286972223,1336.6496193333332,0.5698927868194538,0.40564970261259103,541.1946676388898,0.16424308420686273
boycott_tncs-long_rides,boycott_tncs+long_rides,students_drivers,drivers_idle_duration_avg,125.6336985555555,5.8330730277776865,1.0586813161095465,0.04915373423699704,119.80062552777781,1.0095275818725495
boycott_tncs-long_rides,boycott_tncs+long_rides,students_drivers,drivers_occupied_distance_avg,542.8197639444443,-10.535487611110511,0.4881818897363707,-0.009475031295677894,553.3552515555548,0.4976569210320486
boycott_tncs-long_rides,boycott_tncs+long_rides,students_drivers,drivers_occupied_duration_avg,46.77020380555564,0.007561416666703735,0.3897955769271134,6.301889947363248e-05,46.762642388888935,0.3897325580276398
boycott_tncs-long_rides,boycott_tncs+long_rides,students_drivers,drivers_passengers_served,-0.4348103333333335,-0.667037888888889,-0.5049249383783063,-0.7745999557122247,0.23222755555555552,0.2696750173339184
boycott_tncs-long_rides,boycott_tncs+long_rides,students_drivers,drivers_pickup,-326.91554169444464,-348.3159645833336,-1.1435737804870905,-1.2184339794859596,21.400422888888954,0.07486019899886909
boycott_tncs-long_rides,boycott_tncs+long_rides,students_drivers,drivers_pickup_accept,-0.402722111111111,-0.44927255555555545,-1.108703439107555,-1.236857906974112,0.04655044444444445,0.12815446786655693
boycott_tncs-long_rides,boycott_tncs+long_rides,students_drivers,drivers_pickup_reject,-0.09404613888888888,-0.09339319444444447,-1.1533318480910548,-1.1453244845596122,-0.0006529444444444144,-0.008007363531442602
boycott_tncs-long_rides,boycott_tncs+long_rides,students_drivers,drivers_reject,-0.4070229722222224,-0.6544722500000002,-0.8976661336644144,-1.4434015137784264,0.2474492777777778,0.545735380114012
boycott_tncs-long_rides,boycott_tncs+long_rides,students_drivers,drivers_removed,-0.15181047222222221,-0.23237002777777793,-0.998973275177241,-1.5290871855163994,0.08055955555555572,0.5301139103391584
boycott_tncs-long_rides,boycott_tncs+long_rides,students_drivers,drivers_shift_duration_avg,546.0537342222233,-55.19736302777574,0.584405522883066,-0.059074119963596905,601.251097249999,0.6434796428466629
boycott_tncs-long_rides,boycott_tncs+long_rides,students_drivers,drivers_starting,0.010208638888888844,-0.0030129444444442766,0.0655774533084661,-0.01935431606280008,0.01322158333333312,0.08493176937126617
boycott_tncs-long_rides,boycott_tncs+long_rides,students_drivers,drivers_total_length_avg,2940.3628363333337,-183.14052349999474,0.491810166576172,-0.030632400279449357,3123.5033598333284,0.5224425668556214
boycott_tncs-long_rides,boycott_tncs+long_rides,students_drivers,drivers_waiting,-0.9877959444444444,-1.486928666666667,-0.9189782576223919,-1.3833374423000298,0.4991327222222226,0.4643591846776378
boycott_tncs-long_rides,boycott_tncs+long_rides,students_drivers,failed_requests,-0.03206789081688155,0.018820390803528944,-0.7420250692876812,0.43548862847749514,-0.050888281620410494,-1.1775136977651763
boycott_tncs-long_rides,boycott_tncs+long_rides,students_drivers,passengers_accept,-3.777471888888888,-5.977018361111109,-1.1061679755997424,-1.7502675056511168,2.199546472222221,0.6440995300513743
boycott_tncs-long_rides,boycott_tncs+long_rides,students_drivers,passengers_acceptance_rate,-0.04155169444444451,-0.07359613888888861,-0.3573863037920543,-0.633000709177654,0.0320444444444441,0.2756144053855997
boycott_tncs-long_rides,boycott_tncs+long_rides,students_drivers,passengers_arrivals,-0.7510091111111108,-0.6030506666666668,-0.9820070676912467,-0.7885390577571432,-0.14795844444444395,-0.1934680099341035
boycott_tncs-long_rides,boycott_tncs+long_rides,students_drivers,passengers_cancel,-0.027264583333333342,0.0007628333333333237,-1.8389709519312922,0.0514524034354058,-0.028027416666666666,-1.890423355366698
boycott_tncs-long_rides,boycott_tncs+long_rides,students_drivers,passengers_change_provider,-1.2989907222222232,-1.892626083333334,-1.1391018036243434,-1.6596683473022225,0.5936353611111107,0.520566543677879
boycott_tncs-long_rides,boycott_tncs+long_rides,students_drivers,passengers_departures,-0.7393285277777781,-0.9720094722222221,-1.000662720639617,-1.3155905749841703,0.23268094444444398,0.3149278543445533
boycott_tncs-long_rides,boycott_tncs+long_rides,students_drivers,passengers_drivers_ratio,-0.082054,-0.0810926944444444,-1.1731778437327514,-1.1594334512736997,-0.0009613055555555972,-0.01374439245905168
boycott_tncs-long_rides,boycott_tncs+long_rides,students_drivers,passengers_new,-0.8497269444444444,-1.5384031388888892,-0.9269046821374668,-1.6781309357953598,0.6886761944444448,0.751226253657893
boycott_tncs-long_rides,boycott_tncs+long_rides,students_drivers,passengers_no_ratings_count,-0.18353738888888893,-0.1438384722222223,-0.9903541825921434,-0.776141762968959,-0.03969891666666664,-0.21421241962318438
boycott_tncs-long_rides,boycott_tncs+long_rides,students_drivers,passengers_offers_discarded,-29.475597250000007,-46.345661916666664,-1.1011873423766065,-1.7314409558469206,16.870064666666657,0.6302536134703141
boycott_tncs-long_rides,boycott_tncs+long_rides,students_drivers,passengers_pickup_accept,-0.43719936111111113,-0.4947543888888889,-1.0989301972069596,-1.2435986566149118,0.05755502777777777,0.14466845940795214
boycott_tncs-long_rides,boycott_tncs+long_rides,students_drivers,passengers_pickup_reject,-0.059110833333333335,-0.04815377777777778,-1.1962109471435476,-0.9744757919292086,-0.010957055555555553,-0.22173515521433895
boycott_tncs-long_rides,boycott_tncs+long_rides,students_drivers,passengers_rating_avg,-0.025742916666666282,-0.00024191666666606437,-1.2214814923421329,-0.01147875879209631,-0.025501000000000218,-1.2100027335500365
boycott_tncs-long_rides,boycott_tncs+long_rides,students_drivers,passengers_ratings_count,-0.5688245277777779,-0.45945033333333307,-0.9816594924961914,-0.7929049452371835,-0.10937419444444485,-0.18875454725900798
boycott_tncs-long_rides,boycott_tncs+long_rides,students_drivers,passengers_reject,-1.9071245555555554,-2.765128916666664,-1.0601627655011212,-1.537123891945533,0.8580043611111088,0.4769611264444118
boycott_tncs-long_rides,boycott_tncs+long_rides,students_drivers,passengers_unassigned,-8.397555749999999,-10.644579111111115,-1.0443903940133732,-1.3238490464275705,2.2470233611111166,0.2794586524141973
boycott_tncs-long_rides,boycott_tncs+long_rides,students_drivers,rides_dispatched,-0.8657639444444449,-1.320921027777778,-0.9572947219930927,-1.4605721757941612,0.45515708333333316,0.5032774538010685
boycott_tncs-long_rides,boycott_tncs+long_rides,students_drivers,rides_duration_avg,-31.414096666666637,135.281477361111,-0.13441810805790255,0.5788573338622778,-166.69557402777764,-0.7132754419201803
boycott_tncs-long_rides,boycott_tncs+long_rides,students_drivers,rides_in_progress,-643.0868887222223,-426.3569441944451,-0.7784254296689246,-0.5160843632441826,-216.7299445277772,-0.262341066424742
boycott_tncs-long_rides,boycott_tncs+long_rides,students_drivers,rides_length_avg,585.6818712500008,1278.1336819722228,0.5062512878496863,1.1047923015979781,-692.451810722222,-0.5985410137482918
boycott_tncs-long_rides,boycott_tncs+long_rides,students_drivers,rides_not_served,-0.15143063888888894,-0.13246713888888895,-1.213479465750181,-1.0615167056535384,-0.018963499999999994,-0.15196276009664267
boycott_tncs-long_rides,boycott_tncs+long_rides,students_drivers,rides_offers_generated,-32.54234283333333,-52.073764555555535,-1.102021037916282,-1.7634373885625765,19.531421722222206,0.6614163506462944
boycott_tncs-long_rides,boycott_tncs+long_rides,students_drivers,rides_offers_lyft,-14.32091230555556,-20.631231416666665,-1.2813602761580491,-1.845974601442479,6.310319111111106,0.5646143252844298
boycott_tncs-long_rides,boycott_tncs+long_rides,students_drivers,rides_offers_price_lyft_avg,5.90686361111111,5.818458194444446,11.034370329948837,10.869223786724369,0.08840541666666368,0.1651465432244681
boycott_tncs-long_rides,boycott_tncs+long_rides,students_drivers,rides_offers_price_no_surge_avg,5.577654833333341,5.583867055555558,9.406602601973587,9.417079389703495,-0.006212222222217179,-0.010476787729908565
boycott_tncs-long_rides,boycott_tncs+long_rides,students_drivers,rides_offers_price_uber_avg,5.470239249999999,5.478818694444442,8.749824099438346,8.76354719752035,-0.00857944444444314,-0.01372309808200356
boycott_tncs-long_rides,boycott_tncs+long_rides,students_drivers,rides_offers_radius_avg,-431.25324222222207,-507.986047472222,-0.9096286157653396,-1.0714786578976194,76.73280524999996,0.16185004213227983
boycott_tncs-long_rides,boycott_tncs+long_rides,students_drivers,rides_offers_surge_lyft_avg,0.0,0.0,,,0.0,
boycott_tncs-long_rides,boycott_tncs+long_rides,students_drivers,rides_offers_surge_uber_avg,0.0,0.0,,,0.0,
boycott_tncs-long_rides,boycott_tncs+long_rides,students_drivers,rides_offers_uber,-18.221819583333335,-31.442227250000002,-0.9691510483684906,-1.6722955335508543,13.220407666666667,0.7031444851823636
boycott_tncs-long_rides,boycott_tncs+long_rides,students_drivers,rides_partial_acceptances,-2.5053660555555552,-4.003787305555553,-1.1620692584625927,-1.8570851692078072,1.498421249999998,0.6950159107452145
boycott_tncs-long_rides,boycott_tncs+long_rides,students_drivers,rides_waiting_duration_avg,-208.50631047222214,15.685756749999996,-0.9041830304641071,0.06802093922825081,-224.19206722222214,-0.9722039696923579
boycott_tncs-long_rides,boycott_tncs+long_rides,students_drivers,traffic_duration_avg,-49.40424949999999,8.935991083333079,-0.32550823940811735,0.058876286034916625,-58.34024058333307,-0.384384525443034
boycott_tncs-long_rides,boycott_tncs+long_rides,students_drivers,traffic_length_avg,-11.037467444444701,48.04528041666572,-0.13844297280654327,0.6026320334521122,-59.08274786111042,-0.7410750062586555
boycott_tncs-long_rides,boycott_tncs+long_rides,students_drivers,traffic_speed_avg,0.232154805555556,0.06878602777777676,0.2384623027721134,0.07065490004905328,0.16336877777777925,0.1678074027230601
boycott_tncs-long_rides,boycott_tncs+long_rides,managers_drivers,drivers_accept,-0.8767726388888892,-1.3550783055555553,-0.9694672837581403,-1.498340648302335,0.4783056666666661,0.5288733645441946
boycott_tncs-long_rides,boycott_tncs+long_rides,managers_drivers,drivers_acceptance_rate,-0.08095005555555557,-0.04601138888888889,-0.40027905466323965,-0.22751553561995252,-0.03493866666666667,-0.17276351904328713
boycott_tncs-long_rides,boycott_tncs+long_rides,managers_drivers,drivers_busy,-896.2979173333329,-659.119088777777,-0.9216786853827106,-0.6777835845728335,-237.1788285555558,-0.24389510080987709
boycott_tncs-long_rides,boycott_tncs+long_rides,managers_drivers,drivers_change_provider,-0.23112486111111108,-0.3887043333333333,-0.8581030610709302,-1.4431523146465768,0.15757947222222224,0.5850492535756466
boycott_tncs-long_rides,boycott_tncs+long_rides,managers_drivers,drivers_change_zone,-0.35293074999999985,-0.55156475,-0.6785295716162936,-1.0604148081065428,0.1986340000000002,0.3818852364902492
boycott_tncs-long_rides,boycott_tncs+long_rides,managers_drivers,drivers_demand_pressure,0.0,0.0,,,0.0,
boycott_tncs-long_rides,boycott_tncs+long_rides,managers_drivers,drivers_idle,1906.0302027777789,1194.3393942499997,0.5784467176319953,0.3624610467009711,711.6908085277792,0.21598567093102417
boycott_tncs-long_rides,boycott_tncs+long_rides,managers_drivers,drivers_idle_duration_avg,107.59496869444456,63.4117092499996,0.9066738014867031,0.5343533827101272,44.18325944444496,0.37232041877657585
boycott_tncs-long_rides,boycott_tncs+long_rides,managers_drivers,drivers_occupied_distance_avg,-135.90024961111067,-739.9701063888897,-0.12222112214319925,-0.6654879370278846,604.069856777779,0.5432668148846853
boycott_tncs-long_rides,boycott_tncs+long_rides,managers_drivers,drivers_occupied_duration_avg,-27.2841312222223,-92.93431527777796,-0.22739335742338362,-0.7745398157902543,65.65018405555566,0.5471464583668707
boycott_tncs-long_rides,boycott_tncs+long_rides,managers_drivers,drivers_passengers_served,-0.5900510555555554,-0.8559174722222227,-0.6851987407531175,-0.9939369968638923,0.2658664166666673,0.30873825611077477
boycott_tncs-long_rides,boycott_tncs+long_rides,managers_drivers,drivers_pickup,-343.87998536111104,-395.1636718888889,-1.2029166091491872,-1.382310586492426,51.28368652777789,0.17939397734323892
boycott_tncs-long_rides,boycott_tncs+long_rides,managers_drivers,drivers_pickup_accept,-0.4321711111111111,-0.4925601666666666,-1.1897772283966421,-1.3560297179710947,0.06038905555555546,0.1662524895744526
boycott_tncs-long_rides,boycott_tncs+long_rides,managers_drivers,drivers_pickup_reject,-0.0983931944444445,-0.09701275000000009,-1.206641826330212,-1.1897127895711475,-0.0013804444444444064,-0.016929036759064653
boycott_tncs-long_rides,boycott_tncs+long_rides,managers_drivers,drivers_reject,-0.4013058055555556,-0.646273972222222,-0.8850572460894403,-1.425320676042646,0.24496816666666643,0.5402634299532058
boycott_tncs-long_rides,boycott_tncs+long_rides,managers_drivers,drivers_removed,-0.16055111111111114,-0.257968,-1.0564901548111665,-1.6975320218600811,0.09741688888888883,0.6410418670489146
boycott_tncs-long_rides,boycott_tncs+long_rides,managers_drivers,drivers_shift_duration_avg,352.8529351111101,-243.79845822222342,0.37763537014932946,-0.26092151106407585,596.6513933333335,0.6385568812134053
boycott_tncs-long_rides,boycott_tncs+long_rides,managers_drivers,drivers_starting,-0.006050555555555559,-0.011925527777777833,-0.038867083923066675,-0.07660626940945338,0.0058749722222222744,0.0377391854863867
boycott_tncs-long_rides,boycott_tncs+long_rides,managers_drivers,drivers_total_length_avg,1453.693197138884,-2687.8264869444392,0.2431472349606562,-0.4495705005986325,4141.519684083323,0.6927177355592887
boycott_tncs-long_rides,boycott_tncs+long_rides,managers_drivers,drivers_waiting,-1.0376110833333334,-1.5848663055555556,-0.9653228795018386,-1.4744519697972862,0.5472552222222222,0.5091290902954476
boycott_tncs-long_rides,boycott_tncs+long_rides,managers_drivers,failed_requests,-0.040305694805770786,0.023394797479015683,-0.9326411940131645,0.54133670092201,-0.06370049228478647,-1.4739778949351745
boycott_tncs-long_rides,boycott_tncs+long_rides,managers_drivers,passengers_accept,-3.5129304999999986,-5.367753972222222,-1.028701558584091,-1.5718548594459663,1.8548234722222237,0.5431533008618752
boycott_tncs-long_rides,boycott_tncs+long_rides,managers_drivers,passengers_acceptance_rate,-0.028889027777777798,-0.08716547222222282,-0.2484746529759484,-0.7497106039186856,0.05827644444444502,0.5012359509427372
boycott_tncs-long_rides,boycott_tncs+long_rides,managers_drivers,passengers_arrivals,-0.695351944444444,-0.6520787777777779,-0.9092306789288337,-0.8526474033342445,-0.04327316666666614,-0.0565832755945892
boycott_tncs-long_rides,boycott_tncs+long_rides,managers_drivers,passengers_cancel,-0.020999833333333336,0.009778500000000002,-1.416419353388192,0.6595507891541887,-0.030778333333333338,-2.0759701425423804
boycott_tncs-long_rides,boycott_tncs+long_rides,managers_drivers,passengers_change_provider,-1.2646668055555557,-1.7650234444444441,-1.1090027161454385,-1.5477719390993205,0.5003566388888885,0.438769222953882
boycott_tncs-long_rides,boycott_tncs+long_rides,managers_drivers,passengers_departures,-0.7032686388888894,-0.9762545555555564,-0.9518565605013416,-1.3213361893870719,0.27298591666666705,0.36947962888573027
boycott_tncs-long_rides,boycott_tncs+long_rides,managers_drivers,passengers_drivers_ratio,-0.07896425,-0.07432369444444441,-1.1290017372336987,-1.0626527845880172,-0.004640555555555592,-0.06634895264568152
boycott_tncs-long_rides,boycott_tncs+long_rides,managers_drivers,passengers_new,-0.848726638888889,-1.5319766944444444,-0.9258135223136265,-1.671120799793439,0.6832500555555554,0.7453072774798125
boycott_tncs-long_rides,boycott_tncs+long_rides,managers_drivers,passengers_no_ratings_count,-0.17175480555555556,-0.16041719444444458,-0.9267762339433729,-0.8655993225115047,-0.011337611111110979,-0.06117691143186821
boycott_tncs-long_rides,boycott_tncs+long_rides,managers_drivers,passengers_offers_discarded,-27.60566661111112,-42.038000833333335,-1.0313280640996705,-1.5705098025277129,14.432334222222217,0.5391817384280424
boycott_tncs-long_rides,boycott_tncs+long_rides,managers_drivers,passengers_pickup_accept,-0.43724519444444465,-0.49337461111111125,-1.0990454023936984,-1.2401304917448135,0.0561294166666666,0.14108508935111508
boycott_tncs-long_rides,boycott_tncs+long_rides,managers_drivers,passengers_pickup_reject,-0.09315227777777782,-0.09616625000000004,-1.8850990274619899,-1.9460920191573998,0.0030139722222222165,0.06099299169540995
boycott_tncs-long_rides,boycott_tncs+long_rides,managers_drivers,passengers_rating_avg,-0.035040611111110564,-0.008511361111111171,-1.6626499050902788,-0.4038575040459552,-0.026529249999999394,-1.2587924010443237
boycott_tncs-long_rides,boycott_tncs+long_rides,managers_drivers,passengers_ratings_count,-0.5267632777777778,-0.4981561666666665,-0.9090715091860093,-0.8597022559211668,-0.02860711111111125,-0.04936925326484254
boycott_tncs-long_rides,boycott_tncs+long_rides,managers_drivers,passengers_reject,-2.1341711666666665,-2.8570692222222234,-1.1863770509981135,-1.58823313298323,0.7228980555555569,0.40185608198511646
boycott_tncs-long_rides,boycott_tncs+long_rides,managers_drivers,passengers_unassigned,-7.916412527777775,-9.207167138888892,-0.9845513915234485,-1.1450804498596097,1.290754611111117,0.16052905833616116
boycott_tncs-long_rides,boycott_tncs+long_rides,managers_drivers,rides_dispatched,-0.8767726388888892,-1.3550783055555553,-0.9694672837581403,-1.498340648302335,0.4783056666666661,0.5288733645441946
boycott_tncs-long_rides,boycott_tncs+long_rides,managers_drivers,rides_duration_avg,-47.44396616666654,68.95032308333316,-0.20300848496634988,0.29503226138210703,-116.3942892499997,-0.4980407463484569
boycott_tncs-long_rides,boycott_tncs+long_rides,managers_drivers,rides_in_progress,-684.8739582777775,-442.9565044999995,-0.8290066468323157,-0.5361773243817372,-241.91745377777806,-0.2928293224505786
boycott_tncs-long_rides,boycott_tncs+long_rides,managers_drivers,rides_length_avg,751.6809405833328,1173.143424777777,0.6497374477550474,1.0140408962268017,-421.4624841944442,-0.36430344847175433
boycott_tncs-long_rides,boycott_tncs+long_rides,managers_drivers,rides_not_served,-0.18491652777777773,-0.18065669444444465,-1.481816434128647,-1.4476805398641401,-0.004259833333333074,-0.034135894264506916
boycott_tncs-long_rides,boycott_tncs+long_rides,managers_drivers,rides_offers_generated,-30.44457880555555,-47.14773594444444,-1.0309818966032251,-1.5966212748419193,16.70315713888889,0.5656393782386941
boycott_tncs-long_rides,boycott_tncs+long_rides,managers_drivers,rides_offers_lyft,-12.625689999999999,-17.262018583333333,-1.129680657202957,-1.5445150718788168,4.636328583333334,0.4148344146758598
boycott_tncs-long_rides,boycott_tncs+long_rides,managers_drivers,rides_offers_price_lyft_avg,5.854368916666662,6.299334833333329,10.93630713821237,11.767529768690814,-0.44496591666666774,-0.8312226304784431
boycott_tncs-long_rides,boycott_tncs+long_rides,managers_drivers,rides_offers_price_no_surge_avg,5.536065194444447,6.11724241666667,9.336462513158946,10.316606199729845,-0.5811772222222231,-0.9801436865708997
boycott_tncs-long_rides,boycott_tncs+long_rides,managers_drivers,rides_offers_price_uber_avg,5.414518027777774,6.026205638888893,8.66069620744529,9.639110268773218,-0.6116876111111189,-0.9784140613279284
boycott_tncs-long_rides,boycott_tncs+long_rides,managers_drivers,rides_offers_radius_avg,-474.18188050000003,-517.3138943333338,-1.0001766139950767,-1.0911535857535173,43.13201383333376,0.09097697175844055
boycott_tncs-long_rides,boycott_tncs+long_rides,managers_drivers,rides_offers_surge_lyft_avg,0.0,0.0,,,0.0,
boycott_tncs-long_rides,boycott_tncs+long_rides,managers_drivers,rides_offers_surge_uber_avg,0.0,0.0,,,0.0,
boycott_tncs-long_rides,boycott_tncs+long_rides,managers_drivers,rides_offers_uber,-17.81861547222222,-29.885393138888894,-0.9477061160881141,-1.5894932972528286,12.066777666666674,0.6417871811647146
boycott_tncs-long_rides,boycott_tncs+long_rides,managers_drivers,rides_partial_acceptances,-2.2346484166666682,-3.36497302777778,-1.036501721064712,-1.5607825860278328,1.1303246111111118,0.5242808649631208
boycott_tncs-long_rides,boycott_tncs+long_rides,managers_drivers,rides_waiting_duration_avg,-195.80356597222215,-95.9697353055551,-0.8490978582637606,-0.41617064684944083,-99.83383066666704,-0.4329272114143198
boycott_tncs-long_rides,boycott_tncs+long_rides,managers_drivers,traffic_duration_avg,-94.34083247222236,-116.89415430555516,-0.6215805035623353,-0.7701768724389199,22.553321833332802,0.14859636887658456
boycott_tncs-long_rides,boycott_tncs+long_rides,managers_drivers,traffic_length_avg,-60.00384350000013,-111.62348761111116,-0.7526283104136966,-1.4000935937251184,51.61964411111103,0.6474652833114218
boycott_tncs-long_rides,boycott_tncs+long_rides,managers_drivers,traffic_speed_avg,0.34985308333333265,0.21278808333333288,0.35935836729266446,0.21856939912444795,0.13706499999999977,0.1407889681682165
flash_mob-boycott_tncs,flash_mob+boycott_tncs,baseline,drivers_accept,-1.270370555555556,-1.3744623333333346,-1.4046773784153628,-1.5197740050524167,0.10409177777777856,0.11509662663705389
flash_mob-boycott_tncs,flash_mob+boycott_tncs,baseline,drivers_acceptance_rate,-0.004618611111110393,0.03753555555555632,-0.022837949606391905,0.18560452603675148,-0.042154166666666715,-0.2084424756431434
flash_mob-boycott_tncs,flash_mob+boycott_tncs,baseline,drivers_busy,-619.7670772777778,-1324.1649981111104,-0.6373172289949975,-1.3616618214621612,704.3979208333326,0.7243445924671637
flash_mob-boycott_tncs,flash_mob+boycott_tncs,baseline,drivers_change_provider,-0.39564800000000006,-0.4463339444444445,-1.468932239805119,-1.6571152153273396,0.050685944444444464,0.18818297552222063
flash_mob-boycott_tncs,flash_mob+boycott_tncs,baseline,drivers_change_zone,-0.5909072777777775,-0.6568890555555552,-1.1360530700583775,-1.2629068151912033,0.0659817777777777,0.12685374513282577
flash_mob-boycott_tncs,flash_mob+boycott_tncs,baseline,drivers_demand_pressure,0.0,0.0,,,0.0,
flash_mob-boycott_tncs,flash_mob+boycott_tncs,baseline,drivers_idle,1028.9984984444445,1603.6553286111093,0.3122829863902407,0.48668124969702065,-574.6568301666648,-0.17439826330677993
flash_mob-boycott_tncs,flash_mob+boycott_tncs,baseline,drivers_idle_duration_avg,-78.52910666666662,-132.09472055555568,-0.661743616200315,-1.1131266070865387,53.56561388888906,0.4513829908862237
flash_mob-boycott_tncs,flash_mob+boycott_tncs,baseline,drivers_occupied_distance_avg,529.6723081666678,-350.7795173333334,0.4763577996181686,-0.3154715782790196,880.4518255000012,0.7918293778971882
flash_mob-boycott_tncs,flash_mob+boycott_tncs,baseline,drivers_occupied_duration_avg,50.353567277777756,-60.98223799999994,0.41966030101087826,-0.5082425285624457,111.3358052777777,0.9279028295733239
flash_mob-boycott_tncs,flash_mob+boycott_tncs,baseline,drivers_passengers_served,-0.4884997222222218,-0.5984075555555555,-0.5672719188846516,-0.6949027540299217,0.10990783333333365,0.12763083514527018
flash_mob-boycott_tncs,flash_mob+boycott_tncs,baseline,drivers_pickup,-267.6204875000001,-134.31695938888902,-0.9361554701251266,-0.4698502623513938,-133.30352811111106,-0.46630520777373274
flash_mob-boycott_tncs,flash_mob+boycott_tncs,baseline,drivers_pickup_accept,-0.4277131666666665,-0.32847266666666597,-1.177504402543426,-0.9042929730910286,-0.09924050000000051,-0.2732114294523974
flash_mob-boycott_tncs,flash_mob+boycott_tncs,baseline,drivers_pickup_reject,-0.08190761111111111,-0.07015633333333329,-1.0044713968226715,-0.8603599736744206,-0.011751277777777819,-0.14411142314825087
flash_mob-boycott_tncs,flash_mob+boycott_tncs,baseline,drivers_reject,-0.5760181666666664,-0.5576670555555552,-1.270375472345145,-1.2299031351951832,-0.018351111111111207,-0.04047233714996179
flash_mob-boycott_tncs,flash_mob+boycott_tncs,baseline,drivers_removed,-0.21841611111111106,-0.20657261111111105,-1.4372648650269044,-1.3593299254185038,-0.011843500000000007,-0.07793493960840059
flash_mob-boycott_tncs,flash_mob+boycott_tncs,baseline,drivers_shift_duration_avg,254.91528661111124,-99.66536383333323,0.2728191238817283,-0.1066653067528453,354.5806504444445,0.3794844306345736
flash_mob-boycott_tncs,flash_mob+boycott_tncs,baseline,drivers_starting,0.010814222222222114,0.03397122222222204,0.06946755199824063,0.2182216712096641,-0.023156999999999928,-0.14875411921142345
flash_mob-boycott_tncs,flash_mob+boycott_tncs,baseline,drivers_total_length_avg,2672.1382157222215,144.48460722221716,0.4469464532573484,0.024166744956640396,2527.6536085000043,0.422779708300708
flash_mob-boycott_tncs,flash_mob+boycott_tncs,baseline,drivers_waiting,-1.426750055555556,-1.4541577777777788,-1.327351349730954,-1.3528496330098374,0.027407722222222874,0.025498283278883482
flash_mob-boycott_tncs,flash_mob+boycott_tncs,baseline,failed_requests,0.06966107061872981,0.0013931725035564446,1.6119008589522095,0.032236885468530874,0.06826789811517336,1.5796639734836786
flash_mob-boycott_tncs,flash_mob+boycott_tncs,baseline,passengers_accept,-5.106064666666668,-5.571711833333336,-1.4952236262092748,-1.6315804274896497,0.4656471666666686,0.13635680128037486
flash_mob-boycott_tncs,flash_mob+boycott_tncs,baseline,passengers_acceptance_rate,0.0072722222222223465,-0.08313366666666688,0.0625484148144522,-0.7150330268818471,0.09040588888888923,0.7775814416962993
flash_mob-boycott_tncs,flash_mob+boycott_tncs,baseline,passengers_arrivals,-0.7718148333333334,-0.9683978333333334,-1.0092122852689875,-1.2662609582236186,0.19658299999999995,0.2570486729546311
flash_mob-boycott_tncs,flash_mob+boycott_tncs,baseline,passengers_cancel,-0.03761083333333334,-0.08563883333333339,-2.5368159539547643,-5.776260173568958,0.04802800000000004,3.2394442196141937
flash_mob-boycott_tncs,flash_mob+boycott_tncs,baseline,passengers_change_provider,-1.5039904444444447,-1.425091500000001,-1.3188687175298868,-1.249681210349718,-0.07889894444444367,-0.06918750718016886
flash_mob-boycott_tncs,flash_mob+boycott_tncs,baseline,passengers_departures,-1.0056764444444446,-1.4070191666666665,-1.3611579821026922,-1.9043653455936236,0.4013427222222219,0.5432073634909313
flash_mob-boycott_tncs,flash_mob+boycott_tncs,baseline,passengers_drivers_ratio,-0.10062577777777777,-0.09636916666666667,-1.4387102761262625,-1.3778508196105266,-0.0042566111111111,-0.06085945651573588
flash_mob-boycott_tncs,flash_mob+boycott_tncs,baseline,passengers_new,-1.5228800555555555,-1.5358524444444444,-1.6611979448893408,-1.6753485706618123,0.012972388888888853,0.014150625772471503
flash_mob-boycott_tncs,flash_mob+boycott_tncs,baseline,passengers_no_ratings_count,-0.17409183333333333,-0.21158272222222213,-0.9393866630693828,-1.1416847280303368,0.037490888888888796,0.20229806496095404
flash_mob-boycott_tncs,flash_mob+boycott_tncs,baseline,passengers_offers_discarded,-39.333454111111116,-42.46101961111111,-1.4694698611783565,-1.58631348310204,3.127565499999996,0.11684362192368347
flash_mob-boycott_tncs,flash_mob+boycott_tncs,baseline,passengers_pickup_accept,-0.46884211111111096,-0.40853638888888855,-1.1784663918832208,-1.0268838757378402,-0.06030572222222241,-0.15158251614538054
flash_mob-boycott_tncs,flash_mob+boycott_tncs,baseline,passengers_pickup_reject,-0.04144433333333333,0.008758666666666665,-0.8386984658266178,0.17724691665173542,-0.050203,-1.0159453824783533
flash_mob-boycott_tncs,flash_mob+boycott_tncs,baseline,passengers_rating_avg,0.020294666666666572,-0.0058616111111104985,0.9629662422318007,-0.27812891523669303,0.02615627777777707,1.2410951574684939
flash_mob-boycott_tncs,flash_mob+boycott_tncs,baseline,passengers_ratings_count,-0.5996758333333336,-0.759741222222222,-1.0349017060006405,-1.3111375234621852,0.16006538888888833,0.2762358174615447
flash_mob-boycott_tncs,flash_mob+boycott_tncs,baseline,passengers_reject,-2.351185277777778,-2.2191397777777784,-1.3070143106454275,-1.2336107555162248,-0.13204549999999982,-0.07340355512920271
flash_mob-boycott_tncs,flash_mob+boycott_tncs,baseline,passengers_unassigned,-12.200601777777782,-11.97386100000001,-1.5173690627649126,-1.4891696798382525,-0.22674077777777235,-0.02819938292666002
flash_mob-boycott_tncs,flash_mob+boycott_tncs,baseline,rides_dispatched,-1.270370555555556,-1.3744623333333346,-1.4046773784153628,-1.5197740050524167,0.10409177777777856,0.11509662663705389
flash_mob-boycott_tncs,flash_mob+boycott_tncs,baseline,rides_duration_avg,99.00871005555541,-46.05833577777787,0.4236494089942382,-0.19707949654696982,145.06704583333328,0.620728905541208
flash_mob-boycott_tncs,flash_mob+boycott_tncs,baseline,rides_in_progress,-341.8754537777777,-669.4144268888895,-0.4138236242523926,-0.8102936353016554,327.5389731111118,0.3964700110492628
flash_mob-boycott_tncs,flash_mob+boycott_tncs,baseline,rides_length_avg,-595.326239777778,-585.5851520555561,-0.5145876803988764,-0.5061676857797727,-9.741087722221891,-0.008419994619103699
flash_mob-boycott_tncs,flash_mob+boycott_tncs,baseline,rides_not_served,-0.08603650000000002,-0.0660367222222221,-0.6894478344743744,-0.5291809305573427,-0.019999777777777922,-0.1602669039170317
flash_mob-boycott_tncs,flash_mob+boycott_tncs,baseline,rides_offers_generated,-44.51454611111111,-47.979667055555566,-1.5074503565702257,-1.624793972524965,3.4651209444444575,0.11734361595473919
flash_mob-boycott_tncs,flash_mob+boycott_tncs,baseline,rides_offers_lyft,-17.88466644444444,-18.12766605555555,-1.6002263434961312,-1.621968676816533,0.24299961111110946,0.021742333320401652
flash_mob-boycott_tncs,flash_mob+boycott_tncs,baseline,rides_offers_price_lyft_avg,2.3107167777777775,2.657341500000001,4.316555507674897,4.964070974820785,-0.3466247222222236,-0.6475154671458885
flash_mob-boycott_tncs,flash_mob+boycott_tncs,baseline,rides_offers_price_no_surge_avg,2.7328177777777753,3.1553819999999995,4.6088421724370585,5.3214882272810495,-0.4225642222222241,-0.712646054843991
flash_mob-boycott_tncs,flash_mob+boycott_tncs,baseline,rides_offers_price_uber_avg,2.999609444444438,3.491245500000005,4.79797204590326,5.584359772372977,-0.491636055555567,-0.7863877264697168
flash_mob-boycott_tncs,flash_mob+boycott_tncs,baseline,rides_offers_radius_avg,-1033.0086363333337,-794.0098445555566,-2.178891945483238,-1.6747794685215387,-238.99879177777711,-0.5041124769616994
flash_mob-boycott_tncs,flash_mob+boycott_tncs,baseline,rides_offers_surge_lyft_avg,0.0,0.0,,,0.0,
flash_mob-boycott_tncs,flash_mob+boycott_tncs,baseline,rides_offers_surge_uber_avg,0.0,0.0,,,0.0,
flash_mob-boycott_tncs,flash_mob+boycott_tncs,baseline,rides_offers_uber,-26.62953705555556,-29.849333888888907,-1.4163263793131107,-1.5875754393912114,3.2197968333333478,0.1712490600781007
flash_mob-boycott_tncs,flash_mob+boycott_tncs,baseline,rides_partial_acceptances,-3.261324555555555,-3.6450738333333317,-1.5127070950276351,-1.6907023375487487,0.3837492777777767,0.17799524252111354
flash_mob-boycott_tncs,flash_mob+boycott_tncs,baseline,rides_waiting_duration_avg,-129.2640392222222,-203.64640655555547,-0.5605506636670883,-0.8831081639951546,74.38236733333326,0.3225575003280663
flash_mob-boycott_tncs,flash_mob+boycott_tncs,baseline,traffic_duration_avg,126.92717383333309,100.17095344444442,0.836281115605983,0.6599932399647849,26.756220388888664,0.17628787564119808
flash_mob-boycott_tncs,flash_mob+boycott_tncs,baseline,traffic_length_avg,11.805097777777519,9.800131888889155,0.14807136137466193,0.12292307084238725,2.004965888888364,0.025148290532274672
flash_mob-boycott_tncs,flash_mob+boycott_tncs,baseline,traffic_speed_avg,-0.9721574999999998,-1.3052508888888887,-0.9985703959580721,-1.340713718654028,0.33309338888888895,0.34214332269595604
flash_mob-boycott_tncs,flash_mob+boycott_tncs,bank_tellers,drivers_accept,-1.262990611111111,-1.3367783888888884,-1.396517207377283,-1.4781060176615832,0.07378777777777734,0.08158881028430032
flash_mob-boycott_tncs,flash_mob+boycott_tncs,bank_tellers,drivers_acceptance_rate,0.021373722222222113,0.1661507222222225,0.10568804761195236,0.8215763851710095,-0.14477700000000038,-0.7158883375590571
flash_mob-boycott_tncs,flash_mob+boycott_tncs,bank_tellers,drivers_busy,-224.06939033333265,-710.5823517777771,-0.23041443823876112,-0.7307041500121312,486.5129614444445,0.50028971177337
flash_mob-boycott_tncs,flash_mob+boycott_tncs,bank_tellers,drivers_change_provider,-0.4122318333333333,-0.4322873888888885,-1.53050345321423,-1.604964216677606,0.020055555555555216,0.07446076346337582
flash_mob-boycott_tncs,flash_mob+boycott_tncs,bank_tellers,drivers_change_zone,-0.615278055555555,-0.6422674999999992,-1.182907285525608,-1.2347960375741347,0.026989444444444177,0.05188875204852672
flash_mob-boycott_tncs,flash_mob+boycott_tncs,bank_tellers,drivers_demand_pressure,0.0,0.0,,,0.0,
flash_mob-boycott_tncs,flash_mob+boycott_tncs,bank_tellers,drivers_idle,675.3344105000015,1346.9556158888881,0.20495214214777535,0.4087773917073386,-671.6212053888867,-0.20382524955956327
flash_mob-boycott_tncs,flash_mob+boycott_tncs,bank_tellers,drivers_idle_duration_avg,162.7200802777778,103.27009261111107,1.3711982591179648,0.8702292364014086,59.44998766666674,0.5009690227165562
flash_mob-boycott_tncs,flash_mob+boycott_tncs,bank_tellers,drivers_occupied_distance_avg,136.95818361111105,3.810569222221602,0.12317256911260138,0.00342701391408029,133.14761438888945,0.11974555519852109
flash_mob-boycott_tncs,flash_mob+boycott_tncs,bank_tellers,drivers_occupied_duration_avg,34.43676127777769,10.534134666666489,0.28700531829151743,0.08779433839741824,23.902626611111202,0.1992109798940992
flash_mob-boycott_tncs,flash_mob+boycott_tncs,bank_tellers,drivers_passengers_served,-0.5784259999999999,-0.44245361111111126,-0.6716991065217172,-0.5138007199894901,-0.13597238888888863,-0.1578983865322271
flash_mob-boycott_tncs,flash_mob+boycott_tncs,bank_tellers,drivers_pickup,-269.2994195000001,-135.09327272222225,-0.94202849348911,-0.4725658615206503,-134.20614677777786,-0.4694626319684597
flash_mob-boycott_tncs,flash_mob+boycott_tncs,bank_tellers,drivers_pickup_accept,-0.4175646111111113,-0.21316705555555593,-1.1495651905260513,-0.5868539150900265,-0.2043975555555554,-0.5627112754360248
flash_mob-boycott_tncs,flash_mob+boycott_tncs,bank_tellers,drivers_pickup_reject,-0.08286150000000003,-0.07034338888888889,-1.0161693830249074,-0.8626539235604389,-0.012518111111111146,-0.15351545946446854
flash_mob-boycott_tncs,flash_mob+boycott_tncs,bank_tellers,drivers_reject,-0.6071298888888886,-0.6838898888888889,-1.338990615235939,-1.5082804517379946,0.07676000000000027,0.16928983650205565
flash_mob-boycott_tncs,flash_mob+boycott_tncs,bank_tellers,drivers_removed,-0.21864805555555544,-0.2078718888888887,-1.4387911517048524,-1.3678796898585457,-0.010776166666666753,-0.0709114618463067
flash_mob-boycott_tncs,flash_mob+boycott_tncs,bank_tellers,drivers_shift_duration_avg,235.67511172222294,-141.3796529999995,0.25222762571659263,-0.15130937645573658,377.05476472222244,0.40353700217232924
flash_mob-boycott_tncs,flash_mob+boycott_tncs,bank_tellers,drivers_starting,-0.010092777777777784,4.583333333330053e-05,-0.06483319379582704,0.000294420569612569,-0.010138611111111084,-0.06512761436543961
flash_mob-boycott_tncs,flash_mob+boycott_tncs,bank_tellers,drivers_total_length_avg,202.33656138889637,-1989.8186849444392,0.033843162731989396,-0.3328205100426469,2192.1552463333355,0.3666636727746363
flash_mob-boycott_tncs,flash_mob+boycott_tncs,bank_tellers,drivers_waiting,-1.440184888888889,-1.5748433333333338,-1.3398502061977695,-1.4651272771815906,0.13465844444444475,0.12527707098382113
flash_mob-boycott_tncs,flash_mob+boycott_tncs,bank_tellers,failed_requests,0.07012850050862268,0.037609538949736204,1.6227168087262527,0.8702543271216487,0.03251896155888648,0.7524624816046039
flash_mob-boycott_tncs,flash_mob+boycott_tncs,bank_tellers,passengers_accept,-5.136777777777778,-5.515212777777781,-1.5042174350161857,-1.6150356462853166,0.3784350000000032,0.11081821126913094
flash_mob-boycott_tncs,flash_mob+boycott_tncs,bank_tellers,passengers_acceptance_rate,-0.0010053333333337466,-0.010802777777777939,-0.008646876352045627,-0.09291473843139947,0.009797444444444192,0.08426786207935384
flash_mob-boycott_tncs,flash_mob+boycott_tncs,bank_tellers,passengers_arrivals,-0.7724448333333334,-1.0402133333333328,-1.010036062828397,-1.3601657158708882,0.2677684999999994,0.3501296530424911
flash_mob-boycott_tncs,flash_mob+boycott_tncs,bank_tellers,passengers_cancel,-0.013193833333333335,-0.02836050000000001,-0.8899118665407617,-1.9128895184135981,0.015166666666666676,1.0229776518728364
flash_mob-boycott_tncs,flash_mob+boycott_tncs,bank_tellers,passengers_change_provider,-1.9669627777777783,-1.9446198333333347,-1.7248551583152207,-1.7052623406918548,-0.022342944444443624,-0.019592817623365955
flash_mob-boycott_tncs,flash_mob+boycott_tncs,bank_tellers,passengers_departures,-0.9421667777777782,-1.3319164444444456,-1.2751992324456203,-1.8027156844176684,0.3897496666666673,0.5275164519720481
flash_mob-boycott_tncs,flash_mob+boycott_tncs,bank_tellers,passengers_drivers_ratio,-0.09415855555555555,-0.08778449999999996,-1.3462443168603253,-1.2551104202495633,-0.006374055555555591,-0.09113389661076199
flash_mob-boycott_tncs,flash_mob+boycott_tncs,bank_tellers,passengers_new,-1.522916555555556,-1.5375462222222227,-1.6612377600571657,-1.6771961883735815,0.014629666666666763,0.015958428316415807
flash_mob-boycott_tncs,flash_mob+boycott_tncs,bank_tellers,passengers_no_ratings_count,-0.18262094444444443,-0.1936855,-0.9854091161173315,-1.045112639956833,0.011064555555555577,0.05970352383950139
flash_mob-boycott_tncs,flash_mob+boycott_tncs,bank_tellers,passengers_offers_discarded,-40.97399966666668,-43.55287,-1.5307594759416328,-1.6271042368165696,2.5788703333333203,0.09634476087493682
flash_mob-boycott_tncs,flash_mob+boycott_tncs,bank_tellers,passengers_pickup_accept,-0.4136118888888888,-0.2330671666666665,-1.0396414886532597,-0.5858301045466873,-0.1805447222222223,-0.4538113841065724
flash_mob-boycott_tncs,flash_mob+boycott_tncs,bank_tellers,passengers_pickup_reject,-0.08687927777777774,-0.05058216666666654,-1.7581539169250342,-1.0236184821773668,-0.0362971111111112,-0.7345354347476674
flash_mob-boycott_tncs,flash_mob+boycott_tncs,bank_tellers,passengers_rating_avg,0.008291611111111763,-0.0007574999999997445,0.3934305364487276,-0.03594278932841205,0.009049111111111507,0.42937332577713966
flash_mob-boycott_tncs,flash_mob+boycott_tncs,bank_tellers,passengers_ratings_count,-0.5901391111111112,-0.8404000555555555,-1.0184435305184443,-1.4503360030085315,0.25026094444444436,0.4318924724900872
flash_mob-boycott_tncs,flash_mob+boycott_tncs,bank_tellers,passengers_reject,-3.927287388888889,-3.9336666666666673,-2.183163048786425,-2.186709263296163,0.006379277777778469,0.0035462145097380215
flash_mob-boycott_tncs,flash_mob+boycott_tncs,bank_tellers,passengers_unassigned,-12.217314555555548,-11.343712666666665,-1.5194476038413893,-1.410799153255338,-0.8736018888888832,-0.10864845058605144
flash_mob-boycott_tncs,flash_mob+boycott_tncs,bank_tellers,rides_dispatched,-1.262990611111111,-1.3367783888888884,-1.396517207377283,-1.4781060176615832,0.07378777777777734,0.08158881028430032
flash_mob-boycott_tncs,flash_mob+boycott_tncs,bank_tellers,rides_duration_avg,101.35452205555544,-4.828399833333151,0.43368692859078645,-0.020660290742417264,106.18292188888859,0.4543472193332037
flash_mob-boycott_tncs,flash_mob+boycott_tncs,bank_tellers,rides_in_progress,-216.5401761666667,-587.3321941666668,-0.262111361044916,-0.7109370811633237,370.7920180000001,0.44882572011840766
flash_mob-boycott_tncs,flash_mob+boycott_tncs,bank_tellers,rides_length_avg,-635.0496099444445,-607.9026995555541,-0.548923739429839,-0.5254585119400685,-27.14691038889032,-0.023465227489770424
flash_mob-boycott_tncs,flash_mob+boycott_tncs,bank_tellers,rides_not_served,-0.12837972222222227,-0.048787500000000095,-1.0287624610082098,-0.3909554226917482,-0.07959222222222218,-0.6378070383164616
flash_mob-boycott_tncs,flash_mob+boycott_tncs,bank_tellers,rides_offers_generated,-46.27961105555555,-49.12983288888888,-1.5672229031268272,-1.6637434406661311,2.850221833333329,0.0965205375393039
flash_mob-boycott_tncs,flash_mob+boycott_tncs,bank_tellers,rides_offers_lyft,-17.30668505555555,-17.847574277777777,-1.5485115940249277,-1.5969075305665346,0.5408892222222264,0.0483959365416069
flash_mob-boycott_tncs,flash_mob+boycott_tncs,bank_tellers,rides_offers_price_lyft_avg,2.1775920000000006,2.456175222222221,4.067870554914355,4.588280478706751,-0.27858322222222043,-0.5204099237923963
flash_mob-boycott_tncs,flash_mob+boycott_tncs,bank_tellers,rides_offers_price_no_surge_avg,2.553420222222222,2.774407333333329,4.30629180614484,4.678982120711699,-0.22098711111110703,-0.3726903145668592
flash_mob-boycott_tncs,flash_mob+boycott_tncs,bank_tellers,rides_offers_price_uber_avg,2.780398666666663,2.961204999999996,4.447337337145942,4.73654289844403,-0.18080633333333296,-0.28920556129808794
flash_mob-boycott_tncs,flash_mob+boycott_tncs,bank_tellers,rides_offers_radius_avg,-1003.1543713888891,-738.9924216666668,-2.1159213030918393,-1.5587329850968201,-264.1619497222223,-0.5571883179950192
flash_mob-boycott_tncs,flash_mob+boycott_tncs,bank_tellers,rides_offers_surge_lyft_avg,0.0,0.0,,,0.0,
flash_mob-boycott_tncs,flash_mob+boycott_tncs,bank_tellers,rides_offers_surge_uber_avg,0.0,0.0,,,0.0,
flash_mob-boycott_tncs,flash_mob+boycott_tncs,bank_tellers,rides_offers_uber,-28.97306477777778,-31.27949088888888,-1.5409699330748698,-1.6636401896507986,2.306426111111101,0.12267025657592878
flash_mob-boycott_tncs,flash_mob+boycott_tncs,bank_tellers,rides_partial_acceptances,-3.268305555555554,-3.4976023888888883,-1.515945107083932,-1.6223003442711792,0.2292968333333345,0.10635523718724715
flash_mob-boycott_tncs,flash_mob+boycott_tncs,bank_tellers,rides_waiting_duration_avg,-71.22459538888893,-134.07511272222223,-0.30886389172803974,-0.5814137781079105,62.8505173333333,0.27254988637987076
flash_mob-boycott_tncs,flash_mob+boycott_tncs,bank_tellers,traffic_duration_avg,140.83695644444447,7.74254733333305,0.9279280669131273,0.051013080383039894,133.09440911111142,0.8769149865300875
flash_mob-boycott_tncs,flash_mob+boycott_tncs,bank_tellers,traffic_length_avg,22.420237166667448,-26.188111999998455,0.2812170726667409,-0.328477533068085,48.6083491666659,0.6096946057348259
flash_mob-boycott_tncs,flash_mob+boycott_tncs,bank_tellers,traffic_speed_avg,-0.9593419999999995,-0.806170777777778,-0.9854067070399688,-0.8280739209185578,-0.15317122222222146,-0.157332786121411
flash_mob-boycott_tncs,flash_mob+boycott_tncs,students,drivers_accept,-1.280102055555556,-1.4421942222222228,-1.4154377174741275,-1.5946666823924995,0.16209216666666681,0.17922896491837204
flash_mob-boycott_tncs,flash_mob+boycott_tncs,students,drivers_acceptance_rate,0.023121333333333105,-0.11632583333333302,0.11432957501639493,-0.5752039857171479,0.13944716666666612,0.6895335607335429
flash_mob-boycott_tncs,flash_mob+boycott_tncs,students,drivers_busy,-206.5365172222223,-772.4097053888877,-0.21238508089281488,-0.7942822894844643,565.8731881666654,0.5818972085916494
flash_mob-boycott_tncs,flash_mob+boycott_tncs,students,drivers_change_provider,-0.4394539444444446,-0.4344440000000003,-1.6315716669968563,-1.612971120768702,-0.005009944444444303,-0.018600546228154213
flash_mob-boycott_tncs,flash_mob+boycott_tncs,students,drivers_change_zone,-0.6191292222222219,-0.6565736666666658,-1.190311373915629,-1.262300461996786,0.03744444444444395,0.0719890880811569
flash_mob-boycott_tncs,flash_mob+boycott_tncs,students,drivers_demand_pressure,0.0,0.0,,,0.0,
flash_mob-boycott_tncs,flash_mob+boycott_tncs,students,drivers_idle,776.2151833333319,1397.6393493888881,0.23556768634669506,0.42415901537609424,-621.4241660555563,-0.18859132902939918
flash_mob-boycott_tncs,flash_mob+boycott_tncs,students,drivers_idle_duration_avg,-10.745435055555504,159.33441538888894,-0.09054888503306047,1.3426681736258965,-170.07985044444445,-1.433217058658957
flash_mob-boycott_tncs,flash_mob+boycott_tncs,students,drivers_occupied_distance_avg,259.204128444444,550.7634156666672,0.2331137693513098,0.4953259680598697,-291.55928722222325,-0.26221219870855994
flash_mob-boycott_tncs,flash_mob+boycott_tncs,students,drivers_occupied_duration_avg,29.56020644444459,77.86894227777782,0.2463627862944688,0.648980906862437,-48.30873583333323,-0.4026181205679682
flash_mob-boycott_tncs,flash_mob+boycott_tncs,students,drivers_passengers_served,-0.5742404444444444,-0.6993245555555556,-0.6668386162827521,-0.8120929542160341,0.12508411111111117,0.14525433793328202
flash_mob-boycott_tncs,flash_mob+boycott_tncs,students,drivers_pickup,-288.12623305555564,-210.1510670555558,-1.007886024277216,-0.735123356266552,-77.97516599999983,-0.27276266801066407
flash_mob-boycott_tncs,flash_mob+boycott_tncs,students,drivers_pickup_accept,-0.45512988888888883,-0.3964830555555555,-1.2529832833353673,-1.0915271724949702,-0.058646833333333315,-0.16145611084039713
flash_mob-boycott_tncs,flash_mob+boycott_tncs,students,drivers_pickup_reject,-0.10838866666666666,-0.13532411111111106,-1.3292209836119182,-1.6595429541605173,0.0269354444444444,0.33032197054859913
flash_mob-boycott_tncs,flash_mob+boycott_tncs,students,drivers_reject,-0.593537,-0.5591095555555557,-1.3090122679510179,-1.2330844873206956,-0.03442744444444423,-0.07592778063032224
flash_mob-boycott_tncs,flash_mob+boycott_tncs,students,drivers_removed,-0.23031500000000005,-0.27735266666666664,-1.5155642855497762,-1.8250908369059406,0.04703766666666659,0.30952655135616447
flash_mob-boycott_tncs,flash_mob+boycott_tncs,students,drivers_shift_duration_avg,98.53898444444485,744.3184475555558,0.10545981671684065,0.7965952511153316,-645.779463111111,-0.6911354343984909
flash_mob-boycott_tncs,flash_mob+boycott_tncs,students,drivers_starting,-0.006980944444444526,-0.024972166666666573,-0.044843643049498144,-0.16041424438834334,0.017991222222222047,0.1155706013388452
flash_mob-boycott_tncs,flash_mob+boycott_tncs,students,drivers_total_length_avg,849.3165103888932,4153.330110666666,0.14205814646029685,0.6946931679084924,-3304.0136002777726,-0.5526350214481957
flash_mob-boycott_tncs,flash_mob+boycott_tncs,students,drivers_waiting,-1.4242964444444446,-1.5560836666666666,-1.3250686765974453,-1.447674557433276,0.13178722222222206,0.1226058808358308
flash_mob-boycott_tncs,flash_mob+boycott_tncs,students,failed_requests,0.06425783073200653,0.02428958760302083,1.4868742560421995,0.562041421028308,0.0399682431289857,0.9248328350138915
flash_mob-boycott_tncs,flash_mob+boycott_tncs,students,passengers_accept,-5.116361,-5.695564722222222,-1.4982387311615935,-1.667848625746102,0.5792037222222213,0.1696098945845086
flash_mob-boycott_tncs,flash_mob+boycott_tncs,students,passengers_acceptance_rate,-0.0016964444444445004,0.030879666666667305,-0.014591126010497654,0.265596146676672,-0.032576111111111805,-0.28018727268716964
flash_mob-boycott_tncs,flash_mob+boycott_tncs,students,passengers_arrivals,-0.741824333333333,-0.9814825555555549,-0.9699972044825208,-1.2833703241565937,0.23965822222222188,0.3133731196740729
flash_mob-boycott_tncs,flash_mob+boycott_tncs,students,passengers_cancel,-0.016028499999999994,-0.013529166666666662,-1.0811075138270598,-0.912529790008543,-0.0024993333333333326,-0.16857772381851688
flash_mob-boycott_tncs,flash_mob+boycott_tncs,students,passengers_change_provider,-1.793157833333334,-1.9065921111111122,-1.5724433494327046,-1.6719153381074527,0.11343427777777815,0.09947198867474816
flash_mob-boycott_tncs,flash_mob+boycott_tncs,students,passengers_departures,-0.938768777777778,-1.3868432777777777,-1.2706001242048577,-1.877057783247069,0.4480744999999997,0.6064576590422113
flash_mob-boycott_tncs,flash_mob+boycott_tncs,students,passengers_drivers_ratio,-0.09819422222222225,-0.10067205555555558,-1.403944791158034,-1.439371938733157,0.002477833333333332,0.035427147575122886
flash_mob-boycott_tncs,flash_mob+boycott_tncs,students,passengers_new,-1.5236851111111114,-1.5349908888888897,-1.6620761208359838,-1.6744087630170315,0.011305777777778303,0.012332642181047682
flash_mob-boycott_tncs,flash_mob+boycott_tncs,students,passengers_no_ratings_count,-0.1727871111111111,-0.25621327777777775,-0.9323464784088016,-1.3825079065305697,0.08342616666666663,0.45016142812176807
flash_mob-boycott_tncs,flash_mob+boycott_tncs,students,passengers_offers_discarded,-39.99749072222222,-44.228565333333314,-1.494277796530038,-1.6523477337356893,4.231074611111097,0.15806993720565132
flash_mob-boycott_tncs,flash_mob+boycott_tncs,students,passengers_pickup_accept,-0.5066477777777777,-0.49643427777777793,-1.2734934948962604,-1.2478211710835077,-0.010213499999999764,-0.02567232381275275
flash_mob-boycott_tncs,flash_mob+boycott_tncs,students,passengers_pickup_reject,-0.05744333333333332,-0.03580444444444442,-1.1624661724232586,-0.7245654643255588,-0.021638888888888902,-0.43790070809769976
flash_mob-boycott_tncs,flash_mob+boycott_tncs,students,passengers_rating_avg,-0.0011403333333328547,0.015689944444443604,-0.054107935002194796,0.7444757329918359,-0.01683027777777646,-0.7985836679940307
flash_mob-boycott_tncs,flash_mob+boycott_tncs,students,passengers_ratings_count,-0.569305388888889,-0.7247682222222227,-0.9824893474888,-1.250782219225936,0.15546283333333366,0.2682928717371359
flash_mob-boycott_tncs,flash_mob+boycott_tncs,students,passengers_reject,-2.6812778888888897,-2.8435645,-1.4905114474462797,-1.5807259129557125,0.1622866111111101,0.0902144655094328
flash_mob-boycott_tncs,flash_mob+boycott_tncs,students,passengers_unassigned,-12.40789811111111,-12.460304888888889,-1.5431501716605007,-1.5496679176477546,0.05240677777777769,0.0065177459872538535
flash_mob-boycott_tncs,flash_mob+boycott_tncs,students,rides_dispatched,-1.280102055555556,-1.4421942222222228,-1.4154377174741275,-1.5946666823924995,0.16209216666666681,0.17922896491837204
flash_mob-boycott_tncs,flash_mob+boycott_tncs,students,rides_duration_avg,60.07410794444445,-113.66624311111093,0.25705173122889236,-0.4863676810817673,173.74035105555538,0.7434194123106597
flash_mob-boycott_tncs,flash_mob+boycott_tncs,students,rides_in_progress,-360.59131522222197,-767.2651391111108,-0.43647826508244153,-0.9287371676466196,406.6738238888888,0.4922589025641781
flash_mob-boycott_tncs,flash_mob+boycott_tncs,students,rides_length_avg,-588.4904413888898,-624.6480816666681,-0.5086789577497195,-0.5399328736634279,36.15764027777823,0.03125391591370841
flash_mob-boycott_tncs,flash_mob+boycott_tncs,students,rides_not_served,-0.12437133333333339,-0.10726100000000008,-0.9966415002627638,-0.8595289693741137,-0.01711033333333331,-0.13711253088865005
flash_mob-boycott_tncs,flash_mob+boycott_tncs,students,rides_offers_generated,-45.21730594444445,-49.859462388888886,-1.531248769760766,-1.6884517741442215,4.6421564444444385,0.15720300438345558
flash_mob-boycott_tncs,flash_mob+boycott_tncs,students,rides_offers_lyft,-19.111398888888893,-19.54077822222223,-1.7099879417970714,-1.7484065571336884,0.4293793333333369,0.03841861533661706
flash_mob-boycott_tncs,flash_mob+boycott_tncs,students,rides_offers_price_lyft_avg,1.928975888888889,2.182985111111112,3.6034409657781867,4.077945205210769,-0.2540092222222228,-0.47450423943258224
flash_mob-boycott_tncs,flash_mob+boycott_tncs,students,rides_offers_price_no_surge_avg,2.406313111111114,2.5240839444444347,4.058198624423233,4.256816764192157,-0.11777083333332072,-0.19861813976892417
flash_mob-boycott_tncs,flash_mob+boycott_tncs,students,rides_offers_price_uber_avg,2.715821222222221,2.7680799999999977,4.344043632089053,4.427633232526946,-0.052258777777776544,-0.0835896004378931
flash_mob-boycott_tncs,flash_mob+boycott_tncs,students,rides_offers_radius_avg,-1052.6819152777778,-916.2294176111111,-2.2203881610283926,-1.9325732893519159,-136.45249766666666,-0.2878148716764768
flash_mob-boycott_tncs,flash_mob+boycott_tncs,students,rides_offers_surge_lyft_avg,0.0,0.0,,,0.0,
flash_mob-boycott_tncs,flash_mob+boycott_tncs,students,rides_offers_surge_uber_avg,0.0,0.0,,,0.0,
flash_mob-boycott_tncs,flash_mob+boycott_tncs,students,rides_offers_uber,-26.106166722222213,-30.319204444444427,-1.3884902510430823,-1.6125661127666973,4.213037722222214,0.22407586172361493
flash_mob-boycott_tncs,flash_mob+boycott_tncs,students,rides_partial_acceptances,-3.244259388888888,-3.697564777777778,-1.5047917225295127,-1.7150493237910576,0.4533053888888898,0.2102576012615449
flash_mob-boycott_tncs,flash_mob+boycott_tncs,students,rides_waiting_duration_avg,-89.61860738888902,-195.1747180555558,-0.3886291202953974,-0.8463708731010349,105.55611066666677,0.45774175280563745
flash_mob-boycott_tncs,flash_mob+boycott_tncs,students,traffic_duration_avg,94.24140144444459,-12.046910499999967,0.6209253854475569,-0.07937310386958008,106.28831194444456,0.700298489317137
flash_mob-boycott_tncs,flash_mob+boycott_tncs,students,traffic_length_avg,15.285309111111019,-17.612043111111234,0.19172365800944974,-0.22090788650311716,32.89735222222225,0.4126315445125669
flash_mob-boycott_tncs,flash_mob+boycott_tncs,students,traffic_speed_avg,-0.7961642777777778,-1.0376762777777788,-0.8177955507294119,-1.065869276919486,0.24151200000000106,0.24807372619007406
flash_mob-boycott_tncs,flash_mob+boycott_tncs,managers,drivers_accept,-1.283972111111111,-1.4087684999999996,-1.4197169251968864,-1.5577071073634488,0.12479638888888855,0.13799018216656234
flash_mob-boycott_tncs,flash_mob+boycott_tncs,managers,drivers_acceptance_rate,-0.14533627777777758,0.11572372222222271,-0.7186538351074705,0.5722266873730837,-0.2610600000000003,-1.2908805224805542
flash_mob-boycott_tncs,flash_mob+boycott_tncs,managers,drivers_busy,-193.08994572222218,-496.3989703333327,-0.19855773832808188,-0.5104556660840768,303.30902461111054,0.3118979277559949
flash_mob-boycott_tncs,flash_mob+boycott_tncs,managers,drivers_change_provider,-0.4120555555555556,-0.4317691666666671,-1.5298489822932628,-1.6030402000527157,0.019713611111111473,0.07319121775945292
flash_mob-boycott_tncs,flash_mob+boycott_tncs,managers,drivers_change_zone,-0.5656391111111109,-0.6196298333333331,-1.0874735730781273,-1.1912738274359547,0.05399072222222223,0.10380025435782736
flash_mob-boycott_tncs,flash_mob+boycott_tncs,managers,drivers_demand_pressure,0.0,0.0,,,0.0,
flash_mob-boycott_tncs,flash_mob+boycott_tncs,managers,drivers_idle,911.0019208333342,1212.8264566666667,0.27647309580640644,0.36807154571509704,-301.82453583333245,-0.0915984499086906
flash_mob-boycott_tncs,flash_mob+boycott_tncs,managers,drivers_idle_duration_avg,146.4721855555556,215.58155916666635,1.2342816295329089,1.8166476941422656,-69.10937361111075,-0.5823660646093567
flash_mob-boycott_tncs,flash_mob+boycott_tncs,managers,drivers_occupied_distance_avg,1063.76040711111,1278.076879833332,0.9566869157390926,1.1494312253694172,-214.316472722222,-0.19274430963032463
flash_mob-boycott_tncs,flash_mob+boycott_tncs,managers,drivers_occupied_duration_avg,116.24748927777785,153.19091611111105,0.9688381375831708,1.2767346871905334,-36.943426833333206,-0.30789654960736257
flash_mob-boycott_tncs,flash_mob+boycott_tncs,managers,drivers_passengers_served,-0.29608355555555566,-0.27763961111111146,-0.3438280086345357,-0.3224099171170912,-0.018443944444444194,-0.021418091517444504
flash_mob-boycott_tncs,flash_mob+boycott_tncs,managers,drivers_pickup,-270.3544245555555,-278.0398535000002,-0.9457189760937643,-0.9726031523158852,7.685428944444709,0.026884176222120915
flash_mob-boycott_tncs,flash_mob+boycott_tncs,managers,drivers_pickup_accept,-0.45507433333333336,-0.44250905555555564,-1.2528303375849192,-1.2182378324772962,-0.012565277777777717,-0.03459250510762302
flash_mob-boycott_tncs,flash_mob+boycott_tncs,managers,drivers_pickup_reject,-0.07675938888888884,-0.0738415555555555,-0.9413363365204718,-0.905553579774542,-0.0029178333333333417,-0.03578275674592979
flash_mob-boycott_tncs,flash_mob+boycott_tncs,managers,drivers_reject,-0.5464356666666667,-0.6229912222222225,-1.205132942533759,-1.3739718883821699,0.07655555555555582,0.16883894584841097
flash_mob-boycott_tncs,flash_mob+boycott_tncs,managers,drivers_removed,-0.2057870000000001,-0.242945777777778,-1.3541602919064406,-1.5986798259996644,0.0371587777777779,0.2445195340932238
flash_mob-boycott_tncs,flash_mob+boycott_tncs,managers,drivers_shift_duration_avg,719.4829116111118,967.6979402222228,0.7700154047374523,1.035663681622742,-248.21502861111094,-0.2656482768852897
flash_mob-boycott_tncs,flash_mob+boycott_tncs,managers,drivers_starting,-0.003499833333333202,-0.0031283888888886113,-0.022481954695632522,-0.020095899024805935,-0.0003714444444445908,-0.0023860556708265868
flash_mob-boycott_tncs,flash_mob+boycott_tncs,managers,drivers_total_length_avg,4242.1557300555505,5519.8010743333325,0.7095502944263732,0.9232514614490449,-1277.645344277782,-0.21370116702267172
flash_mob-boycott_tncs,flash_mob+boycott_tncs,managers,drivers_waiting,-1.4077313333333343,-1.5784443888888908,-1.3096576222882772,-1.468477454694122,0.1707130555555565,0.15881983240584474
flash_mob-boycott_tncs,flash_mob+boycott_tncs,managers,failed_requests,0.0890597509044625,0.0047288654695702426,2.0607706385490876,0.1094221240725557,0.08433088543489226,1.951348514476532
flash_mob-boycott_tncs,flash_mob+boycott_tncs,managers,passengers_accept,-4.929721999999999,-5.6783154444444435,-1.4435846951103315,-1.6627974700416412,0.7485934444444444,0.21921277493130975
flash_mob-boycott_tncs,flash_mob+boycott_tncs,managers,passengers_acceptance_rate,-0.01985333333333328,-0.006576444444444718,-0.1707586059441726,-0.056564027135796446,-0.01327688888888856,-0.11419457880837616
flash_mob-boycott_tncs,flash_mob+boycott_tncs,managers,passengers_arrivals,-0.8051761111111111,-0.9390547777777776,-1.0528349392159138,-1.2278924650630216,0.13387866666666648,0.17505752584710788
flash_mob-boycott_tncs,flash_mob+boycott_tncs,managers,passengers_cancel,-0.011333666666666659,-0.038500499999999986,-0.7644453437654564,-2.596823148522864,0.027166833333333328,1.8323778047574075
flash_mob-boycott_tncs,flash_mob+boycott_tncs,managers,passengers_change_provider,-1.8316485555555553,-2.0412870555555553,-1.6061963627191498,-1.7900310809922566,0.20963850000000006,0.18383471827310682
flash_mob-boycott_tncs,flash_mob+boycott_tncs,managers,passengers_departures,-0.9929072777777781,-1.2944998333333335,-1.3438752335316702,-1.7520732345935033,0.3015925555555554,0.4081980010618331
flash_mob-boycott_tncs,flash_mob+boycott_tncs,managers,passengers_drivers_ratio,-0.09655055555555554,-0.09117222222222222,-1.3804442510769235,-1.3035468237379033,-0.005378333333333318,-0.07689742733902016
flash_mob-boycott_tncs,flash_mob+boycott_tncs,managers,passengers_new,-1.5239165555555558,-1.5363695555555565,-1.662328586572904,-1.6759126491733964,0.012453000000000713,0.013584062600492386
flash_mob-boycott_tncs,flash_mob+boycott_tncs,managers,passengers_no_ratings_count,-0.2137777777777778,-0.2196389444444446,-1.1535290855404172,-1.1851555075917692,0.005861166666666806,0.03162642205135202
flash_mob-boycott_tncs,flash_mob+boycott_tncs,managers,passengers_offers_discarded,-38.82581444444444,-44.585239666666666,-1.4505048044000202,-1.665672833067385,5.759425222222227,0.21516802866736473
flash_mob-boycott_tncs,flash_mob+boycott_tncs,managers,passengers_pickup_accept,-0.4391951111111114,-0.4433903888888894,-1.103946649965496,-1.114491764724938,0.00419527777777795,0.010545114759441976
flash_mob-boycott_tncs,flash_mob+boycott_tncs,managers,passengers_pickup_reject,-0.09263866666666663,-0.0733617222222222,-1.8747052096279364,-1.48460257240257,-0.01927694444444443,-0.3901026372253664
flash_mob-boycott_tncs,flash_mob+boycott_tncs,managers,passengers_rating_avg,0.014062277777777688,0.019745777777776752,0.6672442081114776,0.9369218888349959,-0.005683499999999064,-0.2696776807235184
flash_mob-boycott_tncs,flash_mob+boycott_tncs,managers,passengers_ratings_count,-0.5912687222222219,-0.715657222222222,-1.0203929778715377,-1.2350587417748589,0.12438850000000001,0.21466576390332115
flash_mob-boycott_tncs,flash_mob+boycott_tncs,managers,passengers_reject,-3.1191018888888893,-3.3510092222222227,-1.7338960241330126,-1.8628123652972302,0.23190733333333347,0.12891634116421757
flash_mob-boycott_tncs,flash_mob+boycott_tncs,managers,passengers_unassigned,-11.944407555555554,-12.272647555555563,-1.4855066027043617,-1.5263292793422585,0.32824000000000986,0.04082267663789674
flash_mob-boycott_tncs,flash_mob+boycott_tncs,managers,rides_dispatched,-1.283972111111111,-1.4087684999999996,-1.4197169251968864,-1.5577071073634488,0.12479638888888855,0.13799018216656234
flash_mob-boycott_tncs,flash_mob+boycott_tncs,managers,rides_duration_avg,68.89128533333314,-42.35287027777781,0.2947796441337678,-0.18122414131365033,111.24415561111095,0.4760037854474181
flash_mob-boycott_tncs,flash_mob+boycott_tncs,managers,rides_in_progress,-249.93728716666647,-471.64476822222196,-0.30253694106495105,-0.5709030735861692,221.7074810555555,0.26836613252121816
flash_mob-boycott_tncs,flash_mob+boycott_tncs,managers,rides_length_avg,-832.9324483888886,-562.1521428333344,-0.7199695694673025,-0.4859126775931192,-270.78030555555415,-0.23405689187418333
flash_mob-boycott_tncs,flash_mob+boycott_tncs,managers,rides_not_served,-0.11611122222222214,-0.12690833333333318,-0.9304496431082611,-1.016971582914445,0.010797111111111035,0.08652193980618395
flash_mob-boycott_tncs,flash_mob+boycott_tncs,managers,rides_offers_generated,-43.858787,-50.21150933333333,-1.4852435861495816,-1.7003735691145128,6.3527223333333325,0.21512998296493113
flash_mob-boycott_tncs,flash_mob+boycott_tncs,managers,rides_offers_lyft,-17.641212777777778,-18.607768333333336,-1.5784433836611862,-1.6649257157335857,0.9665555555555585,0.08648233207239953
flash_mob-boycott_tncs,flash_mob+boycott_tncs,managers,rides_offers_price_lyft_avg,2.12991083333333,1.7151780555555654,3.9787993175534013,3.2040539773427428,0.41473277777776474,0.7747453402106586
flash_mob-boycott_tncs,flash_mob+boycott_tncs,managers,rides_offers_price_no_surge_avg,2.3938228333333313,1.895525833333334,4.037134022371899,3.1967661622556123,0.4982969999999973,0.8403678601162867
flash_mob-boycott_tncs,flash_mob+boycott_tncs,managers,rides_offers_price_uber_avg,2.5658697777777846,2.026541111111115,4.1041914606606245,3.241517864598445,0.5393286666666697,0.8626735960621796
flash_mob-boycott_tncs,flash_mob+boycott_tncs,managers,rides_offers_radius_avg,-1051.0512365555555,-925.0323641666664,-2.2169486227626405,-1.951141061848476,-126.01887238888912,-0.2658075609141646
flash_mob-boycott_tncs,flash_mob+boycott_tncs,managers,rides_offers_surge_lyft_avg,0.0,0.0,,,0.0,
flash_mob-boycott_tncs,flash_mob+boycott_tncs,managers,rides_offers_surge_uber_avg,0.0,0.0,,,0.0,
flash_mob-boycott_tncs,flash_mob+boycott_tncs,managers,rides_offers_uber,-26.21778711111112,-31.603684722222237,-1.3944269258310344,-1.6808828580908375,5.385897611111115,0.28645593225980304
flash_mob-boycott_tncs,flash_mob+boycott_tncs,managers,rides_partial_acceptances,-3.0977316666666663,-3.6442318888888887,-1.4368274579345601,-1.6903118166689552,0.5465002222222224,0.2534843587343951
flash_mob-boycott_tncs,flash_mob+boycott_tncs,managers,rides_waiting_duration_avg,-109.87231177777801,-166.78119788888898,-0.4764588640139193,-0.7232429972506742,56.908886111110974,0.2467841332367549
flash_mob-boycott_tncs,flash_mob+boycott_tncs,managers,traffic_duration_avg,155.63341116666663,124.47897183333328,1.0254170071329856,0.8201507233664374,31.154439333333357,0.2052662837665482
flash_mob-boycott_tncs,flash_mob+boycott_tncs,managers,traffic_length_avg,44.27682100000038,32.82574416666603,0.5553642406210177,0.4117333645507234,11.451076833334355,0.14363087607029434
flash_mob-boycott_tncs,flash_mob+boycott_tncs,managers,traffic_speed_avg,-1.0554046111111108,-1.3090386666666678,-1.084079277702633,-1.344604407925425,0.25363405555555696,0.260525130222792
flash_mob-boycott_tncs,flash_mob+boycott_tncs,drivers,drivers_accept,-1.2369720555555552,-1.3211862777777772,-1.3677479036114617,-1.460865468702277,0.08421422222222197,0.09311756509081537
flash_mob-boycott_tncs,flash_mob+boycott_tncs,drivers,drivers_acceptance_rate,-0.19073927777777788,-0.46478916666666614,-0.9431610302433968,-2.2982735091931614,0.27404988888888826,1.3551124789497646
flash_mob-boycott_tncs,flash_mob+boycott_tncs,drivers,drivers_busy,-240.39669177777796,-469.6566072222222,-0.24720408534174226,-0.482956030528069,229.25991544444423,0.23575194518632675
flash_mob-boycott_tncs,flash_mob+boycott_tncs,drivers,drivers_change_provider,-0.37077744444444427,-0.3180384444444441,-1.3765947052354506,-1.1807892989271096,-0.05273900000000015,-0.19580540630834098
flash_mob-boycott_tncs,flash_mob+boycott_tncs,drivers,drivers_change_zone,-0.5693976666666667,-0.5007027222222225,-1.094699611305194,-0.9626296479310935,-0.06869494444444424,-0.1320699633741006
flash_mob-boycott_tncs,flash_mob+boycott_tncs,drivers,drivers_demand_pressure,0.0,0.0,,,0.0,
flash_mob-boycott_tncs,flash_mob+boycott_tncs,drivers,drivers_idle,693.1020465555548,1050.802217333332,0.21034430788651154,0.3189000324397036,-357.7001707777772,-0.10855572455319207
flash_mob-boycott_tncs,flash_mob+boycott_tncs,drivers,drivers_idle_duration_avg,-17.550098555555564,112.87816305555566,-0.14788995031004137,0.9511938564066041,-130.42826161111122,-1.0990838067166455
flash_mob-boycott_tncs,flash_mob+boycott_tncs,drivers,drivers_occupied_distance_avg,764.8089387777773,1744.7481276111116,0.6878266006873255,1.5691293770548138,-979.9391888333344,-0.8813027763674883
flash_mob-boycott_tncs,flash_mob+boycott_tncs,drivers,drivers_occupied_duration_avg,89.06866049999996,169.3472029999998,0.7423223993220789,1.4113855686584966,-80.27854249999984,-0.6690631693364177
flash_mob-boycott_tncs,flash_mob+boycott_tncs,drivers,drivers_passengers_served,-0.49080561111111076,-0.3581483888888879,-0.5699496399871004,-0.41590100171648325,-0.13265722222222287,-0.1540486382706171
flash_mob-boycott_tncs,flash_mob+boycott_tncs,drivers,drivers_pickup,-292.74157750000006,-156.11951311111102,-1.024030826898795,-0.5461171435622544,-136.62206438888904,-0.4779136833365406
flash_mob-boycott_tncs,flash_mob+boycott_tncs,drivers,drivers_pickup_accept,-0.4867041666666666,-0.3855281666666671,-1.3399080123078502,-1.0613681058555904,-0.10117599999999949,-0.2785399064522598
flash_mob-boycott_tncs,flash_mob+boycott_tncs,drivers,drivers_pickup_reject,-0.09973188888888887,-0.08028783333333328,-1.2230588632854917,-0.9846073033041866,-0.01944405555555559,-0.23845155998130518
flash_mob-boycott_tncs,flash_mob+boycott_tncs,drivers,drivers_reject,-0.5356774999999999,-0.3563265555555557,-1.1814064147059598,-0.7858580553848408,-0.17935094444444422,-0.395548359321119
flash_mob-boycott_tncs,flash_mob+boycott_tncs,drivers,drivers_removed,-0.2475463888888889,-0.26228627777777774,-1.6289536765595636,-1.7259480068158295,0.01473988888888883,0.09699433025626591
flash_mob-boycott_tncs,flash_mob+boycott_tncs,drivers,drivers_shift_duration_avg,291.7969143333339,877.819381944445,0.31229111277762794,0.9394725514199314,-586.0224676111111,-0.6271814386423034
flash_mob-boycott_tncs,flash_mob+boycott_tncs,drivers,drivers_starting,-0.007527555555555565,-0.033527166666666774,-0.048354920606370824,-0.2153691819818901,0.02599961111111121,0.16701426137551928
flash_mob-boycott_tncs,flash_mob+boycott_tncs,drivers,drivers_total_length_avg,2425.748295277779,6013.531758611116,0.40573484960112066,1.0058337084690168,-3587.783463333337,-0.6000988588678962
flash_mob-boycott_tncs,flash_mob+boycott_tncs,drivers,drivers_waiting,-1.3771667222222228,-1.3462864999999993,-1.2812223839966352,-1.2524935225628784,-0.03088022222222353,-0.028728861433756858
flash_mob-boycott_tncs,flash_mob+boycott_tncs,drivers,failed_requests,0.08504853631966736,0.05457580318797858,1.9679543757893463,1.2628399657850888,0.030472733131688773,0.7051144100042575
flash_mob-boycott_tncs,flash_mob+boycott_tncs,drivers,passengers_accept,-4.966314500000001,-4.892537277777778,-1.4543001823032862,-1.4326957857779334,-0.07377722222222349,-0.02160439652535273
flash_mob-boycott_tncs,flash_mob+boycott_tncs,drivers,passengers_acceptance_rate,0.003616222222222021,-0.0007281111111110405,0.031103142987792404,-0.006262486818625734,0.004344333333333061,0.03736562980641814
flash_mob-boycott_tncs,flash_mob+boycott_tncs,drivers,passengers_arrivals,-0.727712611111111,-0.9869998333333336,-0.9515449503693647,-1.2905846251444721,0.25928722222222267,0.33903967477510744
flash_mob-boycott_tncs,flash_mob+boycott_tncs,drivers,passengers_cancel,-0.005250166666666667,-0.01047299999999999,-0.35411889023787024,-0.706394172399837,0.005222833333333322,0.3522752821619668
flash_mob-boycott_tncs,flash_mob+boycott_tncs,drivers,passengers_change_provider,-1.482249944444445,-1.4376761666666664,-1.2998041912495688,-1.260716867689507,-0.0445737777777786,-0.039087323560061726
flash_mob-boycott_tncs,flash_mob+boycott_tncs,drivers,passengers_departures,-0.935721888888889,-1.3028793888888885,-1.2664762360949176,-1.7634147540194829,0.3671574999999996,0.49693851792456534
flash_mob-boycott_tncs,flash_mob+boycott_tncs,drivers,passengers_drivers_ratio,-0.09418538888888889,-0.07523094444444439,-1.3466279699685244,-1.0756243106406962,-0.018954444444444496,-0.2710036593278282
flash_mob-boycott_tncs,flash_mob+boycott_tncs,drivers,passengers_new,-1.5227875555555554,-1.5345938888888881,-1.661097043436635,-1.6739757048902817,0.011806333333332697,0.01287866145364669
flash_mob-boycott_tncs,flash_mob+boycott_tncs,drivers,passengers_no_ratings_count,-0.1437418333333334,-0.20651861111111103,-0.7756203066684658,-1.1143591588350794,0.06277677777777763,0.3387388521666136
flash_mob-boycott_tncs,flash_mob+boycott_tncs,drivers,passengers_offers_discarded,-38.229083222222215,-37.52119494444443,-1.4282113504917355,-1.401765148072354,-0.7078882777777835,-0.026446202419381448
flash_mob-boycott_tncs,flash_mob+boycott_tncs,drivers,passengers_pickup_accept,-0.5373614999999999,-0.4483337777777776,-1.3506945153480001,-1.1269173074172478,-0.08902772222222233,-0.2237772079307523
flash_mob-boycott_tncs,flash_mob+boycott_tncs,drivers,passengers_pickup_reject,-0.04988933333333337,-0.019722500000000046,-1.0095977896723984,-0.3991192320365189,-0.030166833333333323,-0.6104785576358795
flash_mob-boycott_tncs,flash_mob+boycott_tncs,drivers,passengers_rating_avg,-0.011444166666666256,-0.005061222222221495,-0.5430168601179665,-0.2401510812906218,-0.00638294444444476,-0.30286577882734467
flash_mob-boycott_tncs,flash_mob+boycott_tncs,drivers,passengers_ratings_count,-0.583083055555556,-0.7801762777777776,-1.006266411604899,-1.3464037000881608,0.1970932222222217,0.34013728848326186
flash_mob-boycott_tncs,flash_mob+boycott_tncs,drivers,passengers_reject,-2.370268444444444,-2.1712132777777784,-1.3176225651975053,-1.2069686095521464,-0.19905516666666578,-0.11065395564535896
flash_mob-boycott_tncs,flash_mob+boycott_tncs,drivers,passengers_unassigned,-12.125435166666671,-9.753694222222222,-1.5080207132055798,-1.2130511371517398,-2.371740944444449,-0.29496957605384
flash_mob-boycott_tncs,flash_mob+boycott_tncs,drivers,rides_dispatched,-1.2369720555555552,-1.3211862777777772,-1.3677479036114617,-1.460865468702277,0.08421422222222197,0.09311756509081537
flash_mob-boycott_tncs,flash_mob+boycott_tncs,drivers,rides_duration_avg,152.7575677777777,67.67140149999977,0.6536359606355824,0.28955987039120185,85.08616627777792,0.36407609024438053
flash_mob-boycott_tncs,flash_mob+boycott_tncs,drivers,rides_in_progress,-245.6623985000001,-606.9468892222221,-0.29736239606101156,-0.7346797164031486,361.284490722222,0.437317320342137
flash_mob-boycott_tncs,flash_mob+boycott_tncs,drivers,rides_length_avg,-533.961625777777,-446.1917722777771,-0.4615453780998544,-0.3856789332773091,-87.76985349999995,-0.07586644482254529
flash_mob-boycott_tncs,flash_mob+boycott_tncs,drivers,rides_not_served,-0.10201883333333334,-0.02384561111111111,-0.8175212115470618,-0.1910852364086595,-0.07817322222222223,-0.6264359751384023
flash_mob-boycott_tncs,flash_mob+boycott_tncs,drivers,rides_offers_generated,-43.36539805555555,-42.590268388888916,-1.4685353546790392,-1.4422861935736284,-0.7751296666666363,-0.026249161105410757
flash_mob-boycott_tncs,flash_mob+boycott_tncs,drivers,rides_offers_lyft,-16.573267888888886,-17.20971188888889,-1.48288926472301,-1.5398349426378712,0.6364440000000045,0.05694567791486116
flash_mob-boycott_tncs,flash_mob+boycott_tncs,drivers,rides_offers_price_lyft_avg,2.6761513888888864,2.636148833333337,4.999208958957532,4.92448182096945,0.040002555555549435,0.0747271379880825
flash_mob-boycott_tncs,flash_mob+boycott_tncs,drivers,rides_offers_price_no_surge_avg,2.9209600000000044,2.6635059444444487,4.926140243038364,4.491949160721025,0.2574540555555558,0.43419108231733894
flash_mob-boycott_tncs,flash_mob+boycott_tncs,drivers,rides_offers_price_uber_avg,3.0791693888888894,2.711954555555561,4.925230742906328,4.337858774053011,0.36721483333332827,0.5873719688533168
flash_mob-boycott_tncs,flash_mob+boycott_tncs,drivers,rides_offers_radius_avg,-1074.3470922777778,-864.7405517222226,-2.2660858231799184,-1.8239694779011426,-209.60654055555528,-0.44211634527877575
flash_mob-boycott_tncs,flash_mob+boycott_tncs,drivers,rides_offers_surge_lyft_avg,0.0,0.0,,,0.0,
flash_mob-boycott_tncs,flash_mob+boycott_tncs,drivers,rides_offers_surge_uber_avg,0.0,0.0,,,0.0,
flash_mob-boycott_tncs,flash_mob+boycott_tncs,drivers,rides_offers_uber,-26.79312994444444,-25.382833166666675,-1.4250272787511287,-1.3500188201038832,-1.4102967777777664,-0.07500845864724548
flash_mob-boycott_tncs,flash_mob+boycott_tncs,drivers,rides_partial_acceptances,-3.193620277777778,-3.2154542222222235,-1.4813036760751417,-1.4914309608978955,0.021833944444445752,0.010127284822753824
flash_mob-boycott_tncs,flash_mob+boycott_tncs,drivers,rides_waiting_duration_avg,-44.79046205555562,-70.86441238888858,-0.19423285379497068,-0.30730196606869453,26.07395033333296,0.11306911227372385
flash_mob-boycott_tncs,flash_mob+boycott_tncs,drivers,traffic_duration_avg,135.09809816666677,66.314794,0.8901166301821206,0.43692621707879586,68.78330416666677,0.45319041310332475
flash_mob-boycott_tncs,flash_mob+boycott_tncs,drivers,traffic_length_avg,38.36516933333269,17.628767444443838,0.48121438377662396,0.22111765984436843,20.73640188888885,0.2600967239322555
flash_mob-boycott_tncs,flash_mob+boycott_tncs,drivers,traffic_speed_avg,-0.8599992222222212,-0.9731402777777776,-0.8833648496854447,-0.9995798751779457,0.11314105555555631,0.11621502549250096
flash_mob-boycott_tncs,flash_mob+boycott_tncs,bank_tellers_drivers,drivers_accept,-1.2526945000000005,-1.358286833333333,-1.3851325650773019,-1.5018883898394417,0.10559233333333262,0.11675582476213986
flash_mob-boycott_tncs,flash_mob+boycott_tncs,bank_tellers_drivers,drivers_acceptance_rate,-0.07254900000000042,-0.0262372777777784,-0.3587378036675177,-0.12973719009517348,-0.04631172222222202,-0.2290006135723442
flash_mob-boycott_tncs,flash_mob+boycott_tncs,bank_tellers_drivers,drivers_busy,-251.08478538888812,-736.2693407222214,-0.2581948372761482,-0.75711852601804,485.18455533333326,0.49892368874189175
flash_mob-boycott_tncs,flash_mob+boycott_tncs,bank_tellers_drivers,drivers_change_provider,-0.417231777777778,-0.4312043333333336,-1.5490668721919054,-1.600943129188083,0.0139725555555556,0.05187625699617748
flash_mob-boycott_tncs,flash_mob+boycott_tncs,bank_tellers_drivers,drivers_change_zone,-0.6098793888888889,-0.6732771666666664,-1.1725280397935993,-1.2944138969964085,0.06339777777777744,0.1218858572028092
flash_mob-boycott_tncs,flash_mob+boycott_tncs,bank_tellers_drivers,drivers_demand_pressure,0.0,0.0,,,0.0,
flash_mob-boycott_tncs,flash_mob+boycott_tncs,bank_tellers_drivers,drivers_idle,894.8908568333318,1126.2384988333342,0.2715836706153582,0.34179362004416347,-231.34764200000245,-0.07020994942880526
flash_mob-boycott_tncs,flash_mob+boycott_tncs,bank_tellers_drivers,drivers_idle_duration_avg,57.78866844444451,104.16264827777798,0.48696953340053817,0.8777505624369556,-46.373979833333465,-0.3907810290364174
flash_mob-boycott_tncs,flash_mob+boycott_tncs,bank_tellers_drivers,drivers_occupied_distance_avg,191.90963477777768,27.666571444444344,0.17259284644252698,0.02488177481256465,164.24306333333334,0.14771107162996233
flash_mob-boycott_tncs,flash_mob+boycott_tncs,bank_tellers_drivers,drivers_occupied_duration_avg,25.722158888888885,6.524542833333385,0.2143754559118327,0.05437731142840874,19.1976160555555,0.15999814448342398
flash_mob-boycott_tncs,flash_mob+boycott_tncs,bank_tellers_drivers,drivers_passengers_served,-0.6693613333333335,-0.8562312222222233,-0.777298063261654,-0.9943013400895971,0.18686988888888978,0.21700327682794318
flash_mob-boycott_tncs,flash_mob+boycott_tncs,bank_tellers_drivers,drivers_pickup,-300.581338111111,-285.66208466666666,-1.0514548662506515,-0.9992662582233991,-14.919253444444337,-0.05218860802725245
flash_mob-boycott_tncs,flash_mob+boycott_tncs,bank_tellers_drivers,drivers_pickup_accept,-0.5188512222222222,-0.5003142222222223,-1.4284096119674543,-1.377376815198403,-0.018536999999999915,-0.05103279676905137
flash_mob-boycott_tncs,flash_mob+boycott_tncs,bank_tellers_drivers,drivers_pickup_reject,-0.10599944444444445,-0.0644625,-1.2999208324987361,-0.7905338287774546,-0.041536944444444446,-0.5093870037212815
flash_mob-boycott_tncs,flash_mob+boycott_tncs,bank_tellers_drivers,drivers_reject,-0.6388893888888891,-0.638776777777778,-1.4090343953608362,-1.4087860379274293,-0.00011261111111116051,-0.0002483574334068983
flash_mob-boycott_tncs,flash_mob+boycott_tncs,bank_tellers_drivers,drivers_removed,-0.2640374444444444,-0.2867785,-1.7374713798399277,-1.8871165684542315,0.02274105555555561,0.14964518861430376
flash_mob-boycott_tncs,flash_mob+boycott_tncs,bank_tellers_drivers,drivers_shift_duration_avg,93.87134294444468,52.120513666666284,0.10046434594083056,0.055781169751887905,41.750829277778394,0.04468317618894266
flash_mob-boycott_tncs,flash_mob+boycott_tncs,bank_tellers_drivers,drivers_starting,-0.003518000000000021,-0.014989944444444514,-0.022598652303225483,-0.09629122869376523,0.011471944444444493,0.07369257639053975
flash_mob-boycott_tncs,flash_mob+boycott_tncs,bank_tellers_drivers,drivers_total_length_avg,198.65286500000002,-536.2086184444415,0.033227021311531824,-0.0896871796562334,734.8614834444415,0.12291420096776523
flash_mob-boycott_tncs,flash_mob+boycott_tncs,bank_tellers_drivers,drivers_waiting,-1.4471572777777777,-1.526703055555557,-1.3463368432695388,-1.4203408323267672,0.07954577777777927,0.07400398905722838
flash_mob-boycott_tncs,flash_mob+boycott_tncs,bank_tellers_drivers,failed_requests,0.06372950359306714,0.006753719974225053,1.4746491931555665,0.1562756203842932,0.05697578361884209,1.3183735727712733
flash_mob-boycott_tncs,flash_mob+boycott_tncs,bank_tellers_drivers,passengers_accept,-5.271639055555556,-5.842370111111113,-1.5437092515046253,-1.7108380707005488,0.5707310555555569,0.16712881919592348
flash_mob-boycott_tncs,flash_mob+boycott_tncs,bank_tellers_drivers,passengers_acceptance_rate,-0.04132094444444423,-0.030028111111111366,-0.35540162204314574,-0.25827191365699,-0.011292833333332863,-0.09712970838615576
flash_mob-boycott_tncs,flash_mob+boycott_tncs,bank_tellers_drivers,passengers_arrivals,-0.6649442222222222,-0.781989888888889,-0.8694700452789496,-1.0225170192886899,0.11704566666666683,0.15304697400974032
flash_mob-boycott_tncs,flash_mob+boycott_tncs,bank_tellers_drivers,passengers_cancel,-0.014111833333333337,-0.032334333333333326,-0.9518301182607132,-2.1809209047169382,0.01822249999999999,1.229090786456225
flash_mob-boycott_tncs,flash_mob+boycott_tncs,bank_tellers_drivers,passengers_change_provider,-1.9935645000000006,-2.1308330000000013,-1.7481825533800668,-1.8685550804935123,0.13726850000000068,0.12037252711344548
flash_mob-boycott_tncs,flash_mob+boycott_tncs,bank_tellers_drivers,passengers_departures,-0.841629722222222,-1.2184448888888892,-1.1391248355334564,-1.6491347643918668,0.37681516666666726,0.5100099288584103
flash_mob-boycott_tncs,flash_mob+boycott_tncs,bank_tellers_drivers,passengers_drivers_ratio,-0.10623750000000001,-0.10093433333333339,-1.5189446117624759,-1.4431218897141254,-0.005303166666666623,-0.0758227220483505
flash_mob-boycott_tncs,flash_mob+boycott_tncs,bank_tellers_drivers,passengers_new,-1.5228799444444445,-1.5325933333333337,-1.6611978236863947,-1.6717934458440749,0.009713388888889174,0.010595622157680173
flash_mob-boycott_tncs,flash_mob+boycott_tncs,bank_tellers_drivers,passengers_no_ratings_count,-0.15031444444444447,-0.16445288888888876,-0.8110856303490868,-0.8873756313982938,0.014138444444444287,0.07629000104920702
flash_mob-boycott_tncs,flash_mob+boycott_tncs,bank_tellers_drivers,passengers_offers_discarded,-41.82410227777778,-46.743176166666665,-1.5625187046736935,-1.7462918054090724,4.919073888888882,0.1837731007353789
flash_mob-boycott_tncs,flash_mob+boycott_tncs,bank_tellers_drivers,passengers_pickup_accept,-0.510453222222222,-0.5008056666666665,-1.283058737176499,-1.2588089530453248,-0.00964755555555552,-0.02424978413117418
flash_mob-boycott_tncs,flash_mob+boycott_tncs,bank_tellers_drivers,passengers_pickup_reject,-0.11467605555555556,-0.06460166666666661,-2.320670261189526,-1.3073275491585297,-0.050074388888888946,-1.0133427120309961
flash_mob-boycott_tncs,flash_mob+boycott_tncs,bank_tellers_drivers,passengers_rating_avg,0.007884166666666026,-0.012301222222223629,0.3740976125810709,-0.5836834835848366,0.020185388888889655,0.9577810961659075
flash_mob-boycott_tncs,flash_mob+boycott_tncs,bank_tellers_drivers,passengers_ratings_count,-0.5140836666666666,-0.6175474999999997,-0.8871894348369843,-1.0657440666467242,0.10346383333333309,0.17855463180973985
flash_mob-boycott_tncs,flash_mob+boycott_tncs,bank_tellers_drivers,passengers_reject,-3.9418245555555567,-4.115666833333335,-2.1912442004715578,-2.28788241397105,0.17384227777777816,0.09663821349949231
flash_mob-boycott_tncs,flash_mob+boycott_tncs,bank_tellers_drivers,passengers_unassigned,-13.408092611111107,-13.882055888888893,-1.6675427400510119,-1.7264887844909325,0.473963277777786,0.058946044439920575
flash_mob-boycott_tncs,flash_mob+boycott_tncs,bank_tellers_drivers,rides_dispatched,-1.2526945000000005,-1.358286833333333,-1.3851325650773019,-1.5018883898394417,0.10559233333333262,0.11675582476213986
flash_mob-boycott_tncs,flash_mob+boycott_tncs,bank_tellers_drivers,rides_duration_avg,93.45775511111128,-32.1543126666661,0.3998973696004531,-0.137585426072165,125.61206777777738,0.537482795672618
flash_mob-boycott_tncs,flash_mob+boycott_tncs,bank_tellers_drivers,rides_in_progress,-300.00236099999984,-617.4231391111107,-0.36313828015857497,-0.747360707827621,317.42077811111085,0.384222427669046
flash_mob-boycott_tncs,flash_mob+boycott_tncs,bank_tellers_drivers,rides_length_avg,-594.3820922777786,-482.5231535000039,-0.5137715788405771,-0.41708302726754154,-111.85893877777471,-0.09668855157303557
flash_mob-boycott_tncs,flash_mob+boycott_tncs,bank_tellers_drivers,rides_not_served,-0.17341627777777774,-0.12044355555555547,-1.389659937078977,-0.9651665113547354,-0.05297272222222227,-0.42449342572424165
flash_mob-boycott_tncs,flash_mob+boycott_tncs,bank_tellers_drivers,rides_offers_generated,-47.31120355555555,-52.450943555555554,-1.6021569778914808,-1.7762102609764978,5.139740000000003,0.174053283085017
flash_mob-boycott_tncs,flash_mob+boycott_tncs,bank_tellers_drivers,rides_offers_lyft,-18.733435444444442,-18.324704888888892,-1.676169751082845,-1.6395986803042246,-0.40873055555555027,-0.03657107077862043
flash_mob-boycott_tncs,flash_mob+boycott_tncs,bank_tellers_drivers,rides_offers_price_lyft_avg,2.243282666666662,2.549780333333331,4.190584602663431,4.763140358463092,-0.3064976666666688,-0.5725557557996614
flash_mob-boycott_tncs,flash_mob+boycott_tncs,bank_tellers_drivers,rides_offers_price_no_surge_avg,2.4784732777777734,2.5924514999999992,4.1798952929708975,4.372117270443672,-0.11397822222222587,-0.1922219774727747
flash_mob-boycott_tncs,flash_mob+boycott_tncs,bank_tellers_drivers,rides_offers_price_uber_avg,2.6418520555555567,2.6213209999999982,4.225727564448071,4.192887478945973,0.020531055555558453,0.03284008550209805
flash_mob-boycott_tncs,flash_mob+boycott_tncs,bank_tellers_drivers,rides_offers_radius_avg,-1121.7536844444442,-985.3760687777772,-2.366079025755068,-2.0784221002766405,-136.377615666667,-0.28765692547842736
flash_mob-boycott_tncs,flash_mob+boycott_tncs,bank_tellers_drivers,rides_offers_surge_lyft_avg,0.0,0.0,,,0.0,
flash_mob-boycott_tncs,flash_mob+boycott_tncs,bank_tellers_drivers,rides_offers_surge_uber_avg,0.0,0.0,,,0.0,
flash_mob-boycott_tncs,flash_mob+boycott_tncs,bank_tellers_drivers,rides_offers_uber,-28.577703999999983,-34.12975905555553,-1.5199421586248585,-1.8152353895277038,5.552055055555549,0.2952932309028453
flash_mob-boycott_tncs,flash_mob+boycott_tncs,bank_tellers_drivers,rides_partial_acceptances,-3.378435333333332,-3.844120722222221,-1.5670268358050048,-1.7830266787592814,0.4656853888888888,0.21599984295427666
flash_mob-boycott_tncs,flash_mob+boycott_tncs,bank_tellers_drivers,rides_waiting_duration_avg,-74.54937683333333,-167.77273111111128,-0.32328173335240185,-0.7275427592657632,93.22335427777796,0.4042610259133613
flash_mob-boycott_tncs,flash_mob+boycott_tncs,bank_tellers_drivers,traffic_duration_avg,156.51214394444446,123.4233759444445,1.031206686407532,0.8131957516221823,33.08876799999996,0.21801093478534972
flash_mob-boycott_tncs,flash_mob+boycott_tncs,bank_tellers_drivers,traffic_length_avg,90.34377355555625,118.69923861111238,1.1331821043682937,1.4888447504745848,-28.355465055556124,-0.35566264610629106
flash_mob-boycott_tncs,flash_mob+boycott_tncs,bank_tellers_drivers,traffic_speed_avg,-0.832755555555555,-0.9186462777777775,-0.8553809900632305,-0.943605308137791,0.0858907222222225,0.08822431807456044
flash_mob-boycott_tncs,flash_mob+boycott_tncs,students_drivers,drivers_accept,-1.2476573333333334,-1.2898052222222227,-1.3795628562730224,-1.4261667277271242,0.04214788888888932,0.04660387145410172
flash_mob-boycott_tncs,flash_mob+boycott_tncs,students_drivers,drivers_acceptance_rate,-0.0869061666666664,0.06783444444444431,-0.4297306283361998,0.3354254312672269,-0.1547406111111107,-0.7651560596034267
flash_mob-boycott_tncs,flash_mob+boycott_tncs,students_drivers,drivers_busy,-309.2267500000007,-938.4988759444459,-0.31798322735494483,-0.9650746626603365,629.2721259444452,0.6470914353053916
flash_mob-boycott_tncs,flash_mob+boycott_tncs,students_drivers,drivers_change_provider,-0.4305457777777778,-0.5250273333333335,-1.5984980934814483,-1.9492821313699102,0.09448155555555571,0.3507840378884619
flash_mob-boycott_tncs,flash_mob+boycott_tncs,students_drivers,drivers_change_zone,-0.6562686111111113,-0.7487223888888892,-1.261713975227272,-1.4394616558412838,0.09245377777777786,0.17774768061401192
flash_mob-boycott_tncs,flash_mob+boycott_tncs,students_drivers,drivers_demand_pressure,0.0,0.0,,,0.0,
flash_mob-boycott_tncs,flash_mob+boycott_tncs,students_drivers,drivers_idle,922.770444222223,1863.9917163888895,0.2800446361291973,0.565688774746079,-941.2212721666665,-0.28564413861688176
flash_mob-boycott_tncs,flash_mob+boycott_tncs,students_drivers,drivers_idle_duration_avg,-3.0627916111111517,-109.25136305555543,-0.025809319403158226,-0.9206317903255163,106.18857144444428,0.8948224709223581
flash_mob-boycott_tncs,flash_mob+boycott_tncs,students_drivers,drivers_occupied_distance_avg,106.14630838888843,-797.7655572222229,0.09546208310707455,-0.7174659493997217,903.9118656111114,0.8129280325067962
flash_mob-boycott_tncs,flash_mob+boycott_tncs,students_drivers,drivers_occupied_duration_avg,9.198326777777652,-100.00607822222219,0.07666135277097197,-0.8334778081984461,109.20440499999984,0.910139160969418
flash_mob-boycott_tncs,flash_mob+boycott_tncs,students_drivers,drivers_passengers_served,-0.6067227777777777,-0.6496863888888889,-0.7045588333506926,-0.7544504689208086,0.04296361111111113,0.049891635570116
flash_mob-boycott_tncs,flash_mob+boycott_tncs,students_drivers,drivers_pickup,-324.6632450000001,-239.0844361111113,-1.135695086704915,-0.8363343359024339,-85.57880888888877,-0.29936075080248103
flash_mob-boycott_tncs,flash_mob+boycott_tncs,students_drivers,drivers_pickup_accept,-0.4888798888888889,-0.4352863333333329,-1.3458978267326536,-1.1983535084072736,-0.053593555555556005,-0.14754431832537995
flash_mob-boycott_tncs,flash_mob+boycott_tncs,students_drivers,drivers_pickup_reject,-0.11594444444444443,-0.08921205555555559,-1.4218810252804586,-1.0940492201115433,-0.026732388888888847,-0.3278318051689153
flash_mob-boycott_tncs,flash_mob+boycott_tncs,students_drivers,drivers_reject,-0.623046,-0.6491941666666665,-1.3740926976714338,-1.4317609996493972,0.026148166666666528,0.057668301977963354
flash_mob-boycott_tncs,flash_mob+boycott_tncs,students_drivers,drivers_removed,-0.2541664444444446,-0.27061944444444463,-1.6725162746029194,-1.780783557194807,0.01645300000000005,0.10826728259188756
flash_mob-boycott_tncs,flash_mob+boycott_tncs,students_drivers,drivers_shift_duration_avg,-0.12986588888770711,-489.3903577777769,-0.0001389869493488849,-0.52376242484345,489.2604918888892,0.5236234378941012
flash_mob-boycott_tncs,flash_mob+boycott_tncs,students_drivers,drivers_starting,-0.004629444444444408,0.0013066111111112444,-0.02973826189798108,0.008393305911180766,-0.005936055555555653,-0.03813156780916185
flash_mob-boycott_tncs,flash_mob+boycott_tncs,students_drivers,drivers_total_length_avg,178.11288277778294,-2604.3157185555538,0.02979146840855157,-0.43560234523877944,2782.4286013333367,0.465393813647331
flash_mob-boycott_tncs,flash_mob+boycott_tncs,students_drivers,drivers_waiting,-1.425563777777778,-1.4205253888888896,-1.32624771745608,-1.3215603426309699,-0.005038388888888523,-0.004687374825110169
flash_mob-boycott_tncs,flash_mob+boycott_tncs,students_drivers,failed_requests,0.05475930657559033,0.020631067397481925,1.2670860858272417,0.4773862210805685,0.03412823917810841,0.7896998647466732
flash_mob-boycott_tncs,flash_mob+boycott_tncs,students_drivers,passengers_accept,-5.423259277777776,-6.0026663333333365,-1.5881086379749423,-1.757778075245228,0.5794070555555608,0.16966943727028583
flash_mob-boycott_tncs,flash_mob+boycott_tncs,students_drivers,passengers_acceptance_rate,-0.04649800000000015,0.06096555555555594,-0.39992949928771926,0.5243650072504417,-0.10746355555555609,-0.9242945065381609
flash_mob-boycott_tncs,flash_mob+boycott_tncs,students_drivers,passengers_arrivals,-0.6410276666666668,-0.7142216666666663,-0.8381971535884105,-0.9339044149906739,0.07319399999999954,0.09570726140226338
flash_mob-boycott_tncs,flash_mob+boycott_tncs,students_drivers,passengers_cancel,-0.015000500000000007,-0.0316675,-1.0117698637528667,-2.1359436125725075,0.016666999999999994,1.1241737488196408
flash_mob-boycott_tncs,flash_mob+boycott_tncs,students_drivers,passengers_change_provider,-1.853602222222222,-2.086343111111111,-1.625447817612828,-1.8295413201876,0.23274088888888889,0.2040935025747721
flash_mob-boycott_tncs,flash_mob+boycott_tncs,students_drivers,passengers_departures,-0.8989816666666663,-1.1715374999999997,-1.2167492617601143,-1.5856467835821162,0.27255583333333333,0.36889752182200186
flash_mob-boycott_tncs,flash_mob+boycott_tncs,students_drivers,passengers_drivers_ratio,-0.10724455555555551,-0.1154206666666666,-1.5333431208563126,-1.6502421434932675,0.008176111111111092,0.11689902263695484
flash_mob-boycott_tncs,flash_mob+boycott_tncs,students_drivers,passengers_new,-1.5235002222222223,-1.536944722222222,-1.661874439133518,-1.676540056224364,0.013444499999999637,0.014665617090845906
flash_mob-boycott_tncs,flash_mob+boycott_tncs,students_drivers,passengers_no_ratings_count,-0.14694461111111107,-0.17851894444444438,-0.79290225879461,-0.9632750273543473,0.031574333333333315,0.17037276855973738
flash_mob-boycott_tncs,flash_mob+boycott_tncs,students_drivers,passengers_offers_discarded,-42.10171305555555,-46.99938888888888,-1.572890045820859,-1.7558637304246703,4.897675833333331,0.18297368460381125
flash_mob-boycott_tncs,flash_mob+boycott_tncs,students_drivers,passengers_pickup_accept,-0.5352217222222222,-0.4915184444444447,-1.3453160390178054,-1.23546489114589,-0.043703277777777494,-0.1098511478719153
flash_mob-boycott_tncs,flash_mob+boycott_tncs,students_drivers,passengers_pickup_reject,-0.06991666666666668,-0.034130444444444394,-1.4148858565878175,-0.6906891507532862,-0.03578622222222229,-0.7241967058345313
flash_mob-boycott_tncs,flash_mob+boycott_tncs,students_drivers,passengers_rating_avg,-0.008282055555555168,-0.019464722222220843,-0.39297713272557677,-0.9235860200258483,0.011182666666665675,0.5306088873002716
flash_mob-boycott_tncs,flash_mob+boycott_tncs,students_drivers,passengers_ratings_count,-0.49814905555555544,-0.5381862222222225,-0.8596899837891059,-0.9287848676973822,0.04003716666666701,0.06909488390827634
flash_mob-boycott_tncs,flash_mob+boycott_tncs,students_drivers,passengers_reject,-2.7971108888888865,-3.1870264444444425,-1.5549025399203185,-1.771655007652698,0.389915555555556,0.21675246773237955
flash_mob-boycott_tncs,flash_mob+boycott_tncs,students_drivers,passengers_unassigned,-13.358917000000005,-13.643010277777782,-1.6614268490235338,-1.6967590693919288,0.28409327777777627,0.035332220368395006
flash_mob-boycott_tncs,flash_mob+boycott_tncs,students_drivers,rides_dispatched,-1.2476573333333334,-1.2898052222222227,-1.3795628562730224,-1.4261667277271242,0.04214788888888932,0.04660387145410172
flash_mob-boycott_tncs,flash_mob+boycott_tncs,students_drivers,rides_duration_avg,64.5384254999999,-73.15812372222229,0.27615414649026104,-0.31303706371546425,137.6965492222222,0.5891912102057253
flash_mob-boycott_tncs,flash_mob+boycott_tncs,students_drivers,rides_in_progress,-370.74639794444465,-867.3116942222223,-0.44877049925794527,-1.0498386611073298,496.56529627777763,0.6010681618493845
flash_mob-boycott_tncs,flash_mob+boycott_tncs,students_drivers,rides_length_avg,-585.657849277778,-441.5402063888887,-0.5062305237540715,-0.38165821599483374,-144.11764288888935,-0.12457230775923778
flash_mob-boycott_tncs,flash_mob+boycott_tncs,students_drivers,rides_not_served,-0.1431380555555556,-0.0749630555555556,-1.1470273945784695,-0.6007115156748593,-0.06817499999999999,-0.5463158789036102
flash_mob-boycott_tncs,flash_mob+boycott_tncs,students_drivers,rides_offers_generated,-47.67565783333331,-53.002537,-1.6144989375200998,-1.7948895424058555,5.326879166666686,0.18039060488575576
flash_mob-boycott_tncs,flash_mob+boycott_tncs,students_drivers,rides_offers_lyft,-19.523472055555548,-20.38972222222222,-1.7468580919223866,-1.8243656228044354,0.8662501666666707,0.07750753088204876
flash_mob-boycott_tncs,flash_mob+boycott_tncs,students_drivers,rides_offers_price_lyft_avg,2.378684777777778,1.7083997222222251,4.4435237486844255,3.1913916500665187,0.6702850555555528,1.2521320986179068
flash_mob-boycott_tncs,flash_mob+boycott_tncs,students_drivers,rides_offers_price_no_surge_avg,2.7368820000000014,2.0372430555555496,4.615696401404781,3.4357694048609426,0.6996389444444517,1.1799269965438386
flash_mob-boycott_tncs,flash_mob+boycott_tncs,students_drivers,rides_offers_price_uber_avg,2.974090222222223,2.2563066666666565,4.757153226945962,3.609035280810308,0.7177835555555667,1.1481179461356543
flash_mob-boycott_tncs,flash_mob+boycott_tncs,students_drivers,rides_offers_radius_avg,-1094.4675448333332,-928.5631803333333,-2.308525247663714,-1.9585884990101243,-165.90436449999993,-0.3499367486535896
flash_mob-boycott_tncs,flash_mob+boycott_tncs,students_drivers,rides_offers_surge_lyft_avg,0.0,0.0,,,0.0,
flash_mob-boycott_tncs,flash_mob+boycott_tncs,students_drivers,rides_offers_surge_uber_avg,0.0,0.0,,,0.0,
flash_mob-boycott_tncs,flash_mob+boycott_tncs,students_drivers,rides_offers_uber,-28.15097255555556,-32.61128744444446,-1.4972458946835019,-1.7344735124222956,4.460314888888899,0.23722761773879375
flash_mob-boycott_tncs,flash_mob+boycott_tncs,students_drivers,rides_partial_acceptances,-3.55351872222222,-4.0702688333333334,-1.6482361359166853,-1.8879214374309163,0.5167501111111132,0.23968530151423106
flash_mob-boycott_tncs,flash_mob+boycott_tncs,students_drivers,rides_waiting_duration_avg,-84.15954988888893,-125.53204466666682,-0.36495603748726113,-0.5443669513407068,41.37249477777789,0.17941091385344565
flash_mob-boycott_tncs,flash_mob+boycott_tncs,students_drivers,traffic_duration_avg,104.86762283333326,22.09328816666664,0.6909380392347182,0.14556535939014423,82.77433466666662,0.5453726798445739
flash_mob-boycott_tncs,flash_mob+boycott_tncs,students_drivers,traffic_length_avg,59.20246427777829,56.60501422222296,0.7425766094752148,0.7099967890392695,2.5974500555553277,0.032579820435945206
flash_mob-boycott_tncs,flash_mob+boycott_tncs,students_drivers,traffic_speed_avg,-0.7097599999999993,-0.7075807222222226,-0.7290437241241267,-0.7268052367664124,-0.0021792777777767114,-0.0022384873577142583
flash_mob-boycott_tncs,flash_mob+boycott_tncs,managers_drivers,drivers_accept,-1.2459257777777772,-1.3540453333333327,-1.377648236237378,-1.497198467615966,0.10811955555555541,0.11955023137858789
flash_mob-boycott_tncs,flash_mob+boycott_tncs,managers_drivers,drivers_acceptance_rate,-0.08224994444444444,-0.09934288888888876,-0.40670670059925257,-0.491227305269349,0.017092944444444313,0.08452060467009642
flash_mob-boycott_tncs,flash_mob+boycott_tncs,managers_drivers,drivers_busy,-152.43424233333326,-987.0978769444446,-0.15675077378188967,-1.0150498578341232,834.6636346111113,0.8582990840522335
flash_mob-boycott_tncs,flash_mob+boycott_tncs,managers_drivers,drivers_change_provider,-0.3804628333333332,-0.3666214999999997,-1.4125538911631923,-1.3611648261983174,-0.013841333333333483,-0.05138906496487494
flash_mob-boycott_tncs,flash_mob+boycott_tncs,managers_drivers,drivers_change_zone,-0.5699254444444446,-0.510666777777778,-1.095714294297436,-0.9817861151634671,-0.05925866666666657,-0.11392817913396891
flash_mob-boycott_tncs,flash_mob+boycott_tncs,managers_drivers,drivers_demand_pressure,0.0,0.0,,,0.0,
flash_mob-boycott_tncs,flash_mob+boycott_tncs,managers_drivers,drivers_idle,601.270884222221,1184.5312681111109,0.18247516166278774,0.3594844525405573,-583.2603838888899,-0.17700929087776954
flash_mob-boycott_tncs,flash_mob+boycott_tncs,managers_drivers,drivers_idle_duration_avg,-161.28408966666677,-110.34851922222254,-1.3590975532757363,-0.9298772296292968,-50.93557044444424,-0.4292203236464396
flash_mob-boycott_tncs,flash_mob+boycott_tncs,managers_drivers,drivers_occupied_distance_avg,-1302.3063789999997,-505.5176871111116,-1.1712218886359822,-0.45463447755804154,-796.788691888888,-0.7165874110779407
flash_mob-boycott_tncs,flash_mob+boycott_tncs,managers_drivers,drivers_occupied_duration_avg,-141.04019511111107,-58.25737055555567,-1.1754672793775107,-0.4855327434613832,-82.78282455555541,-0.6899345359161275
flash_mob-boycott_tncs,flash_mob+boycott_tncs,managers_drivers,drivers_passengers_served,-0.7627409444444444,-0.8604083888888889,-0.8857354456591926,-0.99915208870358,0.09766744444444453,0.11341664304438737
flash_mob-boycott_tncs,flash_mob+boycott_tncs,managers_drivers,drivers_pickup,-284.6996958333334,-250.58181227777794,-0.9958997537411431,-0.8765529742102027,-34.117883555555466,-0.11934677953094042
flash_mob-boycott_tncs,flash_mob+boycott_tncs,managers_drivers,drivers_pickup_accept,-0.4753602777777777,-0.44568488888888846,-1.3086780195238306,-1.2269809763016664,-0.02967538888888921,-0.0816970432221642
flash_mob-boycott_tncs,flash_mob+boycott_tncs,managers_drivers,drivers_pickup_reject,-0.1000184444444445,-0.08108094444444452,-1.2265730282727454,-0.9943335963165999,-0.018937499999999968,-0.2322394319561455
flash_mob-boycott_tncs,flash_mob+boycott_tncs,managers_drivers,drivers_reject,-0.6084359444444444,-0.6020199999999999,-1.3418710468599964,-1.3277210444367773,-0.006415944444444488,-0.014150002423219066
flash_mob-boycott_tncs,flash_mob+boycott_tncs,managers_drivers,drivers_removed,-0.2632589999999999,-0.28046283333333333,-1.73234890584438,-1.8455569703410513,0.017203833333333418,0.11320806449667131
flash_mob-boycott_tncs,flash_mob+boycott_tncs,managers_drivers,drivers_shift_duration_avg,-827.8299176111118,-412.43844605555614,-0.8859721040986115,-0.44140583722496035,-415.39147155555565,-0.44456626687365114
flash_mob-boycott_tncs,flash_mob+boycott_tncs,managers_drivers,drivers_starting,0.0007039444444444376,-0.016128611111111024,0.004521943075834839,-0.10360570626319932,0.016832555555555462,0.10812764933903415
flash_mob-boycott_tncs,flash_mob+boycott_tncs,managers_drivers,drivers_total_length_avg,-5189.820982166664,-2096.573130944442,-0.8680584212942848,-0.35067644306602846,-3093.2478512222224,-0.5173819782282563
flash_mob-boycott_tncs,flash_mob+boycott_tncs,managers_drivers,drivers_waiting,-1.4476669444444443,-1.5572596666666676,-1.3468110025206834,-1.4487686279617522,0.10959272222222327,0.10195762544106879
flash_mob-boycott_tncs,flash_mob+boycott_tncs,managers_drivers,failed_requests,0.08607780056758174,0.02768220682679126,1.9917707184117912,0.64054388721669,0.05839559374079048,1.3512268311951012
flash_mob-boycott_tncs,flash_mob+boycott_tncs,managers_drivers,passengers_accept,-5.007574055555557,-5.162971666666668,-1.4663823368197184,-1.5118878669605067,0.15539761111111172,0.045505530140788286
flash_mob-boycott_tncs,flash_mob+boycott_tncs,managers_drivers,passengers_acceptance_rate,-0.024427777777777493,-0.03178350000000041,-0.21010342241339833,-0.273370021089323,0.007355722222222916,0.06326659867592468
flash_mob-boycott_tncs,flash_mob+boycott_tncs,managers_drivers,passengers_arrivals,-0.6357501666666667,-0.8683798888888892,-0.8312963820490705,-1.1354791516020164,0.23262972222222245,0.3041827695529459
flash_mob-boycott_tncs,flash_mob+boycott_tncs,managers_drivers,passengers_cancel,-0.0006109999999999866,-0.010026666666666656,-0.04121138540401903,-0.6762894015018655,0.00941566666666667,0.6350780160978464
flash_mob-boycott_tncs,flash_mob+boycott_tncs,managers_drivers,passengers_change_provider,-1.824064833333333,-1.8226580555555558,-1.5995460983918257,-1.5983124767219008,-0.0014067777777770907,-0.0012336216699249114
flash_mob-boycott_tncs,flash_mob+boycott_tncs,managers_drivers,passengers_departures,-0.8928796666666667,-1.2317962222222223,-1.2084903569675514,-1.667205461024738,0.33891655555555555,0.45871510405718663
flash_mob-boycott_tncs,flash_mob+boycott_tncs,managers_drivers,passengers_drivers_ratio,-0.09496555555555554,-0.09043277777777776,-1.3577825053690187,-1.292974519658961,-0.0045327777777777745,-0.06480798571005764
flash_mob-boycott_tncs,flash_mob+boycott_tncs,managers_drivers,passengers_new,-1.5219168333333333,-1.532593055555556,-1.6601472365487921,-1.6717931428367094,0.010676222222222753,0.011645906287917285
flash_mob-boycott_tncs,flash_mob+boycott_tncs,managers_drivers,passengers_no_ratings_count,-0.15005611111111117,-0.1941956111111114,-0.809691682779502,-1.0478651618028405,0.04413950000000022,0.23817347902333852
flash_mob-boycott_tncs,flash_mob+boycott_tncs,managers_drivers,passengers_offers_discarded,-39.46254672222222,-40.546121888888884,-1.474292669284472,-1.514774266584318,1.0835751666666624,0.04048159729984602
flash_mob-boycott_tncs,flash_mob+boycott_tncs,managers_drivers,passengers_pickup_accept,-0.48074922222222216,-0.4432681666666668,-1.208395721899266,-1.1141845508936352,-0.037481055555555365,-0.09421117100563081
flash_mob-boycott_tncs,flash_mob+boycott_tncs,managers_drivers,passengers_pickup_reject,-0.0948605555555556,-0.0834902222222223,-1.9196690117323265,-1.6895704589119835,-0.011370333333333302,-0.23009855282034297
flash_mob-boycott_tncs,flash_mob+boycott_tncs,managers_drivers,passengers_rating_avg,0.005413611111110939,-0.010961777777777293,0.2568716616140947,-0.5201278803058098,0.01637538888888823,0.7769995419199045
flash_mob-boycott_tncs,flash_mob+boycott_tncs,managers_drivers,passengers_ratings_count,-0.49008244444444404,-0.6757389444444444,-0.8457688798584552,-1.1661690325744778,0.18565650000000034,0.3204001527160226
flash_mob-boycott_tncs,flash_mob+boycott_tncs,managers_drivers,passengers_reject,-3.218898277777779,-3.1017306111111123,-1.7893724298681641,-1.7242394016352693,-0.11716766666666656,-0.0651330282328948
flash_mob-boycott_tncs,flash_mob+boycott_tncs,managers_drivers,passengers_unassigned,-12.363602444444451,-11.619676944444443,-1.5376411914119232,-1.4451203830729487,-0.7439255000000085,-0.09252080833897458
flash_mob-boycott_tncs,flash_mob+boycott_tncs,managers_drivers,rides_dispatched,-1.2459257777777772,-1.3540453333333327,-1.377648236237378,-1.497198467615966,0.10811955555555541,0.11955023137858789
flash_mob-boycott_tncs,flash_mob+boycott_tncs,managers_drivers,rides_duration_avg,128.34635094444434,-92.59000294444479,0.5491825486229531,-0.3961843357435788,220.93635388888913,0.9453668843665319
flash_mob-boycott_tncs,flash_mob+boycott_tncs,managers_drivers,rides_in_progress,-299.8013242777779,-790.602175722222,-0.3628949349751802,-0.9569855164619698,490.8008514444441,0.5940905814867896
flash_mob-boycott_tncs,flash_mob+boycott_tncs,managers_drivers,rides_length_avg,-602.8102373888896,-698.3563238333345,-0.521056693040164,-0.6036447526778348,95.54608644444488,0.0825880596376708
flash_mob-boycott_tncs,flash_mob+boycott_tncs,managers_drivers,rides_not_served,-0.13687983333333348,-0.12955477777777802,-1.0968775423788746,-1.0381786914239637,-0.00732505555555546,-0.0586988509549109
flash_mob-boycott_tncs,flash_mob+boycott_tncs,managers_drivers,rides_offers_generated,-44.67837016666666,-45.70616661111111,-1.5129981303326623,-1.5478036546390792,1.0277964444444478,0.034805524306416924
flash_mob-boycott_tncs,flash_mob+boycott_tncs,managers_drivers,rides_offers_lyft,-16.95457427777778,-17.222102222222215,-1.5170065646088533,-1.5409435648124181,0.26752794444443495,0.023937000203564818
flash_mob-boycott_tncs,flash_mob+boycott_tncs,managers_drivers,rides_offers_price_lyft_avg,2.444960333333338,2.0886817777777793,4.567330403445764,3.901781005077348,0.35627855555555854,0.665549398368416
flash_mob-boycott_tncs,flash_mob+boycott_tncs,managers_drivers,rides_offers_price_no_surge_avg,2.7997777222222204,2.2932857222222225,4.721768770883937,3.867580208227491,0.5064919999999979,0.854188562656446
flash_mob-boycott_tncs,flash_mob+boycott_tncs,managers_drivers,rides_offers_price_uber_avg,3.0079958333333394,2.4430750000000074,4.811386345397999,3.907777253387117,0.564920833333332,0.9036090920108819
flash_mob-boycott_tncs,flash_mob+boycott_tncs,managers_drivers,rides_offers_radius_avg,-1063.536029166667,-959.3959287222224,-2.2432823949157332,-2.023623025110624,-104.14010044444467,-0.21965936980510925
flash_mob-boycott_tncs,flash_mob+boycott_tncs,managers_drivers,rides_offers_surge_lyft_avg,0.0,0.0,,,0.0,
flash_mob-boycott_tncs,flash_mob+boycott_tncs,managers_drivers,rides_offers_surge_uber_avg,0.0,0.0,,,0.0,
flash_mob-boycott_tncs,flash_mob+boycott_tncs,managers_drivers,rides_offers_uber,-27.722860555555563,-28.483582888888904,-1.4744762041088777,-1.5149362055645865,0.7607223333333408,0.04046000145570883
flash_mob-boycott_tncs,flash_mob+boycott_tncs,managers_drivers,rides_partial_acceptances,-3.1520464444444456,-3.2064724444444463,-1.4620203966653391,-1.4872649238356657,0.05442600000000075,0.025244527170326547
flash_mob-boycott_tncs,flash_mob+boycott_tncs,managers_drivers,rides_waiting_duration_avg,-92.4291014444442,-171.33808238888867,-0.4008167659666385,-0.7430038266824219,78.90898094444447,0.3421870607157834
flash_mob-boycott_tncs,flash_mob+boycott_tncs,managers_drivers,traffic_duration_avg,121.4796976111113,-1.0282912222216964,0.8003894987459192,-0.006775070337708522,122.507988833333,0.8071645690836278
flash_mob-boycott_tncs,flash_mob+boycott_tncs,managers_drivers,traffic_length_avg,10.896907555556481,-61.54399783333338,0.13667992988270328,-0.771946468819215,72.44090538888986,0.9086263987019183
flash_mob-boycott_tncs,flash_mob+boycott_tncs,managers_drivers,traffic_speed_avg,-0.6998835000000003,-0.7684233333333328,-0.7188988859516301,-0.7893009026110356,0.06853983333333247,0.07040201665940549
flash_mob-long_rides,flash_mob+long_rides,baseline,drivers_accept,-0.10603266666666666,-0.20781869444444512,-0.11724271126119454,-0.2297898181135546,0.10178602777777845,0.11254710685236005
flash_mob-long_rides,flash_mob+long_rides,baseline,drivers_acceptance_rate,-0.24169827777777741,-0.35834713888888836,-1.1951413433709763,-1.7719426257500168,0.11664886111111095,0.5768012823790405
flash_mob-long_rides,flash_mob+long_rides,baseline,drivers_busy,617.032579222222,-217.30636536111115,0.6345052972429694,-0.2234599024253198,834.3389445833332,0.8579651996682892
flash_mob-long_rides,flash_mob+long_rides,baseline,drivers_change_provider,0.056727305555555496,0.0012910277777773427,0.21061288824366986,0.00479323116826344,0.05543627777777815,0.20581965707540642
flash_mob-long_rides,flash_mob+long_rides,baseline,drivers_change_zone,0.05401402777777764,-0.05006872222222247,0.10384506062258973,-0.09625998482937467,0.10408275000000011,0.2001050454519644
flash_mob-long_rides,flash_mob+long_rides,baseline,drivers_demand_pressure,0.0,0.0,,,0.0,
flash_mob-long_rides,flash_mob+long_rides,baseline,drivers_idle,-1239.698347583335,-503.45605888888986,-0.3762266930336749,-0.15279007872582598,-736.242288694445,-0.22343661430784892
flash_mob-long_rides,flash_mob+long_rides,baseline,drivers_idle_duration_avg,-133.95277425000018,-112.34245091666696,-1.1287839247748086,-0.9466795546008371,-21.610323333333213,-0.18210437017397152
flash_mob-long_rides,flash_mob+long_rides,baseline,drivers_occupied_distance_avg,-638.8170366111117,-419.14156313889,-0.5745164948719858,-0.37695259817610755,-219.6754734722217,-0.1975638966958782
flash_mob-long_rides,flash_mob+long_rides,baseline,drivers_occupied_duration_avg,-62.61252072222226,-64.91155933333334,-0.5218297474017074,-0.5409905593904998,2.2990386111110865,0.01916081198879238
flash_mob-long_rides,flash_mob+long_rides,baseline,drivers_passengers_served,0.09767119444444461,0.03360630555555577,0.11342099774429636,0.03902543353024006,0.06406488888888884,0.0743955642140563
flash_mob-long_rides,flash_mob+long_rides,baseline,drivers_pickup,338.0672779722224,454.91007272222225,1.1825833459181918,1.5913077394492352,-116.84279474999983,-0.4087243935310434
flash_mob-long_rides,flash_mob+long_rides,baseline,drivers_pickup_accept,0.3766524166666666,0.516961833333334,1.0369329574538568,1.423208079940463,-0.1403094166666674,-0.3862751224866061
flash_mob-long_rides,flash_mob+long_rides,baseline,drivers_pickup_reject,0.12268036111111108,0.14769463888888887,1.5044867261581139,1.8112485300870567,-0.025014277777777788,-0.3067618039289428
flash_mob-long_rides,flash_mob+long_rides,baseline,drivers_reject,0.1068055555555556,0.13594888888888912,0.2355536091390196,0.2998275817175099,-0.02914333333333352,-0.0642739725784903
flash_mob-long_rides,flash_mob+long_rides,baseline,drivers_removed,0.03912566666666667,0.0269929444444445,0.25746244512222544,0.17762430828139425,0.01213272222222217,0.07983813684083119
flash_mob-long_rides,flash_mob+long_rides,baseline,drivers_shift_duration_avg,-445.789195111111,-307.86483297222367,-0.4770989581009026,-0.3294875529909302,-137.92436213888732,-0.1476114051099724
flash_mob-long_rides,flash_mob+long_rides,baseline,drivers_starting,0.004195027777777693,0.019532138888888828,0.026947690208177996,0.12546902088922823,-0.015337111111111135,-0.09852133068105023
flash_mob-long_rides,flash_mob+long_rides,baseline,drivers_total_length_avg,-2455.76829372222,-1621.5343620277745,-0.41075604639123786,-0.271220638093883,-834.2339316944453,-0.13953540829735483
flash_mob-long_rides,flash_mob+long_rides,baseline,drivers_waiting,-0.0539167222222221,-0.059088416666667865,-0.0501604564415934,-0.05497184970175217,0.005171694444445762,0.004811393260158774
flash_mob-long_rides,flash_mob+long_rides,baseline,failed_requests,0.09917908536923573,0.07666333098374598,2.294923857426074,1.7739275030552335,0.02251575438548975,0.5209963543708405
flash_mob-long_rides,flash_mob+long_rides,baseline,passengers_accept,0.28629191666666465,-0.14818375000000295,0.08383568672509313,-0.04339307440948189,0.4344756666666676,0.127228761134575
flash_mob-long_rides,flash_mob+long_rides,baseline,passengers_acceptance_rate,-0.23706058333333369,-0.3406981666666664,-2.038959103474439,-2.9303464063667977,0.10363758333333273,0.8913873028923587
flash_mob-long_rides,flash_mob+long_rides,baseline,passengers_arrivals,-0.5977315833333332,-0.9189856666666669,-0.7815839125402704,-1.2016504279667823,0.3212540833333337,0.42006651542651197
flash_mob-long_rides,flash_mob+long_rides,baseline,passengers_cancel,0.01274974999999999,-0.0391666666666667,0.8599588560636712,-2.6417554746166663,0.05191641666666669,3.5017143306803376
flash_mob-long_rides,flash_mob+long_rides,baseline,passengers_change_provider,0.3789861388888882,0.3955284166666657,0.33233785813221944,0.3468439959593514,-0.016542277777777503,-0.014506137827131949
flash_mob-long_rides,flash_mob+long_rides,baseline,passengers_departures,-0.4198104166666665,-0.8336527222222219,-0.5682029272658946,-1.1283281650106307,0.41384230555555535,0.5601252377447361
flash_mob-long_rides,flash_mob+long_rides,baseline,passengers_drivers_ratio,0.07646761111111114,0.042876805555555564,1.0933057147576954,0.6130367597900789,0.033590805555555575,0.48026895496761657
flash_mob-long_rides,flash_mob+long_rides,baseline,passengers_new,-0.0009399999999999409,-0.0019957222222224402,-0.0010253769247941383,-0.0021769867180488284,0.0010557222222224993,0.00115160979325469
flash_mob-long_rides,flash_mob+long_rides,baseline,passengers_no_ratings_count,-0.12977761111111108,-0.20096244444444433,-0.7002703958511324,-1.0843784942368508,0.07118483333333325,0.38410809838571847
flash_mob-long_rides,flash_mob+long_rides,baseline,passengers_offers_discarded,2.9252314722222224,-0.23301511111111495,0.10928456659967413,-0.008705278768797071,3.1582465833333373,0.11798984536847121
flash_mob-long_rides,flash_mob+long_rides,baseline,passengers_pickup_accept,0.40786530555555567,0.5267043055555558,1.0251970623400175,1.323906935506296,-0.11883900000000014,-0.2987098731662785
flash_mob-long_rides,flash_mob+long_rides,baseline,passengers_pickup_reject,0.0915279722222222,0.13739733333333332,1.852228367762357,2.780474998801647,-0.04586936111111112,-0.9282466310392901
flash_mob-long_rides,flash_mob+long_rides,baseline,passengers_rating_avg,0.008667416666667371,0.0098615000000013,0.41126221950059116,0.46792055044528275,-0.0011940833333339285,-0.05665833094469158
flash_mob-long_rides,flash_mob+long_rides,baseline,passengers_ratings_count,-0.4692960833333335,-0.7193429166666665,-0.8098964311458585,-1.2414193974096714,0.250046833333333,0.4315229662638129
flash_mob-long_rides,flash_mob+long_rides,baseline,passengers_reject,0.7828563888888889,0.7956703888888885,0.4351866750480256,0.4423099254081331,-0.012813999999999659,-0.007123250360107469
flash_mob-long_rides,flash_mob+long_rides,baseline,passengers_unassigned,5.462018499999999,4.334819805555547,0.6793023854975103,0.5391145113506549,1.127198694444452,0.1401878741468554
flash_mob-long_rides,flash_mob+long_rides,baseline,rides_dispatched,-0.10603266666666666,-0.20781869444444512,-0.11724271126119454,-0.2297898181135546,0.10178602777777845,0.11254710685236005
flash_mob-long_rides,flash_mob+long_rides,baseline,rides_duration_avg,378.66796275,181.87821863888905,1.6202863216183105,0.7782406193561627,196.78974411111096,0.8420457022621478
flash_mob-long_rides,flash_mob+long_rides,baseline,rides_in_progress,885.2833884722227,455.8199294722217,1.0715925237093675,0.5517478752460405,429.46345900000097,0.519844648463327
flash_mob-long_rides,flash_mob+long_rides,baseline,rides_length_avg,1246.8618200555547,1207.8696589444426,1.0777615513803178,1.0440575343233907,38.99216111111218,0.03370401705692716
flash_mob-long_rides,flash_mob+long_rides,baseline,rides_not_served,0.2381255277777779,0.23592627777777792,1.9082032562860698,1.890579711046924,0.002199249999999986,0.017623545239145777
flash_mob-long_rides,flash_mob+long_rides,baseline,rides_offers_generated,3.475990777777781,0.031286555555553264,0.11771171437572009,0.0010594947820056697,3.444704222222228,0.11665221959371441
flash_mob-long_rides,flash_mob+long_rides,baseline,rides_offers_lyft,1.0886990555555585,0.13271341666666814,0.09741109314233455,0.011874501889374087,0.9559856388888903,0.08553659125296047
flash_mob-long_rides,flash_mob+long_rides,baseline,rides_offers_price_lyft_avg,7.920445694444453,9.397093111111111,14.795860667300742,17.55432531368475,-1.4766474166666583,-2.7584646463840077
flash_mob-long_rides,flash_mob+long_rides,baseline,rides_offers_price_no_surge_avg,8.002762888888892,9.82065288888889,13.496498521872763,16.56233341396885,-1.8178899999999985,-3.0658348920960883
flash_mob-long_rides,flash_mob+long_rides,baseline,rides_offers_price_uber_avg,8.057299749999999,10.080808083333338,12.887910803709099,16.124577642442777,-2.0235083333333392,-3.2366668387336777
flash_mob-long_rides,flash_mob+long_rides,baseline,rides_offers_radius_avg,702.9947658888889,889.5549938611107,1.4828042856922503,1.8763097838834795,-186.5602279722218,-0.39350549819122915
flash_mob-long_rides,flash_mob+long_rides,baseline,rides_offers_surge_lyft_avg,0.0,0.0,,,0.0,
flash_mob-long_rides,flash_mob+long_rides,baseline,rides_offers_surge_uber_avg,0.0,0.0,,,0.0,
flash_mob-long_rides,flash_mob+long_rides,baseline,rides_offers_uber,2.387703555555561,-0.09969949999999983,0.12699310260850105,-0.005302646890170709,2.4874030555555606,0.13229574949867176
flash_mob-long_rides,flash_mob+long_rides,baseline,rides_partial_acceptances,0.2853983888888889,-0.08115719444444291,0.13237694084946286,-0.037643313861393114,0.3665555833333318,0.17002025471085597
flash_mob-long_rides,flash_mob+long_rides,baseline,rides_waiting_duration_avg,20.102265361111108,-107.69778741666653,0.08717303170459471,-0.4670290869381327,127.80005277777764,0.5542021186427274
flash_mob-long_rides,flash_mob+long_rides,baseline,traffic_duration_avg,222.4841485833332,159.5214706388888,1.4658743779029533,1.05103414343858,62.96267794444441,0.41484023446437335
flash_mob-long_rides,flash_mob+long_rides,baseline,traffic_length_avg,111.14386386111119,26.92276788888921,1.3940776722184112,0.33769232312384734,84.22109597222197,1.0563853490945638
flash_mob-long_rides,flash_mob+long_rides,baseline,traffic_speed_avg,-0.9952084444444438,-1.5088513611111107,-1.0222476197835282,-1.5498458851642847,0.513642916666667,0.5275982653807565
flash_mob-long_rides,flash_mob+long_rides,bank_tellers,drivers_accept,-0.09874516666666677,-0.13717136111111072,-0.10918475813056239,-0.15167346808896948,0.03842619444444395,0.04248870995840709
flash_mob-long_rides,flash_mob+long_rides,bank_tellers,drivers_acceptance_rate,-0.2153538611111112,-0.13976677777777735,-1.064874376577475,-0.6911139627794397,-0.07558708333333386,-0.3737604137980354
flash_mob-long_rides,flash_mob+long_rides,bank_tellers,drivers_busy,842.1641766944449,266.72982463888957,0.8660120214956145,0.27428290233782293,575.4343520555553,0.5917291191577916
flash_mob-long_rides,flash_mob+long_rides,bank_tellers,drivers_change_provider,0.0371851666666666,-0.0053701111111109645,0.13805829969870495,-0.01993774603295502,0.04255527777777757,0.15799604573165998
flash_mob-long_rides,flash_mob+long_rides,bank_tellers,drivers_change_zone,0.07112963888888912,-0.02125852777777726,0.13675080282604907,-0.04087073667071596,0.09238816666666638,0.177621539496765
flash_mob-long_rides,flash_mob+long_rides,bank_tellers,drivers_demand_pressure,0.0,0.0,,,0.0,
flash_mob-long_rides,flash_mob+long_rides,bank_tellers,drivers_idle,-1358.5685587499993,-601.4412276111125,-0.41230171607023053,-0.1825268578919613,-757.1273311388868,-0.22977485817826923
flash_mob-long_rides,flash_mob+long_rides,bank_tellers,drivers_idle_duration_avg,90.09389511111124,27.18280525,0.7591969714040467,0.22906217335386192,62.911089861111236,0.5301347980501848
flash_mob-long_rides,flash_mob+long_rides,bank_tellers,drivers_occupied_distance_avg,-185.57861152777787,-347.08161244444545,-0.1668990764300075,-0.3121458883969772,161.5030009166676,0.1452468119669697
flash_mob-long_rides,flash_mob+long_rides,bank_tellers,drivers_occupied_duration_avg,2.115710083333397,-26.40761402777781,0.01763290226341685,-0.22008822514481874,28.523324111111208,0.2377211274082356
flash_mob-long_rides,flash_mob+long_rides,bank_tellers,drivers_passengers_served,0.2537408611111105,0.1951023055555554,0.29465741459820977,0.2265631979233189,0.05863855555555508,0.06809421667489088
flash_mob-long_rides,flash_mob+long_rides,bank_tellers,drivers_pickup,324.0196482222224,422.71276611111125,1.1334437394717496,1.478679274458163,-98.69311788888888,-0.34523553498641335
flash_mob-long_rides,flash_mob+long_rides,bank_tellers,drivers_pickup_accept,0.39879588888888895,0.6171150555555553,1.0978944570318798,1.69893225512697,-0.2183191666666664,-0.6010377980950903
flash_mob-long_rides,flash_mob+long_rides,bank_tellers,drivers_pickup_reject,0.11583780555555553,0.1255413055555555,1.420573262641251,1.539571827815453,-0.009703499999999976,-0.11899856517420204
flash_mob-long_rides,flash_mob+long_rides,bank_tellers,drivers_reject,0.08774044444444429,0.02168027777777759,0.19350658539105786,0.047814625850952336,0.0660601666666667,0.14569195954010553
flash_mob-long_rides,flash_mob+long_rides,bank_tellers,drivers_removed,0.05818961111111104,0.039962277777777944,0.38291078040957083,0.2629676789146157,0.018227333333333096,0.11994310149495513
flash_mob-long_rides,flash_mob+long_rides,bank_tellers,drivers_shift_duration_avg,-109.39726119444458,-349.27222102777705,-0.11708071866109909,-0.3738031665491734,239.87495983333247,0.2567224478880743
flash_mob-long_rides,flash_mob+long_rides,bank_tellers,drivers_starting,-0.007315111111111106,-0.005588444444444451,-0.04699023665703818,-0.035898610834534266,-0.0017266666666666541,-0.011091625822503913
flash_mob-long_rides,flash_mob+long_rides,bank_tellers,drivers_total_length_avg,-1653.882352694447,-3056.262040305559,-0.2766312188839802,-0.5111956676127399,1402.3796876111119,0.23456444872875976
flash_mob-long_rides,flash_mob+long_rides,bank_tellers,drivers_waiting,-0.05947705555555549,-0.12333436111111018,-0.05533341292841142,-0.11474191295916328,0.06385730555555469,0.059408500030751855
flash_mob-long_rides,flash_mob+long_rides,bank_tellers,failed_requests,0.12610732719095777,0.1298047568565918,2.918021603943281,3.0035771373425684,-0.003697429665634022,-0.08555553339928723
flash_mob-long_rides,flash_mob+long_rides,bank_tellers,passengers_accept,0.39191225000000074,-0.06207355555555871,0.1147647932127319,-0.0181771780987012,0.45398580555555945,0.1329419713114331
flash_mob-long_rides,flash_mob+long_rides,bank_tellers,passengers_acceptance_rate,-0.17416566666666689,-0.1802726388888889,-1.4979996529552166,-1.550525747475352,0.006106972222222007,0.05252609452013535
flash_mob-long_rides,flash_mob+long_rides,bank_tellers,passengers_arrivals,-0.5911989444444445,-0.9137915277777771,-0.7730419421904403,-1.194858658034839,0.3225925833333325,0.4218167158443987
flash_mob-long_rides,flash_mob+long_rides,bank_tellers,passengers_cancel,0.03936133333333335,0.015014416666666655,2.654885561401143,1.0127085300598038,0.024346916666666697,1.6421770313413393
flash_mob-long_rides,flash_mob+long_rides,bank_tellers,passengers_change_provider,0.6987500555555561,0.5029305277777767,0.6127429818777246,0.44102629948684274,0.19581952777777945,0.17171668239088184
flash_mob-long_rides,flash_mob+long_rides,bank_tellers,passengers_departures,-0.4502916388888889,-0.7484535833333337,-0.6094585012243199,-1.0130132557199496,0.29816194444444477,0.4035547544956297
flash_mob-long_rides,flash_mob+long_rides,bank_tellers,passengers_drivers_ratio,0.08121177777777774,0.048799388888888934,1.1611360608749928,0.6977156729975711,0.03241238888888881,0.4634203878774217
flash_mob-long_rides,flash_mob+long_rides,bank_tellers,passengers_new,-0.002958250000000273,0.00034261111111089093,-0.0032269375401837563,0.0003737292845863937,-0.003300861111111164,-0.00360066682477015
flash_mob-long_rides,flash_mob+long_rides,bank_tellers,passengers_no_ratings_count,-0.15768980555555556,-0.1555280277777779,-0.8508825336870665,-0.8392177406058434,-0.0021617777777776515,-0.011664793081223035
flash_mob-long_rides,flash_mob+long_rides,bank_tellers,passengers_offers_discarded,5.0113475833333325,1.2331484166666655,0.1872203803102331,0.04606954750357384,3.778199166666667,0.14115083280665927
flash_mob-long_rides,flash_mob+long_rides,bank_tellers,passengers_pickup_accept,0.3789165000000001,0.5852905833333333,0.9524322794336042,1.471167511615858,-0.20637408333333318,-0.5187352321822538
flash_mob-long_rides,flash_mob+long_rides,bank_tellers,passengers_pickup_reject,0.1355883888888889,0.15701047222222236,2.743867848721111,3.1773811177601443,-0.021422083333333453,-0.4335132690390333
flash_mob-long_rides,flash_mob+long_rides,bank_tellers,passengers_rating_avg,0.008611861111111452,0.0018030833333329,0.408626151343007,0.08555491008789073,0.006808777777778552,0.32307124125511627
flash_mob-long_rides,flash_mob+long_rides,bank_tellers,passengers_ratings_count,-0.4330420555555554,-0.7546541388888885,-0.7473303694320429,-1.3023583949270723,0.32161208333333313,0.5550280254950294
flash_mob-long_rides,flash_mob+long_rides,bank_tellers,passengers_reject,1.6915693333333328,1.2594114999999997,0.9403364962395679,0.7001017185031053,0.43215783333333313,0.24023477773646262
flash_mob-long_rides,flash_mob+long_rides,bank_tellers,passengers_unassigned,6.063606361111116,5.016898388888887,0.7541208924540734,0.6239435189336757,1.0467079722222294,0.1301773735203977
flash_mob-long_rides,flash_mob+long_rides,bank_tellers,rides_dispatched,-0.09874516666666677,-0.13717136111111072,-0.10918475813056239,-0.15167346808896948,0.03842619444444395,0.04248870995840709
flash_mob-long_rides,flash_mob+long_rides,bank_tellers,rides_duration_avg,367.2945633333334,206.5345896111112,1.5716205634398372,0.8837430239876681,160.75997372222218,0.6878775394521691
flash_mob-long_rides,flash_mob+long_rides,bank_tellers,rides_in_progress,750.6801342777776,422.27916233333326,0.9086618252009038,0.511148406450476,328.40097194444434,0.3975134187504278
flash_mob-long_rides,flash_mob+long_rides,bank_tellers,rides_length_avg,1180.86259388889,1289.0238469166661,1.020713186245426,1.114205534785909,-108.16125302777618,-0.09349234854048305
flash_mob-long_rides,flash_mob+long_rides,bank_tellers,rides_not_served,0.2787638055555556,0.32573997222222223,2.2338554226417084,2.6102958447909197,-0.04697616666666665,-0.37644042214921125
flash_mob-long_rides,flash_mob+long_rides,bank_tellers,rides_offers_generated,5.709004944444445,1.5018339166666834,0.1933309960677289,0.05085843327566485,4.207171027777761,0.14247256279206405
flash_mob-long_rides,flash_mob+long_rides,bank_tellers,rides_offers_lyft,2.5140461666666596,1.2752128055555545,0.2249436922495774,0.11409936726259123,1.238833361111105,0.11084432498698615
flash_mob-long_rides,flash_mob+long_rides,bank_tellers,rides_offers_price_lyft_avg,8.320217888888887,8.898531333333334,15.542658753652093,16.622982447055936,-0.5783134444444471,-1.0803236934038427
flash_mob-long_rides,flash_mob+long_rides,bank_tellers,rides_offers_price_no_surge_avg,8.368788055555555,8.99260672222222,14.113792597615488,15.165850221898323,-0.623818666666665,-1.0520576242828348
flash_mob-long_rides,flash_mob+long_rides,bank_tellers,rides_offers_price_uber_avg,8.389396694444443,9.030646749999988,13.419110576708029,14.444810721334445,-0.6412500555555454,-1.0257001446264162
flash_mob-long_rides,flash_mob+long_rides,bank_tellers,rides_offers_radius_avg,700.2049676388888,981.0912096944444,1.4769198538272617,2.0693841846040826,-280.8862420555556,-0.5924643307768209
flash_mob-long_rides,flash_mob+long_rides,bank_tellers,rides_offers_surge_lyft_avg,0.0,0.0,,,0.0,
flash_mob-long_rides,flash_mob+long_rides,bank_tellers,rides_offers_surge_uber_avg,0.0,0.0,,,0.0,
flash_mob-long_rides,flash_mob+long_rides,bank_tellers,rides_offers_uber,3.1947825833333425,0.22881447222223272,0.1699186448305569,0.012169793725698472,2.96596811111111,0.15774885110485842
flash_mob-long_rides,flash_mob+long_rides,bank_tellers,rides_partial_acceptances,0.40201788888889034,0.05236941666666706,0.1864688112117876,0.02429061775504001,0.3496484722222233,0.16217819345674758
flash_mob-long_rides,flash_mob+long_rides,bank_tellers,rides_waiting_duration_avg,35.53840872222224,-33.662542805555745,0.15411152796074173,-0.14597687666201375,69.20095152777799,0.3000884046227555
flash_mob-long_rides,flash_mob+long_rides,bank_tellers,traffic_duration_avg,227.47411677777768,20.146231111110865,1.4987516258748332,0.1327368452320431,207.32788566666682,1.3660147806427902
flash_mob-long_rides,flash_mob+long_rides,bank_tellers,traffic_length_avg,124.64545216666693,-9.52979305555482,1.5634281171496882,-0.119532210399062,134.17524522222175,1.6829603275487501
flash_mob-long_rides,flash_mob+long_rides,bank_tellers,traffic_speed_avg,-1.0262141111111118,-0.8479426666666674,-1.0540956905336676,-0.870980725245732,-0.17827144444444443,-0.18311496528793558
flash_mob-long_rides,flash_mob+long_rides,students,drivers_accept,-0.09581016666666642,-0.2284168888888889,-0.1059394624271787,-0.2525657063343406,0.13260672222222247,0.14662624390716192
flash_mob-long_rides,flash_mob+long_rides,students,drivers_acceptance_rate,-0.24270816666666617,-0.2806148333333327,-1.2001350072663874,-1.387574590780379,0.03790666666666653,0.18743958351399148
flash_mob-long_rides,flash_mob+long_rides,students,drivers_busy,850.760796055556,219.75040433333425,0.8748520742038234,0.22597315006695737,631.0103917222218,0.648878924136866
flash_mob-long_rides,flash_mob+long_rides,students,drivers_change_provider,0.039143999999999846,-0.012138250000000239,0.14533090928029802,-0.04506598481431685,0.051282250000000085,0.19039689409461485
flash_mob-long_rides,flash_mob+long_rides,students,drivers_change_zone,0.022712944444444716,-0.02032869444444363,0.04366693597549592,-0.03908307885585732,0.043041638888888345,0.08275001483135325
flash_mob-long_rides,flash_mob+long_rides,students,drivers_demand_pressure,0.0,0.0,,,0.0,
flash_mob-long_rides,flash_mob+long_rides,students,drivers_idle,-1410.0353049444448,-454.4478275833335,-0.4279209703506659,-0.13791694056970735,-955.5874773611113,-0.2900040297809585
flash_mob-long_rides,flash_mob+long_rides,students,drivers_idle_duration_avg,-7.0609626388888955,84.58252566666681,-0.05950082904097287,0.7127541465561399,-91.6434883055557,-0.7722549755971128
flash_mob-long_rides,flash_mob+long_rides,students,drivers_occupied_distance_avg,-555.1542428333332,219.8173942500007,-0.49927483367992886,0.19769153234603493,-774.9716370833339,-0.6969663660259637
flash_mob-long_rides,flash_mob+long_rides,students,drivers_occupied_duration_avg,-33.35541919444438,42.729901777777854,-0.2779931197776764,0.3561226028595864,-76.08532097222223,-0.6341157226372628
flash_mob-long_rides,flash_mob+long_rides,students,drivers_passengers_served,0.02640772222222232,-0.09385233333333343,0.030666054814168855,-0.1089863326423405,0.12026005555555574,0.13965238745650937
flash_mob-long_rides,flash_mob+long_rides,students,drivers_pickup,322.484398222222,386.05021702777765,1.1280733259472246,1.3504310742037124,-63.56581880555564,-0.2223577482564878
flash_mob-long_rides,flash_mob+long_rides,students,drivers_pickup_accept,0.3730323333333335,0.4654012500000001,1.0269667829360267,1.2812605819341092,-0.09236891666666658,-0.25429379899808247
flash_mob-long_rides,flash_mob+long_rides,students,drivers_pickup_reject,0.10349027777777778,0.08390269444444451,1.2691497464868569,1.0289380381448376,0.01958758333333327,0.24021170834201921
flash_mob-long_rides,flash_mob+long_rides,students,drivers_reject,0.11224541666666665,0.06987066666666619,0.24755091500267093,0.1540958016713066,0.04237475000000046,0.09345511333136433
flash_mob-long_rides,flash_mob+long_rides,students,drivers_removed,0.03665283333333336,-0.021495861111111014,0.24119021845823493,-0.14145131401401634,0.05814869444444437,0.3826415324722513
flash_mob-long_rides,flash_mob+long_rides,students,drivers_shift_duration_avg,-387.87560075000056,435.8860114722215,-0.41511783376549266,0.4665002297158003,-823.7616122222221,-0.8816180634812929
flash_mob-long_rides,flash_mob+long_rides,students,drivers_starting,-0.013333305555555508,-0.01913930555555543,-0.08564944181428705,-0.12294556895258285,0.005805999999999922,0.037296127138295804
flash_mob-long_rides,flash_mob+long_rides,students,drivers_total_length_avg,-3048.81068433333,2418.4963738888837,-0.5099493409429028,0.4045218807041536,-5467.3070582222135,-0.9144712216470564
flash_mob-long_rides,flash_mob+long_rides,students,drivers_waiting,-0.034259166666667173,-0.15869013888888928,-0.031872401853842214,-0.1476345273111908,0.1244309722222221,0.1157621254573486
flash_mob-long_rides,flash_mob+long_rides,students,failed_requests,0.10314009411339353,0.095010988647422,2.386578397620702,2.198477468841845,0.008129105465971537,0.18810092877885687
flash_mob-long_rides,flash_mob+long_rides,students,passengers_accept,0.20660200000000017,-0.3796431111111094,0.060499858851915986,-0.11117198592619798,0.5862451111111096,0.17167184477811398
flash_mob-long_rides,flash_mob+long_rides,students,passengers_acceptance_rate,-0.2176972500000005,-0.2380194999999996,-1.8724149896514548,-2.047206749875539,0.020322249999999098,0.17479176022408427
flash_mob-long_rides,flash_mob+long_rides,students,passengers_arrivals,-0.5406666388888886,-0.8096169444444432,-0.7069667368858432,-1.0586416992874645,0.26895030555555466,0.3516749624016213
flash_mob-long_rides,flash_mob+long_rides,students,passengers_cancel,0.03699958333333333,0.020638083333333328,2.4955877062817566,1.3920196501641253,0.0163615,1.1035680561176313
flash_mob-long_rides,flash_mob+long_rides,students,passengers_change_provider,0.4424769444444445,0.2605650833333324,0.38801376857919506,0.22849289937865302,0.18191186111111213,0.15952086920054204
flash_mob-long_rides,flash_mob+long_rides,students,passengers_departures,-0.3712268333333335,-0.7466719722222224,-0.50244625908635,-1.0106018895213191,0.37544513888888886,0.5081556304349691
flash_mob-long_rides,flash_mob+long_rides,students,passengers_drivers_ratio,0.07771836111111108,0.0394278611111111,1.1111884771830332,0.5637250235372769,0.03829049999999998,0.5474634536457562
flash_mob-long_rides,flash_mob+long_rides,students,passengers_new,-0.0007680555555551472,0.0008242499999999708,-0.0008378153655598296,0.000899113755597438,-0.001592305555555118,-0.0017369291211572677
flash_mob-long_rides,flash_mob+long_rides,students,passengers_no_ratings_count,-0.11824075,-0.21519063888888895,-0.6380183461486579,-1.1611527796513639,0.09694988888888895,0.5231344335027059
flash_mob-long_rides,flash_mob+long_rides,students,passengers_offers_discarded,2.5434721388888875,-1.6160834722222148,0.09502230951510224,-0.06037572873388135,4.159555611111102,0.15539803824898357
flash_mob-long_rides,flash_mob+long_rides,students,passengers_pickup_accept,0.3904401666666666,0.440301583333333,0.981397795875264,1.1067278428160063,-0.049861416666666436,-0.12533004694074235
flash_mob-long_rides,flash_mob+long_rides,students,passengers_pickup_reject,0.08616647222222218,0.10933380555555555,1.7437290516227297,2.212560502419233,-0.023167333333333373,-0.46883145079650346
flash_mob-long_rides,flash_mob+long_rides,students,passengers_rating_avg,0.013797499999999019,0.02089694444444401,0.6546807072724716,0.9915438571279669,-0.007099444444444991,-0.33686314985549526
flash_mob-long_rides,flash_mob+long_rides,students,passengers_ratings_count,-0.42450936111111126,-0.5952262222222227,-0.7326049135332241,-1.0272227069915734,0.1707168611111114,0.29461779345834926
flash_mob-long_rides,flash_mob+long_rides,students,passengers_reject,0.8492223055555561,0.5395693611111119,0.4720792175636114,0.299944408134682,0.30965294444444424,0.1721348094289294
flash_mob-long_rides,flash_mob+long_rides,students,passengers_unassigned,5.109541749999998,4.179500805555559,0.6354654235561675,0.5197977391330069,0.9300409444444391,0.11566768442316067
flash_mob-long_rides,flash_mob+long_rides,students,rides_dispatched,-0.09581016666666642,-0.2284168888888889,-0.1059394624271787,-0.2525657063343406,0.13260672222222247,0.14662624390716192
flash_mob-long_rides,flash_mob+long_rides,students,rides_duration_avg,403.69024411111104,157.30113880555564,1.7273544240546923,0.6730774944113622,246.3891053055554,1.05427692964333
flash_mob-long_rides,flash_mob+long_rides,students,rides_in_progress,890.4355138333331,372.5868556666669,1.0778289211049035,0.4509982838984547,517.8486581666662,0.6268306372064487
flash_mob-long_rides,flash_mob+long_rides,students,rides_length_avg,1293.2479188333346,1283.4181542222213,1.1178567351264952,1.1093600900399492,9.829764611113205,0.008496645086546017
flash_mob-long_rides,flash_mob+long_rides,students,rides_not_served,0.22369891666666664,0.22605002777777772,1.7925965569275464,1.8114370311932841,-0.0023511111111110816,-0.01884047426573776
flash_mob-long_rides,flash_mob+long_rides,students,rides_offers_generated,3.0088613333333427,-1.5704484722222105,0.10189274037484954,-0.05318201163991261,4.579309805555553,0.15507475201476215
flash_mob-long_rides,flash_mob+long_rides,students,rides_offers_lyft,1.0254026944444448,-1.5454635000000074,0.09174766604895918,-0.1382799848850392,2.570866194444452,0.23002765093399838
flash_mob-long_rides,flash_mob+long_rides,students,rides_offers_price_lyft_avg,8.209176583333331,8.778227083333327,15.335227032168595,16.398246997896457,-0.5690504999999959,-1.0630199657278627
flash_mob-long_rides,flash_mob+long_rides,students,rides_offers_price_no_surge_avg,8.208642555555553,8.97323022222221,13.843710435486766,15.133172144684227,-0.7645876666666567,-1.289461709197461
flash_mob-long_rides,flash_mob+long_rides,students,rides_offers_price_uber_avg,8.205277083333335,9.114293972222228,13.124605320748852,14.578607150960668,-0.9090168888888925,-1.4540018302118156
flash_mob-long_rides,flash_mob+long_rides,students,rides_offers_radius_avg,696.2397745277774,849.4255070277779,1.4685561993250562,1.791665945911432,-153.18573250000054,-0.3231097465863757
flash_mob-long_rides,flash_mob+long_rides,students,rides_offers_surge_lyft_avg,0.0,0.0,,,0.0,
flash_mob-long_rides,flash_mob+long_rides,students,rides_offers_surge_uber_avg,0.0,0.0,,,0.0,
flash_mob-long_rides,flash_mob+long_rides,students,rides_offers_uber,1.9833102499999953,-0.02571808333333081,0.10548492148311853,-0.0013678495339358582,2.009028333333326,0.10685277101705438
flash_mob-long_rides,flash_mob+long_rides,students,rides_partial_acceptances,0.18999991666666638,-0.22317563888888792,0.08812806487067512,-0.10351603056784309,0.4131755555555543,0.1916440954385182
flash_mob-long_rides,flash_mob+long_rides,students,rides_waiting_duration_avg,53.40182752777787,-50.46994061111104,0.23157585080774068,-0.21886178766362763,103.87176813888891,0.4504376384713683
flash_mob-long_rides,flash_mob+long_rides,students,traffic_duration_avg,268.9328904444445,62.6716673055555,1.771909756214539,0.4129228617348524,206.26122313888902,1.3589868944796866
flash_mob-long_rides,flash_mob+long_rides,students,traffic_length_avg,174.29512994444485,44.35209052777827,2.1861841094133068,0.5563083464351246,129.94303941666658,1.6298757629781822
flash_mob-long_rides,flash_mob+long_rides,students,traffic_speed_avg,-0.9392581111111111,-1.1237204444444453,-0.9647771517671295,-1.1542512084256622,0.18446233333333417,0.18947405665853267
flash_mob-long_rides,flash_mob+long_rides,managers,drivers_accept,-0.09495866666666641,-0.18479138888888835,-0.10499793967030276,-0.20432800694491998,0.08983272222222194,0.09933006727461723
flash_mob-long_rides,flash_mob+long_rides,managers,drivers_acceptance_rate,-0.19908341666666662,-0.21951311111111083,-0.984420841660462,-1.085440893137372,0.020429694444444202,0.10102005147691007
flash_mob-long_rides,flash_mob+long_rides,managers,drivers_busy,938.2877488055551,482.7236774722228,0.9648575569636053,0.49639312537891545,455.5640713333323,0.46846443158468987
flash_mob-long_rides,flash_mob+long_rides,managers,drivers_change_provider,0.021805999999999992,0.01693897222222185,0.0809596823974604,0.06288974645741927,0.0048670277777781434,0.018069935940041137
flash_mob-long_rides,flash_mob+long_rides,managers,drivers_change_zone,0.026620222222222267,0.015212694444444841,0.05117890118890185,0.029247275972747434,0.011407527777777426,0.021931625216154417
flash_mob-long_rides,flash_mob+long_rides,managers,drivers_demand_pressure,0.0,0.0,,,0.0,
flash_mob-long_rides,flash_mob+long_rides,managers,drivers_idle,-1411.8317338333318,-646.1132993333322,-0.4284661549929248,-0.19608404770977228,-765.7184344999996,-0.2323821072831525
flash_mob-long_rides,flash_mob+long_rides,managers,drivers_idle_duration_avg,74.6415118333332,265.2689425555552,0.6289839023498618,2.2353498818910986,-190.62743072222202,-1.6063659795412368
flash_mob-long_rides,flash_mob+long_rides,managers,drivers_occupied_distance_avg,168.10581438888858,1336.34401325,0.15118501498121273,1.2018334428092772,-1168.2381988611114,-1.0506484278280643
flash_mob-long_rides,flash_mob+long_rides,managers,drivers_occupied_duration_avg,34.133881750000114,150.01730602777786,0.2844810380732762,1.2502849591004535,-115.88342427777775,-0.9658039210271773
flash_mob-long_rides,flash_mob+long_rides,managers,drivers_passengers_served,0.22630541666666648,0.4834718333333332,0.2627979139527352,0.5614332662750576,-0.25716641666666673,-0.2986353523223224
flash_mob-long_rides,flash_mob+long_rides,managers,drivers_pickup,299.95923691666667,310.6755033888887,1.0492787120944775,1.0867649732212126,-10.71626647222206,-0.03748626112673503
flash_mob-long_rides,flash_mob+long_rides,managers,drivers_pickup_accept,0.3507687500000001,0.4136062222222221,0.9656746146455346,1.138667652860865,-0.06283747222222202,-0.1729930382153304
flash_mob-long_rides,flash_mob+long_rides,managers,drivers_pickup_reject,0.11216250000000003,0.1395703611111111,1.375501269268975,1.7116167066591994,-0.02740786111111107,-0.3361154373902244
flash_mob-long_rides,flash_mob+long_rides,managers,drivers_reject,0.08414800000000033,0.06556441666666668,0.18558365244886618,0.1445986109673346,0.018583583333333653,0.04098504148153159
flash_mob-long_rides,flash_mob+long_rides,managers,drivers_removed,0.03864352777777774,0.02172130555555546,0.25428977950915327,0.14293482810721742,0.016922222222222283,0.11135495140193585
flash_mob-long_rides,flash_mob+long_rides,managers,drivers_shift_duration_avg,98.11346808333292,879.3618550277783,0.10500441444426928,0.9411233592659438,-781.2483869444454,-0.8361189448216746
flash_mob-long_rides,flash_mob+long_rides,managers,drivers_starting,0.005699249999999989,-0.004086805555555351,0.03661039486616169,-0.026252500790473306,0.00978605555555534,0.062862895656635
flash_mob-long_rides,flash_mob+long_rides,managers,drivers_total_length_avg,42.63850824999827,4443.5825512222145,0.0071317905347834665,0.7432412924374959,-4400.944042972216,-0.7361095019027124
flash_mob-long_rides,flash_mob+long_rides,managers,drivers_waiting,-0.03958280555555538,-0.14023630555555666,-0.03682515390535303,-0.13046633412463352,0.10065350000000128,0.09364118021928049
flash_mob-long_rides,flash_mob+long_rides,managers,failed_requests,0.10577718711034031,0.09876802170715815,2.447598597700321,2.2854121765962834,0.007009165403182166,0.16218642110403758
flash_mob-long_rides,flash_mob+long_rides,managers,passengers_accept,0.22575497222222296,-0.02208311111111172,0.06610847888482538,-0.006466661045069436,0.24783808333333468,0.07257513992989481
flash_mob-long_rides,flash_mob+long_rides,managers,passengers_acceptance_rate,-0.1807768611111109,-0.185824361111111,-1.5548625649914385,-1.5982761343418361,0.005047500000000094,0.04341356935039764
flash_mob-long_rides,flash_mob+long_rides,managers,passengers_arrivals,-0.5689718333333338,-0.8564856388888888,-0.743978140057366,-1.119926427417877,0.28751380555555506,0.3759482873605111
flash_mob-long_rides,flash_mob+long_rides,managers,passengers_cancel,0.02301408333333333,0.0024159166666666634,1.5522786546157648,0.1629513467332161,0.020598166666666667,1.3893273078825485
flash_mob-long_rides,flash_mob+long_rides,managers,passengers_change_provider,0.5244303055555557,0.41213836111111135,0.45987973332992216,0.3614094715636732,0.11229194444444435,0.09847026176624896
flash_mob-long_rides,flash_mob+long_rides,managers,passengers_departures,-0.3920553888888887,-0.7059675555555556,-0.5306371894862113,-0.9555094768882737,0.3139121666666669,0.4248722874020624
flash_mob-long_rides,flash_mob+long_rides,managers,passengers_drivers_ratio,0.07056419444444442,0.046622583333333356,1.0089008394846308,0.6665925096186723,0.023941611111111066,0.3423083298659585
flash_mob-long_rides,flash_mob+long_rides,managers,passengers_new,-0.0029212499999999864,-0.0002494444444445243,-0.003186576959101118,-0.00027210061420374966,-0.002671805555555462,-0.0029144763448973685
flash_mob-long_rides,flash_mob+long_rides,managers,passengers_no_ratings_count,-0.16381450000000003,-0.21968897222222245,-0.88393093214623,-1.1854254537823956,0.055874472222222415,0.30149452163616564
flash_mob-long_rides,flash_mob+long_rides,managers,passengers_offers_discarded,3.235722388888888,1.110945055555547,0.12088428634263004,0.04150411687599117,2.1247773333333413,0.07938016946663887
flash_mob-long_rides,flash_mob+long_rides,managers,passengers_pickup_accept,0.3563237777777776,0.4240915555555552,0.8956439423600757,1.0659828404049978,-0.06776777777777765,-0.17033889804492208
flash_mob-long_rides,flash_mob+long_rides,managers,passengers_pickup_reject,0.10668052777777776,0.12846599999999997,2.1588667927451946,2.599733870594667,-0.021785472222222213,-0.44086707784947254
flash_mob-long_rides,flash_mob+long_rides,managers,passengers_rating_avg,0.005624611111111122,0.02202986111111027,0.2668834484765424,1.04529987703113,-0.01640524999999915,-0.7784164285545876
flash_mob-long_rides,flash_mob+long_rides,managers,passengers_ratings_count,-0.4053009999999997,-0.6334587222222219,-0.699455727625784,-1.0932031538852456,0.2281577222222222,0.3937474262594616
flash_mob-long_rides,flash_mob+long_rides,managers,passengers_reject,1.1108149722222231,0.9514258888888882,0.6174975145071787,0.52889377287682,0.1593890833333349,0.08860374163035867
flash_mob-long_rides,flash_mob+long_rides,managers,passengers_unassigned,4.5729540555555594,4.474996111111107,0.5687308819458239,0.5565480112104815,0.0979579444444525,0.01218287073534241
flash_mob-long_rides,flash_mob+long_rides,managers,rides_dispatched,-0.09495866666666641,-0.18479138888888835,-0.10499793967030276,-0.20432800694491998,0.08983272222222194,0.09933006727461723
flash_mob-long_rides,flash_mob+long_rides,managers,rides_duration_avg,358.26744280555545,150.19363850000013,1.5329943226336802,0.6426651367290391,208.0738043055553,0.890329185904641
flash_mob-long_rides,flash_mob+long_rides,managers,rides_in_progress,851.9741113333334,503.8241949722219,1.0312732623101495,0.6098547059917682,348.14991636111154,0.4214185563183813
flash_mob-long_rides,flash_mob+long_rides,managers,rides_length_avg,1227.5820700000004,1147.8143657222236,1.0610965344587369,0.9921469818061158,79.76770427777683,0.06894955265262104
flash_mob-long_rides,flash_mob+long_rides,managers,rides_not_served,0.24580508333333334,0.25384650000000003,1.969742869676937,2.0341822332835395,-0.00804141666666669,-0.06443936360660252
flash_mob-long_rides,flash_mob+long_rides,managers,rides_offers_generated,3.644273250000012,1.3873471111111115,0.12341046893839104,0.04698142697245433,2.2569261388889004,0.07642904196593671
flash_mob-long_rides,flash_mob+long_rides,managers,rides_offers_lyft,1.1804171111111117,0.7755927499999871,0.10561754469289335,0.06939597974778679,0.40482436111112463,0.03622156494510656
flash_mob-long_rides,flash_mob+long_rides,managers,rides_offers_price_lyft_avg,7.839731555555559,8.245269777777779,14.645081885531063,15.402651252552102,-0.40553822222221925,-0.7575693670210395
flash_mob-long_rides,flash_mob+long_rides,managers,rides_offers_price_no_surge_avg,7.745329583333337,8.21874547222222,13.062342434012741,13.86074880108018,-0.47341588888888353,-0.7984063670674377
flash_mob-long_rides,flash_mob+long_rides,managers,rides_offers_price_uber_avg,7.691886805555555,8.200392166666667,12.303421014245737,13.116791738998518,-0.5085053611111121,-0.8133707247527813
flash_mob-long_rides,flash_mob+long_rides,managers,rides_offers_radius_avg,650.765923638889,807.070351166667,1.372639665864505,1.702327575727969,-156.304427527778,-0.32968790986346397
flash_mob-long_rides,flash_mob+long_rides,managers,rides_offers_surge_lyft_avg,0.0,0.0,,,0.0,
flash_mob-long_rides,flash_mob+long_rides,managers,rides_offers_surge_uber_avg,0.0,0.0,,,0.0,
flash_mob-long_rides,flash_mob+long_rides,managers,rides_offers_uber,2.4636668333333205,0.6121068333333213,0.13103330781189135,0.03255569382220752,1.8515599999999992,0.09847761398968383
flash_mob-long_rides,flash_mob+long_rides,managers,rides_partial_acceptances,0.23596763888888894,0.09851363888888898,0.10944937109558422,0.04569379034980078,0.13745399999999997,0.06375558074578344
flash_mob-long_rides,flash_mob+long_rides,managers,rides_waiting_duration_avg,57.82889605555556,-34.64500466666641,0.25077373613050447,-0.15023730091911458,92.47390072222197,0.40101103704961905
flash_mob-long_rides,flash_mob+long_rides,managers,traffic_duration_avg,212.76015833333327,95.4692407777776,1.4018062263100588,0.6290152122076875,117.29091755555567,0.7727910141023713
flash_mob-long_rides,flash_mob+long_rides,managers,traffic_length_avg,119.49429172222199,1.8392809722213315,1.498817102990696,0.023070104342549302,117.65501075000066,1.4757469986481468
flash_mob-long_rides,flash_mob+long_rides,managers,traffic_speed_avg,-0.8466714999999994,-1.1555569444444442,-0.8696750217957627,-1.1869526857180948,0.3088854444444449,0.31727766392233203
flash_mob-long_rides,flash_mob+long_rides,drivers,drivers_accept,-0.12752330555555558,-0.19163499999999933,-0.1410053954346436,-0.2118951421185195,0.06411169444444376,0.0708897466838759
flash_mob-long_rides,flash_mob+long_rides,drivers,drivers_acceptance_rate,-0.2374072777777776,-0.5642999999999994,-1.173923353935736,-2.790331260383724,0.32689272222222177,1.616407906447988
flash_mob-long_rides,flash_mob+long_rides,drivers,drivers_busy,684.3195306388898,250.8278733055563,0.703697635778841,0.25793065012738337,433.4916573333335,0.44576698565145767
flash_mob-long_rides,flash_mob+long_rides,drivers,drivers_change_provider,0.028185111111111216,0.08838775000000032,0.10464356800388411,0.32815941336449406,-0.060202638888889104,-0.22351584536060995
flash_mob-long_rides,flash_mob+long_rides,drivers,drivers_change_zone,0.054203694444444395,0.09666327777777717,0.10420970564738082,0.1858406853513953,-0.04245958333333277,-0.08163097970401449
flash_mob-long_rides,flash_mob+long_rides,drivers,drivers_demand_pressure,0.0,0.0,,,0.0,
flash_mob-long_rides,flash_mob+long_rides,drivers,drivers_idle,-1161.2199554722238,-599.812026722223,-0.35240987824472186,-0.18203242401301867,-561.4079287500008,-0.1703774542317032
flash_mob-long_rides,flash_mob+long_rides,drivers,drivers_idle_duration_avg,32.94401016666677,-122.42862530555522,0.27761029438889184,-1.0316730276841497,155.372635472222,1.3092833220730415
flash_mob-long_rides,flash_mob+long_rides,drivers,drivers_occupied_distance_avg,69.5005589166667,696.3708053611113,0.06250493523508627,0.626277151826806,-626.8702464444445,-0.5637722165917197
flash_mob-long_rides,flash_mob+long_rides,drivers,drivers_occupied_duration_avg,26.512571083333228,64.71832049999989,0.2209629657423342,0.5393800544879108,-38.20574941666666,-0.3184170887455766
flash_mob-long_rides,flash_mob+long_rides,drivers,drivers_passengers_served,0.12018949999999995,0.19776363888888993,0.13957045458415063,0.22965368006305198,-0.07757413888888998,-0.09008322547890135
flash_mob-long_rides,flash_mob+long_rides,drivers,drivers_pickup,287.86937408333347,438.3611674722223,1.006987513351753,1.5334184936777588,-150.49179338888882,-0.5264309803260059
flash_mob-long_rides,flash_mob+long_rides,drivers,drivers_pickup_accept,0.29960588888888884,0.44723119444444404,0.8248220552666409,1.2312379918467666,-0.1476253055555552,-0.40641593658012576
flash_mob-long_rides,flash_mob+long_rides,drivers,drivers_pickup_reject,0.10886558333333335,0.1374070277777778,1.3350696360611376,1.6850867367864537,-0.028541444444444453,-0.3500171007253161
flash_mob-long_rides,flash_mob+long_rides,drivers,drivers_reject,0.11870308333333357,0.29148866666666673,0.26179293342613125,0.6428617603205052,-0.17278558333333316,-0.381068826894374
flash_mob-long_rides,flash_mob+long_rides,drivers,drivers_removed,0.027865777777777656,0.013347861111111192,0.18336789869989542,0.08783423393386827,0.014517916666666464,0.09553366476602715
flash_mob-long_rides,flash_mob+long_rides,drivers,drivers_shift_duration_avg,-100.70996413888952,107.57774313888967,-0.1077832739958346,0.11513340773909564,-208.2877072777792,-0.22291668173493023
flash_mob-long_rides,flash_mob+long_rides,drivers,drivers_starting,-0.02007413888888887,-0.022216888888888953,-0.1289506779524315,-0.14271510723689368,0.002142750000000082,0.01376442928446217
flash_mob-long_rides,flash_mob+long_rides,drivers,drivers_total_length_avg,-1095.3953969444447,1938.8247601388866,-0.1832177260510535,0.32429117810337316,-3034.2201570833313,-0.5075089041544266
flash_mob-long_rides,flash_mob+long_rides,drivers,drivers_waiting,-0.04491191666666694,-0.008606277777777116,-0.04178299694075827,-0.00800669632358543,-0.036305638888889824,-0.03377630061717284
flash_mob-long_rides,flash_mob+long_rides,drivers,failed_requests,0.1130061804591958,0.13754848806186112,2.6148716597546815,3.1827608172717223,-0.02454230760266532,-0.5678891575170408
flash_mob-long_rides,flash_mob+long_rides,drivers,passengers_accept,0.31471291666666623,0.6566244166666682,0.09215829003208144,0.1922812195770373,-0.3419115000000019,-0.10012292954495587
flash_mob-long_rides,flash_mob+long_rides,drivers,passengers_acceptance_rate,-0.20224836111111077,-0.221085722222222,-1.73953902944058,-1.9015592539033235,0.018837361111111228,0.16202022446274356
flash_mob-long_rides,flash_mob+long_rides,drivers,passengers_arrivals,-0.5985738611111111,-0.9190087777777776,-0.7826852610039574,-1.2016806476726647,0.32043491666666646,0.4189953866687073
flash_mob-long_rides,flash_mob+long_rides,drivers,passengers_cancel,0.060513666666666674,0.055693833333333345,4.081590898871352,3.7564975943162913,0.004819833333333329,0.3250933045550606
flash_mob-long_rides,flash_mob+long_rides,drivers,passengers_change_provider,0.3469027222222225,0.46627336111111184,0.3042034941477644,0.4088811548361385,-0.11937063888888932,-0.10467766068837414
flash_mob-long_rides,flash_mob+long_rides,drivers,passengers_departures,-0.4015971944444445,-0.7624119166666663,-0.5435517852961902,-1.0319055117118967,0.3608147222222218,0.4883537264157065
flash_mob-long_rides,flash_mob+long_rides,drivers,passengers_drivers_ratio,0.07787625000000004,0.07029144444444452,1.1134459143124371,1.0050011605307958,0.007584805555555518,0.10844475378164131
flash_mob-long_rides,flash_mob+long_rides,drivers,passengers_new,-0.0019907777777778968,0.0017721666666670188,-0.002171593186943124,0.00193312639030832,-0.0037629444444449156,-0.004104719577251444
flash_mob-long_rides,flash_mob+long_rides,drivers,passengers_no_ratings_count,-0.13397266666666674,-0.1946995277777776,-0.7229066055128384,-1.0505842588845415,0.060726861111110864,0.3276776533717032
flash_mob-long_rides,flash_mob+long_rides,drivers,passengers_offers_discarded,2.9215460833333537,5.821578222222243,0.10914688309281466,0.21749002052762273,-2.900032138888889,-0.10834313743480807
flash_mob-long_rides,flash_mob+long_rides,drivers,passengers_pickup_accept,0.3273937777777778,0.47439316666666653,0.8229264284908884,1.1924193458877055,-0.14699938888888875,-0.3694929173968171
flash_mob-long_rides,flash_mob+long_rides,drivers,passengers_pickup_reject,0.08101441666666664,0.10906975,1.6394682096025597,2.2072168770903797,-0.02805533333333335,-0.56774866748782
flash_mob-long_rides,flash_mob+long_rides,drivers,passengers_rating_avg,0.020087611111112125,-0.003453277777778041,0.9531416162086016,-0.16385536060621114,0.023540888888890166,1.1169969768148127
flash_mob-long_rides,flash_mob+long_rides,drivers,passengers_ratings_count,-0.4647077777777777,-0.7257642222222218,-0.8019780776235856,-1.2525010847227265,0.2610564444444441,0.45052300709914084
flash_mob-long_rides,flash_mob+long_rides,drivers,passengers_reject,0.7544486666666668,0.9463191111111113,0.4193949380768001,0.5260549359293767,-0.19187044444444457,-0.10665999785257657
flash_mob-long_rides,flash_mob+long_rides,drivers,passengers_unassigned,5.892347444444443,7.536814805555558,0.7328216986433256,0.9373414382369532,-1.644467361111115,-0.20451973959362757
flash_mob-long_rides,flash_mob+long_rides,drivers,rides_dispatched,-0.12752330555555558,-0.19163499999999933,-0.1410053954346436,-0.2118951421185195,0.06411169444444376,0.0708897466838759
flash_mob-long_rides,flash_mob+long_rides,drivers,rides_duration_avg,368.12906002777754,287.9209483333334,1.5751913001074551,1.2319879688366173,80.20811169444414,0.3432033312708378
flash_mob-long_rides,flash_mob+long_rides,drivers,rides_in_progress,762.5919999166667,441.8643608888883,0.9230805597307504,0.534855337610356,320.7276390277784,0.38822522212039445
flash_mob-long_rides,flash_mob+long_rides,drivers,rides_length_avg,1312.2443788888886,1320.629143000001,1.134276882035233,1.1415244985962627,-8.384764111112418,-0.0072476165610297905
flash_mob-long_rides,flash_mob+long_rides,drivers,rides_not_served,0.22380080555555554,0.30779430555555565,1.7934130368378338,2.466489425172127,-0.08399350000000011,-0.6730763883342932
flash_mob-long_rides,flash_mob+long_rides,drivers,rides_offers_generated,3.6047084999999868,6.729088555555535,0.12207063956337551,0.22787533129385024,-3.124380055555548,-0.10580469173047473
flash_mob-long_rides,flash_mob+long_rides,drivers,rides_offers_lyft,0.938097666666664,0.6073576388888782,0.08393606912577115,0.05434318256326776,0.3307400277777859,0.029592886562503383
flash_mob-long_rides,flash_mob+long_rides,drivers,rides_offers_price_lyft_avg,8.23114122222222,9.355732138888897,15.376258275755749,17.477060573078898,-1.1245909166666763,-2.100802297323149
flash_mob-long_rides,flash_mob+long_rides,drivers,rides_offers_price_no_surge_avg,8.160153305555554,9.250056722222226,13.76193429141778,15.600034464602864,-1.0899034166666723,-1.838100173185083
flash_mob-long_rides,flash_mob+long_rides,drivers,rides_offers_price_uber_avg,8.126450138888892,9.209612888888898,12.998519080885563,14.731072832271114,-1.0831627500000067,-1.7325537513855505
flash_mob-long_rides,flash_mob+long_rides,drivers,rides_offers_radius_avg,656.8813638333336,869.8830823611106,1.3855387674925963,1.8348164526449804,-213.00171852777703,-0.4492776851523841
flash_mob-long_rides,flash_mob+long_rides,drivers,rides_offers_surge_lyft_avg,0.0,0.0,,,0.0,
flash_mob-long_rides,flash_mob+long_rides,drivers,rides_offers_surge_uber_avg,0.0,0.0,,,0.0,
flash_mob-long_rides,flash_mob+long_rides,drivers,rides_offers_uber,2.6664354166666584,6.1194633055555485,0.14181781724109457,0.3254715727432729,-3.45302788888889,-0.1836537555021783
flash_mob-long_rides,flash_mob+long_rides,drivers,rides_partial_acceptances,0.32435638888888807,0.5563559166666634,0.15044691272874014,0.2580557464201539,-0.23199952777777533,-0.10760883369141375
flash_mob-long_rides,flash_mob+long_rides,drivers,rides_waiting_duration_avg,41.55371527777788,-0.31573191666632283,0.1801967725667917,-0.0013691645139135011,41.869447194444206,0.1815659370807052
flash_mob-long_rides,flash_mob+long_rides,drivers,traffic_duration_avg,196.76296411111105,76.5840379722224,1.2964060111576101,0.5045868648830002,120.17892613888864,0.7918191462746099
flash_mob-long_rides,flash_mob+long_rides,drivers,traffic_length_avg,109.93432711111154,7.490790944444598,1.3789064507193167,0.0939570034739449,102.44353616666695,1.2849494472453717
flash_mob-long_rides,flash_mob+long_rides,drivers,traffic_speed_avg,-0.9312007777777778,-1.0253603333333334,-0.9565009058532391,-1.0532187161610826,0.09415955555555566,0.09671781030784354
flash_mob-long_rides,flash_mob+long_rides,bank_tellers_drivers,drivers_accept,-0.11276391666666674,-0.21261580555555515,-0.1246856062197632,-0.2350940920752369,0.09985188888888841,0.1104084858554737
flash_mob-long_rides,flash_mob+long_rides,bank_tellers_drivers,drivers_acceptance_rate,-0.20481963888888877,-0.27918247222222226,-1.0127851163072354,-1.3804919007493859,0.07436283333333349,0.36770678444215044
flash_mob-long_rides,flash_mob+long_rides,bank_tellers_drivers,drivers_busy,928.6856517499996,676.3649685,0.9549835541126199,0.6955178216420641,252.32068324999955,0.2594657324705558
flash_mob-long_rides,flash_mob+long_rides,bank_tellers_drivers,drivers_change_provider,0.06362063888888903,0.017351555555555565,0.23620593957479477,0.06442155493348933,0.04626908333333346,0.17178438464130544
flash_mob-long_rides,flash_mob+long_rides,bank_tellers_drivers,drivers_change_zone,0.06365730555555538,-0.0058788055555552,0.12238481421315234,-0.011302340233109054,0.06953611111111058,0.1336871544462614
flash_mob-long_rides,flash_mob+long_rides,bank_tellers_drivers,drivers_demand_pressure,0.0,0.0,,,0.0,
flash_mob-long_rides,flash_mob+long_rides,bank_tellers_drivers,drivers_idle,-1175.5759096111096,-1226.7127753055547,-0.3567666583933322,-0.3722857997310882,51.13686569444508,0.015519141337756004
flash_mob-long_rides,flash_mob+long_rides,bank_tellers_drivers,drivers_idle_duration_avg,-62.69889536111123,-48.296649833333504,-0.5283466921907373,-0.40698285091579384,-14.402245527777723,-0.12136384127494343
flash_mob-long_rides,flash_mob+long_rides,bank_tellers_drivers,drivers_occupied_distance_avg,-706.7278891388878,-638.1090416944435,-0.6355917366423108,-0.5738797636412891,-68.61884744444433,-0.061711973001021714
flash_mob-long_rides,flash_mob+long_rides,bank_tellers_drivers,drivers_occupied_duration_avg,-69.86765927777776,-76.14801675000001,-0.5822960419405602,-0.6346382462715703,6.280357472222249,0.05234220433101011
flash_mob-long_rides,flash_mob+long_rides,bank_tellers_drivers,drivers_passengers_served,-0.07644900000000021,-0.1804349444444453,-0.08877665422107393,-0.20953067629848865,0.10398594444444509,0.12075402207741472
flash_mob-long_rides,flash_mob+long_rides,bank_tellers_drivers,drivers_pickup,235.8921394722222,289.1424846111112,0.8251674555612638,1.0114409443868226,-53.250345138888974,-0.18627348882555883
flash_mob-long_rides,flash_mob+long_rides,bank_tellers_drivers,drivers_pickup_accept,0.275648388888889,0.34868513888888875,0.7588664945721085,0.9599383842749739,-0.07303674999999976,-0.20107188970286538
flash_mob-long_rides,flash_mob+long_rides,bank_tellers_drivers,drivers_pickup_reject,0.09488447222222227,0.1625049166666667,1.1636127223945927,1.9928739029305604,-0.06762044444444443,-0.8292611805359678
flash_mob-long_rides,flash_mob+long_rides,bank_tellers_drivers,drivers_reject,0.10018494444444448,0.10563516666666639,0.2209522259636198,0.23297238267153814,-0.005450222222221912,-0.012020156707918339
flash_mob-long_rides,flash_mob+long_rides,bank_tellers_drivers,drivers_removed,0.009912249999999956,-0.0029912499999999453,0.06522654664021318,-0.019683614480822717,0.012903499999999901,0.0849101611210359
flash_mob-long_rides,flash_mob+long_rides,bank_tellers_drivers,drivers_shift_duration_avg,-662.8348411388888,-619.346862833333,-0.7093886876767398,-0.6628463547376833,-43.48797830555577,-0.04654233293905652
flash_mob-long_rides,flash_mob+long_rides,bank_tellers_drivers,drivers_starting,-0.007856555555555589,-0.02370708333333338,-0.05046832498606431,-0.1522877013569044,0.01585052777777779,0.10181937637084008
flash_mob-long_rides,flash_mob+long_rides,bank_tellers_drivers,drivers_total_length_avg,-4501.092300916665,-4117.780727416666,-0.7528604725017674,-0.6887471166654884,-383.3115734999992,-0.06411335583627897
flash_mob-long_rides,flash_mob+long_rides,bank_tellers_drivers,drivers_waiting,-0.07989802777777744,-0.1226152777777787,-0.07433169853312444,-0.11407292666450711,0.04271725000000126,0.03974122813138267
flash_mob-long_rides,flash_mob+long_rides,bank_tellers_drivers,failed_requests,0.10192433316009211,0.12651297999462463,2.3584466720026316,2.9274080818836756,-0.024588646834532518,-0.568961409881044
flash_mob-long_rides,flash_mob+long_rides,bank_tellers_drivers,passengers_accept,0.3032641111111136,-0.12650886111110893,0.0888057033188165,-0.03704595425377647,0.42977297222222255,0.12585165757259298
flash_mob-long_rides,flash_mob+long_rides,bank_tellers_drivers,passengers_acceptance_rate,-0.16153636111111114,-0.18227961111111157,-1.3893749412001948,-1.5677877242467804,0.020743250000000435,0.1784127830465856
flash_mob-long_rides,flash_mob+long_rides,bank_tellers_drivers,passengers_arrivals,-0.4842733333333331,-0.7483792222222221,-0.6332277851118822,-0.9785682685636161,0.264105888888889,0.34534048345173396
flash_mob-long_rides,flash_mob+long_rides,bank_tellers_drivers,passengers_cancel,0.05055533333333334,0.03830400000000002,3.409910517559243,2.5835694050991505,0.012251333333333322,0.8263411124600926
flash_mob-long_rides,flash_mob+long_rides,bank_tellers_drivers,passengers_change_provider,0.6753240555555555,0.5476996944444439,0.5922004187976324,0.48028496209647087,0.12762436111111164,0.11191545670116154
flash_mob-long_rides,flash_mob+long_rides,bank_tellers_drivers,passengers_departures,-0.34494877777777777,-0.7596251944444445,-0.4668795663680554,-1.0281337526957297,0.41467641666666677,0.5612541863276743
flash_mob-long_rides,flash_mob+long_rides,bank_tellers_drivers,passengers_drivers_ratio,0.06745586111111115,0.06328641666666662,0.964459035336112,0.9048458556873815,0.004169444444444531,0.059613179648730474
flash_mob-long_rides,flash_mob+long_rides,bank_tellers_drivers,passengers_new,0.0005183333333329543,0.004957722222221683,0.0005654117439907161,0.0054080148576654795,-0.004439388888888729,-0.004842603113674763
flash_mob-long_rides,flash_mob+long_rides,bank_tellers_drivers,passengers_no_ratings_count,-0.14067566666666664,-0.17176752777777776,-0.7590754979990108,-0.9268448821140041,0.03109186111111112,0.16776938411499331
flash_mob-long_rides,flash_mob+long_rides,bank_tellers_drivers,passengers_offers_discarded,4.152041166666677,0.6553838333333459,0.15511730395081114,0.024484673730061222,3.4966573333333315,0.13063263022074992
flash_mob-long_rides,flash_mob+long_rides,bank_tellers_drivers,passengers_pickup_accept,0.26787505555555546,0.36439813888888894,0.673322090133792,0.9159393957331166,-0.09652308333333348,-0.2426173055993246
flash_mob-long_rides,flash_mob+long_rides,bank_tellers_drivers,passengers_pickup_reject,0.10253227777777787,0.14646738888888897,2.0749197092468834,2.964023413447961,-0.04393511111111109,-0.8891037042010774
flash_mob-long_rides,flash_mob+long_rides,bank_tellers_drivers,passengers_rating_avg,0.02423236111111038,0.011145333333331564,1.1498067991378733,0.5288374494983497,0.013087027777778815,0.6209693496395237
flash_mob-long_rides,flash_mob+long_rides,bank_tellers_drivers,passengers_ratings_count,-0.3469442777777776,-0.5791631111111109,-0.5987455305036448,-0.9995014946823105,0.23221883333333326,0.40075596417866577
flash_mob-long_rides,flash_mob+long_rides,bank_tellers_drivers,passengers_reject,1.585282277777777,1.297782166666667,0.8812519553654536,0.7214318156742392,0.2875001111111102,0.15982013969121445
flash_mob-long_rides,flash_mob+long_rides,bank_tellers_drivers,passengers_unassigned,4.5223239722222175,4.342291555555548,0.5624341005661423,0.540043760784512,0.1800324166666698,0.022390339781630297
flash_mob-long_rides,flash_mob+long_rides,bank_tellers_drivers,rides_dispatched,-0.11276391666666674,-0.21261580555555515,-0.1246856062197632,-0.2350940920752369,0.09985188888888841,0.1104084858554737
flash_mob-long_rides,flash_mob+long_rides,bank_tellers_drivers,rides_duration_avg,365.323031666667,182.14188100000047,1.56318455589133,0.7793688070014335,183.18115066666655,0.7838157488898965
flash_mob-long_rides,flash_mob+long_rides,bank_tellers_drivers,rides_in_progress,764.1114211388885,272.5835415833335,0.9249197452879403,0.32994913160068484,491.52787955555505,0.5949706136872555
flash_mob-long_rides,flash_mob+long_rides,bank_tellers_drivers,rides_length_avg,1449.264655111111,1376.429016694443,1.2527143729395918,1.1897567545466998,72.83563841666819,0.06295761839289193
flash_mob-long_rides,flash_mob+long_rides,bank_tellers_drivers,rides_not_served,0.20626438888888893,0.2906719166666668,1.6528861151793095,2.329280287881878,-0.08440752777777788,-0.6763941727025686
flash_mob-long_rides,flash_mob+long_rides,bank_tellers_drivers,rides_offers_generated,4.822953722222238,1.2452229166666768,0.1633255630673696,0.04216850206791303,3.577730805555561,0.12115706099945656
flash_mob-long_rides,flash_mob+long_rides,bank_tellers_drivers,rides_offers_lyft,2.960217583333325,1.5472628055555475,0.2648647753115861,0.1384409773284218,1.4129547777777773,0.12642379798316428
flash_mob-long_rides,flash_mob+long_rides,bank_tellers_drivers,rides_offers_price_lyft_avg,8.228207250000004,8.910352194444446,15.370777442242542,16.645064514241902,-0.6821449444444418,-1.2742870719993604
flash_mob-long_rides,flash_mob+long_rides,bank_tellers_drivers,rides_offers_price_no_surge_avg,8.195178194444445,8.807340333333332,13.821003061501422,14.853402186325106,-0.6121621388888876,-1.0323991248236837
flash_mob-long_rides,flash_mob+long_rides,bank_tellers_drivers,rides_offers_price_uber_avg,8.152621694444449,8.731601944444442,13.04038132804775,13.966478910443033,-0.5789802499999936,-0.9260975823952826
flash_mob-long_rides,flash_mob+long_rides,bank_tellers_drivers,rides_offers_radius_avg,538.6657403333334,786.129889194445,1.1361903488881722,1.658158531713075,-247.46414886111165,-0.5219681828249028
flash_mob-long_rides,flash_mob+long_rides,bank_tellers_drivers,rides_offers_surge_lyft_avg,0.0,0.0,,,0.0,
flash_mob-long_rides,flash_mob+long_rides,bank_tellers_drivers,rides_offers_surge_uber_avg,0.0,0.0,,,0.0,
flash_mob-long_rides,flash_mob+long_rides,bank_tellers_drivers,rides_offers_uber,1.862513916666657,-0.3052219444444404,0.09906021221883886,-0.016233623985277466,2.1677358611110975,0.11529383620411632
flash_mob-long_rides,flash_mob+long_rides,bank_tellers_drivers,rides_partial_acceptances,0.3165778888888884,-0.019555944444443973,0.1468389945537066,-0.009070675244720432,0.33613383333333235,0.15590966979842705
flash_mob-long_rides,flash_mob+long_rides,bank_tellers_drivers,rides_waiting_duration_avg,29.875085166666622,-12.37285719444435,0.1295526498943475,-0.05365462315378089,42.24794236111097,0.1832072730481284
flash_mob-long_rides,flash_mob+long_rides,bank_tellers_drivers,traffic_duration_avg,209.8409829444446,96.37844877777798,1.3825727463771098,0.6350056826293846,113.46253416666661,0.7475670637477252
flash_mob-long_rides,flash_mob+long_rides,bank_tellers_drivers,traffic_length_avg,134.9700295555558,79.07996291666768,1.6929293087847688,0.9919001084913711,55.89006663888813,0.7010292002933977
flash_mob-long_rides,flash_mob+long_rides,bank_tellers_drivers,traffic_speed_avg,-0.8055519999999996,-0.8535165555555553,-0.827438331345298,-0.8767060531219281,0.04796455555555568,0.04926772177663008
flash_mob-long_rides,flash_mob+long_rides,students_drivers,drivers_accept,-0.12932844444444447,-0.151300916666667,-0.14300137822173772,-0.16729683638033654,0.02197247222222254,0.02429545815859882
flash_mob-long_rides,flash_mob+long_rides,students_drivers,drivers_acceptance_rate,-0.18750041666666672,-0.19849919444444453,-0.9271456210525859,-0.9815319996798184,0.010998777777777802,0.0543863786272325
flash_mob-long_rides,flash_mob+long_rides,students_drivers,drivers_busy,761.3059561111108,166.76753536110982,0.7828641116227897,0.17148994746462098,594.538420750001,0.6113741641581687
flash_mob-long_rides,flash_mob+long_rides,students_drivers,drivers_change_provider,-0.005563944444444413,-0.08262886111111123,-0.020657395904766312,-0.30677824233786266,0.07706491666666682,0.2861208464330963
flash_mob-long_rides,flash_mob+long_rides,students_drivers,drivers_change_zone,0.0014169999999997795,-0.07504594444444468,0.0027242636210648707,-0.14428012445905958,0.07646294444444446,0.14700438808012445
flash_mob-long_rides,flash_mob+long_rides,students_drivers,drivers_demand_pressure,0.0,0.0,,,0.0,
flash_mob-long_rides,flash_mob+long_rides,students_drivers,drivers_idle,-1395.2267458611113,-427.48314216666586,-0.42342683254417685,-0.12973363174882968,-967.7436036944455,-0.29369320079534716
flash_mob-long_rides,flash_mob+long_rides,students_drivers,drivers_idle_duration_avg,-78.69903858333339,-206.31535302777786,-0.6631755866609014,-1.7385638724984824,127.61631444444447,1.075388285837581
flash_mob-long_rides,flash_mob+long_rides,students_drivers,drivers_occupied_distance_avg,-318.06249105555526,-1489.3409750555566,-0.2860477054288872,-1.3394303965300047,1171.2784840000013,1.0533826911011175
flash_mob-long_rides,flash_mob+long_rides,students_drivers,drivers_occupied_duration_avg,-28.08893419444439,-180.92149102777785,-0.2341008039030738,-1.5078488275757564,152.83255683333346,1.2737480236726826
flash_mob-long_rides,flash_mob+long_rides,students_drivers,drivers_passengers_served,0.16091652777777776,-0.0480192777777777,0.18686485035754,-0.055762545216071616,0.20893580555555546,0.24262739557361163
flash_mob-long_rides,flash_mob+long_rides,students_drivers,drivers_pickup,311.66666661111105,353.1037075277776,1.0902321325591924,1.2351818443032756,-41.43704091666655,-0.14494971174408322
flash_mob-long_rides,flash_mob+long_rides,students_drivers,drivers_pickup_accept,0.3543613888888889,0.40982911111111153,0.9755652339626439,1.1282691771793938,-0.055467722222222626,-0.15270394321674985
flash_mob-long_rides,flash_mob+long_rides,students_drivers,drivers_pickup_reject,0.11032391666666669,0.14144930555555552,1.3529538607442293,1.7346590823927928,-0.031125388888888827,-0.38170522164856346
flash_mob-long_rides,flash_mob+long_rides,students_drivers,drivers_reject,0.07986600000000021,0.09094524999999987,0.17613994374769606,0.20057460269852112,-0.011079249999999652,-0.024434658950825056
flash_mob-long_rides,flash_mob+long_rides,students_drivers,drivers_removed,0.04815288888888891,0.006324972222222058,0.3168651570503296,0.041620832369121175,0.04182791666666685,0.2752443246812084
flash_mob-long_rides,flash_mob+long_rides,students_drivers,drivers_shift_duration_avg,-397.07925638888855,-1112.4657650277768,-0.4249679031798904,-1.1905991962981228,715.3865086388882,0.7656312931182324
flash_mob-long_rides,flash_mob+long_rides,students_drivers,drivers_starting,0.010268638888888848,0.003496222222222345,0.06596287659959561,0.02245875792348285,0.006772416666666503,0.043504118676112764
flash_mob-long_rides,flash_mob+long_rides,students_drivers,drivers_total_length_avg,-2324.7696868055536,-6608.083588944446,-0.38884499313861526,-1.1052794745157122,4283.313902138892,0.7164344813770969
flash_mob-long_rides,flash_mob+long_rides,students_drivers,drivers_waiting,-0.0532864722222226,-0.012549277777778034,-0.049574114646890245,-0.011674995723056927,-0.04073719444444457,-0.03789911892383332
flash_mob-long_rides,flash_mob+long_rides,students_drivers,failed_requests,0.11722044569495815,0.12107921846994138,2.712386350428289,2.801675232945471,-0.003858772774983227,-0.08928888251718181
flash_mob-long_rides,flash_mob+long_rides,students_drivers,passengers_accept,0.09162522222222336,-0.17449936111111342,0.026830877782983438,-0.0510991506228007,0.2661245833333368,0.07793002840578414
flash_mob-long_rides,flash_mob+long_rides,students_drivers,passengers_acceptance_rate,-0.2234235,-0.11595147222222191,-1.921666490690125,-0.997299114531957,-0.10747202777777809,-0.9243673761581681
flash_mob-long_rides,flash_mob+long_rides,students_drivers,passengers_arrivals,-0.6263053055555556,-0.7241614444444442,-0.818946438183874,-0.9469015036872639,0.09785613888888856,0.12795506550338986
flash_mob-long_rides,flash_mob+long_rides,students_drivers,passengers_cancel,0.06145808333333333,0.029874333333333322,4.145290930347587,2.014996177885695,0.03158375000000001,2.1302947524618916
flash_mob-long_rides,flash_mob+long_rides,students_drivers,passengers_change_provider,0.4771665833333323,0.20008680555555536,0.41843356261576037,0.1754587135925482,0.2770797777777769,0.24297484902321217
flash_mob-long_rides,flash_mob+long_rides,students_drivers,passengers_departures,-0.42449544444444465,-0.6741393055555556,-0.5745439955004383,-0.9124307344326993,0.24964386111111092,0.33788673893226095
flash_mob-long_rides,flash_mob+long_rides,students_drivers,passengers_drivers_ratio,0.09136963888888888,0.04266708333333333,1.30636941446251,0.6100382287684404,0.048702555555555554,0.6963311856940696
flash_mob-long_rides,flash_mob+long_rides,students_drivers,passengers_new,-0.001514027777778093,-0.0011253055555555669,-0.001651541645565002,-0.0012275131383078714,-0.00038872222222252617,-0.0004240285072571305
flash_mob-long_rides,flash_mob+long_rides,students_drivers,passengers_no_ratings_count,-0.15962550000000003,-0.18431997222222224,-0.8613273978146503,-0.9945769444069731,0.024694472222222208,0.1332495465923228
flash_mob-long_rides,flash_mob+long_rides,students_drivers,passengers_offers_discarded,1.7312823333333256,-0.7163103611111126,0.06467947622492687,-0.02676084546068946,2.447592694444438,0.09144032168561633
flash_mob-long_rides,flash_mob+long_rides,students_drivers,passengers_pickup_accept,0.36780100000000016,0.4261713888888886,0.9244927175458422,1.0712106423152041,-0.05837038888888846,-0.14671792476936196
flash_mob-long_rides,flash_mob+long_rides,students_drivers,passengers_pickup_reject,0.09716672222222222,0.12460644444444452,1.9663383218577266,2.521629023372684,-0.027439722222222296,-0.5552907015149575
flash_mob-long_rides,flash_mob+long_rides,students_drivers,passengers_rating_avg,0.01874122222222141,-0.0037043055555541216,0.889256504409882,-0.17576643457609648,0.02244552777777553,1.0650229389859784
flash_mob-long_rides,flash_mob+long_rides,students_drivers,passengers_ratings_count,-0.4677502222222223,-0.5406716666666667,-0.8072286326250537,-0.9330741696047602,0.07292144444444437,0.12584553697970646
flash_mob-long_rides,flash_mob+long_rides,students_drivers,passengers_reject,0.9141159722222216,0.41152841666666795,0.5081533423062393,0.22876696911311054,0.5025875555555537,0.27938637319312876
flash_mob-long_rides,flash_mob+long_rides,students_drivers,passengers_unassigned,6.0879164722222185,4.435059611111111,0.7571443015599711,0.5515811734528981,1.6528568611111076,0.205563128107073
flash_mob-long_rides,flash_mob+long_rides,students_drivers,rides_dispatched,-0.12932844444444447,-0.151300916666667,-0.14300137822173772,-0.16729683638033654,0.02197247222222254,0.02429545815859882
flash_mob-long_rides,flash_mob+long_rides,students_drivers,rides_duration_avg,322.92593827777773,127.07917152777793,1.3817711878432262,0.5437604013122856,195.8467667499998,0.8380107865309405
flash_mob-long_rides,flash_mob+long_rides,students_drivers,rides_in_progress,684.7463983333332,101.27941669444454,0.8288522417180086,0.12259381249964318,583.4669816388887,0.7062584292183655
flash_mob-long_rides,flash_mob+long_rides,students_drivers,rides_length_avg,1057.1551099722237,1307.3759676944474,0.9137829974796481,1.130068728158611,-250.22085772222363,-0.21628573067896295
flash_mob-long_rides,flash_mob+long_rides,students_drivers,rides_not_served,0.2327360555555555,0.2888281388888888,1.8650150750772685,2.3145052959175256,-0.05609208333333332,-0.44949022084025714
flash_mob-long_rides,flash_mob+long_rides,students_drivers,rides_offers_generated,2.2447869444444706,-0.44537511111113304,0.07601795762177524,-0.01508228048369116,2.6901620555556036,0.0911002381054664
flash_mob-long_rides,flash_mob+long_rides,students_drivers,rides_offers_lyft,0.5373796111111133,-1.0451394166666717,0.048081914909004736,-0.09351360464962474,1.582519027777785,0.14159551955862948
flash_mob-long_rides,flash_mob+long_rides,students_drivers,rides_offers_price_lyft_avg,8.136468527777776,8.500568027777781,15.199404087236982,15.87956347205703,-0.36409950000000535,-0.6801593848200476
flash_mob-long_rides,flash_mob+long_rides,students_drivers,rides_offers_price_no_surge_avg,8.086129611111112,8.605772222222221,13.637094820784448,14.513461624366819,-0.5196426111111094,-0.8763668035823713
flash_mob-long_rides,flash_mob+long_rides,students_drivers,rides_offers_price_uber_avg,8.054492916666668,8.681987361111101,12.883421183270087,13.887118784296145,-0.6274944444444337,-1.003697601026058
flash_mob-long_rides,flash_mob+long_rides,students_drivers,rides_offers_radius_avg,666.6046283611115,822.3195437499999,1.4060477371354618,1.734492207974301,-155.71491538888836,-0.3284444708388392
flash_mob-long_rides,flash_mob+long_rides,students_drivers,rides_offers_surge_lyft_avg,0.0,0.0,,,0.0,
flash_mob-long_rides,flash_mob+long_rides,students_drivers,rides_offers_surge_uber_avg,0.0,0.0,,,0.0,
flash_mob-long_rides,flash_mob+long_rides,students_drivers,rides_offers_uber,1.7075880000000012,0.601023083333331,0.09082027691104605,0.03196619023925197,1.1065649166666702,0.05885408667179408
flash_mob-long_rides,flash_mob+long_rides,students_drivers,rides_partial_acceptances,0.14095358333333508,-0.11985202777777904,0.06537879991572426,-0.055591220586756834,0.2608056111111141,0.1209700205024811
flash_mob-long_rides,flash_mob+long_rides,students_drivers,rides_waiting_duration_avg,34.64048572222225,6.51141697222215,0.1502177046159007,0.028236616518825197,28.1290687500001,0.1219810880970755
flash_mob-long_rides,flash_mob+long_rides,students_drivers,traffic_duration_avg,215.714154361111,70.62857313888912,1.4212691279015608,0.46534827928814615,145.0855812222219,0.9559208486134146
flash_mob-long_rides,flash_mob+long_rides,students_drivers,traffic_length_avg,131.94898947222146,62.344253972222305,1.6550363979146179,0.7819840829215543,69.60473549999915,0.8730523149930636
flash_mob-long_rides,flash_mob+long_rides,students_drivers,traffic_speed_avg,-0.9001415277777776,-0.8231923611111114,-0.9245977959449568,-0.8455579697573519,-0.07694916666666618,-0.07903982618760497
flash_mob-long_rides,flash_mob+long_rides,managers_drivers,drivers_accept,-0.13142094444444474,-0.2035874166666667,-0.14531510267125405,-0.22511119883176733,0.07216647222222194,0.07979609616051328
flash_mob-long_rides,flash_mob+long_rides,managers_drivers,drivers_acceptance_rate,-0.22407513888888886,-0.2409587222222218,-1.1079990514203297,-1.1914844144582397,0.016883583333332952,0.08348536303790999
flash_mob-long_rides,flash_mob+long_rides,managers_drivers,drivers_busy,807.6833935000004,-122.56444694444372,0.8305548344252993,-0.12603514540177402,930.2478404444441,0.9565899798270734
flash_mob-long_rides,flash_mob+long_rides,managers_drivers,drivers_change_provider,0.04880994444444442,0.054433611111111224,0.1812179033321062,0.2020970314272419,-0.0056236666666668045,-0.0208791280951357
flash_mob-long_rides,flash_mob+long_rides,managers_drivers,drivers_change_zone,0.07136116666666648,0.07743513888888831,0.13719592823343435,0.14887348755620078,-0.006073972222221835,-0.011677559322766429
flash_mob-long_rides,flash_mob+long_rides,managers_drivers,drivers_demand_pressure,0.0,0.0,,,0.0,
flash_mob-long_rides,flash_mob+long_rides,managers_drivers,drivers_idle,-1234.735980722222,-262.7073187500009,-0.3747207017758694,-0.0797270609916759,-972.028661972221,-0.29499364078419354
flash_mob-long_rides,flash_mob+long_rides,managers_drivers,drivers_idle_duration_avg,74.69802141666673,6.69499736111095,0.6294600933777801,0.056416938282499274,68.00302405555578,0.5730431550952808
flash_mob-long_rides,flash_mob+long_rides,managers_drivers,drivers_occupied_distance_avg,-847.6927972500007,-521.2831421666679,-0.7623677308104968,-0.4688130505444941,-326.40965508333284,-0.2935546802660027
flash_mob-long_rides,flash_mob+long_rides,managers_drivers,drivers_occupied_duration_avg,-83.67906788888888,-71.64083583333331,-0.6974040711919671,-0.5970741767834173,-12.038232055555568,-0.10032989440854978
flash_mob-long_rides,flash_mob+long_rides,managers_drivers,drivers_passengers_served,-0.059708388888889186,-0.13176930555555577,-0.06933656417332225,-0.15301754210331825,0.07206091666666659,0.083680977929996
flash_mob-long_rides,flash_mob+long_rides,managers_drivers,drivers_pickup,252.03845288888897,263.4375121666667,0.8816484065100111,0.9215231253585527,-11.399059277777724,-0.03987471884854166
flash_mob-long_rides,flash_mob+long_rides,managers_drivers,drivers_pickup_accept,0.2612590555555554,0.33519894444444454,0.7192523216400185,0.9228105739350465,-0.07393988888888914,-0.203558252295028
flash_mob-long_rides,flash_mob+long_rides,managers_drivers,drivers_pickup_reject,0.10541713888888882,0.12040508333333327,1.2927797467457516,1.4765839291335032,-0.014987944444444457,-0.18380418238775165
flash_mob-long_rides,flash_mob+long_rides,managers_drivers,drivers_reject,0.11564797222222234,0.08244758333333335,0.2550550587453648,0.1818334797093479,0.03320038888888899,0.07322157903601692
flash_mob-long_rides,flash_mob+long_rides,managers_drivers,drivers_removed,0.021981555555555587,-0.010912055555555633,0.1446473765965235,-0.07180566477187825,0.03289361111111122,0.21645304136840174
flash_mob-long_rides,flash_mob+long_rides,managers_drivers,drivers_shift_duration_avg,-435.24742786111165,-411.0143061666663,-0.465816795530176,-0.43988167364129627,-24.233121694445344,-0.025935121888879753
flash_mob-long_rides,flash_mob+long_rides,managers_drivers,drivers_starting,-0.011416138888888816,-0.006054249999999928,-0.07333409704244677,-0.03889081600534407,-0.005361888888888888,-0.0344432810371027
flash_mob-long_rides,flash_mob+long_rides,managers_drivers,drivers_total_length_avg,-4198.955360194443,-3003.092708,-0.7023245259480726,-0.5023024732576687,-1195.8626521944425,-0.20002205269040385
flash_mob-long_rides,flash_mob+long_rides,managers_drivers,drivers_waiting,-0.07146783333333362,-0.17582908333333425,-0.06648881818365095,-0.16357943718010234,0.10436125000000063,0.0970906189964514
flash_mob-long_rides,flash_mob+long_rides,managers_drivers,failed_requests,0.11550663402830078,0.09345058194203101,2.6727301339356213,2.162370919137766,0.022056052086269762,0.5103592147978553
flash_mob-long_rides,flash_mob+long_rides,managers_drivers,passengers_accept,0.35075452777777727,0.23681058333333382,0.1027124588446673,0.06934592533618539,0.11394394444444345,0.03336653350848191
flash_mob-long_rides,flash_mob+long_rides,managers_drivers,passengers_acceptance_rate,-0.17303522222222223,-0.19443708333333332,-1.4882766953949058,-1.6723541954592513,0.021401861111111087,0.18407750006434553
flash_mob-long_rides,flash_mob+long_rides,managers_drivers,passengers_arrivals,-0.5338657222222221,-0.8157733333333337,-0.6980739709597883,-1.0666916913726496,0.2819076111111116,0.36861772041286134
flash_mob-long_rides,flash_mob+long_rides,managers_drivers,passengers_cancel,0.061667416666666655,0.03469516666666666,4.159410270245963,2.3401569315167037,0.026972249999999996,1.819253338729259
flash_mob-long_rides,flash_mob+long_rides,managers_drivers,passengers_change_provider,0.6289906111111114,0.569708388888889,0.5515700207263476,0.4995846715618289,0.05928222222222246,0.051985349164518746
flash_mob-long_rides,flash_mob+long_rides,managers_drivers,passengers_departures,-0.4151803055555561,-0.7019030000000006,-0.561936187369852,-0.9500082023295365,0.28672269444444454,0.3880720149596846
flash_mob-long_rides,flash_mob+long_rides,managers_drivers,passengers_drivers_ratio,0.07928836111111115,0.04656441666666669,1.1336357584205172,0.6657608640611478,0.03272394444444446,0.46787489435936946
flash_mob-long_rides,flash_mob+long_rides,managers_drivers,passengers_new,-0.0016620833333331753,0.004245027777777466,-0.0018130445713668822,0.004630588860046198,-0.005907111111110641,-0.00644363343141308
flash_mob-long_rides,flash_mob+long_rides,managers_drivers,passengers_no_ratings_count,-0.13271374999999996,-0.1931124722222224,-0.7161135842438958,-1.0420206244285575,0.06039872222222242,0.32590704018466166
flash_mob-long_rides,flash_mob+long_rides,managers_drivers,passengers_offers_discarded,4.414527722222218,3.073304611111112,0.16492361491612312,0.11481647371956867,1.3412231111111055,0.05010714119655445
flash_mob-long_rides,flash_mob+long_rides,managers_drivers,passengers_pickup_accept,0.27489822222222215,0.36096733333333286,0.690975295093659,0.9073158336671423,-0.08606911111111071,-0.21634053857348334
flash_mob-long_rides,flash_mob+long_rides,managers_drivers,passengers_pickup_reject,0.09175025,0.09495374999999992,1.8567265467947038,1.9215549640759284,-0.0032034999999999147,-0.06482841728122457
flash_mob-long_rides,flash_mob+long_rides,managers_drivers,passengers_rating_avg,0.009107833333334092,0.005643305555556033,0.43215964981970506,0.26777048541158577,0.003464527777778059,0.1643891644081193
flash_mob-long_rides,flash_mob+long_rides,managers_drivers,passengers_ratings_count,-0.4045504166666667,-0.6256381111111109,-0.6981603944991442,-1.0797065890230804,0.2210876944444442,0.3815461945239361
flash_mob-long_rides,flash_mob+long_rides,managers_drivers,passengers_reject,1.2807962777777782,1.1622925000000004,0.7119894292886823,0.6461136623361553,0.11850377777777776,0.06587576695252695
flash_mob-long_rides,flash_mob+long_rides,managers_drivers,passengers_unassigned,5.5375783888888925,5.511544916666672,0.6886996463764605,0.6854619056431881,0.02603347222222041,0.0032377407332724317
flash_mob-long_rides,flash_mob+long_rides,managers_drivers,rides_dispatched,-0.13142094444444474,-0.2035874166666667,-0.14531510267125405,-0.22511119883176733,0.07216647222222194,0.07979609616051328
flash_mob-long_rides,flash_mob+long_rides,managers_drivers,rides_duration_avg,337.57657102777785,13.890063138888877,1.4444599341408648,0.0594343370030882,323.68650788888897,1.3850255971377767
flash_mob-long_rides,flash_mob+long_rides,managers_drivers,rides_in_progress,667.1202038055558,-47.507180111110756,0.8075165897410643,-0.05750513303704441,714.6273839166665,0.8650217227781087
flash_mob-long_rides,flash_mob+long_rides,managers_drivers,rides_length_avg,1215.7475109166671,1131.3290199444436,1.0508669865229543,0.9778973901074068,84.41849097222348,0.07296959641554746
flash_mob-long_rides,flash_mob+long_rides,managers_drivers,rides_not_served,0.23054641666666675,0.20804674999999984,1.8474685478449286,1.667168948724453,0.022499666666666918,0.18029959912047566
flash_mob-long_rides,flash_mob+long_rides,managers_drivers,rides_offers_generated,5.1308751111111235,3.6543933333333456,0.17375308054261324,0.12375317766086741,1.476481777777778,0.04999990288174583
flash_mob-long_rides,flash_mob+long_rides,managers_drivers,rides_offers_lyft,0.7827776944444409,2.8150829722222355,0.07003885097003107,0.2518788899569741,-2.0323052777777946,-0.18184003898694304
flash_mob-long_rides,flash_mob+long_rides,managers_drivers,rides_offers_price_lyft_avg,8.276548277777774,8.634398833333325,15.461081339157799,16.12956732643373,-0.3578505555555509,-0.6684859872759308
flash_mob-long_rides,flash_mob+long_rides,managers_drivers,rides_offers_price_no_surge_avg,8.371596777777778,8.715403583333327,14.118529451105577,14.698352708075083,-0.3438068055555483,-0.5798232569695063
flash_mob-long_rides,flash_mob+long_rides,managers_drivers,rides_offers_price_uber_avg,8.444309805555555,8.730172861111118,13.50694586891671,13.964193045562439,-0.2858630555555628,-0.4572471766457298
flash_mob-long_rides,flash_mob+long_rides,managers_drivers,rides_offers_radius_avg,506.2321278888887,773.9322455000001,1.067779171640936,1.632430433549214,-267.7001176111114,-0.564651261908278
flash_mob-long_rides,flash_mob+long_rides,managers_drivers,rides_offers_surge_lyft_avg,0.0,0.0,,,0.0,
flash_mob-long_rides,flash_mob+long_rides,managers_drivers,rides_offers_surge_uber_avg,0.0,0.0,,,0.0,
flash_mob-long_rides,flash_mob+long_rides,managers_drivers,rides_offers_uber,4.347787138888876,0.8394866388888786,0.23124268377628096,0.044649182945190075,3.508300499999997,0.18659350083109089
flash_mob-long_rides,flash_mob+long_rides,managers_drivers,rides_partial_acceptances,0.36619449999999976,0.3561296388888877,0.1698527726614852,0.16518436675649445,0.010064861111112045,0.004668405904990763
flash_mob-long_rides,flash_mob+long_rides,managers_drivers,rides_waiting_duration_avg,6.59493205555566,-84.81367180555537,0.028598777841266403,-0.3677926227952307,91.40860386111103,0.3963914006364971
flash_mob-long_rides,flash_mob+long_rides,managers_drivers,traffic_duration_avg,188.4037102777777,-61.43470508333314,1.241329655872547,-0.4047729272809354,249.83841536111083,1.6461025831534823
flash_mob-long_rides,flash_mob+long_rides,managers_drivers,traffic_length_avg,86.43169224999974,-103.56116400000064,1.084112861942148,-1.2989678550474195,189.9928562500004,2.383080716989568
flash_mob-long_rides,flash_mob+long_rides,managers_drivers,traffic_speed_avg,-0.8508178611111124,-0.499322583333333,-0.8739340368797479,-0.5128888577725048,-0.35149527777777934,-0.3610451791072431
flash_mob-wildcat_strike,flash_mob+wildcat_strike,baseline,drivers_accept,-0.14615672222222287,-0.1759808333333348,-0.16160878454799488,-0.19458597693168056,0.02982411111111194,0.03297719238368568
flash_mob-wildcat_strike,flash_mob+wildcat_strike,baseline,drivers_acceptance_rate,-0.2673137222222217,-0.250616722222222,-1.3218037133549487,-1.2392409611759192,-0.01669699999999974,-0.08256275217902953
flash_mob-wildcat_strike,flash_mob+wildcat_strike,baseline,drivers_busy,-243.8260073333331,-559.3043451666663,-0.25073050997342095,-0.5751423534663163,315.47833783333317,0.3244118434928953
flash_mob-wildcat_strike,flash_mob+wildcat_strike,baseline,drivers_change_provider,0.06793544444444455,-0.0174076666666666,0.25222562623830813,-0.06462988006118438,0.08534311111111115,0.3168555062994925
flash_mob-wildcat_strike,flash_mob+wildcat_strike,baseline,drivers_change_zone,-0.08736122222222198,-0.15537005555555505,-0.1679569510175017,-0.2987078265016878,0.06800883333333307,0.13075087548418612
flash_mob-wildcat_strike,flash_mob+wildcat_strike,baseline,drivers_demand_pressure,0.0,0.0,,,0.0,
flash_mob-wildcat_strike,flash_mob+wildcat_strike,baseline,drivers_idle,-1006.565677333334,-851.6966266111122,-0.3054750188564437,-0.2584749797581668,-154.8690507222218,-0.04700003909827688
flash_mob-wildcat_strike,flash_mob+wildcat_strike,baseline,drivers_idle_duration_avg,-143.25709299999983,-133.4359188333334,-1.2071889111200649,-1.1244285234848184,-9.821174166666424,-0.08276038763524651
flash_mob-wildcat_strike,flash_mob+wildcat_strike,baseline,drivers_occupied_distance_avg,-224.3288449999991,-815.8104423333334,-0.20174888010467734,-0.733694514936107,591.4815973333343,0.5319456348314298
flash_mob-wildcat_strike,flash_mob+wildcat_strike,baseline,drivers_occupied_duration_avg,-31.030557055555505,-102.46093200000007,-0.25861708749712964,-0.8539372260910612,71.43037494444457,0.5953201385939315
flash_mob-wildcat_strike,flash_mob+wildcat_strike,baseline,drivers_passengers_served,0.5834260555555564,0.23858316666666646,0.6775054375808781,0.277055491767524,0.3448428888888899,0.40044994581335414
flash_mob-wildcat_strike,flash_mob+wildcat_strike,baseline,drivers_pickup,421.40133333333335,469.3515743333335,1.4740917894711694,1.6418251376363326,-47.95024100000012,-0.16773334816516328
flash_mob-wildcat_strike,flash_mob+wildcat_strike,baseline,drivers_pickup_accept,0.4042220000000001,0.521748833333334,1.1128326684781562,1.4363868034735832,-0.11752683333333391,-0.32355413499542696
flash_mob-wildcat_strike,flash_mob+wildcat_strike,baseline,drivers_pickup_reject,0.12262044444444448,0.11568555555555562,1.5037519400125636,1.4187061495843374,0.006934888888888852,0.08504579042822624
flash_mob-wildcat_strike,flash_mob+wildcat_strike,baseline,drivers_reject,0.11341655555555596,0.08209188888888908,0.25013379555271353,0.18104901573925072,0.03132466666666689,0.06908477981346281
flash_mob-wildcat_strike,flash_mob+wildcat_strike,baseline,drivers_removed,0.1086758888888888,0.061335111111111174,0.7151305642288845,0.40360942122843635,0.04734077777777762,0.3115211430004482
flash_mob-wildcat_strike,flash_mob+wildcat_strike,baseline,drivers_shift_duration_avg,-251.6410993333334,-316.87657488888954,-0.26931497583151437,-0.3391322297266324,65.23547555555615,0.069817253895118
flash_mob-wildcat_strike,flash_mob+wildcat_strike,baseline,drivers_starting,-0.24808300000000005,-0.23352961111111117,-1.5936161055545923,-1.5001291881772123,-0.01455338888888888,-0.09348691737738002
flash_mob-wildcat_strike,flash_mob+wildcat_strike,baseline,drivers_total_length_avg,-691.0549502222239,-1653.8096988888938,-0.11558704455872502,-0.27661906668297626,962.7547486666699,0.16103202212425122
flash_mob-wildcat_strike,flash_mob+wildcat_strike,baseline,drivers_waiting,-0.06843477777777718,-0.03091711111111195,-0.06366706929371718,-0.028763180350560257,-0.03751766666666523,-0.03490388894315692
flash_mob-wildcat_strike,flash_mob+wildcat_strike,baseline,failed_requests,0.10207037825403667,0.05662501840058998,2.361826037411232,1.310257149185341,0.04544535985344669,1.0515688882258911
flash_mob-wildcat_strike,flash_mob+wildcat_strike,baseline,passengers_accept,0.005315333333332006,-0.3673971111111154,0.0015565043727431014,-0.10758595446715985,0.3727124444444474,0.10914245883990295
flash_mob-wildcat_strike,flash_mob+wildcat_strike,baseline,passengers_acceptance_rate,-0.14000900000000005,-0.15212811111111124,-1.2042180150925657,-1.3084545422223113,0.012119111111111192,0.10423652712974563
flash_mob-wildcat_strike,flash_mob+wildcat_strike,baseline,passengers_arrivals,-0.6385366666666665,-0.7257308333333334,-0.8349399632701731,-0.9489536105898888,0.0871941666666669,0.11401364731971575
flash_mob-wildcat_strike,flash_mob+wildcat_strike,baseline,passengers_cancel,0.01091683333333332,-0.06116683333333339,0.73633032060794,-4.125646386977835,0.07208366666666671,4.861976707585775
flash_mob-wildcat_strike,flash_mob+wildcat_strike,baseline,passengers_change_provider,0.1516757777777773,0.1284917222222206,0.13300645576376496,0.11267605690342289,0.023184055555556693,0.020330398860342075
flash_mob-wildcat_strike,flash_mob+wildcat_strike,baseline,passengers_departures,-0.5550558333333335,-0.7898430555555556,-0.7512542251814318,-1.0690328739595085,0.23478722222222204,0.3177786487780767
flash_mob-wildcat_strike,flash_mob+wildcat_strike,baseline,passengers_drivers_ratio,0.08439644444444452,0.046490000000000004,1.2066692508841053,0.6646968819939992,0.03790644444444452,0.541972368890106
flash_mob-wildcat_strike,flash_mob+wildcat_strike,baseline,passengers_new,0.014628944444444958,0.02173133333333377,0.015957640497266178,0.023705114622352697,-0.007102388888888811,-0.007747474125086518
flash_mob-wildcat_strike,flash_mob+wildcat_strike,baseline,passengers_no_ratings_count,-0.13523011111111105,-0.15223061111111097,-0.7296916827795012,-0.8214251240313557,0.01700049999999992,0.09173344125185445
flash_mob-wildcat_strike,flash_mob+wildcat_strike,baseline,passengers_offers_discarded,-0.1874632777777805,-2.8680008888888864,-0.007003494684041445,-0.10714647272395125,2.680537611111106,0.1001429780399098
flash_mob-wildcat_strike,flash_mob+wildcat_strike,baseline,passengers_pickup_accept,0.4377501666666668,0.5060011111111113,1.1003146842662526,1.2718680544433723,-0.06825094444444457,-0.1715533701771197
flash_mob-wildcat_strike,flash_mob+wildcat_strike,baseline,passengers_pickup_reject,0.08888927777777778,0.13020283333333335,1.7988297773075117,2.634881726402777,-0.041313555555555576,-0.8360519490952654
flash_mob-wildcat_strike,flash_mob+wildcat_strike,baseline,passengers_rating_avg,0.00793422222222162,0.021534166666667964,0.37647270999104054,1.0217795588953411,-0.013599944444446344,-0.6453068489043006
flash_mob-wildcat_strike,flash_mob+wildcat_strike,baseline,passengers_ratings_count,-0.5053615000000002,-0.573158111111111,-0.8721369937319624,-0.9891382544129977,0.0677966111111108,0.11700126068103534
flash_mob-wildcat_strike,flash_mob+wildcat_strike,baseline,passengers_reject,0.34478683333333304,0.20735088888888864,0.19166559502903557,0.11526551380883643,0.1374359444444444,0.07640008122019915
flash_mob-wildcat_strike,flash_mob+wildcat_strike,baseline,passengers_unassigned,5.8901018333333255,2.976120666666656,0.7325424156301534,0.3701353022504593,2.9139811666666695,0.3624071133796941
flash_mob-wildcat_strike,flash_mob+wildcat_strike,baseline,rides_dispatched,-0.14615672222222287,-0.1759808333333348,-0.16160878454799488,-0.19458597693168056,0.02982411111111194,0.03297719238368568
flash_mob-wildcat_strike,flash_mob+wildcat_strike,baseline,rides_duration_avg,109.91625527777774,19.37373972222224,0.4703218187688884,0.08289849831113029,90.5425155555555,0.3874233204577581
flash_mob-wildcat_strike,flash_mob+wildcat_strike,baseline,rides_in_progress,69.14059277777778,-39.0279268888894,0.08369132785080524,-0.047241409038730545,108.16851966666718,0.13093273688953577
flash_mob-wildcat_strike,flash_mob+wildcat_strike,baseline,rides_length_avg,-598.3672885555552,-453.59785033333264,-0.517216300022833,-0.39208059386744865,-144.76943822222256,-0.12513570615538439
flash_mob-wildcat_strike,flash_mob+wildcat_strike,baseline,rides_not_served,0.27898172222222234,0.22373233333333337,2.2356016835185373,1.7928643391882,0.05524938888888897,0.4427373443303373
flash_mob-wildcat_strike,flash_mob+wildcat_strike,baseline,rides_offers_generated,0.00575005555553787,-2.9389262777777816,0.00019472114296882837,-0.09952444430886595,2.9446763333333195,0.09971916545183478
flash_mob-wildcat_strike,flash_mob+wildcat_strike,baseline,rides_offers_lyft,1.6999540000000053,1.478657444444444,0.15210298620786677,0.13230252870283085,0.22129655555556127,0.019800457505035923
flash_mob-wildcat_strike,flash_mob+wildcat_strike,baseline,rides_offers_price_lyft_avg,2.488545388888891,2.7666661666666705,4.6487498631649125,5.1682959134039415,-0.27812077777777944,-0.519546050239029
flash_mob-wildcat_strike,flash_mob+wildcat_strike,baseline,rides_offers_price_no_surge_avg,2.942321777777771,3.310876444444446,4.962166451262338,5.583726477837948,-0.36855466666667525,-0.6215600265756107
flash_mob-wildcat_strike,flash_mob+wildcat_strike,baseline,rides_offers_price_uber_avg,3.2048839999999963,3.5864685000000023,5.126315317763174,5.736672031881699,-0.381584500000006,-0.6103567141185247
flash_mob-wildcat_strike,flash_mob+wildcat_strike,baseline,rides_offers_radius_avg,776.9612974444442,864.5686638888883,1.638819515549173,1.8236069204138132,-87.6073664444441,-0.1847874048646403
flash_mob-wildcat_strike,flash_mob+wildcat_strike,baseline,rides_offers_surge_lyft_avg,0.0,0.0,,,0.0,
flash_mob-wildcat_strike,flash_mob+wildcat_strike,baseline,rides_offers_surge_uber_avg,0.0,0.0,,,0.0,
flash_mob-wildcat_strike,flash_mob+wildcat_strike,baseline,rides_offers_uber,-1.6940185555555445,-4.415176388888902,-0.09009856845328305,-0.23482686821997,2.7211578333333577,0.14472829976668694
flash_mob-wildcat_strike,flash_mob+wildcat_strike,baseline,rides_partial_acceptances,0.036268444444445436,-0.2780095555555535,0.016822469613847563,-0.12894976259200508,0.31427799999999895,0.14577223220585264
flash_mob-wildcat_strike,flash_mob+wildcat_strike,baseline,rides_waiting_duration_avg,-50.83917277777789,-136.68322194444443,-0.22046295483523765,-0.5927237863996951,85.84404916666654,0.3722608315644575
flash_mob-wildcat_strike,flash_mob+wildcat_strike,baseline,traffic_duration_avg,160.6421788888888,136.2472336666665,1.0584181189678035,0.8976879034477185,24.394945222222304,0.16073021552008493
flash_mob-wildcat_strike,flash_mob+wildcat_strike,baseline,traffic_length_avg,22.005377277777825,6.42419266666775,0.2760134843793771,0.0805786594734752,15.581184611110075,0.19543482490590192
flash_mob-wildcat_strike,flash_mob+wildcat_strike,baseline,traffic_speed_avg,-1.1117454444444448,-1.419583666666667,-1.1419508553536564,-1.458152844697434,0.30783822222222224,0.3162019893437775
flash_mob-wildcat_strike,flash_mob+wildcat_strike,bank_tellers,drivers_accept,-0.12383250000000023,-0.11160161111111089,-0.1369243884801404,-0.12340041874941776,-0.012230888888889346,-0.013523969730722646
flash_mob-wildcat_strike,flash_mob+wildcat_strike,bank_tellers,drivers_acceptance_rate,-0.03062072222222234,-0.005394666666666215,-0.1514122956445041,-0.026675362465619024,-0.025226055555556126,-0.12473693317888507
flash_mob-wildcat_strike,flash_mob+wildcat_strike,bank_tellers,drivers_busy,87.71396911111196,-87.47561222222203,0.09019779492577296,-0.08995268840510001,175.189581333334,0.18015048333087297
flash_mob-wildcat_strike,flash_mob+wildcat_strike,bank_tellers,drivers_change_provider,-0.015500666666666496,-0.035684944444444255,-0.057549713394580426,-0.13248838707664068,0.02018427777777776,0.07493867368206025
flash_mob-wildcat_strike,flash_mob+wildcat_strike,bank_tellers,drivers_change_zone,-0.17014788888888854,-0.163600999999999,-0.32711905709319555,-0.31453228840501035,-0.006546888888889546,-0.012586768688185201
flash_mob-wildcat_strike,flash_mob+wildcat_strike,bank_tellers,drivers_demand_pressure,0.0,0.0,,,0.0,
flash_mob-wildcat_strike,flash_mob+wildcat_strike,bank_tellers,drivers_idle,-1291.4460013333319,-935.7339415555571,-0.3919311978275754,-0.28397883007353764,-355.7120597777748,-0.10795236775403777
flash_mob-wildcat_strike,flash_mob+wildcat_strike,bank_tellers,drivers_idle_duration_avg,11.427158277777721,122.36594527777788,0.09629358288421463,1.0311448399840022,-110.93878700000016,-0.9348512570997876
flash_mob-wildcat_strike,flash_mob+wildcat_strike,bank_tellers,drivers_occupied_distance_avg,-688.8443252777779,-778.0965056111118,-0.6195082544612323,-0.6997766988922233,89.25218033333385,0.08026844443099102
flash_mob-wildcat_strike,flash_mob+wildcat_strike,bank_tellers,drivers_occupied_duration_avg,-60.78537555555556,-75.85822588888897,-0.5066018235010245,-0.6322230505549853,15.072850333333406,0.12562122705396084
flash_mob-wildcat_strike,flash_mob+wildcat_strike,bank_tellers,drivers_passengers_served,0.2501947222222225,0.3284354444444446,0.29053944907925316,0.38139674665972234,-0.07824072222222211,-0.09085729758046918
flash_mob-wildcat_strike,flash_mob+wildcat_strike,bank_tellers,drivers_pickup,352.76113599999996,481.092528611111,1.2339835047716725,1.6828958294742677,-128.33139261111103,-0.44891232470259523
flash_mob-wildcat_strike,flash_mob+wildcat_strike,bank_tellers,drivers_pickup_accept,0.4050741111111108,0.6881382777777775,1.1151785503985296,1.8944608555234663,-0.2830641666666667,-0.7792823051249367
flash_mob-wildcat_strike,flash_mob+wildcat_strike,bank_tellers,drivers_pickup_reject,0.09958349999999999,0.11708211111111111,1.2212391008425003,1.4358327644446622,-0.017498611111111118,-0.21459366360216192
flash_mob-wildcat_strike,flash_mob+wildcat_strike,bank_tellers,drivers_reject,-0.03623199999999982,-0.04511216666666673,-0.07990762579654015,-0.09949233089178558,0.008880166666666911,0.01958470509524543
flash_mob-wildcat_strike,flash_mob+wildcat_strike,bank_tellers,drivers_removed,0.04428622222222223,0.034368388888889045,0.2914209527903993,0.22615766559662193,0.009917833333333181,0.06526328719377739
flash_mob-wildcat_strike,flash_mob+wildcat_strike,bank_tellers,drivers_shift_duration_avg,-470.87960677777755,-509.41334083333277,-0.5039515812594916,-0.5451917112834156,38.533734055555215,0.041240130023924015
flash_mob-wildcat_strike,flash_mob+wildcat_strike,bank_tellers,drivers_starting,-0.26038872222222226,-0.27170438888888887,-1.6726646381981607,-1.7453533296646744,0.011315666666666613,0.07268869146651369
flash_mob-wildcat_strike,flash_mob+wildcat_strike,bank_tellers,drivers_total_length_avg,-3923.3986869999935,-5162.177614388886,-0.6562344408502979,-0.863434743854371,1238.778927388892,0.2072003030040731
flash_mob-wildcat_strike,flash_mob+wildcat_strike,bank_tellers,drivers_waiting,-0.11358255555555674,-0.10463000000000111,-0.10566949539304835,-0.09734064574349921,-0.00895255555555563,-0.008328849649549136
flash_mob-wildcat_strike,flash_mob+wildcat_strike,bank_tellers,failed_requests,0.09710655264033638,0.11776028213090317,2.246967125549186,2.724877729143326,-0.02065372949056679,-0.47791060359414006
flash_mob-wildcat_strike,flash_mob+wildcat_strike,bank_tellers,passengers_accept,-0.47785188888888896,-0.45233244444444765,-0.13993074524883206,-0.13245781281416052,-0.02551944444444132,-0.0074729324346715365
flash_mob-wildcat_strike,flash_mob+wildcat_strike,bank_tellers,passengers_acceptance_rate,-0.10484572222222233,-0.0975519444444446,-0.9017785107056763,-0.839044696464579,-0.007293777777777732,-0.06273381424109725
flash_mob-wildcat_strike,flash_mob+wildcat_strike,bank_tellers,passengers_arrivals,-0.6235277777777777,-0.8750650555555548,-0.8153145888918576,-1.1442205647463215,0.2515372777777771,0.3289059758544639
flash_mob-wildcat_strike,flash_mob+wildcat_strike,bank_tellers,passengers_cancel,-0.000693833333333331,-0.0054165000000000185,-0.04679841719501754,-0.36533791987049935,0.0047226666666666875,0.3185395026754818
flash_mob-wildcat_strike,flash_mob+wildcat_strike,bank_tellers,passengers_change_provider,0.06707383333333317,0.05825944444444309,0.0588179139534514,0.05108846207252918,0.008814388888890079,0.007729451880922222
flash_mob-wildcat_strike,flash_mob+wildcat_strike,bank_tellers,passengers_departures,-0.48453677777777826,-0.7609903333333339,-0.6558084425044669,-1.0299814341300075,0.2764535555555556,0.37417299162554063
flash_mob-wildcat_strike,flash_mob+wildcat_strike,bank_tellers,passengers_drivers_ratio,0.07176961111111116,0.05372000000000002,1.0261354426215847,0.7680687567373123,0.01804961111111114,0.2580666858842724
flash_mob-wildcat_strike,flash_mob+wildcat_strike,bank_tellers,passengers_new,0.013740777777777158,0.02052788888888868,0.014988804746869852,0.022392365512133784,-0.006787111111111521,-0.007403560765263932
flash_mob-wildcat_strike,flash_mob+wildcat_strike,bank_tellers,passengers_no_ratings_count,-0.15174983333333342,-0.1519638333333334,-0.8188308826835745,-0.8199856108637984,0.00021399999999999197,0.0011547281802238851
flash_mob-wildcat_strike,flash_mob+wildcat_strike,bank_tellers,passengers_offers_discarded,-3.445277444444457,-3.223166666666671,-0.1287131141269023,-0.12041521349337667,-0.22211077777778598,-0.008297900633525646
flash_mob-wildcat_strike,flash_mob+wildcat_strike,bank_tellers,passengers_pickup_accept,0.3683696666666668,0.6425173888888892,0.9259220997173002,1.6150109622441147,-0.2741477222222224,-0.6890888625268144
flash_mob-wildcat_strike,flash_mob+wildcat_strike,bank_tellers,passengers_pickup_reject,0.13631450000000003,0.16239038888888904,2.758561975177688,3.286253127313724,-0.02607588888888901,-0.5276911521360357
flash_mob-wildcat_strike,flash_mob+wildcat_strike,bank_tellers,passengers_rating_avg,0.01158405555555575,0.009851888888888993,0.5496544797387485,0.46746451065396694,0.0017321666666667568,0.08218996908478154
flash_mob-wildcat_strike,flash_mob+wildcat_strike,bank_tellers,passengers_ratings_count,-0.47161188888888894,-0.7162702222222224,-0.81389297559036,-1.2361166379089292,0.24465833333333342,0.4222236623185692
flash_mob-wildcat_strike,flash_mob+wildcat_strike,bank_tellers,passengers_reject,0.41816627777777793,0.26953688888888916,0.2324569290436599,0.14983445769003367,0.14862938888888877,0.08262247135362621
flash_mob-wildcat_strike,flash_mob+wildcat_strike,bank_tellers,passengers_unassigned,3.7918151666666695,3.7863615000000017,0.4715819047632864,0.4709036410817599,0.0054536666666678,0.0006782636815264587
flash_mob-wildcat_strike,flash_mob+wildcat_strike,bank_tellers,rides_dispatched,-0.12383250000000023,-0.11160161111111089,-0.1369243884801404,-0.12340041874941776,-0.012230888888889346,-0.013523969730722646
flash_mob-wildcat_strike,flash_mob+wildcat_strike,bank_tellers,rides_duration_avg,101.95617816666663,8.19726327777812,0.4362613612416816,0.03507535590608388,93.75891488888851,0.4011860053355977
flash_mob-wildcat_strike,flash_mob+wildcat_strike,bank_tellers,rides_in_progress,49.679722055555885,-23.17274066666687,0.060134889491788364,-0.02804947655813307,72.85246272222275,0.08818436604992144
flash_mob-wildcat_strike,flash_mob+wildcat_strike,bank_tellers,rides_length_avg,-489.57042638888925,-474.6844323888881,-0.42317454409768007,-0.4103073989744422,-14.88599400000112,-0.012867145123237889
flash_mob-wildcat_strike,flash_mob+wildcat_strike,bank_tellers,rides_not_served,0.27599972222222213,0.3390927777777776,2.2117056226327185,2.717297673949882,-0.06309305555555544,-0.5055920513171634
flash_mob-wildcat_strike,flash_mob+wildcat_strike,bank_tellers,rides_offers_generated,-3.6814352222222197,-3.4552494999999936,-0.12466893011953824,-0.11700932719415016,-0.2261857222222261,-0.007659602925388073
flash_mob-wildcat_strike,flash_mob+wildcat_strike,bank_tellers,rides_offers_lyft,0.7957591111111171,1.7172864444444471,0.07120036018746283,0.1536538026171823,-0.92152733333333,-0.08245344242971948
flash_mob-wildcat_strike,flash_mob+wildcat_strike,bank_tellers,rides_offers_price_lyft_avg,2.6959562222222218,2.6814560000000007,5.036205558119203,5.009118286023472,0.014500222222221026,0.027087272095730697
flash_mob-wildcat_strike,flash_mob+wildcat_strike,bank_tellers,rides_offers_price_no_surge_avg,3.2421369999999996,3.077863833333332,5.467798788461207,5.190755399586309,0.1642731666666677,0.27704338887489754
flash_mob-wildcat_strike,flash_mob+wildcat_strike,bank_tellers,rides_offers_price_uber_avg,3.552550500000006,3.253804388888881,5.682419097002349,5.204565057507895,0.29874611111112515,0.4778540394944537
flash_mob-wildcat_strike,flash_mob+wildcat_strike,bank_tellers,rides_offers_radius_avg,778.5372319999997,903.4144118888889,1.642143583702075,1.9055430092870922,-124.87717988888926,-0.26339942558501717
flash_mob-wildcat_strike,flash_mob+wildcat_strike,bank_tellers,rides_offers_surge_lyft_avg,0.0,0.0,,,0.0,
flash_mob-wildcat_strike,flash_mob+wildcat_strike,bank_tellers,rides_offers_surge_uber_avg,0.0,0.0,,,0.0,
flash_mob-wildcat_strike,flash_mob+wildcat_strike,bank_tellers,rides_offers_uber,-4.478453277777781,-5.1694076111111045,-0.23819233141774226,-0.27494163153358964,0.6909543333333232,0.03674930011584737
flash_mob-wildcat_strike,flash_mob+wildcat_strike,bank_tellers,rides_partial_acceptances,-0.31838866666666377,-0.2974911666666662,-0.1476788914561149,-0.1379859596488568,-0.02089749999999757,-0.00969293180725811
flash_mob-wildcat_strike,flash_mob+wildcat_strike,bank_tellers,rides_waiting_duration_avg,-29.368338499999936,-56.385814555555726,-0.12735515411732973,-0.24451584493804404,27.01747605555579,0.11716069082071431
flash_mob-wildcat_strike,flash_mob+wildcat_strike,bank_tellers,traffic_duration_avg,104.00193627777753,75.84075638888862,0.6852343171980497,0.4996896286730774,28.16117988888891,0.1855446885249723
flash_mob-wildcat_strike,flash_mob+wildcat_strike,bank_tellers,traffic_length_avg,23.8524146666673,23.556037888889477,0.29918087746930155,0.2954634230448233,0.296376777777823,0.0037174544244782393
flash_mob-wildcat_strike,flash_mob+wildcat_strike,bank_tellers,traffic_speed_avg,-0.8223983888888888,-1.2652879444444443,-0.8447424258189217,-1.299665006632016,0.4428895555555554,0.4549225808130942
flash_mob-wildcat_strike,flash_mob+wildcat_strike,students,drivers_accept,-0.16738016666666722,-0.20040744444444503,-0.18507602579724503,-0.221595031816553,0.03302727777777781,0.036519006019307965
flash_mob-wildcat_strike,flash_mob+wildcat_strike,students,drivers_acceptance_rate,-0.21045494444444457,-0.1846319999999999,-1.0406503816864334,-0.9129619728285807,-0.025822944444444662,-0.1276884088578527
flash_mob-wildcat_strike,flash_mob+wildcat_strike,students,drivers_busy,186.94786250000016,-375.49162399999886,0.19224172767995773,-0.3861245459659258,562.439486499999,0.5783662736458836
flash_mob-wildcat_strike,flash_mob+wildcat_strike,students,drivers_change_provider,0.015527777777777696,-0.04376822222222243,0.057650369495883036,-0.1624993749524258,0.059296000000000126,0.22014974444830884
flash_mob-wildcat_strike,flash_mob+wildcat_strike,students,drivers_change_zone,-0.11530483333333286,-0.16803622222222137,-0.2216801431072654,-0.32305925703686694,0.05273138888888851,0.10137911392960156
flash_mob-wildcat_strike,flash_mob+wildcat_strike,students,drivers_demand_pressure,0.0,0.0,,,0.0,
flash_mob-wildcat_strike,flash_mob+wildcat_strike,students,drivers_idle,-1338.1929523888894,-627.0875887222219,-0.4061180771110111,-0.19031007842136635,-711.1053636666675,-0.21580799868964476
flash_mob-wildcat_strike,flash_mob+wildcat_strike,students,drivers_idle_duration_avg,-109.07401594444434,59.70550372222226,-0.9191373340199394,0.5031221876483599,-168.7795196666666,-1.4222595216682992
flash_mob-wildcat_strike,flash_mob+wildcat_strike,students,drivers_occupied_distance_avg,-154.0191110555552,139.92378205555542,-0.13851621787726992,0.12583966332871444,-293.9428931111106,-0.26435588120598436
flash_mob-wildcat_strike,flash_mob+wildcat_strike,students,drivers_occupied_duration_avg,-3.964363722222174,39.76188033333335,-0.03304008361128741,0.33138630630464466,-43.726244055555526,-0.36442638991593207
flash_mob-wildcat_strike,flash_mob+wildcat_strike,students,drivers_passengers_served,0.4376576666666665,0.1232310555555558,0.5082314136335149,0.1431024710376002,0.3144266111111107,0.36512894259591466
flash_mob-wildcat_strike,flash_mob+wildcat_strike,students,drivers_pickup,354.0537421111111,370.84910866666655,1.2385051327417054,1.2972565176622632,-16.79536655555546,-0.05875138492055787
flash_mob-wildcat_strike,flash_mob+wildcat_strike,students,drivers_pickup_accept,0.36137877777777794,0.44543344444444455,0.9948842705390086,1.2262887438351393,-0.08405466666666661,-0.23140447329613067
flash_mob-wildcat_strike,flash_mob+wildcat_strike,students,drivers_pickup_reject,0.0879074444444444,0.040962944444444455,1.0780501630359982,0.5023477728860166,0.046944499999999945,0.5757023901499816
flash_mob-wildcat_strike,flash_mob+wildcat_strike,students,drivers_reject,0.060555333333333294,0.025547166666666454,0.1335513611168242,0.05634283048580915,0.03500816666666684,0.07720853063101504
flash_mob-wildcat_strike,flash_mob+wildcat_strike,students,drivers_removed,0.06040705555555548,-0.015751111111111105,0.3975024466284047,-0.10364857459447382,0.07615816666666658,0.5011510212228786
flash_mob-wildcat_strike,flash_mob+wildcat_strike,students,drivers_shift_duration_avg,-281.4806459999995,292.0586506111117,-0.30125028691800515,0.3125712319613015,-573.5392966111112,-0.6138215188793066
flash_mob-wildcat_strike,flash_mob+wildcat_strike,students,drivers_starting,-0.27674950000000004,-0.2913152777777777,-1.777761718473981,-1.87132821862351,0.014565777777777678,0.09356650014952916
flash_mob-wildcat_strike,flash_mob+wildcat_strike,students,drivers_total_length_avg,-1199.8173610555568,1531.7908320000024,-0.20068352412505525,0.25620998025713404,-2731.6081930555592,-0.4568935043821893
flash_mob-wildcat_strike,flash_mob+wildcat_strike,students,drivers_waiting,-0.10483372222222176,-0.11925994444444443,-0.09753017506265488,-0.11095135241857917,0.014426222222222673,0.013421177355924296
flash_mob-wildcat_strike,flash_mob+wildcat_strike,students,failed_requests,0.0838535825653178,0.06012251661655213,1.9403041119341375,1.3911864304671224,0.023731065948765673,0.5491176814670151
flash_mob-wildcat_strike,flash_mob+wildcat_strike,students,passengers_accept,-0.20891677777777673,-0.6406199444444418,-0.061177701897138365,-0.18759458386952188,0.4317031666666651,0.12641688197238352
flash_mob-wildcat_strike,flash_mob+wildcat_strike,students,passengers_acceptance_rate,-0.12394538888888906,-0.08784733333333294,-1.0660548263872613,-0.7555752942870897,-0.03609805555555612,-0.31047953210017165
flash_mob-wildcat_strike,flash_mob+wildcat_strike,students,passengers_arrivals,-0.5781389444444438,-0.6309266111111098,-0.7559649026255354,-0.8249891807423508,0.05278766666666601,0.06902427811681544
flash_mob-wildcat_strike,flash_mob+wildcat_strike,students,passengers_cancel,0.02183266666666668,0.0005538333333333298,1.4725931921399351,0.037355546562344966,0.02127883333333335,1.4352376455775901
flash_mob-wildcat_strike,flash_mob+wildcat_strike,students,passengers_change_provider,0.08443516666666628,-0.13084227777777846,0.0740422922149768,-0.11473728954123162,0.21527744444444474,0.1887795817562084
flash_mob-wildcat_strike,flash_mob+wildcat_strike,students,passengers_departures,-0.47776838888888906,-0.7021123333333334,-0.6466475969731031,-0.9502915297746211,0.2243439444444444,0.3036439328015179
flash_mob-wildcat_strike,flash_mob+wildcat_strike,students,passengers_drivers_ratio,0.08942094444444446,0.030406777777777783,1.2785076996597302,0.43474489955632,0.05901416666666667,0.8437628001034102
flash_mob-wildcat_strike,flash_mob+wildcat_strike,students,passengers_new,0.014361055555555335,0.021824111111110156,0.01566542019399365,0.023806319082422474,-0.007463055555554821,-0.008140898888428824
flash_mob-wildcat_strike,flash_mob+wildcat_strike,students,passengers_no_ratings_count,-0.14730611111111114,-0.17938116666666665,-0.7948528860710167,-0.9679275147263817,0.03207505555555551,0.17307462865536505
flash_mob-wildcat_strike,flash_mob+wildcat_strike,students,passengers_offers_discarded,-1.6586388333333133,-4.907398499999985,-0.06196556674830215,-0.18333691651313117,3.248759666666672,0.12137134976482902
flash_mob-wildcat_strike,flash_mob+wildcat_strike,students,passengers_pickup_accept,0.36842700000000006,0.39673205555555535,0.9260662109327107,0.9972128846253905,-0.028305055555555292,-0.0711466736926798
flash_mob-wildcat_strike,flash_mob+wildcat_strike,students,passengers_pickup_reject,0.0804256111111111,0.0893892777777778,1.6275527008611645,1.8089481505369842,-0.008963666666666703,-0.18139544967581966
flash_mob-wildcat_strike,flash_mob+wildcat_strike,students,passengers_rating_avg,0.01493044444444358,0.021178166666667053,0.7084380452097383,1.0048876341416093,-0.006247722222223473,-0.296449588931871
flash_mob-wildcat_strike,flash_mob+wildcat_strike,students,passengers_ratings_count,-0.43141716666666685,-0.44875027777777854,-0.744526187256108,-0.7744391256506374,0.017333111111111688,0.029912938394529465
flash_mob-wildcat_strike,flash_mob+wildcat_strike,students,passengers_reject,0.271833,-0.07562988888888889,0.15111085649595435,-0.04204234690671797,0.3474628888888889,0.19315320340267234
flash_mob-wildcat_strike,flash_mob+wildcat_strike,students,passengers_unassigned,5.174842777777773,1.859824833333331,0.6435868065110003,0.23130339926363147,3.315017944444442,0.41228340724736884
flash_mob-wildcat_strike,flash_mob+wildcat_strike,students,rides_dispatched,-0.16738016666666722,-0.20040744444444503,-0.18507602579724503,-0.221595031816553,0.03302727777777781,0.036519006019307965
flash_mob-wildcat_strike,flash_mob+wildcat_strike,students,rides_duration_avg,52.25669016666666,-80.03401955555546,0.22360170022093068,-0.34245840658987425,132.29070972222212,0.5660601068108049
flash_mob-wildcat_strike,flash_mob+wildcat_strike,students,rides_in_progress,-19.43490766666673,-173.45009327777734,-0.023525011341874277,-0.2099529095580568,154.0151856111106,0.1864278982161825
flash_mob-wildcat_strike,flash_mob+wildcat_strike,students,rides_length_avg,-572.9374841111103,-440.9897256111117,-0.49523530337308247,-0.381182391803637,-131.9477584999986,-0.11405291156944547
flash_mob-wildcat_strike,flash_mob+wildcat_strike,students,rides_not_served,0.21664705555555558,0.1711001666666666,1.7360869316862875,1.371099933011429,0.04554688888888897,0.3649869986748584
flash_mob-wildcat_strike,flash_mob+wildcat_strike,students,rides_offers_generated,-1.6461668333333392,-5.331981055555545,-0.0557461548341615,-0.18056337637050812,3.6858142222222057,0.12481722153634661
flash_mob-wildcat_strike,flash_mob+wildcat_strike,students,rides_offers_lyft,0.9981757777777744,-1.0061486111111222,0.08931154405375619,-0.0900249114498974,2.0043243888888966,0.17933645550365357
flash_mob-wildcat_strike,flash_mob+wildcat_strike,students,rides_offers_price_lyft_avg,2.288443944444449,2.2440892777777783,4.274948538650781,4.1920913998909075,0.04435466666667054,0.08285713875987355
flash_mob-wildcat_strike,flash_mob+wildcat_strike,students,rides_offers_price_no_surge_avg,2.7193764444444497,2.6269615555555497,4.586173634335411,4.430317784473884,0.09241488888890004,0.15585584986152767
flash_mob-wildcat_strike,flash_mob+wildcat_strike,students,rides_offers_price_uber_avg,2.973664666666668,2.8382430555555587,4.756472537110385,4.539861302695958,0.13542161111110929,0.21661123441442687
flash_mob-wildcat_strike,flash_mob+wildcat_strike,students,rides_offers_radius_avg,699.4304073333333,714.9452687777775,1.475286098646805,1.5080110976909364,-15.51486144444425,-0.0327249990441314
flash_mob-wildcat_strike,flash_mob+wildcat_strike,students,rides_offers_surge_lyft_avg,0.0,0.0,,,0.0,
flash_mob-wildcat_strike,flash_mob+wildcat_strike,students,rides_offers_surge_uber_avg,0.0,0.0,,,0.0,
flash_mob-wildcat_strike,flash_mob+wildcat_strike,students,rides_offers_uber,-2.6448801111111067,-4.327102611111094,-0.14067137042871514,-0.23014255040654988,1.6822224999999875,0.08947117997783474
flash_mob-wildcat_strike,flash_mob+wildcat_strike,students,rides_partial_acceptances,-0.10383361111111089,-0.46920344444444506,-0.048161364364228826,-0.2176316301342816,0.36536983333333417,0.16947026577005278
flash_mob-wildcat_strike,flash_mob+wildcat_strike,students,rides_waiting_duration_avg,-33.30642588888884,-139.80518066666684,-0.14443258348363383,-0.6062620917490624,106.498754777778,0.46182950826542857
flash_mob-wildcat_strike,flash_mob+wildcat_strike,students,traffic_duration_avg,133.56759049999994,30.59056988888881,0.8800326220042949,0.20155113472623787,102.97702061111113,0.678481487278057
flash_mob-wildcat_strike,flash_mob+wildcat_strike,students,traffic_length_avg,16.96690405555546,-3.5097646666672517,0.2128159062391391,-0.04402298414473166,20.476668722222712,0.25683889038387075
flash_mob-wildcat_strike,flash_mob+wildcat_strike,students,traffic_speed_avg,-0.9630794444444444,-1.1045638888888893,-0.9892456954536369,-1.1345741815382449,0.14148444444444497,0.1453284860846079
flash_mob-wildcat_strike,flash_mob+wildcat_strike,managers,drivers_accept,-0.13807416666666672,-0.14765744444444406,-0.15267172055589842,-0.16326816696017418,0.009583277777777344,0.010596446404275761
flash_mob-wildcat_strike,flash_mob+wildcat_strike,managers,drivers_acceptance_rate,-0.13752038888888896,-0.13390233333333268,-0.6800060961488462,-0.6621156592917246,-0.0036180555555562766,-0.01789043685712166
flash_mob-wildcat_strike,flash_mob+wildcat_strike,managers,drivers_busy,327.12171922222205,163.60037066666655,0.33638493440874706,0.16823309710771062,163.5213485555555,0.16815183730103644
flash_mob-wildcat_strike,flash_mob+wildcat_strike,managers,drivers_change_provider,-0.028693722222222218,0.01544383333333299,-0.10653190121581507,0.05733870685434976,-0.04413755555555521,-0.16387060807016485
flash_mob-wildcat_strike,flash_mob+wildcat_strike,managers,drivers_change_zone,-0.10191683333333335,-0.13646299999999978,-0.19594094666490777,-0.26235792979635286,0.034546166666666434,0.06641698313144509
flash_mob-wildcat_strike,flash_mob+wildcat_strike,managers,drivers_demand_pressure,0.0,0.0,,,0.0,
flash_mob-wildcat_strike,flash_mob+wildcat_strike,managers,drivers_idle,-1200.9353871111107,-1122.3101572777778,-0.36446281478128445,-0.3406014373204913,-78.62522983333292,-0.023861377460793143
flash_mob-wildcat_strike,flash_mob+wildcat_strike,managers,drivers_idle_duration_avg,83.34888605555545,335.95785083333317,0.7023585980519407,2.8310262594099207,-252.60896477777771,-2.12866766135798
flash_mob-wildcat_strike,flash_mob+wildcat_strike,managers,drivers_occupied_distance_avg,198.68572327777656,1555.5573406111098,0.17868688337462535,1.3989817110095797,-1356.8716173333332,-1.2202948276349543
flash_mob-wildcat_strike,flash_mob+wildcat_strike,managers,drivers_occupied_duration_avg,24.869122222222245,165.25555033333342,0.20726601672688294,1.3772846244244425,-140.38642811111117,-1.1700186076975596
flash_mob-wildcat_strike,flash_mob+wildcat_strike,managers,drivers_passengers_served,0.39280544444444443,0.6155089444444442,0.45614662216117424,0.7147617984659377,-0.22270349999999972,-0.25861517630476344
flash_mob-wildcat_strike,flash_mob+wildcat_strike,managers,drivers_pickup,310.6373212777778,304.25882999999976,1.0866314094850753,1.0643189940320643,6.378491277778039,0.022312415453010992
flash_mob-wildcat_strike,flash_mob+wildcat_strike,managers,drivers_pickup_accept,0.34270344444444434,0.4145275555555554,0.9434706388513403,1.141204105186298,-0.07182411111111109,-0.1977334663349577
flash_mob-wildcat_strike,flash_mob+wildcat_strike,managers,drivers_pickup_reject,0.09746316666666674,0.12068550000000006,1.1952364601089822,1.4800228100511394,-0.023222333333333317,-0.28478634994215724
flash_mob-wildcat_strike,flash_mob+wildcat_strike,managers,drivers_reject,0.019722611111111066,0.03382433333333301,0.04349710279303806,0.07459765320207075,-0.014101722222221946,-0.031100550409032687
flash_mob-wildcat_strike,flash_mob+wildcat_strike,managers,drivers_removed,0.05724022222222208,0.03361916666666631,0.3766634239929331,0.22122748544360968,0.02362105555555577,0.15543593854932344
flash_mob-wildcat_strike,flash_mob+wildcat_strike,managers,drivers_shift_duration_avg,128.2630974444446,1084.8073503888895,0.1372715867155252,1.1609982078676007,-956.5442529444449,-1.0237266211520755
flash_mob-wildcat_strike,flash_mob+wildcat_strike,managers,drivers_starting,-0.2744901666666666,-0.26589699999999983,-1.763248390322449,-1.7080482806909343,-0.008593166666666763,-0.05520010963151467
flash_mob-wildcat_strike,flash_mob+wildcat_strike,managers,drivers_total_length_avg,290.9971868333305,5467.091124222221,0.04867269207774515,0.9144351041532582,-5176.0939373888905,-0.8657624120755131
flash_mob-wildcat_strike,flash_mob+wildcat_strike,managers,drivers_waiting,-0.06452761111111238,-0.09565722222222428,-0.060032106793854595,-0.08899298271184759,0.0311296111111119,0.028960875917992998
flash_mob-wildcat_strike,flash_mob+wildcat_strike,managers,failed_requests,0.07549488385752912,0.06962610210510387,1.7468905811466175,1.6110917158160316,0.005868781752425251,0.13579886533058594
flash_mob-wildcat_strike,flash_mob+wildcat_strike,managers,passengers_accept,-0.22726894444444135,-0.4056672222222222,-0.0665518197322031,-0.11879270135474612,0.17839827777778083,0.05224088162254302
flash_mob-wildcat_strike,flash_mob+wildcat_strike,managers,passengers_acceptance_rate,-0.1411706111111113,-0.07085211111111156,-1.214209037287795,-0.6093993143822228,-0.07031849999999973,-0.6048097229055721
flash_mob-wildcat_strike,flash_mob+wildcat_strike,managers,passengers_arrivals,-0.5423792777777776,-0.6771938333333332,-0.7092061551144764,-0.885487433762803,0.13481455555555555,0.17628127864832666
flash_mob-wildcat_strike,flash_mob+wildcat_strike,managers,passengers_cancel,0.013027333333333342,-0.02063999999999999,0.8786815953954769,-1.3921489275596919,0.033667333333333334,2.2708305229551686
flash_mob-wildcat_strike,flash_mob+wildcat_strike,managers,passengers_change_provider,0.2240738888888889,0.01235122222222218,0.19649329792117537,0.010830946880228356,0.21172266666666673,0.18566235104094703
flash_mob-wildcat_strike,flash_mob+wildcat_strike,managers,passengers_departures,-0.4709996666666669,-0.6535740000000003,-0.6374863002833878,-0.8845961063413665,0.1825743333333334,0.24710980605797872
flash_mob-wildcat_strike,flash_mob+wildcat_strike,managers,passengers_drivers_ratio,0.08411044444444446,0.05470183333333334,1.2025801283147284,0.7821066477956997,0.02940861111111112,0.42047348051902866
flash_mob-wildcat_strike,flash_mob+wildcat_strike,managers,passengers_new,0.01602822222222189,0.021658055555554778,0.017484009800148918,0.023625181279336976,-0.00562983333333289,-0.006141171479188058
flash_mob-wildcat_strike,flash_mob+wildcat_strike,managers,passengers_no_ratings_count,-0.1516211111111111,-0.1732121666666669,-0.8181363070881484,-0.934640046764694,0.021591055555555794,0.11650373967654559
flash_mob-wildcat_strike,flash_mob+wildcat_strike,managers,passengers_offers_discarded,-1.2581848333333312,-3.1698881111111064,-0.047004890217682845,-0.11842476456369819,1.9117032777777752,0.07141987434601535
flash_mob-wildcat_strike,flash_mob+wildcat_strike,managers,passengers_pickup_accept,0.3602583888888886,0.42951727777777715,0.9055338538029406,1.0796207605897465,-0.06925888888888854,-0.17408690678680594
flash_mob-wildcat_strike,flash_mob+wildcat_strike,managers,passengers_pickup_reject,0.07992638888888884,0.10468516666666669,1.6174500673233823,2.1184871758456034,-0.02475877777777785,-0.5010371085222212
flash_mob-wildcat_strike,flash_mob+wildcat_strike,managers,passengers_rating_avg,0.012862111111110686,0.02576311111111007,0.6102972277035448,1.2224397031173773,-0.012900999999999385,-0.6121424754138325
flash_mob-wildcat_strike,flash_mob+wildcat_strike,managers,passengers_ratings_count,-0.3922964999999994,-0.4980185555555552,-0.6770129702432222,-0.8594647709905799,0.1057220555555558,0.18245180074735778
flash_mob-wildcat_strike,flash_mob+wildcat_strike,managers,passengers_reject,0.5372405555555559,0.1409721111111102,0.2986498346203824,0.07836582185401592,0.39626844444444576,0.2202840127663665
flash_mob-wildcat_strike,flash_mob+wildcat_strike,managers,passengers_unassigned,5.413898277777772,3.1429077222222155,0.6733177514750827,0.3908783379448637,2.2709905555555565,0.28243941353021895
flash_mob-wildcat_strike,flash_mob+wildcat_strike,managers,rides_dispatched,-0.13807416666666672,-0.14765744444444406,-0.15267172055589842,-0.16326816696017418,0.009583277777777344,0.010596446404275761
flash_mob-wildcat_strike,flash_mob+wildcat_strike,managers,rides_duration_avg,108.97748127777777,-31.454693611110997,0.46630488884367294,-0.13459181874973133,140.43217488888877,0.6008967075934043
flash_mob-wildcat_strike,flash_mob+wildcat_strike,managers,rides_in_progress,82.28252800000064,93.61267677777823,0.09959900183925566,0.11331359637573978,-11.330148777777595,-0.013714594536484118
flash_mob-wildcat_strike,flash_mob+wildcat_strike,managers,rides_length_avg,-443.6395288888889,-453.2896203333321,-0.38347282691486895,-0.3918141662347798,9.650091444443206,0.008341339319910879
flash_mob-wildcat_strike,flash_mob+wildcat_strike,managers,rides_not_served,0.2021756111111111,0.2198317777777778,1.6201209633596068,1.761607493767654,-0.017656166666666695,-0.14148653040804726
flash_mob-wildcat_strike,flash_mob+wildcat_strike,managers,rides_offers_generated,-1.3025371666666672,-3.3821945000000113,-0.044109404405395805,-0.11453537664494479,2.079657333333344,0.07042597223954898
flash_mob-wildcat_strike,flash_mob+wildcat_strike,managers,rides_offers_lyft,1.621370666666671,1.4532223888888893,0.14507176085343465,0.13002673306108828,0.16814827777778163,0.015045027792346372
flash_mob-wildcat_strike,flash_mob+wildcat_strike,managers,rides_offers_price_lyft_avg,2.0160125000000058,1.7469186666666694,3.766030499326456,3.263347314815441,0.26909383333333636,0.5026831845110151
flash_mob-wildcat_strike,flash_mob+wildcat_strike,managers,rides_offers_price_no_surge_avg,2.3740108888888827,1.9641881111111097,4.003721576867464,3.3125637116023268,0.409822777777773,0.6911578652651369
flash_mob-wildcat_strike,flash_mob+wildcat_strike,managers,rides_offers_price_uber_avg,2.5678788333333387,2.039954166666675,4.107405009815188,3.262972479540039,0.5279246666666637,0.8444325302751485
flash_mob-wildcat_strike,flash_mob+wildcat_strike,managers,rides_offers_radius_avg,722.9633528333331,757.304518055556,1.5249233849191146,1.597358101986732,-34.3411652222228,-0.0724347170676174
flash_mob-wildcat_strike,flash_mob+wildcat_strike,managers,rides_offers_surge_lyft_avg,0.0,0.0,,,0.0,
flash_mob-wildcat_strike,flash_mob+wildcat_strike,managers,rides_offers_surge_uber_avg,0.0,0.0,,,0.0,
flash_mob-wildcat_strike,flash_mob+wildcat_strike,managers,rides_offers_uber,-2.9238241111111236,-4.835795888888903,-0.15550736794256292,-0.25719806048893995,1.9119717777777794,0.10169069254637703
flash_mob-wildcat_strike,flash_mob+wildcat_strike,managers,rides_partial_acceptances,-0.10745399999999883,-0.28837111111111025,-0.049840617031569404,-0.1337557849112844,0.18091711111111142,0.083915167879715
flash_mob-wildcat_strike,flash_mob+wildcat_strike,managers,rides_waiting_duration_avg,-9.053900444444594,-69.45903877777789,-0.03926204018879731,-0.30120759430723343,60.4051383333333,0.2619455541184361
flash_mob-wildcat_strike,flash_mob+wildcat_strike,managers,traffic_duration_avg,131.36119600000006,121.9222306111111,0.8654954193060793,0.8033052021351575,9.43896538888896,0.06219021717092177
flash_mob-wildcat_strike,flash_mob+wildcat_strike,managers,traffic_length_avg,28.178650833333904,24.724464444443583,0.35344486501818095,0.31011899930552034,3.454186388890321,0.043325865712660616
flash_mob-wildcat_strike,flash_mob+wildcat_strike,managers,traffic_speed_avg,-0.8610362777777771,-1.170800166666667,-0.8844300813755174,-1.2026100565146187,0.30976388888888984,0.31817997513910135
flash_mob-wildcat_strike,flash_mob+wildcat_strike,drivers,drivers_accept,-0.12112994444444425,-0.057732055555554496,-0.1339361118421164,-0.06383563606198515,-0.06339788888888975,-0.07010047578013125
flash_mob-wildcat_strike,flash_mob+wildcat_strike,drivers,drivers_acceptance_rate,-0.18424099999999966,-0.38909099999999985,-0.9110285694565965,-1.9239638143433713,0.2048500000000002,1.0129352448867748
flash_mob-wildcat_strike,flash_mob+wildcat_strike,drivers,drivers_busy,-29.91408999999976,-229.13560866666649,-0.030761177296550812,-0.23562411837192648,199.22151866666673,0.20486294107537567
flash_mob-wildcat_strike,flash_mob+wildcat_strike,drivers,drivers_change_provider,0.0254442222222222,0.10703600000000013,0.09446740117222388,0.39739523824151995,-0.08159177777777793,-0.30292783706929605
flash_mob-wildcat_strike,flash_mob+wildcat_strike,drivers,drivers_change_zone,-0.13894366666666702,-0.048377944444444765,-0.26712715347736266,-0.09300936775717608,-0.09056572222222226,-0.17411778572018657
flash_mob-wildcat_strike,flash_mob+wildcat_strike,drivers,drivers_demand_pressure,0.0,0.0,,,0.0,
flash_mob-wildcat_strike,flash_mob+wildcat_strike,drivers,drivers_idle,-1189.0055138333337,-858.4924619444446,-0.36084230759874414,-0.26053739652176516,-330.5130518888891,-0.10030491107697898
flash_mob-wildcat_strike,flash_mob+wildcat_strike,drivers,drivers_idle_duration_avg,-122.53060455555567,12.222893000000226,-1.0325323793377874,0.10299902491674429,-134.7534975555559,-1.1355314042545317
flash_mob-wildcat_strike,flash_mob+wildcat_strike,drivers,drivers_occupied_distance_avg,-187.6757414444446,1094.263073999999,-0.16878511837936772,0.9841193169759439,-1281.9388154444437,-1.1529044353553117
flash_mob-wildcat_strike,flash_mob+wildcat_strike,drivers,drivers_occupied_duration_avg,-27.4174125555557,115.07817738888878,-0.22850416024212472,0.959092774825459,-142.49558994444448,-1.1875969350675837
flash_mob-wildcat_strike,flash_mob+wildcat_strike,drivers,drivers_passengers_served,0.40127744444444424,0.4438977222222227,0.4659847601951697,0.5154776987958571,-0.04262027777777844,-0.04949293860068743
flash_mob-wildcat_strike,flash_mob+wildcat_strike,drivers,drivers_pickup,378.4379768888888,404.5454252222223,1.3238029176208692,1.4151286258899691,-26.107448333333537,-0.09132570826909991
flash_mob-wildcat_strike,flash_mob+wildcat_strike,drivers,drivers_pickup_accept,0.35343466666666656,0.4177594444444439,0.9730139458994169,1.150101571272871,-0.06432477777777734,-0.17708762537345413
flash_mob-wildcat_strike,flash_mob+wildcat_strike,drivers,drivers_pickup_reject,0.09097188888888891,0.09671144444444446,1.115630880503402,1.1860177384256705,-0.005739555555555553,-0.0703868579222684
flash_mob-wildcat_strike,flash_mob+wildcat_strike,drivers,drivers_reject,0.05842533333333311,0.2269052777777778,0.12885376664379908,0.5004267506051765,-0.1684799444444447,-0.3715729839613774
flash_mob-wildcat_strike,flash_mob+wildcat_strike,drivers,drivers_removed,0.0392966111111111,0.018899444444444524,0.2585873275433144,0.12436585987335713,0.020397166666666577,0.1342214676699573
flash_mob-wildcat_strike,flash_mob+wildcat_strike,drivers,drivers_shift_duration_avg,-225.25117799999953,584.1767710000017,-0.24107157264772877,0.625206110528056,-809.4279490000013,-0.8662776831757848
flash_mob-wildcat_strike,flash_mob+wildcat_strike,drivers,drivers_starting,-0.23799083333333337,-0.2399896666666667,-1.52878683736636,-1.5416267860622375,0.0019988333333333386,0.012839948695877457
flash_mob-wildcat_strike,flash_mob+wildcat_strike,drivers,drivers_total_length_avg,-772.9206403333337,4461.129935111116,-0.12928004128447124,0.7461762981744541,-5234.050575444449,-0.8754563394589253
flash_mob-wildcat_strike,flash_mob+wildcat_strike,drivers,drivers_waiting,-0.04277805555555636,0.09513005555555676,-0.03979779749048165,0.08850254264926646,-0.13790811111111312,-0.12830034013974811
flash_mob-wildcat_strike,flash_mob+wildcat_strike,drivers,failed_requests,0.09062255385808746,0.08661995258116906,2.0969326355001336,2.0043156777215194,0.004002601276918399,0.09261695777861423
flash_mob-wildcat_strike,flash_mob+wildcat_strike,drivers,passengers_accept,-0.22074077777777923,0.3710828333333325,-0.0646401578804551,0.10866525512354992,-0.5918236111111117,-0.17330541300400504
flash_mob-wildcat_strike,flash_mob+wildcat_strike,drivers,passengers_acceptance_rate,-0.09085072222222212,-0.02964744444444456,-0.7814074551219587,-0.2549977980091003,-0.061203277777777565,-0.5264096571128585
flash_mob-wildcat_strike,flash_mob+wildcat_strike,drivers,passengers_arrivals,-0.5678056666666664,-0.5788697777777778,-0.7424532798501721,-0.7569205281805658,0.011064111111111385,0.0144672483303937
flash_mob-wildcat_strike,flash_mob+wildcat_strike,drivers,passengers_cancel,0.028917166666666667,0.0082775,1.9504361706911282,0.5583097261567516,0.020639666666666667,1.3921264445343766
flash_mob-wildcat_strike,flash_mob+wildcat_strike,drivers,passengers_change_provider,0.033759222222222274,0.09601800000000038,0.02960389960022343,0.08419942891762361,-0.06225877777777811,-0.05459552931740018
flash_mob-wildcat_strike,flash_mob+wildcat_strike,drivers,passengers_departures,-0.44989761111111104,-0.5700090555555555,-0.6089251944556714,-0.7714930384681212,0.12011144444444444,0.16256784401244984
flash_mob-wildcat_strike,flash_mob+wildcat_strike,drivers,passengers_drivers_ratio,0.0911235555555556,0.0662568333333334,1.302851005678313,0.9473157781773024,0.024866722222222193,0.3555352275010105
flash_mob-wildcat_strike,flash_mob+wildcat_strike,drivers,passengers_new,0.01537972222222228,0.024628444444444675,0.01677660880469292,0.02686536024139314,-0.009248722222222394,-0.010088751436700221
flash_mob-wildcat_strike,flash_mob+wildcat_strike,drivers,passengers_no_ratings_count,-0.11729677777777775,-0.11223161111111096,-0.6329247418199259,-0.605593476924921,-0.005065166666666787,-0.027331264895004814
flash_mob-wildcat_strike,flash_mob+wildcat_strike,drivers,passengers_offers_discarded,-1.9752869999999945,2.448203000000021,-0.073795316970585,0.0914631222669613,-4.423490000000015,-0.1652584392375463
flash_mob-wildcat_strike,flash_mob+wildcat_strike,drivers,passengers_pickup_accept,0.3706670000000001,0.427713111111111,0.9316966026045732,1.0750858655117783,-0.05704611111111091,-0.1433892629072051
flash_mob-wildcat_strike,flash_mob+wildcat_strike,drivers,passengers_pickup_reject,0.07358216666666662,0.08463766666666664,1.4890636507330743,1.7127910012099277,-0.011055500000000024,-0.22372735047685333
flash_mob-wildcat_strike,flash_mob+wildcat_strike,drivers,passengers_rating_avg,0.014852499999999935,0.010668611111111836,0.7047396415847098,0.5062173486383869,0.004183888888888099,0.19852229294632295
flash_mob-wildcat_strike,flash_mob+wildcat_strike,drivers,passengers_ratings_count,-0.45030533333333334,-0.46639838888888896,-0.7771227916546916,-0.8048956811450538,0.016093055555555624,0.027772889490362274
flash_mob-wildcat_strike,flash_mob+wildcat_strike,drivers,passengers_reject,0.11907372222222179,0.26964816666666636,0.06619259674565373,0.1498963165530447,-0.15057444444444457,-0.08370371980739097
flash_mob-wildcat_strike,flash_mob+wildcat_strike,drivers,passengers_unassigned,5.987425999999999,5.498564555555554,0.7446464644507916,0.6838475591763274,0.4888614444444457,0.06079890527446419
flash_mob-wildcat_strike,flash_mob+wildcat_strike,drivers,rides_dispatched,-0.12112994444444425,-0.057732055555554496,-0.1339361118421164,-0.06383563606198515,-0.06339788888888975,-0.07010047578013125
flash_mob-wildcat_strike,flash_mob+wildcat_strike,drivers,rides_duration_avg,99.590137611111,70.35948833333305,0.42613728546637764,0.30106195336579905,29.230649277777957,0.12507533210057858
flash_mob-wildcat_strike,flash_mob+wildcat_strike,drivers,rides_in_progress,34.420250000000124,-21.19367622222262,0.041664040062765514,-0.025653915215605946,55.613926222222744,0.06731795527837146
flash_mob-wildcat_strike,flash_mob+wildcat_strike,drivers,rides_length_avg,-483.75960377777756,-225.17067899999893,-0.41815178929725755,-0.19463287464651507,-258.58892477777863,-0.22351891465074247
flash_mob-wildcat_strike,flash_mob+wildcat_strike,drivers,rides_not_served,0.22805477777777783,0.23883983333333325,1.8275019634739162,1.9139272968785002,-0.010785055555555423,-0.08642533340458391
flash_mob-wildcat_strike,flash_mob+wildcat_strike,drivers,rides_offers_generated,-2.0501943333333372,2.6485651111110826,-0.06942823074298787,0.0896915900518929,-4.69875944444442,-0.15911982079488077
flash_mob-wildcat_strike,flash_mob+wildcat_strike,drivers,rides_offers_lyft,1.7120102222222258,2.7819919999999954,0.1531817138689596,0.24891808296365295,-1.0699817777777696,-0.09573636909469335
flash_mob-wildcat_strike,flash_mob+wildcat_strike,drivers,rides_offers_price_lyft_avg,2.6130609999999947,2.6525144444444493,4.8813523837776005,4.955053749756878,-0.03945344444445453,-0.07370136597927779
flash_mob-wildcat_strike,flash_mob+wildcat_strike,drivers,rides_offers_price_no_surge_avg,3.0266088333333343,2.7752499444444467,5.1043148738150155,4.680403167389404,0.2513588888888876,0.4239117064256117
flash_mob-wildcat_strike,flash_mob+wildcat_strike,drivers,rides_offers_price_uber_avg,3.2511049444444495,2.793063500000006,5.200247209060045,4.467595146512407,0.4580414444444436,0.732652062547638
flash_mob-wildcat_strike,flash_mob+wildcat_strike,drivers,rides_offers_radius_avg,733.6600125,787.392169222222,1.547485505671564,1.6608210184423535,-53.732156722222044,-0.11333551277078957
flash_mob-wildcat_strike,flash_mob+wildcat_strike,drivers,rides_offers_surge_lyft_avg,0.0,0.0,,,0.0,
flash_mob-wildcat_strike,flash_mob+wildcat_strike,drivers,rides_offers_surge_uber_avg,0.0,0.0,,,0.0,
flash_mob-wildcat_strike,flash_mob+wildcat_strike,drivers,rides_offers_uber,-3.7615651111111106,-0.13533327777778936,-0.20006370682508928,-0.007197875461210951,-3.626231833333321,-0.19286583136387833
flash_mob-wildcat_strike,flash_mob+wildcat_strike,drivers,rides_partial_acceptances,-0.15997238888888976,0.20063844444444356,-0.07420033288883178,0.09306255580402252,-0.3606108333333333,-0.1672628886928543
flash_mob-wildcat_strike,flash_mob+wildcat_strike,drivers,rides_waiting_duration_avg,4.373274666666703,19.340927166666916,0.018964609426943002,0.08387150536564808,-14.967652500000213,-0.06490689593870508
flash_mob-wildcat_strike,flash_mob+wildcat_strike,drivers,traffic_duration_avg,150.7367931111113,53.598410222222356,0.993154812312724,0.3531421754824885,97.13838288888894,0.6400126368302355
flash_mob-wildcat_strike,flash_mob+wildcat_strike,drivers,traffic_length_avg,31.023282166665922,26.5333816111106,0.38912508063896084,0.33280825038369377,4.489900555555323,0.05631683025526707
flash_mob-wildcat_strike,flash_mob+wildcat_strike,drivers,traffic_speed_avg,-0.8456122777777777,-0.7829004999999993,-0.8685870211849035,-0.8041714046137298,-0.06271177777777837,-0.06441561657117367
flash_mob-wildcat_strike,flash_mob+wildcat_strike,bank_tellers_drivers,drivers_accept,-0.10724149999999977,-0.12813811111111084,-0.11857934554493302,-0.1416851998052943,0.020896611111111074,0.02310585426036127
flash_mob-wildcat_strike,flash_mob+wildcat_strike,bank_tellers_drivers,drivers_acceptance_rate,-0.013650722222222189,0.011737999999999582,-0.06749962244104446,0.05804165928474758,-0.02538872222222177,-0.12554128172579204
flash_mob-wildcat_strike,flash_mob+wildcat_strike,bank_tellers_drivers,drivers_busy,-140.63930866666624,-201.90725566666606,-0.14462183903169665,-0.20762473098872045,61.26794699999982,0.0630028919570238
flash_mob-wildcat_strike,flash_mob+wildcat_strike,bank_tellers_drivers,drivers_change_provider,-0.013685500000000017,-0.03542700000000021,-0.050810498644888846,-0.13153071027675167,0.02174150000000019,0.08072021163186283
flash_mob-wildcat_strike,flash_mob+wildcat_strike,bank_tellers_drivers,drivers_change_zone,-0.1578055555555553,-0.21976749999999967,-0.30339021468030825,-0.4225156001005399,0.06196194444444436,0.11912538542023166
flash_mob-wildcat_strike,flash_mob+wildcat_strike,bank_tellers_drivers,drivers_demand_pressure,0.0,0.0,,,0.0,
flash_mob-wildcat_strike,flash_mob+wildcat_strike,bank_tellers_drivers,drivers_idle,-1008.9963579444448,-1127.806501,-0.3062126877659183,-0.3422694811848872,118.81014305555527,0.03605679341896889
flash_mob-wildcat_strike,flash_mob+wildcat_strike,bank_tellers_drivers,drivers_idle_duration_avg,-68.46662549999985,-98.80088927777763,-0.5769497995147101,-0.8325684644803913,30.334263777777778,0.2556186649656812
flash_mob-wildcat_strike,flash_mob+wildcat_strike,bank_tellers_drivers,drivers_occupied_distance_avg,-755.9536278333335,-662.3557539999993,-0.6798626267898973,-0.595685907447121,-93.59787383333423,-0.08417671934277626
flash_mob-wildcat_strike,flash_mob+wildcat_strike,bank_tellers_drivers,drivers_occupied_duration_avg,-84.49858111111115,-68.16575311111103,-0.7042341168890864,-0.5681118938690723,-16.33282800000012,-0.1361222230200141
flash_mob-wildcat_strike,flash_mob+wildcat_strike,bank_tellers_drivers,drivers_passengers_served,0.2498982222222219,0.025796722222221735,0.2901951374731288,0.029956529042358515,0.22410150000000018,0.2602386084307703
flash_mob-wildcat_strike,flash_mob+wildcat_strike,bank_tellers_drivers,drivers_pickup,298.24518550000016,305.99768522222223,1.043282838517018,1.0704016330827806,-7.752499722222069,-0.027118794565762494
flash_mob-wildcat_strike,flash_mob+wildcat_strike,bank_tellers_drivers,drivers_pickup_accept,0.28359322222222216,0.3463161111111108,0.7807388075064547,0.9534163951114858,-0.06272288888888866,-0.17267758760503105
flash_mob-wildcat_strike,flash_mob+wildcat_strike,bank_tellers_drivers,drivers_pickup_reject,0.0965654444444444,0.11324116666666659,1.1842272720459683,1.3887294638002845,-0.01667572222222219,-0.20450219175431616
flash_mob-wildcat_strike,flash_mob+wildcat_strike,bank_tellers_drivers,drivers_reject,-0.05262961111111131,-0.056786,-0.11607162923614855,-0.1252383097395217,0.004156388888888696,0.009166680503373159
flash_mob-wildcat_strike,flash_mob+wildcat_strike,bank_tellers_drivers,drivers_removed,0.030564277777777815,-0.008760388888888804,0.20112510176767784,-0.057646842487579814,0.03932466666666662,0.2587719442552576
flash_mob-wildcat_strike,flash_mob+wildcat_strike,bank_tellers_drivers,drivers_shift_duration_avg,-581.3931316666662,-593.159203277778,-0.6222269637918234,-0.6348194190782348,11.766071611111784,0.012592455286411397
flash_mob-wildcat_strike,flash_mob+wildcat_strike,bank_tellers_drivers,drivers_starting,-0.2228057222222224,-0.24158244444444466,-1.4312419123561722,-1.5518583469480554,0.018776722222222264,0.1206164345918832
flash_mob-wildcat_strike,flash_mob+wildcat_strike,bank_tellers_drivers,drivers_total_length_avg,-3887.7434567777746,-3688.6584635,-0.6502706854599024,-0.6169713856262615,-199.08499327777463,-0.03329929983364088
flash_mob-wildcat_strike,flash_mob+wildcat_strike,bank_tellers_drivers,drivers_waiting,-0.08786994444444485,-0.09164705555555752,-0.08174822836344806,-0.0852621960075334,0.0037771111111126743,0.0035139676440853473
flash_mob-wildcat_strike,flash_mob+wildcat_strike,bank_tellers_drivers,failed_requests,0.08240406910049111,0.08188342510642665,1.906763542168781,1.8947162610433719,0.0005206439940644569,0.012047281125409093
flash_mob-wildcat_strike,flash_mob+wildcat_strike,bank_tellers_drivers,passengers_accept,-0.4413335555555573,-0.764295944444445,-0.12923697649454224,-0.22381098324305043,0.32296238888888773,0.09457400674850819
flash_mob-wildcat_strike,flash_mob+wildcat_strike,bank_tellers_drivers,passengers_acceptance_rate,-0.10131444444444404,-0.09909333333333348,-0.871405975252265,-0.8523021889705145,-0.002221111111110563,-0.01910378628175058
flash_mob-wildcat_strike,flash_mob+wildcat_strike,bank_tellers_drivers,passengers_arrivals,-0.5219534444444445,-0.5259806111111109,-0.68249767395219,-0.6877635303458443,0.004027166666666471,0.005265856393654289
flash_mob-wildcat_strike,flash_mob+wildcat_strike,bank_tellers_drivers,passengers_cancel,0.008832999999999994,-0.009556499999999996,0.595777687845676,-0.644577094293808,0.01838949999999999,1.240354782139484
flash_mob-wildcat_strike,flash_mob+wildcat_strike,bank_tellers_drivers,passengers_change_provider,0.062064444444444256,-0.08555477777777876,0.05442511589818329,-0.07502409371225331,0.147619222222223,0.1294492096104366
flash_mob-wildcat_strike,flash_mob+wildcat_strike,bank_tellers_drivers,passengers_departures,-0.4018519999999999,-0.653907611111112,-0.5438966582598,-0.8850476406587072,0.2520556111111121,0.3411509823989072
flash_mob-wildcat_strike,flash_mob+wildcat_strike,bank_tellers_drivers,passengers_drivers_ratio,0.06495816666666668,0.04176099999999999,0.9287479209158932,0.5970833832856828,0.023197166666666685,0.3316645376302104
flash_mob-wildcat_strike,flash_mob+wildcat_strike,bank_tellers_drivers,passengers_new,0.015324222222222073,0.025314277777777505,0.016716067933069206,0.027613485426769918,-0.009990055555555433,-0.010897417493700712
flash_mob-wildcat_strike,flash_mob+wildcat_strike,bank_tellers_drivers,passengers_no_ratings_count,-0.13795333333333337,-0.09915672222222222,-0.7443859885786235,-0.5350423430310116,-0.03879661111111116,-0.20934364554761187
flash_mob-wildcat_strike,flash_mob+wildcat_strike,bank_tellers_drivers,passengers_offers_discarded,-3.374389055555554,-6.08954700000001,-0.12606477435268684,-0.22750114341474273,2.7151579444444565,0.10143636906205589
flash_mob-wildcat_strike,flash_mob+wildcat_strike,bank_tellers_drivers,passengers_pickup_accept,0.2852500000000002,0.32768505555555594,0.7169951894637361,0.8236585749079421,-0.04243505555555571,-0.10666338544420606
flash_mob-wildcat_strike,flash_mob+wildcat_strike,bank_tellers_drivers,passengers_pickup_reject,0.09437055555555565,0.13128700000000007,1.9097530059674452,2.6568217323553496,-0.03691644444444442,-0.7470687263879043
flash_mob-wildcat_strike,flash_mob+wildcat_strike,bank_tellers_drivers,passengers_rating_avg,0.0059087222222222735,0.017068611111110243,0.2803643010343413,0.8098924003900139,-0.01115988888888797,-0.5295280993556726
flash_mob-wildcat_strike,flash_mob+wildcat_strike,bank_tellers_drivers,passengers_ratings_count,-0.3853521111111111,-0.4252423333333333,-0.6650285621534475,-0.7338698539578068,0.03989022222222216,0.06884129180435927
flash_mob-wildcat_strike,flash_mob+wildcat_strike,bank_tellers_drivers,passengers_reject,0.374490833333331,0.04973111111111006,0.20817792753228398,0.02764532192373742,0.32475972222222094,0.18053260560854656
flash_mob-wildcat_strike,flash_mob+wildcat_strike,bank_tellers_drivers,passengers_unassigned,3.807221722222227,1.4356851666666586,0.47349799309971186,0.17855383656061433,2.3715365555555685,0.29494415653909756
flash_mob-wildcat_strike,flash_mob+wildcat_strike,bank_tellers_drivers,rides_dispatched,-0.10724149999999977,-0.12813811111111084,-0.11857934554493302,-0.1416851998052943,0.020896611111111074,0.02310585426036127
flash_mob-wildcat_strike,flash_mob+wildcat_strike,bank_tellers_drivers,rides_duration_avg,18.147389277777847,-20.576642722221777,0.0776510545183855,-0.08804561258765452,38.724031999999625,0.16569666710604003
flash_mob-wildcat_strike,flash_mob+wildcat_strike,bank_tellers_drivers,rides_in_progress,-133.225778,-199.47626877777793,-0.16126333050994934,-0.24145633032672018,66.25049077777794,0.08019299981677083
flash_mob-wildcat_strike,flash_mob+wildcat_strike,bank_tellers_drivers,rides_length_avg,-554.2001526111117,-179.1161056111132,-0.4790391418246712,-0.1548242545850293,-375.08404699999846,-0.3242148872396419
flash_mob-wildcat_strike,flash_mob+wildcat_strike,bank_tellers_drivers,rides_not_served,0.22498177777777784,0.24342633333333347,1.8028766800728047,1.9506809129927873,-0.01844455555555563,-0.14780423291998268
flash_mob-wildcat_strike,flash_mob+wildcat_strike,bank_tellers_drivers,rides_offers_generated,-3.6700831111111114,-6.559527166666669,-0.12428449973807258,-0.2221332672165696,2.8894440555555576,0.09784876747849701
flash_mob-wildcat_strike,flash_mob+wildcat_strike,bank_tellers_drivers,rides_offers_lyft,0.5954254999999975,1.1322582777777797,0.05327555722937885,0.10130854435389197,-0.5368327777777822,-0.04803298712451312
flash_mob-wildcat_strike,flash_mob+wildcat_strike,bank_tellers_drivers,rides_offers_price_lyft_avg,2.283845944444444,2.6422568333333345,4.266359202902158,4.935891925961297,-0.3584108888888906,-0.669532723059139
flash_mob-wildcat_strike,flash_mob+wildcat_strike,bank_tellers_drivers,rides_offers_price_no_surge_avg,2.591040000000003,2.733492111111108,4.369736804106225,4.609979422029848,-0.14245211111110478,-0.24024261792362278
flash_mob-wildcat_strike,flash_mob+wildcat_strike,bank_tellers_drivers,rides_offers_price_uber_avg,2.7591310555555495,2.7221166666666647,4.4133191072783,4.354113398510452,0.03701438888888475,0.059205708767847476
flash_mob-wildcat_strike,flash_mob+wildcat_strike,bank_tellers_drivers,rides_offers_radius_avg,633.0170891666671,672.4580247777783,1.33520261924841,1.4183941182376234,-39.44093561111117,-0.0831914989892133
flash_mob-wildcat_strike,flash_mob+wildcat_strike,bank_tellers_drivers,rides_offers_surge_lyft_avg,0.0,0.0,,,0.0,
flash_mob-wildcat_strike,flash_mob+wildcat_strike,bank_tellers_drivers,rides_offers_surge_uber_avg,0.0,0.0,,,0.0,
flash_mob-wildcat_strike,flash_mob+wildcat_strike,bank_tellers_drivers,rides_offers_uber,-4.265574777777772,-7.694972388888864,-0.22687011299127818,-0.4092670615990155,3.429397611111092,0.1823969486077373
flash_mob-wildcat_strike,flash_mob+wildcat_strike,bank_tellers_drivers,rides_partial_acceptances,-0.28140744444444366,-0.5790284444444422,-0.1305258126117996,-0.2685719931313969,0.2976209999999986,0.1380461805195973
flash_mob-wildcat_strike,flash_mob+wildcat_strike,bank_tellers_drivers,rides_waiting_duration_avg,-17.604927166666812,-82.82528966666644,-0.07634337953899645,-0.35917004737298314,65.22036249999962,0.2828266678339867
flash_mob-wildcat_strike,flash_mob+wildcat_strike,bank_tellers_drivers,traffic_duration_avg,125.87466938888895,119.21823427777804,0.8293465123654211,0.7854894657412822,6.656435111110909,0.04385704662413892
flash_mob-wildcat_strike,flash_mob+wildcat_strike,bank_tellers_drivers,traffic_length_avg,56.396890333332976,89.09577994444544,0.7073862907492392,1.1175285183952983,-32.69888961111246,-0.4101422276460591
flash_mob-wildcat_strike,flash_mob+wildcat_strike,bank_tellers_drivers,traffic_speed_avg,-0.7512119999999998,-0.9719542222222222,-0.7716219483864035,-0.9983615952534075,0.2207422222222224,0.22673964686700399
flash_mob-wildcat_strike,flash_mob+wildcat_strike,students_drivers,drivers_accept,-0.13248149999999992,-0.04360188888888894,-0.14648778287147296,-0.04821159205128005,-0.08887961111111098,-0.09827619082019291
flash_mob-wildcat_strike,flash_mob+wildcat_strike,students_drivers,drivers_acceptance_rate,-0.06755161111111074,0.08680622222222256,-0.33402688671383496,0.4292364264796815,-0.1543578333333333,-0.7632633131935165
flash_mob-wildcat_strike,flash_mob+wildcat_strike,students_drivers,drivers_busy,-36.258645166667065,-353.61908155555693,-0.03728539335492337,-0.3636326314179714,317.36043638888987,0.32634723806304805
flash_mob-wildcat_strike,flash_mob+wildcat_strike,students_drivers,drivers_change_provider,-0.03183300000000011,-0.13060122222222237,-0.11818717645411203,-0.4848864290484854,0.09876822222222226,0.36669925259437336
flash_mob-wildcat_strike,flash_mob+wildcat_strike,students_drivers,drivers_change_zone,-0.2383239444444447,-0.3105369444444448,-0.45819142687281994,-0.5970250534557331,0.07221300000000008,0.13883362658291315
flash_mob-wildcat_strike,flash_mob+wildcat_strike,students_drivers,drivers_demand_pressure,0.0,0.0,,,0.0,
flash_mob-wildcat_strike,flash_mob+wildcat_strike,students_drivers,drivers_idle,-959.4515169444448,-541.9638238333337,-0.29117669798449597,-0.16447650961395965,-417.4876931111112,-0.12670018837053632
flash_mob-wildcat_strike,flash_mob+wildcat_strike,students_drivers,drivers_idle_duration_avg,-96.36579922222222,-179.7557653888888,-0.8120486169036627,-1.5147533859797557,83.38996616666657,0.702704769076093
flash_mob-wildcat_strike,flash_mob+wildcat_strike,students_drivers,drivers_occupied_distance_avg,-738.2437939444444,-1608.1149877777789,-0.66393538767839,-1.4462491342284363,869.8711938333345,0.7823137465500463
flash_mob-wildcat_strike,flash_mob+wildcat_strike,students_drivers,drivers_occupied_duration_avg,-83.78376855555564,-196.40268455555565,-0.6982766749748732,-1.6368732976800247,112.61891600000001,0.9385966227051514
flash_mob-wildcat_strike,flash_mob+wildcat_strike,students_drivers,drivers_passengers_served,0.3844440555555555,0.06795283333333346,0.44643693164597037,0.07891045256544356,0.31649122222222204,0.3675264790805268
flash_mob-wildcat_strike,flash_mob+wildcat_strike,students_drivers,drivers_pickup,357.3517222222223,336.43926183333326,1.2500417013737337,1.1768884298521223,20.91246038888903,0.07315327152161144
flash_mob-wildcat_strike,flash_mob+wildcat_strike,students_drivers,drivers_pickup_accept,0.3582776666666665,0.38866655555555596,0.9863468387489888,1.07000816424416,-0.030388888888889465,-0.08366132549517113
flash_mob-wildcat_strike,flash_mob+wildcat_strike,students_drivers,drivers_pickup_reject,0.09195400000000001,0.08514888888888886,1.1276749690347425,1.044220704277361,0.006805111111111151,0.08345426475738149
flash_mob-wildcat_strike,flash_mob+wildcat_strike,students_drivers,drivers_reject,-0.013786777777777592,-0.05627677777777773,-0.030405958258078847,-0.12411524894297114,0.04249000000000014,0.0937092906848923
flash_mob-wildcat_strike,flash_mob+wildcat_strike,students_drivers,drivers_removed,0.041213277777777724,-0.018221444444444623,0.27119975637905536,-0.1199043502643321,0.05943472222222235,0.39110410664338746
flash_mob-wildcat_strike,flash_mob+wildcat_strike,students_drivers,drivers_shift_duration_avg,-499.2774377222213,-1014.6431782222221,-0.5343439184998384,-1.085906093020838,515.3657405000008,0.5515621745209995
flash_mob-wildcat_strike,flash_mob+wildcat_strike,students_drivers,drivers_starting,-0.21484272222222212,-0.2155637777777777,-1.380089817901769,-1.3847216779902594,0.000721055555555572,0.004631860088490258
flash_mob-wildcat_strike,flash_mob+wildcat_strike,students_drivers,drivers_total_length_avg,-3036.8528196111074,-6171.913750555555,-0.507949247835936,-1.032324953997747,3135.060930944448,0.5243757061618111
flash_mob-wildcat_strike,flash_mob+wildcat_strike,students_drivers,drivers_waiting,-0.07708172222222265,0.04668749999999999,-0.07171159912197367,0.04343487908008764,-0.12376922222222264,-0.11514647820206131
flash_mob-wildcat_strike,flash_mob+wildcat_strike,students_drivers,failed_requests,0.08929826950576844,0.07133419752946715,2.0662897661609128,1.6506156630831188,0.017964071976301288,0.41567410307779395
flash_mob-wildcat_strike,flash_mob+wildcat_strike,students_drivers,passengers_accept,-0.6962497777777763,-0.9110183888888894,-0.20388482822641263,-0.266776139336878,0.21476861111111312,0.06289131111046536
flash_mob-wildcat_strike,flash_mob+wildcat_strike,students_drivers,passengers_acceptance_rate,-0.07972727777777777,0.0266812222222228,-0.6857346613024101,0.22948530783513044,-0.10640850000000057,-0.9152199691375406
flash_mob-wildcat_strike,flash_mob+wildcat_strike,students_drivers,passengers_arrivals,-0.5522129444444446,-0.3911753333333332,-0.7220644946806899,-0.5114943831659853,-0.16103761111111137,-0.21057011151470462
flash_mob-wildcat_strike,flash_mob+wildcat_strike,students_drivers,passengers_cancel,0.010110833333333333,-0.01180566666666668,0.6819663653941274,-0.7962813076127534,0.021916500000000012,1.4782476730068808
flash_mob-wildcat_strike,flash_mob+wildcat_strike,students_drivers,passengers_change_provider,-0.1542688888888888,-0.2370287222222216,-0.135280388512578,-0.20785355920957552,0.08275983333333281,0.07257317069699751
flash_mob-wildcat_strike,flash_mob+wildcat_strike,students_drivers,passengers_departures,-0.4611386666666668,-0.48335222222222174,-0.6241396827547954,-0.6542051761074096,0.02221355555555493,0.030065493352614214
flash_mob-wildcat_strike,flash_mob+wildcat_strike,students_drivers,passengers_drivers_ratio,0.06784133333333339,0.023684833333333377,0.9699703750695262,0.33863701585747974,0.044156500000000015,0.6313333592120465
flash_mob-wildcat_strike,flash_mob+wildcat_strike,students_drivers,passengers_new,0.013712611111110995,0.022601444444444674,0.014958079800010434,0.024654254893991173,-0.008888833333333679,-0.00969617509398074
flash_mob-wildcat_strike,flash_mob+wildcat_strike,students_drivers,passengers_no_ratings_count,-0.11993538888888888,-0.11370466666666662,-0.6471624923182997,-0.6135419758082646,-0.0062307222222222625,-0.03362051651003506
flash_mob-wildcat_strike,flash_mob+wildcat_strike,students_drivers,passengers_offers_discarded,-5.610259611111118,-7.291407444444431,-0.2095953075625046,-0.27240179453642,1.6811478333333127,0.06280648697391539
flash_mob-wildcat_strike,flash_mob+wildcat_strike,students_drivers,passengers_pickup_accept,0.3608617222222221,0.38184238888888844,0.9070503729883683,0.959786699269672,-0.020980666666666314,-0.05273632628130365
flash_mob-wildcat_strike,flash_mob+wildcat_strike,students_drivers,passengers_pickup_reject,0.08885116666666662,0.09092638888888893,1.7980585324146867,1.8400542783717655,-0.0020752222222223116,-0.04199574595707878
flash_mob-wildcat_strike,flash_mob+wildcat_strike,students_drivers,passengers_rating_avg,0.017297944444443658,0.00385777777777907,0.8207740897444538,0.18304857286150422,0.013440166666664588,0.6377255168829495
flash_mob-wildcat_strike,flash_mob+wildcat_strike,students_drivers,passengers_ratings_count,-0.43599188888888896,-0.2816027222222226,-0.7524210990886231,-0.48598112754063366,-0.15438916666666636,-0.26643997154798943
flash_mob-wildcat_strike,flash_mob+wildcat_strike,students_drivers,passengers_reject,-0.07951805555555325,-0.4744988888888866,-0.044203762905506455,-0.2637719979045162,0.39498083333333334,0.21956823499900976
flash_mob-wildcat_strike,flash_mob+wildcat_strike,students_drivers,passengers_unassigned,4.164860999999998,1.1102773888888855,0.5179770102509805,0.13808339880873105,3.054583611111113,0.3798936114422495
flash_mob-wildcat_strike,flash_mob+wildcat_strike,students_drivers,rides_dispatched,-0.13248149999999992,-0.04360188888888894,-0.14648778287147296,-0.04821159205128005,-0.08887961111111098,-0.09827619082019291
flash_mob-wildcat_strike,flash_mob+wildcat_strike,students_drivers,rides_duration_avg,70.59414705555537,-68.87658272222222,0.3020660370361049,-0.2947167329767158,139.4707297777776,0.5967827700128208
flash_mob-wildcat_strike,flash_mob+wildcat_strike,students_drivers,rides_in_progress,28.863324277777338,-271.38584261111146,0.034937651500320396,-0.32849937519386646,300.2491668888888,0.36343702669418687
flash_mob-wildcat_strike,flash_mob+wildcat_strike,students_drivers,rides_length_avg,-608.2821797222232,-289.74221472222143,-0.5257865267421651,-0.2504471737096553,-318.53996500000176,-0.2753393530325098
flash_mob-wildcat_strike,flash_mob+wildcat_strike,students_drivers,rides_not_served,0.24301855555555568,0.21509183333333326,1.9474132125884747,1.7236242606892382,0.027926722222222422,0.22378895189923642
flash_mob-wildcat_strike,flash_mob+wildcat_strike,students_drivers,rides_offers_generated,-6.1153337777777494,-8.049943888888905,-0.2070910048334965,-0.2726050661144884,1.934610111111155,0.06551406128099194
flash_mob-wildcat_strike,flash_mob+wildcat_strike,students_drivers,rides_offers_lyft,-0.6584068888888766,-2.961555666666655,-0.05891080225690165,-0.26498450000460394,2.3031487777777784,0.2060736977477023
flash_mob-wildcat_strike,flash_mob+wildcat_strike,students_drivers,rides_offers_price_lyft_avg,2.5822392777777843,1.8566881666666681,4.823775585057051,3.468403228355566,0.7255511111111161,1.3553723567014853
flash_mob-wildcat_strike,flash_mob+wildcat_strike,students_drivers,rides_offers_price_no_surge_avg,2.9203790555555535,2.1794657222222185,4.925160491926819,3.6756250693475865,0.7409133333333351,1.2495354225792328
flash_mob-wildcat_strike,flash_mob+wildcat_strike,students_drivers,rides_offers_price_uber_avg,3.1196456666666634,2.3675117222222113,4.989973854600305,3.7869113536126764,0.7521339444444521,1.2030625009876288
flash_mob-wildcat_strike,flash_mob+wildcat_strike,students_drivers,rides_offers_radius_avg,685.7641287222223,653.0735767222225,1.4464602560128321,1.3775071244116979,32.6905519999998,0.06895313160113425
flash_mob-wildcat_strike,flash_mob+wildcat_strike,students_drivers,rides_offers_surge_lyft_avg,0.0,0.0,,,0.0,
flash_mob-wildcat_strike,flash_mob+wildcat_strike,students_drivers,rides_offers_surge_uber_avg,0.0,0.0,,,0.0,
flash_mob-wildcat_strike,flash_mob+wildcat_strike,students_drivers,rides_offers_uber,-5.456500277777778,-5.087102388888901,-0.2902110264261503,-0.27056412181025724,-0.3693978888888765,-0.01964690461589308
flash_mob-wildcat_strike,flash_mob+wildcat_strike,students_drivers,rides_partial_acceptances,-0.5506579444444419,-0.8172231666666665,-0.25541284386292695,-0.3790543570193775,0.26656522222222456,0.12364151315645056
flash_mob-wildcat_strike,flash_mob+wildcat_strike,students_drivers,rides_waiting_duration_avg,-38.866787111110966,-58.85349427777794,-0.16854496765559251,-0.255216883791019,19.986707166666974,0.08667191613542646
flash_mob-wildcat_strike,flash_mob+wildcat_strike,students_drivers,traffic_duration_avg,136.09515194444418,33.52194922222236,0.8966858873428745,0.2208650224077164,102.57320272222182,0.675820864935158
flash_mob-wildcat_strike,flash_mob+wildcat_strike,students_drivers,traffic_length_avg,39.2376123333338,56.82164138889084,0.4921574377998732,0.7127139439568366,-17.58402905555704,-0.22055650615696343
flash_mob-wildcat_strike,flash_mob+wildcat_strike,students_drivers,traffic_speed_avg,-0.9373342222222218,-0.7809812222222225,-0.9628009920506664,-0.8021999812893117,-0.1563529999999993,-0.1606010107613547
flash_mob-wildcat_strike,flash_mob+wildcat_strike,managers_drivers,drivers_accept,-0.08477722222222228,-0.1027952777777772,-0.09374008689013573,-0.11366305734252546,0.018018055555554913,0.019922970452389735
flash_mob-wildcat_strike,flash_mob+wildcat_strike,managers_drivers,drivers_acceptance_rate,0.03132883333333325,-0.0005699444444444701,0.15491373914823936,-0.0028182417154269945,0.03189877777777772,0.15773198086366635
flash_mob-wildcat_strike,flash_mob+wildcat_strike,managers_drivers,drivers_busy,-133.3269086666669,-515.6125616111112,-0.1371023713539809,-0.5302133350554282,382.28565294444434,0.3931109637014473
flash_mob-wildcat_strike,flash_mob+wildcat_strike,managers_drivers,drivers_change_provider,-0.01237094444444431,0.049119666666666895,-0.04592991530674306,0.18236781678448474,-0.061490611111111204,-0.2282977320912278
flash_mob-wildcat_strike,flash_mob+wildcat_strike,managers_drivers,drivers_change_zone,-0.2056853888888892,-0.07386988888888935,-0.3954419353102806,-0.14201909032613713,-0.13181549999999986,-0.25342284498414347
flash_mob-wildcat_strike,flash_mob+wildcat_strike,managers_drivers,drivers_demand_pressure,0.0,0.0,,,0.0,
flash_mob-wildcat_strike,flash_mob+wildcat_strike,managers_drivers,drivers_idle,-995.9756082222211,-620.3312887222228,-0.3022611187262717,-0.18825965993762936,-375.64431949999835,-0.11400145878864235
flash_mob-wildcat_strike,flash_mob+wildcat_strike,managers_drivers,drivers_idle_duration_avg,-63.239035333333504,-222.290979388889,-0.5328983061545879,-1.8731861699880095,159.0519440555555,1.3402878638334217
flash_mob-wildcat_strike,flash_mob+wildcat_strike,managers_drivers,drivers_occupied_distance_avg,-651.7435816111092,-983.140234055556,-0.5861419101295386,-0.8841816183137732,331.3966524444468,0.29803970818423453
flash_mob-wildcat_strike,flash_mob+wildcat_strike,managers_drivers,drivers_occupied_duration_avg,-80.36395049999999,-116.76375255555558,-0.669774982797241,-0.973140815908976,36.3998020555556,0.30336583311173504
flash_mob-wildcat_strike,flash_mob+wildcat_strike,managers_drivers,drivers_passengers_served,0.21618466666666647,-0.03212105555555533,0.251045159525497,-0.03730068205302142,0.2483057222222218,0.2883458415785184
flash_mob-wildcat_strike,flash_mob+wildcat_strike,managers_drivers,drivers_pickup,299.87621638888857,283.5121858888888,1.0489883003926748,0.991745759625428,16.364030499999785,0.057242540767246775
flash_mob-wildcat_strike,flash_mob+wildcat_strike,managers_drivers,drivers_pickup_accept,0.3412316666666668,0.3408054444444448,0.9394188000304671,0.938245400233029,0.0004262222222219947,0.001173399797438024
flash_mob-wildcat_strike,flash_mob+wildcat_strike,managers_drivers,drivers_pickup_reject,0.07788911111111108,0.07190966666666662,0.9551906492416403,0.8818619215219776,0.005979444444444454,0.0733287277196627
flash_mob-wildcat_strike,flash_mob+wildcat_strike,managers_drivers,drivers_reject,-0.06339861111111089,-0.03508466666666665,-0.1398220493676045,-0.07737724705222893,-0.02831394444444424,-0.06244480231537558
flash_mob-wildcat_strike,flash_mob+wildcat_strike,managers_drivers,drivers_removed,-0.0017036666666666589,-0.020592666666666593,-0.011210804135560526,-0.13550793541120307,0.018888999999999934,0.12429713127564254
flash_mob-wildcat_strike,flash_mob+wildcat_strike,managers_drivers,drivers_shift_duration_avg,-358.0627918888895,-797.1929895000003,-0.38321113839986753,-0.853183407913231,439.1301976111108,0.46997226951336346
flash_mob-wildcat_strike,flash_mob+wildcat_strike,managers_drivers,drivers_starting,-0.22561977777777775,-0.22786916666666657,-1.4493186215835614,-1.4637680693933217,0.0022493888888888147,0.014449447809760319
flash_mob-wildcat_strike,flash_mob+wildcat_strike,managers_drivers,drivers_total_length_avg,-2367.854403277779,-3979.781506055555,-0.3960514172313357,-0.665665128549483,1611.9271027777759,0.2696137113181473
flash_mob-wildcat_strike,flash_mob+wildcat_strike,managers_drivers,drivers_waiting,-0.07727794444444447,-0.13923155555555677,-0.07189415095051516,-0.12953158296520728,0.061953611111112306,0.057637432014692125
flash_mob-wildcat_strike,flash_mob+wildcat_strike,managers_drivers,failed_requests,0.07062532665290971,0.051404901324119345,1.6342129640625571,1.1894678600650594,0.01922042532879037,0.44474510399749767
flash_mob-wildcat_strike,flash_mob+wildcat_strike,managers_drivers,passengers_accept,-0.6322128333333339,-0.15804600000000057,-0.18513270530312656,-0.04628106548876555,-0.4741668333333333,-0.138851639814361
flash_mob-wildcat_strike,flash_mob+wildcat_strike,managers_drivers,passengers_acceptance_rate,-0.10864850000000015,-0.07091777777777741,-0.9344862188343945,-0.6099641136664838,-0.037730722222222735,-0.3245221051679107
flash_mob-wildcat_strike,flash_mob+wildcat_strike,managers_drivers,passengers_arrivals,-0.48129677777777724,-0.4996857222222222,-0.6293356903960045,-0.6533807694032483,0.018388944444444943,0.02404507900724384
flash_mob-wildcat_strike,flash_mob+wildcat_strike,managers_drivers,passengers_cancel,0.008500000000000008,0.0006396666666666703,0.5733171455551063,0.0431449255811861,0.007860333333333337,0.5301722199739202
flash_mob-wildcat_strike,flash_mob+wildcat_strike,managers_drivers,passengers_change_provider,-0.06557433333333318,0.21461994444444432,-0.057502982964866195,0.18820301148278706,-0.2801942777777775,-0.24570599444765326
flash_mob-wildcat_strike,flash_mob+wildcat_strike,managers_drivers,passengers_departures,-0.3490928333333334,-0.5285094999999997,-0.4724884421937565,-0.715324425182798,0.17941666666666634,0.24283598298904152
flash_mob-wildcat_strike,flash_mob+wildcat_strike,managers_drivers,passengers_drivers_ratio,0.060700333333333356,0.0390658333333333,0.8678709895173822,0.5585488838280035,0.021634500000000056,0.3093221056893787
flash_mob-wildcat_strike,flash_mob+wildcat_strike,managers_drivers,passengers_new,0.016258888888888823,0.027527166666666325,0.017735627116446228,0.030027363303152983,-0.011268277777777502,-0.012291736186706755
flash_mob-wildcat_strike,flash_mob+wildcat_strike,managers_drivers,passengers_no_ratings_count,-0.1107784444444444,-0.09671411111111128,-0.5977522970157529,-0.5218621940434982,-0.014064333333333123,-0.07589010297225474
flash_mob-wildcat_strike,flash_mob+wildcat_strike,managers_drivers,passengers_offers_discarded,-4.79358394444445,-1.024214277777773,-0.17908488569275566,-0.038263916724207536,-3.7693696666666767,-0.14082096896854812
flash_mob-wildcat_strike,flash_mob+wildcat_strike,managers_drivers,passengers_pickup_accept,0.33113916666666676,0.34351005555555547,0.8323407170658378,0.863435783929023,-0.01237088888888871,-0.031095066863185195
flash_mob-wildcat_strike,flash_mob+wildcat_strike,managers_drivers,passengers_pickup_reject,0.08758377777777776,0.06900999999999993,1.7724107048053603,1.3965378731317069,0.018573777777777828,0.3758728316736535
flash_mob-wildcat_strike,flash_mob+wildcat_strike,managers_drivers,passengers_rating_avg,0.022414222222223223,0.01755561111111259,1.0635375145793438,0.8330001738593563,0.004858611111110633,0.23053734071998744
flash_mob-wildcat_strike,flash_mob+wildcat_strike,managers_drivers,passengers_ratings_count,-0.374138333333333,-0.4030448333333332,-0.6456761769015245,-0.695562106101341,0.028906500000000168,0.04988592919981649
flash_mob-wildcat_strike,flash_mob+wildcat_strike,managers_drivers,passengers_reject,0.09001861111110987,0.2601117222222218,0.05004097893035814,0.14459504596438877,-0.17009311111111192,-0.09455406703403063
flash_mob-wildcat_strike,flash_mob+wildcat_strike,managers_drivers,passengers_unassigned,3.487962111111109,2.9549711111111137,0.433792192868389,0.367504966314927,0.5329909999999956,0.06628722655346198
flash_mob-wildcat_strike,flash_mob+wildcat_strike,managers_drivers,rides_dispatched,-0.08477722222222228,-0.1027952777777772,-0.09374008689013573,-0.11366305734252546,0.018018055555554913,0.019922970452389735
flash_mob-wildcat_strike,flash_mob+wildcat_strike,managers_drivers,rides_duration_avg,32.64758916666642,-105.77305444444482,0.13969611206715093,-0.45259343322178847,138.42064361111125,0.5922895452889394
flash_mob-wildcat_strike,flash_mob+wildcat_strike,managers_drivers,rides_in_progress,-28.977194222221897,-357.10216638888824,-0.0350754855348577,-0.4322548199657742,328.12497216666634,0.39717933443091646
flash_mob-wildcat_strike,flash_mob+wildcat_strike,managers_drivers,rides_length_avg,-632.3592375000007,-452.4151600000014,-0.5465982371705868,-0.3910583008210573,-179.94407749999937,-0.15553993634952945
flash_mob-wildcat_strike,flash_mob+wildcat_strike,managers_drivers,rides_not_served,0.1927227222222221,0.14751905555555533,1.5443708599270938,1.1821342499576637,0.04520366666666675,0.3622366099694301
flash_mob-wildcat_strike,flash_mob+wildcat_strike,managers_drivers,rides_offers_generated,-5.247203111111105,-1.0575648888888765,-0.17769243745847096,-0.035813609440662336,-4.189638222222229,-0.14187882801780863
flash_mob-wildcat_strike,flash_mob+wildcat_strike,managers_drivers,rides_offers_lyft,-0.2097502777777791,2.90319383333334,-0.018767357003736385,0.2597625886290238,-3.112944111111119,-0.2785299456327602
flash_mob-wildcat_strike,flash_mob+wildcat_strike,managers_drivers,rides_offers_price_lyft_avg,2.188578611111108,1.8055756666666696,4.088394193794902,3.37292205753107,0.3830029444444385,0.7154721362638319
flash_mob-wildcat_strike,flash_mob+wildcat_strike,managers_drivers,rides_offers_price_no_surge_avg,2.5814797777777727,2.0527755555555522,4.353613681769281,3.4619646534521618,0.5287042222222205,0.8916490283171195
flash_mob-wildcat_strike,flash_mob+wildcat_strike,managers_drivers,rides_offers_price_uber_avg,2.7954587777777746,2.1327823888888915,4.471426470567342,3.411454214759932,0.6626763888888831,1.0599722558074096
flash_mob-wildcat_strike,flash_mob+wildcat_strike,managers_drivers,rides_offers_radius_avg,652.7215214444439,674.3672838888888,1.3767645455191928,1.4224212571721104,-21.645762444444927,-0.045656711652917625
flash_mob-wildcat_strike,flash_mob+wildcat_strike,managers_drivers,rides_offers_surge_lyft_avg,0.0,0.0,,,0.0,
flash_mob-wildcat_strike,flash_mob+wildcat_strike,managers_drivers,rides_offers_surge_uber_avg,0.0,0.0,,,0.0,
flash_mob-wildcat_strike,flash_mob+wildcat_strike,managers_drivers,rides_offers_uber,-5.037046000000018,-3.9607215555555726,-0.26790180800853497,-0.21065609997441181,-1.0763244444444453,-0.057245708034123155
flash_mob-wildcat_strike,flash_mob+wildcat_strike,managers_drivers,rides_partial_acceptances,-0.48475055555555624,-0.02150950000000229,-0.22484287970001351,-0.009976797067030252,-0.46324105555555395,-0.21486608263298326
flash_mob-wildcat_strike,flash_mob+wildcat_strike,managers_drivers,rides_waiting_duration_avg,-45.30912105555535,-82.67012833333308,-0.19648200714354383,-0.3584971936628653,37.36100727777773,0.16201518651932148
flash_mob-wildcat_strike,flash_mob+wildcat_strike,managers_drivers,traffic_duration_avg,96.35931333333349,-24.93238038888842,0.6348796055227703,-0.16427119785800087,121.29169372222191,0.7991508033807713
flash_mob-wildcat_strike,flash_mob+wildcat_strike,managers_drivers,traffic_length_avg,2.343512500000088,-57.65542494444526,0.029394681247517762,-0.7231720925030651,59.998937444445346,0.7525667737505829
flash_mob-wildcat_strike,flash_mob+wildcat_strike,managers_drivers,traffic_speed_avg,-0.6161487777777781,-0.3765531666666666,-0.6328891450147102,-0.38678387477090825,-0.2395956111111115,-0.2461052702438019
underground_alarm-flash_mob,underground_alarm+flash_mob,baseline,drivers_accept,0.12802518518518546,0.13835329629629545,0.14156033506178278,0.1529803604835717,-0.010328111111109983,-0.01142002542178891
underground_alarm-flash_mob,underground_alarm+flash_mob,baseline,drivers_acceptance_rate,-0.29548614814814766,-0.3945367407407403,-1.4611097575547647,-1.9508917261364482,0.09905059259259263,0.48978196858168355
underground_alarm-flash_mob,underground_alarm+flash_mob,baseline,drivers_busy,-316.8812917037044,-418.3837123703702,-0.3258545252774781,-0.4302312239554727,101.50242066666578,0.1043766986779946
underground_alarm-flash_mob,underground_alarm+flash_mob,baseline,drivers_change_provider,0.1311978518518515,0.11351107407407357,0.4871015508188096,0.42143540794421713,0.01768677777777794,0.06566614287459249
underground_alarm-flash_mob,underground_alarm+flash_mob,baseline,drivers_change_zone,0.20317348148148162,0.19030292592592568,0.39061264951671326,0.36586826964169505,0.01287055555555594,0.024744379875018208
underground_alarm-flash_mob,underground_alarm+flash_mob,baseline,drivers_demand_pressure,0.0,0.0,,,0.0,
underground_alarm-flash_mob,underground_alarm+flash_mob,baseline,drivers_idle,-530.4170471851876,-290.5211122592609,-0.16097226553555216,-0.08816805921766326,-239.89593492592667,-0.0728042063178889
underground_alarm-flash_mob,underground_alarm+flash_mob,baseline,drivers_idle_duration_avg,-200.85606859259258,-210.56999011111122,-1.6925599539853093,-1.7744165524620517,9.713921518518646,0.08185659847674231
underground_alarm-flash_mob,underground_alarm+flash_mob,baseline,drivers_occupied_distance_avg,-673.7068110370365,-1091.0144824814815,-0.6058944165009905,-0.9811977145365498,417.3076714444451,0.3753032980355593
underground_alarm-flash_mob,underground_alarm+flash_mob,baseline,drivers_occupied_duration_avg,-87.37091200000015,-150.75842103703712,-0.7281729023734264,-1.2564616128051194,63.38750903703698,0.528288710431693
underground_alarm-flash_mob,underground_alarm+flash_mob,baseline,drivers_passengers_served,0.32791325925925907,0.2953151481481475,0.38079035738550576,0.3429356929900096,0.03259811111111155,0.037854664395496174
underground_alarm-flash_mob,underground_alarm+flash_mob,baseline,drivers_pickup,606.2680145925926,714.4558205925927,2.1207685686722897,2.4992171969288837,-108.18780600000002,-0.378448628256594
underground_alarm-flash_mob,underground_alarm+flash_mob,baseline,drivers_pickup_accept,0.605802148148148,0.7951968888888897,1.6677875550897843,2.18919572865344,-0.1893947407407417,-0.5214081735636558
underground_alarm-flash_mob,underground_alarm+flash_mob,baseline,drivers_pickup_reject,0.18296348148148148,0.2015811111111111,2.2437668651077525,2.4720835768994407,-0.018617629629629623,-0.22831671179168822
underground_alarm-flash_mob,underground_alarm+flash_mob,baseline,drivers_reject,0.2725677777777775,0.3437158888888887,0.6011328105227772,0.7580459436315584,-0.07114811111111119,-0.1569131331087812
underground_alarm-flash_mob,underground_alarm+flash_mob,baseline,drivers_removed,0.09525881481481491,0.09928651851851866,0.6268408814759496,0.653344773476514,-0.0040277037037037555,-0.026503892000564355
underground_alarm-flash_mob,underground_alarm+flash_mob,baseline,drivers_shift_duration_avg,-596.4172708148153,-666.0867031481494,-0.6383063152264365,-0.7128689424552779,69.66943233333404,0.07456262722884133
underground_alarm-flash_mob,underground_alarm+flash_mob,baseline,drivers_starting,-0.0073580740740740724,0.001715037037037015,-0.04726621876673586,0.011016920320396056,-0.009073111111111087,-0.05828313908713192
underground_alarm-flash_mob,underground_alarm+flash_mob,baseline,drivers_total_length_avg,-2947.6061751851885,-3549.578865185191,-0.4930216999431698,-0.5937086917949621,601.9726900000023,0.1006869918517923
underground_alarm-flash_mob,underground_alarm+flash_mob,baseline,drivers_waiting,0.2669755555555553,0.37117818518518453,0.24837592445289997,0.3453189738299303,-0.10420262962962923,-0.09694304937703035
underground_alarm-flash_mob,underground_alarm+flash_mob,baseline,failed_requests,0.06324312540959653,0.054869252552017383,1.4633947951862492,1.2696301468396123,0.008373872857579151,0.19376464834663687
underground_alarm-flash_mob,underground_alarm+flash_mob,baseline,passengers_accept,1.2925437037037053,1.3462606666666659,0.3784992963960021,0.3942293894116201,-0.05371696296296058,-0.015730093015618007
underground_alarm-flash_mob,underground_alarm+flash_mob,baseline,passengers_acceptance_rate,-0.166392444444444,-0.22654185185185138,-1.431142134971954,-1.9484874484671018,0.060149407407407374,0.5173453134951478
underground_alarm-flash_mob,underground_alarm+flash_mob,baseline,passengers_arrivals,-0.8047778518518516,-0.9710300740740743,-1.052314182008604,-1.2697028325937554,0.1662522222222227,0.21738865058515144
underground_alarm-flash_mob,underground_alarm+flash_mob,baseline,passengers_cancel,-0.0029988888888888704,-0.059222222222222246,-0.20227228442525766,-3.994484164455837,0.056223333333333375,3.792211880030579
underground_alarm-flash_mob,underground_alarm+flash_mob,baseline,passengers_change_provider,0.5840621481481487,0.8186678518518504,0.51217166912948,0.7179004519896606,-0.2346057037037017,-0.2057287828601806
underground_alarm-flash_mob,underground_alarm+flash_mob,baseline,passengers_departures,-0.7038772592592595,-0.9207783333333337,-0.952680312991296,-1.2462505064004374,0.21690107407407422,0.2935701934091415
underground_alarm-flash_mob,underground_alarm+flash_mob,baseline,passengers_drivers_ratio,0.15258837037037037,0.12680603703703702,2.181652269600575,1.8130259719624455,0.02578233333333335,0.3686262976381294
underground_alarm-flash_mob,underground_alarm+flash_mob,baseline,passengers_new,0.8646294814814812,0.8661725555555555,0.9431607646892419,0.9448439908049908,-0.0015430740740742799,-0.0016832261157488926
underground_alarm-flash_mob,underground_alarm+flash_mob,baseline,passengers_no_ratings_count,-0.16385118518518532,-0.19301740740740736,-0.8841288826935673,-1.0415076617154049,0.029166222222222038,0.1573787790218376
underground_alarm-flash_mob,underground_alarm+flash_mob,baseline,passengers_offers_discarded,10.332838814814792,10.966974370370366,0.3860275066586393,0.40971835984834876,-0.6341355555555737,-0.023690853189709482
underground_alarm-flash_mob,underground_alarm+flash_mob,baseline,passengers_pickup_accept,0.633925185185185,0.8195500740740744,1.5934138764511316,2.0599946034557735,-0.1856248888888894,-0.4665807270046418
underground_alarm-flash_mob,underground_alarm+flash_mob,baseline,passengers_pickup_reject,0.15496266666666655,0.17657281481481474,3.135940195935145,3.5732592849494327,-0.021610148148148184,-0.4373190890142875
underground_alarm-flash_mob,underground_alarm+flash_mob,baseline,passengers_rating_avg,0.014875259259258478,0.0102190000000002,0.7058195508398923,0.48488364903917336,0.0046562592592582774,0.22093590180071898
underground_alarm-flash_mob,underground_alarm+flash_mob,baseline,passengers_ratings_count,-0.6408639259259263,-0.7782605185185183,-1.1059828216995164,-1.3430975429687826,0.13739659259259196,0.23711472126926614
underground_alarm-flash_mob,underground_alarm+flash_mob,baseline,passengers_reject,1.0933581481481482,1.2086101111111107,0.6077933371720772,0.6718614335259904,-0.11525196296296247,-0.0640680963539132
underground_alarm-flash_mob,underground_alarm+flash_mob,baseline,passengers_unassigned,15.934814518518515,15.095296370370356,1.9817870472042505,1.877377536195546,0.8395181481481586,0.10440951100870444
underground_alarm-flash_mob,underground_alarm+flash_mob,baseline,rides_dispatched,0.12802518518518546,0.13835329629629545,0.14156033506178278,0.1529803604835717,-0.010328111111109983,-0.01142002542178891
underground_alarm-flash_mob,underground_alarm+flash_mob,baseline,rides_duration_avg,15.401785925925992,-39.40512529629609,0.06590286350880707,-0.16861100436267162,54.806911222222084,0.2345138678714787
underground_alarm-flash_mob,underground_alarm+flash_mob,baseline,rides_in_progress,-109.07818555555559,-108.94309981481547,-0.13203384324519496,-0.1318703285201681,-0.13508574074012358,-0.0001635147250268476
underground_alarm-flash_mob,underground_alarm+flash_mob,baseline,rides_length_avg,-752.8974624444454,-610.6479007777798,-0.6507889840738532,-0.5278314070600628,-142.2495616666656,-0.1229575770137904
underground_alarm-flash_mob,underground_alarm+flash_mob,baseline,rides_not_served,0.3807168888888888,0.37103203703703713,3.0508497508878833,2.9732408275069426,0.009684851851851695,0.07760892338094072
underground_alarm-flash_mob,underground_alarm+flash_mob,baseline,rides_offers_generated,12.018987999999993,12.919727777777766,0.40701364675244617,0.4375164962209971,-0.9007397777777726,-0.03050284946855092
underground_alarm-flash_mob,underground_alarm+flash_mob,baseline,rides_offers_lyft,4.386123703703703,5.825796592592603,0.3924473916414443,0.5212617863618352,-1.4396728888889,-0.12881439472039086
underground_alarm-flash_mob,underground_alarm+flash_mob,baseline,rides_offers_price_lyft_avg,3.71252481481482,3.0820784444444485,6.935215769792536,5.757504689625883,0.6304463703703718,1.1777110801666533
underground_alarm-flash_mob,underground_alarm+flash_mob,baseline,rides_offers_price_no_surge_avg,4.414968370370371,3.708452111111111,7.445755286283604,6.254229836740317,0.70651625925926,1.1915254495432874
underground_alarm-flash_mob,underground_alarm+flash_mob,baseline,rides_offers_price_uber_avg,4.8342477777777795,4.068480222222227,7.732535228446597,6.507665326793216,0.7657675555555521,1.2248699016533813
underground_alarm-flash_mob,underground_alarm+flash_mob,baseline,rides_offers_radius_avg,874.7420045925919,1086.87852211111,1.8450652212820782,2.2925179657282646,-212.13651751851808,-0.44745274444618643
underground_alarm-flash_mob,underground_alarm+flash_mob,baseline,rides_offers_surge_lyft_avg,0.0,0.0,,,0.0,
underground_alarm-flash_mob,underground_alarm+flash_mob,baseline,rides_offers_surge_uber_avg,0.0,0.0,,,0.0,
underground_alarm-flash_mob,underground_alarm+flash_mob,baseline,rides_offers_uber,7.632049111111115,7.096264407407375,0.4059204056656605,0.37742400304683416,0.5357847037037402,0.028496402618826355
underground_alarm-flash_mob,underground_alarm+flash_mob,baseline,rides_partial_acceptances,0.8927651851851861,0.8598451111111123,0.414093171905499,0.3988237840318337,0.032920074074073824,0.015269387873665274
underground_alarm-flash_mob,underground_alarm+flash_mob,baseline,rides_waiting_duration_avg,-128.13460725925938,-180.5101955925926,-0.5556529067950687,-0.7827784939023368,52.37558833333321,0.22712558710726805
underground_alarm-flash_mob,underground_alarm+flash_mob,baseline,traffic_duration_avg,112.49607162962968,123.06529814814814,0.7411993621417167,0.8108364956022408,-10.569226518518462,-0.06963713346052414
underground_alarm-flash_mob,underground_alarm+flash_mob,baseline,traffic_length_avg,-41.19667014814786,-55.17709181481496,-0.5167299032814594,-0.6920863558702786,13.980421666667098,0.17535645258881916
underground_alarm-flash_mob,underground_alarm+flash_mob,baseline,traffic_speed_avg,-1.406831555555554,-1.8608387037037017,-1.445054266903686,-1.9113964981718614,0.4540071481481478,0.4663422312681753
underground_alarm-flash_mob,underground_alarm+flash_mob,bank_tellers,drivers_accept,0.1625440740740749,0.27031503703703796,0.1797286491322012,0.2988934338181241,-0.10777096296296307,-0.1191647846859229
underground_alarm-flash_mob,underground_alarm+flash_mob,bank_tellers,drivers_acceptance_rate,-0.17816140740740827,-0.10353785185185216,-0.8809664087947054,-0.5119704140620278,-0.07462355555555611,-0.36899599473267763
underground_alarm-flash_mob,underground_alarm+flash_mob,bank_tellers,drivers_busy,-58.48161511111084,-104.80582344444429,-0.060137658575659114,-0.10777364501763467,46.324208333333445,0.04763598644197556
underground_alarm-flash_mob,underground_alarm+flash_mob,bank_tellers,drivers_change_provider,0.10711096296296274,0.10814762962962954,0.3976735551117862,0.40152241341158335,-0.0010366666666667967,-0.003848858299797142
underground_alarm-flash_mob,underground_alarm+flash_mob,bank_tellers,drivers_change_zone,0.1535806666666666,0.13337085185185193,0.29526762392304473,0.25641309796082457,0.020209814814814653,0.038854525962220166
underground_alarm-flash_mob,underground_alarm+flash_mob,bank_tellers,drivers_demand_pressure,0.0,0.0,,,0.0,
underground_alarm-flash_mob,underground_alarm+flash_mob,bank_tellers,drivers_idle,-787.5920865185199,-445.5250378518558,-0.239020376810203,-0.1352090304721802,-342.06704866666405,-0.1038113463380228
underground_alarm-flash_mob,underground_alarm+flash_mob,bank_tellers,drivers_idle_duration_avg,-72.16940799999998,33.86300859259268,-0.6081521496439954,0.28535444642968844,-106.03241659259265,-0.8935065960736839
underground_alarm-flash_mob,underground_alarm+flash_mob,bank_tellers,drivers_occupied_distance_avg,-1354.658473481482,-507.3801224814806,-1.2183044492080448,-0.4563094482923637,-847.2783510000013,-0.7619950009156811
underground_alarm-flash_mob,underground_alarm+flash_mob,bank_tellers,drivers_occupied_duration_avg,-139.30238985185179,-49.41083066666664,-1.1609839385215217,-0.41180327813481543,-89.89155918518514,-0.7491806603867063
underground_alarm-flash_mob,underground_alarm+flash_mob,bank_tellers,drivers_passengers_served,0.41130874074074075,0.5513028148148149,0.4776336362129784,0.6402022179743285,-0.13999407407407416,-0.16256858176135014
underground_alarm-flash_mob,underground_alarm+flash_mob,bank_tellers,drivers_pickup,611.5823414074075,712.2942616296298,2.139358461263086,2.4916559101750972,-100.71192022222226,-0.3522974489120112
underground_alarm-flash_mob,underground_alarm+flash_mob,bank_tellers,drivers_pickup_accept,0.6670985925925924,0.9491227777777774,1.8365381076063076,2.61295731926477,-0.282024185185185,-0.7764192116584623
underground_alarm-flash_mob,underground_alarm+flash_mob,bank_tellers,drivers_pickup_reject,0.1699383703703704,0.21238811111111117,2.084033827187746,2.6046148794024155,-0.04244974074074076,-0.5205810522146694
underground_alarm-flash_mob,underground_alarm+flash_mob,bank_tellers,drivers_reject,0.22765340740740703,0.22239429629629615,0.5020767081700837,0.4904780362036154,0.005259111111110881,0.011598671966468244
underground_alarm-flash_mob,underground_alarm+flash_mob,bank_tellers,drivers_removed,0.09444481481481481,0.14504218518518536,0.6214844377860569,0.9544352550409818,-0.05059737037037054,-0.3329508172549249
underground_alarm-flash_mob,underground_alarm+flash_mob,bank_tellers,drivers_shift_duration_avg,-973.5539785185183,-424.45294659259207,-1.0419310156012274,-0.45426416970853223,-549.1010319259262,-0.5876668458926951
underground_alarm-flash_mob,underground_alarm+flash_mob,bank_tellers,drivers_starting,-0.017999851851851767,-0.010610777777777691,-0.1156260356763971,-0.06816068154257765,-0.007389074074074076,-0.04746535413381944
underground_alarm-flash_mob,underground_alarm+flash_mob,bank_tellers,drivers_total_length_avg,-6995.559449555552,-3594.522669444439,-1.170089356206718,-0.6012260701219415,-3401.0367801111133,-0.5688632860847765
underground_alarm-flash_mob,underground_alarm+flash_mob,bank_tellers,drivers_waiting,0.2801978518518511,0.3638630370370364,0.2606770508955388,0.33851345682285683,-0.08366518518518529,-0.07783640592731805
underground_alarm-flash_mob,underground_alarm+flash_mob,bank_tellers,failed_requests,0.0857552295196933,0.11265473864974773,1.9843066851354392,2.6067395803954425,-0.026899509130054428,-0.6224328952600033
underground_alarm-flash_mob,underground_alarm+flash_mob,bank_tellers,passengers_accept,1.102926,1.2699263703703672,0.3229729979579493,0.3718761975185774,-0.16700037037036708,-0.04890319956062811
underground_alarm-flash_mob,underground_alarm+flash_mob,bank_tellers,passengers_acceptance_rate,-0.09330155555555542,-0.09211092592592585,-0.8024870832315041,-0.7922464726328787,-0.0011906296296295693,-0.010240610598625355
underground_alarm-flash_mob,underground_alarm+flash_mob,bank_tellers,passengers_arrivals,-0.7843951851851845,-0.957333592592591,-1.0256621448642762,-1.2517935403916678,0.1729384074074065,0.2261313955273916
underground_alarm-flash_mob,underground_alarm+flash_mob,bank_tellers,passengers_cancel,0.01355614814814815,0.006574888888888873,0.9143496660021683,0.4434701800140881,0.006981259259259277,0.47087948598808016
underground_alarm-flash_mob,underground_alarm+flash_mob,bank_tellers,passengers_change_provider,0.7248146666666675,0.8666849629629629,0.635599377246463,0.7600072791869541,-0.14187029629629544,-0.12440790194049112
underground_alarm-flash_mob,underground_alarm+flash_mob,bank_tellers,passengers_departures,-0.7038892592592594,-0.8185000740740747,-0.9526965546919695,-1.107819433707654,0.11461081481481528,0.15512287901568445
underground_alarm-flash_mob,underground_alarm+flash_mob,bank_tellers,passengers_drivers_ratio,0.1607397777777777,0.12784362962962964,2.2981980877887107,1.8278610883547102,0.03289614814814806,0.47033699943400054
underground_alarm-flash_mob,underground_alarm+flash_mob,bank_tellers,passengers_new,0.8621976296296294,0.8631353703703701,0.9405080362068942,0.9415309486717824,-0.0009377407407407112,-0.0010229124648882815
underground_alarm-flash_mob,underground_alarm+flash_mob,bank_tellers,passengers_no_ratings_count,-0.15633407407407413,-0.15566111111111108,-0.8435671068343406,-0.839935848434432,-0.0006729629629630418,-0.0036312583999085213
underground_alarm-flash_mob,underground_alarm+flash_mob,bank_tellers,passengers_offers_discarded,9.610999555555566,11.189092925925934,0.359060105496759,0.4180165510541187,-1.5780933703703681,-0.05895644555735974
underground_alarm-flash_mob,underground_alarm+flash_mob,bank_tellers,passengers_pickup_accept,0.6175798518518516,0.9257633703703707,1.5523287743646064,2.3269689154681514,-0.3081835185185191,-0.7746401411035451
underground_alarm-flash_mob,underground_alarm+flash_mob,bank_tellers,passengers_pickup_reject,0.21925970370370376,0.23540859259259272,4.437103032514983,4.763904002553083,-0.016148888888888963,-0.32680097003810005
underground_alarm-flash_mob,underground_alarm+flash_mob,bank_tellers,passengers_rating_avg,0.018457925925926766,-0.0018977037037037903,0.8758143141851411,-0.09004457350494471,0.020355629629630556,0.9658588876900858
underground_alarm-flash_mob,underground_alarm+flash_mob,bank_tellers,passengers_ratings_count,-0.6245814074074074,-0.7984955555555555,-1.077882962982289,-1.3780185339218658,0.1739141481481481,0.30013557093957677
underground_alarm-flash_mob,underground_alarm+flash_mob,bank_tellers,passengers_reject,1.7013455555555552,1.745079407407406,0.9457710583173686,0.9700825282684062,-0.04373385185185086,-0.024311469951037612
underground_alarm-flash_mob,underground_alarm+flash_mob,bank_tellers,passengers_unassigned,16.23941955555556,14.855000185185176,2.0196702818168433,1.8474922892264551,1.3844193703703844,0.17217799259038813
underground_alarm-flash_mob,underground_alarm+flash_mob,bank_tellers,rides_dispatched,0.1625440740740749,0.27031503703703796,0.1797286491322012,0.2988934338181241,-0.10777096296296307,-0.1191647846859229
underground_alarm-flash_mob,underground_alarm+flash_mob,bank_tellers,rides_duration_avg,40.06144600000016,-8.637827740740704,0.17141934191276084,-0.03696049181234135,48.699273740740864,0.2083798337251022
underground_alarm-flash_mob,underground_alarm+flash_mob,bank_tellers,rides_in_progress,-89.65572837037053,-97.59291329629559,-0.10852390260615558,-0.11813147927219718,7.937184925925067,0.009607576666041603
underground_alarm-flash_mob,underground_alarm+flash_mob,bank_tellers,rides_length_avg,-583.8214088888899,-508.6362950370358,-0.5046431426900998,-0.4396546863573285,-75.18511385185411,-0.06498845633277128
underground_alarm-flash_mob,underground_alarm+flash_mob,bank_tellers,rides_not_served,0.453481851851852,0.49293785185185196,3.6339469961317397,3.950125057268825,-0.039455999999999936,-0.31617806113708546
underground_alarm-flash_mob,underground_alarm+flash_mob,bank_tellers,rides_offers_generated,11.247358222222218,12.932315370370361,0.38088300665228864,0.43794276521843234,-1.6849571481481433,-0.0570597585661437
underground_alarm-flash_mob,underground_alarm+flash_mob,bank_tellers,rides_offers_lyft,5.625197111111106,6.204055592592589,0.5033131947145993,0.5551064218402064,-0.5788584814814826,-0.05179322712560708
underground_alarm-flash_mob,underground_alarm+flash_mob,bank_tellers,rides_offers_price_lyft_avg,3.907490740740741,3.0125668888888875,7.299423642197314,5.627652995612147,0.8949238518518534,1.6717706465851672
underground_alarm-flash_mob,underground_alarm+flash_mob,bank_tellers,rides_offers_price_no_surge_avg,4.577182222222223,3.464440592592595,7.719325682175938,5.842709322546709,1.1127416296296282,1.8766163596292298
underground_alarm-flash_mob,underground_alarm+flash_mob,bank_tellers,rides_offers_price_uber_avg,4.970932148148147,3.7074994814814737,7.951166287021083,5.930264990095593,1.2634326666666738,2.02090129692549
underground_alarm-flash_mob,underground_alarm+flash_mob,bank_tellers,rides_offers_radius_avg,918.360744888889,1161.5129998148152,1.937068829539482,2.4499420729469352,-243.15225492592617,-0.5128732434074532
underground_alarm-flash_mob,underground_alarm+flash_mob,bank_tellers,rides_offers_surge_lyft_avg,0.0,0.0,,,0.0,
underground_alarm-flash_mob,underground_alarm+flash_mob,bank_tellers,rides_offers_surge_uber_avg,0.0,0.0,,,0.0,
underground_alarm-flash_mob,underground_alarm+flash_mob,bank_tellers,rides_offers_uber,5.621641777777768,6.7310242962963045,0.29899429074957296,0.35799823522103036,-1.1093825185185366,-0.059003944471457404
underground_alarm-flash_mob,underground_alarm+flash_mob,bank_tellers,rides_partial_acceptances,0.7126534814814818,0.776832999999999,0.3305515778540916,0.3603201002334536,-0.06417951851851722,-0.029768522379362006
underground_alarm-flash_mob,underground_alarm+flash_mob,bank_tellers,rides_waiting_duration_avg,-100.35527622222219,-72.65182911111128,-0.43518844859978467,-0.315053059380649,-27.703447111110904,-0.12013538921913569
underground_alarm-flash_mob,underground_alarm+flash_mob,bank_tellers,traffic_duration_avg,96.94499696296316,64.86414555555541,0.6387384810053521,0.4273683748702773,32.08085140740775,0.21137010613507484
underground_alarm-flash_mob,underground_alarm+flash_mob,bank_tellers,traffic_length_avg,-0.3028935555548742,-33.76684892592493,-0.0037991943791477745,-0.4235376431363663,33.46395537037006,0.41973844875721855
underground_alarm-flash_mob,underground_alarm+flash_mob,bank_tellers,traffic_speed_avg,-1.323329037037038,-1.457575592592594,-1.3592830384962207,-1.4971769868915357,0.13424655555555587,0.137893948395315
underground_alarm-flash_mob,underground_alarm+flash_mob,students,drivers_accept,0.11509911111111171,0.13752429629629592,0.12726768339084388,0.15206371648421796,-0.022425185185184215,-0.02479603309337408
underground_alarm-flash_mob,underground_alarm+flash_mob,students,drivers_acceptance_rate,-0.27221251851851824,-0.3245573333333327,-1.346027113042718,-1.6048599556738965,0.052344814814814455,0.25883284263117856
underground_alarm-flash_mob,underground_alarm+flash_mob,students,drivers_busy,-132.49606407407464,-277.6922282592582,-0.1362479994570383,-0.2855557320098107,145.19616418518353,0.1493077325527724
underground_alarm-flash_mob,underground_alarm+flash_mob,students,drivers_change_provider,0.14371688888888912,0.08670970370370357,0.5335812932035023,0.32192928884847005,0.05700718518518555,0.21165200435503229
underground_alarm-flash_mob,underground_alarm+flash_mob,students,drivers_change_zone,0.18240725925925894,0.13892022222222278,0.350688398460285,0.2670820801907603,0.04348703703703616,0.0836063182695247
underground_alarm-flash_mob,underground_alarm+flash_mob,students,drivers_demand_pressure,0.0,0.0,,,0.0,
underground_alarm-flash_mob,underground_alarm+flash_mob,students,drivers_idle,-785.9959222222224,-390.81885285185126,-0.23853596895735307,-0.11860666336314715,-395.1770693703711,-0.11992930559420592
underground_alarm-flash_mob,underground_alarm+flash_mob,students,drivers_idle_duration_avg,-82.9579425185184,3.8974850000000743,-0.6990642222349944,0.03284305561929057,-86.85542751851847,-0.731907277854285
underground_alarm-flash_mob,underground_alarm+flash_mob,students,drivers_occupied_distance_avg,-394.9320187407411,-429.1400940740741,-0.3551798811179378,-0.3859447205171529,34.208075333333,0.030764839399215094
underground_alarm-flash_mob,underground_alarm+flash_mob,students,drivers_occupied_duration_avg,-33.62368614814818,-26.046642222222204,-0.2802289294060499,-0.2170797881111478,-7.577043925925977,-0.06314914129490207
underground_alarm-flash_mob,underground_alarm+flash_mob,students,drivers_passengers_served,0.3994938518518514,-0.03850066666666674,0.4639135573950823,-0.044709026566043926,0.4379945185185181,0.5086225839611263
underground_alarm-flash_mob,underground_alarm+flash_mob,students,drivers_pickup,638.1557108148148,624.8490974444443,2.2323139945363004,2.1857665160084747,13.306613370370542,0.0465474785278257
underground_alarm-flash_mob,underground_alarm+flash_mob,students,drivers_pickup_accept,0.6057400000000004,0.7254182592592593,1.667616459776951,1.9970935209223157,-0.1196782592592589,-0.3294770611453648
underground_alarm-flash_mob,underground_alarm+flash_mob,students,drivers_pickup_reject,0.17056785185185191,0.12117351851851854,2.091753453415399,1.4860076097092154,0.04939433333333337,0.6057458437061838
underground_alarm-flash_mob,underground_alarm+flash_mob,students,drivers_reject,0.26545733333333343,0.28850703703703706,0.5854511276481436,0.6362859448891648,-0.023049703703703628,-0.050834817241021235
underground_alarm-flash_mob,underground_alarm+flash_mob,students,drivers_removed,0.06408585185185173,0.02607974074074082,0.4217103891440003,0.17161506477243874,0.03800611111111091,0.25009532437156157
underground_alarm-flash_mob,underground_alarm+flash_mob,students,drivers_shift_duration_avg,-486.98670637037003,28.865454333332764,-0.5211899542795868,0.03089280390501553,-515.8521607037028,-0.5520827581846024
underground_alarm-flash_mob,underground_alarm+flash_mob,students,drivers_starting,-0.03335725925925931,-0.03988833333333325,-0.21427774411271902,-0.256231545183386,0.006531074074073939,0.04195380107066696
underground_alarm-flash_mob,underground_alarm+flash_mob,students,drivers_total_length_avg,-3022.2462688148153,-68.68953592592152,-0.505506130921431,-0.011489130418984028,-2953.5567328888937,-0.494017000502447
underground_alarm-flash_mob,underground_alarm+flash_mob,students,drivers_waiting,0.2287525185185184,0.3280674814814821,0.21281580682446818,0.3052117030951983,-0.09931496296296372,-0.09239589627073011
underground_alarm-flash_mob,underground_alarm+flash_mob,students,failed_requests,0.07967642882753165,0.05946789142793654,1.8436481513221483,1.3760389328124207,0.020208537399595106,0.4676092185097276
underground_alarm-flash_mob,underground_alarm+flash_mob,students,passengers_accept,1.2740742222222234,0.9899571111111136,0.3730908249257466,0.2898919927768019,0.2841171111111098,0.08319883214894469
underground_alarm-flash_mob,underground_alarm+flash_mob,students,passengers_acceptance_rate,-0.10507207407407404,-0.11606462962962949,-0.9037253639633197,-0.9982723818829229,0.01099255555555545,0.09454701791960318
underground_alarm-flash_mob,underground_alarm+flash_mob,students,passengers_arrivals,-0.7311488148148149,-0.7634884444444436,-0.9560380733863034,-0.9983248371458369,0.032339629629628774,0.04228676375953344
underground_alarm-flash_mob,underground_alarm+flash_mob,students,passengers_cancel,0.04425777777777782,0.015868888888888898,2.985146214607973,1.0703418918716374,0.028388888888888922,1.9148043227363356
underground_alarm-flash_mob,underground_alarm+flash_mob,students,passengers_change_provider,0.6461110370370364,0.5163392592592593,0.5665831441593432,0.45278458994540877,0.12977177777777715,0.11379855421393442
underground_alarm-flash_mob,underground_alarm+flash_mob,students,passengers_departures,-0.6932097037037037,-0.7822230370370371,-0.9382420426368681,-1.0587193689673722,0.08901333333333339,0.12047732633050412
underground_alarm-flash_mob,underground_alarm+flash_mob,students,passengers_drivers_ratio,0.16719629629629632,0.11845148148148138,2.3905110094448916,1.6935756164403228,0.048744814814814935,0.6969353930045687
underground_alarm-flash_mob,underground_alarm+flash_mob,students,passengers_new,0.8673334814814808,0.8628644444444435,0.9461103595877984,0.9412354154879806,0.004469037037037271,0.004874944099817813
underground_alarm-flash_mob,underground_alarm+flash_mob,students,passengers_no_ratings_count,-0.171642074074074,-0.19416829629629617,-0.9261679432028816,-1.0477177730813232,0.02252622222222217,0.12154982987844154
underground_alarm-flash_mob,underground_alarm+flash_mob,students,passengers_offers_discarded,10.449110888888896,8.197506518518566,0.3903713486224277,0.3062530112852036,2.2516043703703303,0.08411833733722412
underground_alarm-flash_mob,underground_alarm+flash_mob,students,passengers_pickup_accept,0.6338034074074073,0.6914087037037031,1.5931077797610345,1.737902592493996,-0.05760529629629585,-0.14479481273296146
underground_alarm-flash_mob,underground_alarm+flash_mob,students,passengers_pickup_reject,0.14249385185185187,0.1544271481481481,2.8836119518842187,3.1251030434518174,-0.01193329629629622,-0.24149109156759874
underground_alarm-flash_mob,underground_alarm+flash_mob,students,passengers_rating_avg,0.011135703703704536,0.010821555555556195,0.5283805310178282,0.5134744442761644,0.000314148148148341,0.014906086741663827
underground_alarm-flash_mob,underground_alarm+flash_mob,students,passengers_ratings_count,-0.5609998518518517,-0.568720925925926,-0.9681559127043711,-0.9814806996763603,0.007721074074074297,0.013324786971989244
underground_alarm-flash_mob,underground_alarm+flash_mob,students,passengers_reject,1.0653579259259258,0.9011417407407416,0.5922281277895626,0.5009410199188058,0.16421618518518422,0.09128710787075678
underground_alarm-flash_mob,underground_alarm+flash_mob,students,passengers_unassigned,16.49211088888889,13.508970259259268,2.0510970932653727,1.6800887296023883,2.9831406296296237,0.3710083636629844
underground_alarm-flash_mob,underground_alarm+flash_mob,students,rides_dispatched,0.11509911111111171,0.13752429629629592,0.12726768339084388,0.15206371648421796,-0.022425185185184215,-0.02479603309337408
underground_alarm-flash_mob,underground_alarm+flash_mob,students,rides_duration_avg,-20.7022815555556,-55.76910003703688,-0.08858320991074596,-0.23863098769364813,35.06681848148128,0.15004777778290218
underground_alarm-flash_mob,underground_alarm+flash_mob,students,rides_in_progress,-189.475358518519,-122.46109914814815,-0.2293507144260255,-0.14823320984126276,-67.01425937037084,-0.08111750458476275
underground_alarm-flash_mob,underground_alarm+flash_mob,students,rides_length_avg,-726.993219777778,-418.6621521481484,-0.6283978928441003,-0.3618828994084579,-308.3310676296296,-0.2665149934356424
underground_alarm-flash_mob,underground_alarm+flash_mob,students,rides_not_served,0.39887614814814826,0.30751648148148136,3.19636778070029,2.4642631002259083,0.0913596666666669,0.7321046804743818
underground_alarm-flash_mob,underground_alarm+flash_mob,students,rides_offers_generated,12.07234600000001,9.6747597037037,0.40882057377187775,0.3276281853728501,2.3975862962963106,0.08119238839902765
underground_alarm-flash_mob,underground_alarm+flash_mob,students,rides_offers_lyft,4.892148148148152,4.685270925925927,0.43772381035287844,0.41921351932242185,0.20687722222222504,0.018510291030456594
underground_alarm-flash_mob,underground_alarm+flash_mob,students,rides_offers_price_lyft_avg,3.853974000000008,2.7984155925925904,7.199451207574937,5.227605717471684,1.0555584074074176,1.9718454901032523
underground_alarm-flash_mob,underground_alarm+flash_mob,students,rides_offers_price_no_surge_avg,4.601372592592593,3.242198999999996,7.760122254869669,5.467903350213183,1.3591735925925974,2.2922189046564867
underground_alarm-flash_mob,underground_alarm+flash_mob,students,rides_offers_price_uber_avg,5.048343925925931,3.4935215185185235,8.074988922160928,5.5880003373965454,1.554822407407407,2.486988584764383
underground_alarm-flash_mob,underground_alarm+flash_mob,students,rides_offers_radius_avg,812.3880044444443,910.3267120370372,1.71354393103062,1.920122902027411,-97.93870759259289,-0.20657897099679112
underground_alarm-flash_mob,underground_alarm+flash_mob,students,rides_offers_surge_lyft_avg,0.0,0.0,,,0.0,
underground_alarm-flash_mob,underground_alarm+flash_mob,students,rides_offers_surge_uber_avg,0.0,0.0,,,0.0,
underground_alarm-flash_mob,underground_alarm+flash_mob,students,rides_offers_uber,7.179851851851858,4.9886476296296465,0.3818697094178877,0.26532767806672203,2.1912042222222112,0.1165420313511657
underground_alarm-flash_mob,underground_alarm+flash_mob,students,rides_partial_acceptances,0.8940496296296292,0.5624381851851856,0.41468893850007726,0.26087689794466523,0.33161144444444357,0.15381204055541203
underground_alarm-flash_mob,underground_alarm+flash_mob,students,rides_waiting_duration_avg,-108.8086322962962,-153.32481637037029,-0.47184624133199404,-0.6648896946914389,44.51618407407409,0.19304345335944484
underground_alarm-flash_mob,underground_alarm+flash_mob,students,traffic_duration_avg,136.3556435555555,21.979450444444296,0.8984021803049489,0.14481532033654376,114.3761931111112,0.7535868599684051
underground_alarm-flash_mob,underground_alarm+flash_mob,students,traffic_length_avg,-21.172151851850685,-50.81889985185171,-0.2655623364540067,-0.6374215467144522,29.646748000001026,0.3718592102604455
underground_alarm-flash_mob,underground_alarm+flash_mob,students,traffic_speed_avg,-1.4571439259259256,-1.5898582962962964,-1.4967335921183054,-1.6330537268393432,0.13271437037037082,0.13632013472103788
underground_alarm-flash_mob,underground_alarm+flash_mob,managers,drivers_accept,0.10232118518518485,0.1917712222222221,0.11313884246901751,0.21204576610233036,-0.08945003703703724,-0.09890692363331285
underground_alarm-flash_mob,underground_alarm+flash_mob,managers,drivers_acceptance_rate,-0.24074592592592547,-0.18172777777777704,-1.1904321866403245,-0.8986012745231234,-0.05901814814814843,-0.291830912117201
underground_alarm-flash_mob,underground_alarm+flash_mob,managers,drivers_busy,3.3211775555550958,29.281201666666675,0.0034152244517468566,0.030110367252502046,-25.96002411111158,-0.02669514280075519
underground_alarm-flash_mob,underground_alarm+flash_mob,managers,drivers_change_provider,0.06395029629629623,0.10028355555555535,0.23742986688854592,0.3723252686171621,-0.03633325925925912,-0.13489540172861617
underground_alarm-flash_mob,underground_alarm+flash_mob,managers,drivers_change_zone,0.17297503703703687,0.169802666666667,0.3325544112578833,0.3264553476075346,0.0031723703703698813,0.006099063650348735
underground_alarm-flash_mob,underground_alarm+flash_mob,managers,drivers_demand_pressure,0.0,0.0,,,0.0,
underground_alarm-flash_mob,underground_alarm+flash_mob,managers,drivers_idle,-567.4013679259269,-414.1436658888897,-0.1721963578427735,-0.12568533479290303,-153.25770203703723,-0.04651102304987048
underground_alarm-flash_mob,underground_alarm+flash_mob,managers,drivers_idle_duration_avg,75.28846977777778,159.98912144444444,0.6344356425753495,1.348185205095394,-84.70065166666666,-0.7137495625200445
underground_alarm-flash_mob,underground_alarm+flash_mob,managers,drivers_occupied_distance_avg,333.0698158518526,1046.1854903703706,0.2995444582473673,0.9408810136029802,-713.1156745185181,-0.6413365553556128
underground_alarm-flash_mob,underground_alarm+flash_mob,managers,drivers_occupied_duration_avg,43.22569755555554,111.11785244444428,0.360254699483333,0.926086351484725,-67.89215488888874,-0.565831652001392
underground_alarm-flash_mob,underground_alarm+flash_mob,managers,drivers_passengers_served,0.42483859259259216,0.575159703703704,0.49334522144645643,0.6679061091394121,-0.1503211111111118,-0.17456088769295564
underground_alarm-flash_mob,underground_alarm+flash_mob,managers,drivers_pickup,537.5955457037037,552.9000259629627,1.8805473957797214,1.934083554561763,-15.30448025925898,-0.05353615878204154
underground_alarm-flash_mob,underground_alarm+flash_mob,managers,drivers_pickup_accept,0.5633580000000002,0.7004016296296298,1.5509378174580237,1.928222151459322,-0.13704362962962957,-0.37728433400129835
underground_alarm-flash_mob,underground_alarm+flash_mob,managers,drivers_pickup_reject,0.17729644444444437,0.1878400000000001,2.1742693357424225,2.303569895637885,-0.010543555555555723,-0.12930055989546263
underground_alarm-flash_mob,underground_alarm+flash_mob,managers,drivers_reject,0.24080229629629657,0.23166603703703714,0.5310758385789398,0.5109263357618422,0.009136259259259427,0.020149502817097598
underground_alarm-flash_mob,underground_alarm+flash_mob,managers,drivers_removed,0.08335799999999988,0.07801162962962954,0.5485287875946335,0.5133475445550798,0.005346370370370335,0.03518124303955372
underground_alarm-flash_mob,underground_alarm+flash_mob,managers,drivers_shift_duration_avg,293.49657592592575,815.8973522962951,0.314110149182823,0.8732014615132726,-522.4007763703694,-0.5590913123304496
underground_alarm-flash_mob,underground_alarm+flash_mob,managers,drivers_starting,-0.0396535555555555,-0.03398666666666644,-0.25472339812013317,-0.2183208820197879,-0.0056668888888890545,-0.036402516100345284
underground_alarm-flash_mob,underground_alarm+flash_mob,managers,drivers_total_length_avg,1426.8682955555523,4864.752468629631,0.23866045559007376,0.8136869002643567,-3437.8841730740787,-0.575026444674283
underground_alarm-flash_mob,underground_alarm+flash_mob,managers,drivers_waiting,0.2715678518518527,0.32316066666666643,0.2526482850275637,0.30064673585236235,-0.0515928148148137,-0.047998450824798644
underground_alarm-flash_mob,underground_alarm+flash_mob,managers,failed_requests,0.06204790380417269,0.06508555499414342,1.4357383334737164,1.5060271263220213,-0.003037651189970736,-0.07028879284830492
underground_alarm-flash_mob,underground_alarm+flash_mob,managers,passengers_accept,0.9683214074074087,1.077271555555555,0.2835563473317626,0.31546053308436023,-0.1089501481481463,-0.031904185752597625
underground_alarm-flash_mob,underground_alarm+flash_mob,managers,passengers_acceptance_rate,-0.13927081481481474,-0.1480625925925927,-1.1978688811192169,-1.2734869998450893,0.008791777777777954,0.07561811872587243
underground_alarm-flash_mob,underground_alarm+flash_mob,managers,passengers_arrivals,-0.7979998518518514,-0.827098555555555,-1.0434513815360984,-1.0815003642647019,0.0290987037037036,0.038048982728603464
underground_alarm-flash_mob,underground_alarm+flash_mob,managers,passengers_cancel,0.026382666666666665,-0.013853111111111115,1.7794864877017849,-0.9343795434446993,0.04023577777777778,2.713866031146484
underground_alarm-flash_mob,underground_alarm+flash_mob,managers,passengers_change_provider,0.8020740000000006,0.6722034074074084,0.7033490881884004,0.5894638819823808,0.12987059259259226,0.1138852062060196
underground_alarm-flash_mob,underground_alarm+flash_mob,managers,passengers_departures,-0.6878765185185185,-0.7727530740740738,-0.9310237095189468,-1.0459020103144356,0.08487655555555529,0.11487830079548889
underground_alarm-flash_mob,underground_alarm+flash_mob,managers,passengers_drivers_ratio,0.15683318518518516,0.11198988888888889,2.2423430670204354,1.601190147543533,0.04484329629629627,0.6411529194769023
underground_alarm-flash_mob,underground_alarm+flash_mob,managers,passengers_new,0.8653093333333328,0.8666114814814811,0.9439023651160156,0.9453227828434355,-0.00130214814814833,-0.0014204177274199647
underground_alarm-flash_mob,underground_alarm+flash_mob,managers,passengers_no_ratings_count,-0.196950962962963,-0.20485766666666677,-1.0627328367082856,-1.1053968253968263,0.007906703703703777,0.04266398868854071
underground_alarm-flash_mob,underground_alarm+flash_mob,managers,passengers_offers_discarded,8.767840222222233,9.316413703703702,0.32756027268257015,0.34805458765937225,-0.5485734814814691,-0.020494314976802097
underground_alarm-flash_mob,underground_alarm+flash_mob,managers,passengers_pickup_accept,0.5894811111111107,0.6961418148148142,1.4817006869286733,1.749799587753817,-0.10666070370370351,-0.26809890082514376
underground_alarm-flash_mob,underground_alarm+flash_mob,managers,passengers_pickup_reject,0.15144481481481478,0.19173988888888896,3.0647503199290953,3.8801915175104917,-0.04029507407407418,-0.8154411975813964
underground_alarm-flash_mob,underground_alarm+flash_mob,managers,passengers_rating_avg,0.007907999999999582,0.026252370370370315,0.37522848582067764,1.2456546766917296,-0.018344370370370733,-0.870426190871052
underground_alarm-flash_mob,underground_alarm+flash_mob,managers,passengers_ratings_count,-0.6013705185185183,-0.6210186296296298,-1.0378263404311008,-1.0717344330676715,0.019648111111111533,0.033908092636570686
underground_alarm-flash_mob,underground_alarm+flash_mob,managers,passengers_reject,1.4157777037037036,1.4706171481481478,0.7870250536709751,0.8175100772691485,-0.05483944444444422,-0.0304850235981734
underground_alarm-flash_mob,underground_alarm+flash_mob,managers,passengers_unassigned,16.635234296296304,13.064272148148142,2.068897119404498,1.6247823464943805,3.570962148148162,0.4441147729101176
underground_alarm-flash_mob,underground_alarm+flash_mob,managers,rides_dispatched,0.10232118518518485,0.1917712222222221,0.11313884246901751,0.21204576610233036,-0.08945003703703724,-0.09890692363331285
underground_alarm-flash_mob,underground_alarm+flash_mob,managers,rides_duration_avg,-21.164300222222437,-62.79977314814835,-0.09056014643449099,-0.26871460868702085,41.63547292592591,0.17815446225252984
underground_alarm-flash_mob,underground_alarm+flash_mob,managers,rides_in_progress,-102.13512355555622,-20.33024703703677,-0.12362960407417681,-0.024608776143026756,-81.80487651851945,-0.09902082793115005
underground_alarm-flash_mob,underground_alarm+flash_mob,managers,rides_length_avg,-771.8507081481484,-442.75296011111095,-0.6671717773912436,-0.38270649521237066,-329.0977480370375,-0.2844652821788729
underground_alarm-flash_mob,underground_alarm+flash_mob,managers,rides_not_served,0.36176525925925906,0.36921511111111127,2.898982113223536,2.9586810110914685,-0.007449851851852207,-0.05969889786793248
underground_alarm-flash_mob,underground_alarm+flash_mob,managers,rides_offers_generated,10.297604962962978,10.932432148148152,0.34872035389266154,0.3702182809810161,-0.6348271851851734,-0.021497927088354574
underground_alarm-flash_mob,underground_alarm+flash_mob,managers,rides_offers_lyft,4.251926518518523,5.153179111111108,0.38044012991121173,0.46107949465926584,-0.9012525925925843,-0.08063936474805411
underground_alarm-flash_mob,underground_alarm+flash_mob,managers,rides_offers_price_lyft_avg,3.3599239259259264,2.0337715555555533,6.276536470113,3.7992054646907207,1.326152370370373,2.4773310054222795
underground_alarm-flash_mob,underground_alarm+flash_mob,managers,rides_offers_price_no_surge_avg,3.886373259259262,2.1961585925925924,6.55429027165904,3.703777259210961,1.6902146666666695,2.8505130124480793
underground_alarm-flash_mob,underground_alarm+flash_mob,managers,rides_offers_price_uber_avg,4.1917486666666655,2.2740431111111192,6.70483717917613,3.637405295712034,1.9177055555555462,3.067431883464096
underground_alarm-flash_mob,underground_alarm+flash_mob,managers,rides_offers_radius_avg,855.6360526666665,951.4946186296293,1.8047656503995404,2.006957045452772,-95.85856596296276,-0.2021913950532317
underground_alarm-flash_mob,underground_alarm+flash_mob,managers,rides_offers_surge_lyft_avg,0.0,0.0,,,0.0,
underground_alarm-flash_mob,underground_alarm+flash_mob,managers,rides_offers_surge_uber_avg,0.0,0.0,,,0.0,
underground_alarm-flash_mob,underground_alarm+flash_mob,managers,rides_offers_uber,6.045011777777773,5.77784014814813,0.32151177191940433,0.3073019031537889,0.2671716296296438,0.014209868765615419
underground_alarm-flash_mob,underground_alarm+flash_mob,managers,rides_partial_acceptances,0.6261481481481495,0.6561849259259249,0.2904276253734495,0.3043596478024375,-0.03003677777777547,-0.013932022428988
underground_alarm-flash_mob,underground_alarm+flash_mob,managers,rides_waiting_duration_avg,-81.18713370370358,-111.08843825925908,-0.35206622006142585,-0.48173256975914514,29.901304555555498,0.12966634969771929
underground_alarm-flash_mob,underground_alarm+flash_mob,managers,traffic_duration_avg,119.68204066666681,49.08780644444437,0.788545332445085,0.323423300907294,70.59423422222244,0.46512203153779097
underground_alarm-flash_mob,underground_alarm+flash_mob,managers,traffic_length_avg,-10.088722666667763,-76.93963244444558,-0.12654286545571874,-0.965053939761605,66.85090977777782,0.8385110743058863
underground_alarm-flash_mob,underground_alarm+flash_mob,managers,traffic_speed_avg,-1.3973171851851847,-1.4608018148148147,-1.43528139719067,-1.5004908635029817,0.06348462962963008,0.06520946631231173
underground_alarm-flash_mob,underground_alarm+flash_mob,drivers,drivers_accept,0.14262962962963055,0.19999940740740874,0.15770879870943444,0.22114385606080675,-0.057369777777778186,-0.06343505735137231
underground_alarm-flash_mob,underground_alarm+flash_mob,drivers,drivers_acceptance_rate,-0.3134393333333332,-0.6378258148148142,-1.5498840510966416,-3.1538991844010247,0.32438648148148097,1.604015133304383
underground_alarm-flash_mob,underground_alarm+flash_mob,drivers,drivers_busy,-259.15282703703724,-189.69736214814793,-0.26649134435942146,-0.19506908582969518,-69.45546488888931,-0.07142225852972628
underground_alarm-flash_mob,underground_alarm+flash_mob,drivers,drivers_change_provider,0.11081451851851831,0.21046774074074115,0.4114238385896881,0.781408852851575,-0.09965322222222284,-0.3699850142618869
underground_alarm-flash_mob,underground_alarm+flash_mob,drivers,drivers_change_zone,0.18922333333333352,0.29958751851851817,0.3637926910774252,0.5759741552753865,-0.11036418518518465,-0.21218146419796136
underground_alarm-flash_mob,underground_alarm+flash_mob,drivers,drivers_demand_pressure,0.0,0.0,,,0.0,
underground_alarm-flash_mob,underground_alarm+flash_mob,drivers,drivers_idle,-487.10656229629603,-754.6161653333338,-0.1478282934271782,-0.22901276342471555,267.5096030370378,0.08118446999753734
underground_alarm-flash_mob,underground_alarm+flash_mob,drivers,drivers_idle_duration_avg,-81.02974496296292,-214.28713025925913,-0.6828158211347755,-1.8057398906225108,133.2573852962962,1.1229240694877354
underground_alarm-flash_mob,underground_alarm+flash_mob,drivers,drivers_occupied_distance_avg,272.89237903703724,380.53037566666626,0.24542422023268395,0.34222784473642875,-107.63799662962901,-0.0968036245037448
underground_alarm-flash_mob,underground_alarm+flash_mob,drivers,drivers_occupied_duration_avg,19.854726592592556,22.958072555555418,0.16547468210883431,0.19133880994258673,-3.1033459629628624,-0.025864127833752415
underground_alarm-flash_mob,underground_alarm+flash_mob,drivers,drivers_passengers_served,0.3873452592592592,0.371919111111112,0.44980596404703,0.43189229846460087,0.015426148148147245,0.017913665582429128
underground_alarm-flash_mob,underground_alarm+flash_mob,drivers,drivers_pickup,561.7144894074074,697.0189360740744,1.9649171736423456,2.4382217366170087,-135.304446666667,-0.47330456297466306
underground_alarm-flash_mob,underground_alarm+flash_mob,drivers,drivers_pickup_accept,0.552308148148148,0.7249447037037033,1.5205173155492087,1.9957898113454942,-0.17263655555555535,-0.4752724957962855
underground_alarm-flash_mob,underground_alarm+flash_mob,drivers,drivers_pickup_reject,0.15541859259259266,0.18918396296296303,1.9059709919011154,2.3200515429032906,-0.03376537037037036,-0.4140805510021752
underground_alarm-flash_mob,underground_alarm+flash_mob,drivers,drivers_reject,0.3264314814814817,0.5476583703703704,0.7199261611402239,1.2078295463650575,-0.22122688888888864,-0.48790338522483356
underground_alarm-flash_mob,underground_alarm+flash_mob,drivers,drivers_removed,0.06185251851851847,0.06409988888888885,0.4070141677180067,0.4218027584295804,-0.002247370370370372,-0.014788590711573735
underground_alarm-flash_mob,underground_alarm+flash_mob,drivers,drivers_shift_duration_avg,-21.074889111111133,-210.29881437036875,-0.022555072548353317,-0.22506903784635335,189.2239252592576,0.20251396529800003
underground_alarm-flash_mob,underground_alarm+flash_mob,drivers,drivers_starting,-0.02729570370370371,-0.026004407407407393,-0.17533999925294502,-0.16704507144724767,-0.0012912962962963181,-0.00829492780569735
underground_alarm-flash_mob,underground_alarm+flash_mob,drivers,drivers_total_length_avg,615.2542121481529,363.5775141111153,0.10290848218603033,0.06081260297838542,251.67669803703757,0.042095879207644904
underground_alarm-flash_mob,underground_alarm+flash_mob,drivers,drivers_waiting,0.35544511111111055,0.5143394444444453,0.3306819902697597,0.4785064862235918,-0.1588943333333348,-0.14782449595383212
underground_alarm-flash_mob,underground_alarm+flash_mob,drivers,failed_requests,0.06202839939571314,0.09031602561193194,1.43528701722965,2.0898398196866146,-0.028287626216218803,-0.6545528024569647
underground_alarm-flash_mob,underground_alarm+flash_mob,drivers,passengers_accept,1.2576911851851804,2.1426721481481454,0.3682933329929153,0.6274448578856657,-0.884980962962965,-0.25915152489275045
underground_alarm-flash_mob,underground_alarm+flash_mob,drivers,passengers_acceptance_rate,-0.11283081481481427,-0.07231122222222242,-0.9704583266616607,-0.6219491353653127,-0.04051959259259186,-0.34850919129634794
underground_alarm-flash_mob,underground_alarm+flash_mob,drivers,passengers_arrivals,-0.680814888888889,-0.8407894074074078,-0.890222265997791,-1.0994022952563807,0.15997451851851885,0.2091800292585897
underground_alarm-flash_mob,underground_alarm+flash_mob,drivers,passengers_cancel,0.031073777777777783,0.03325866666666666,2.095897597314028,2.2432663339178913,-0.002184888888888875,-0.1473687366038634
underground_alarm-flash_mob,underground_alarm+flash_mob,drivers,passengers_change_provider,0.5274815555555548,0.7368392222222231,0.46255541400942835,0.6461438658919879,-0.20935766666666833,-0.18358845188255957
underground_alarm-flash_mob,underground_alarm+flash_mob,drivers,passengers_departures,-0.5790491851851849,-0.7888090740740736,-0.7837286284260929,-1.0676334058158126,0.20975988888888875,0.28390477738971964
underground_alarm-flash_mob,underground_alarm+flash_mob,drivers,passengers_drivers_ratio,0.14956999999999998,0.16674785185185184,2.1384967227326834,2.384099316092132,-0.01717785185185186,-0.24560259335944856
underground_alarm-flash_mob,underground_alarm+flash_mob,drivers,passengers_new,0.8666537037037036,0.8636533703703706,0.9453688399629893,0.9420959968069356,0.0030003333333330495,0.0032728431560536952
underground_alarm-flash_mob,underground_alarm+flash_mob,drivers,passengers_no_ratings_count,-0.14738333333333342,-0.16430237037037032,-0.795269571473538,-0.8865634445993276,0.0169190370370369,0.09129387312578952
underground_alarm-flash_mob,underground_alarm+flash_mob,drivers,passengers_offers_discarded,9.878727777777783,16.64625270370371,0.36906224139947075,0.6218921577686058,-6.767524925925926,-0.2528299163691351
underground_alarm-flash_mob,underground_alarm+flash_mob,drivers,passengers_pickup_accept,0.5914811851851856,0.7989266296296296,1.486728008540182,2.0081561794177736,-0.20744544444444402,-0.5214281708775916
underground_alarm-flash_mob,underground_alarm+flash_mob,drivers,passengers_pickup_reject,0.11598755555555557,0.1133824074074074,2.3472107541704306,2.2944910316083695,0.002605148148148162,0.05271972256206103
underground_alarm-flash_mob,underground_alarm+flash_mob,drivers,passengers_rating_avg,0.0024511851851851674,-0.0009910000000008523,0.11630684186939255,-0.04702218379471812,0.0034421851851860197,0.16332902566411067
underground_alarm-flash_mob,underground_alarm+flash_mob,drivers,passengers_ratings_count,-0.5353827407407408,-0.6765069629629628,-0.923946707467047,-1.1674944547957413,0.14112422222222198,0.24354774732869433
underground_alarm-flash_mob,underground_alarm+flash_mob,drivers,passengers_reject,0.9673451111111113,1.2377836296296305,0.5377432036109456,0.6880788735363427,-0.2704385185185192,-0.15033566992539704
underground_alarm-flash_mob,underground_alarm+flash_mob,drivers,passengers_unassigned,16.542617333333336,17.938543333333335,2.057378497876893,2.2309875513390875,-1.3959259999999993,-0.17360905346219457
underground_alarm-flash_mob,underground_alarm+flash_mob,drivers,rides_dispatched,0.14262962962963055,0.19999940740740874,0.15770879870943444,0.22114385606080675,-0.057369777777778186,-0.06343505735137231
underground_alarm-flash_mob,underground_alarm+flash_mob,drivers,rides_duration_avg,8.256358666666642,68.9909512222223,0.03532821978606838,0.2952061055521731,-60.73459255555565,-0.2598778857661047
underground_alarm-flash_mob,underground_alarm+flash_mob,drivers,rides_in_progress,-123.98361740740711,-109.3096364444441,-0.1500761442112937,-0.13231400329944248,-14.673980962963014,-0.017762140911851215
underground_alarm-flash_mob,underground_alarm+flash_mob,drivers,rides_length_avg,-626.5373020740744,-442.815547851852,-0.5415658766830367,-0.38276059476011,-183.72175422222244,-0.1588052819229267
underground_alarm-flash_mob,underground_alarm+flash_mob,drivers,rides_not_served,0.3426653333333334,0.37528744444444456,2.7459261129416737,3.00734125490512,-0.032622111111111185,-0.2614151419634463
underground_alarm-flash_mob,underground_alarm+flash_mob,drivers,rides_offers_generated,11.51103748148148,19.02815488888885,0.38981229894246283,0.6443736121790822,-7.517117407407369,-0.25456131323661935
underground_alarm-flash_mob,underground_alarm+flash_mob,drivers,rides_offers_lyft,4.208457185185196,7.422223444444441,0.376550721486946,0.6641017052238088,-3.213766259259245,-0.28755098373686283
underground_alarm-flash_mob,underground_alarm+flash_mob,drivers,rides_offers_price_lyft_avg,3.6717136296296253,2.780312444444448,6.858978063865066,5.1937879668080695,0.8914011851851775,1.6651900970569962
underground_alarm-flash_mob,underground_alarm+flash_mob,drivers,rides_offers_price_no_surge_avg,4.22586007407407,2.9659840370370425,7.1268279512028,5.002072375197724,1.2598760370370279,2.124755576005076
underground_alarm-flash_mob,underground_alarm+flash_mob,drivers,rides_offers_price_uber_avg,4.546564666666665,3.0536421481481497,7.272376814241692,4.884399098070046,1.4929225185185153,2.3879777161716467
underground_alarm-flash_mob,underground_alarm+flash_mob,drivers,rides_offers_radius_avg,875.4992947407409,1016.1057408518514,1.8466625490740824,2.143239210816204,-140.60644611111047,-0.2965766617421215
underground_alarm-flash_mob,underground_alarm+flash_mob,drivers,rides_offers_surge_lyft_avg,0.0,0.0,,,0.0,
underground_alarm-flash_mob,underground_alarm+flash_mob,drivers,rides_offers_surge_uber_avg,0.0,0.0,,,0.0,
underground_alarm-flash_mob,underground_alarm+flash_mob,drivers,rides_offers_uber,7.303037111111102,11.604679074074049,0.3884214767981244,0.6172098696941101,-4.301641962962947,-0.22878839289598568
underground_alarm-flash_mob,underground_alarm+flash_mob,drivers,rides_partial_acceptances,0.7906914814814803,1.3964498148148135,0.3667481091317507,0.6477182833956102,-0.6057583333333332,-0.2809701742638595
underground_alarm-flash_mob,underground_alarm+flash_mob,drivers,rides_waiting_duration_avg,-90.45841925925924,-32.6821066296294,-0.3922709460044194,-0.14172523674417148,-57.77631262962984,-0.25054570926024794
underground_alarm-flash_mob,underground_alarm+flash_mob,drivers,traffic_duration_avg,119.72054762962955,112.50132962962971,0.7887990420722084,0.7412340053624951,7.219217999999842,0.04756503670971335
underground_alarm-flash_mob,underground_alarm+flash_mob,drivers,traffic_length_avg,-9.381372888888563,-8.890444444444256,-0.11767057599776992,-0.11151285968954472,-0.4909284444443074,-0.006157716308225203
underground_alarm-flash_mob,underground_alarm+flash_mob,drivers,traffic_speed_avg,-1.2199693333333332,-1.362830925925926,-1.2531151179138895,-1.399858168378846,0.14286159259259268,0.1467430504649565
underground_alarm-flash_mob,underground_alarm+flash_mob,bank_tellers_drivers,drivers_accept,0.16261733333333384,0.2284451481481491,0.1798096535476377,0.2525969532347351,-0.06582781481481526,-0.07278729968709738
underground_alarm-flash_mob,underground_alarm+flash_mob,bank_tellers_drivers,drivers_acceptance_rate,-0.18415207407407408,-0.1898110740740746,-0.910588851592041,-0.9385712804463967,0.005659000000000525,0.027982428854355756
underground_alarm-flash_mob,underground_alarm+flash_mob,bank_tellers_drivers,drivers_busy,-32.730298148147995,-185.65836837037068,-0.03365713295320555,-0.19091571851356182,152.9280702222227,0.15725858556035627
underground_alarm-flash_mob,underground_alarm+flash_mob,bank_tellers_drivers,drivers_change_provider,0.10253155555555549,0.15105459259259235,0.3806714745251463,0.5608241695393035,-0.048523037037036865,-0.18015269501415715
underground_alarm-flash_mob,underground_alarm+flash_mob,bank_tellers_drivers,drivers_change_zone,0.11625985185185139,0.13091459259259297,0.22351622088245504,0.25169079891784363,-0.014654740740741579,-0.028174578035388587
underground_alarm-flash_mob,underground_alarm+flash_mob,bank_tellers_drivers,drivers_demand_pressure,0.0,0.0,,,0.0,
underground_alarm-flash_mob,underground_alarm+flash_mob,bank_tellers_drivers,drivers_idle,-543.0921028888897,-658.411331925925,-0.16481892250715946,-0.19981628478353386,115.31922903703526,0.0349973622763744
underground_alarm-flash_mob,underground_alarm+flash_mob,bank_tellers_drivers,drivers_idle_duration_avg,-40.99631896296307,-59.94351629629648,-0.345464930304221,-0.505127855459374,18.947197333333406,0.159662925155153
underground_alarm-flash_mob,underground_alarm+flash_mob,bank_tellers_drivers,drivers_occupied_distance_avg,-768.977790962962,-679.4109715185186,-0.6915758343611447,-0.6110244210221496,-89.56681944444335,-0.08055141333899507
underground_alarm-flash_mob,underground_alarm+flash_mob,bank_tellers_drivers,drivers_occupied_duration_avg,-87.56390740740738,-70.62839262962962,-0.7297813784982546,-0.588636200238899,-16.93551477777777,-0.14114517825935569
underground_alarm-flash_mob,underground_alarm+flash_mob,bank_tellers_drivers,drivers_passengers_served,0.23195051851851867,0.07866625925925863,0.26935330715793904,0.0913514538728373,0.15328425925926004,0.17800185328510174
underground_alarm-flash_mob,underground_alarm+flash_mob,bank_tellers_drivers,drivers_pickup,553.0464240000001,554.282125185185,1.9345956652916565,1.938918235789743,-1.2357011851848938,-0.0043225704980864865
underground_alarm-flash_mob,underground_alarm+flash_mob,bank_tellers_drivers,drivers_pickup_accept,0.5392102962962968,0.6695317037037034,1.484458621495874,1.843236519692937,-0.1303214074074066,-0.35877789819706307
underground_alarm-flash_mob,underground_alarm+flash_mob,bank_tellers_drivers,drivers_pickup_reject,0.18082711111111113,0.21930892592592602,2.2175675546780362,2.6894880728686217,-0.038481814814814885,-0.47192051819058545
underground_alarm-flash_mob,underground_alarm+flash_mob,bank_tellers_drivers,drivers_reject,0.26824666666666674,0.27305629629629635,0.5916028444791718,0.6022102104723379,-0.004809629629629608,-0.01060736599316614
underground_alarm-flash_mob,underground_alarm+flash_mob,bank_tellers_drivers,drivers_removed,0.06799962962962969,0.05375903703703705,0.44746460324893766,0.35375584116918557,0.014240592592592638,0.0937087620797521
underground_alarm-flash_mob,underground_alarm+flash_mob,bank_tellers_drivers,drivers_shift_duration_avg,-601.6791660000004,-508.6481867407415,-0.6439377767737767,-0.5443728170070055,-93.03097925925886,-0.09956495976677127
underground_alarm-flash_mob,underground_alarm+flash_mob,bank_tellers_drivers,drivers_starting,0.005444222222222184,-0.03667192592592594,0.03497216744215236,-0.23557023970711646,0.042116148148148125,0.2705424071492688
underground_alarm-flash_mob,underground_alarm+flash_mob,bank_tellers_drivers,drivers_total_length_avg,-4327.720575703701,-3430.971791555552,-0.7238620182963964,-0.5738702678024845,-896.7487841481488,-0.1499917504939119
underground_alarm-flash_mob,underground_alarm+flash_mob,bank_tellers_drivers,drivers_waiting,0.3311492592592593,0.3535377407407392,0.3080787798315721,0.32890750242187705,-0.02238848148147987,-0.020828722590304938
underground_alarm-flash_mob,underground_alarm+flash_mob,bank_tellers_drivers,failed_requests,0.08626211322330693,0.10072358169761067,1.9960355642638632,2.3306622538682147,-0.01446146847430374,-0.3346266896043515
underground_alarm-flash_mob,underground_alarm+flash_mob,bank_tellers_drivers,passengers_accept,0.8824942962962936,1.0334695925925885,0.2584233471290048,0.30263387808249037,-0.15097529629629491,-0.044210530953485594
underground_alarm-flash_mob,underground_alarm+flash_mob,bank_tellers_drivers,passengers_acceptance_rate,-0.15041000000000015,-0.13315681481481523,-1.2936770611180204,-1.145282340651994,-0.017253185185184927,-0.1483947204660263
underground_alarm-flash_mob,underground_alarm+flash_mob,bank_tellers_drivers,passengers_arrivals,-0.6970495555555558,-0.7178820000000001,-0.9114504470842912,-0.9386906061969587,0.02083244444444432,0.027240159112667417
underground_alarm-flash_mob,underground_alarm+flash_mob,bank_tellers_drivers,passengers_cancel,0.039246814814814845,0.013720888888888894,2.6471613931481746,0.9254612767360642,0.025525925925925952,1.7217001164121104
underground_alarm-flash_mob,underground_alarm+flash_mob,bank_tellers_drivers,passengers_change_provider,0.950555111111111,0.7835866296296281,0.8335540993384938,0.6871372734518514,0.1669684814814829,0.1464168258866424
underground_alarm-flash_mob,underground_alarm+flash_mob,bank_tellers_drivers,passengers_departures,-0.6159256296296294,-0.7596173703703701,-0.8336399761407653,-1.0281231630066325,0.14369174074074076,0.19448318686586719
underground_alarm-flash_mob,underground_alarm+flash_mob,bank_tellers_drivers,passengers_drivers_ratio,0.14648081481481487,0.11632533333333334,2.0943286917476414,1.663176733998264,0.030155481481481533,0.4311519577493774
underground_alarm-flash_mob,underground_alarm+flash_mob,bank_tellers_drivers,passengers_new,0.8675675555555555,0.8679503333333329,0.946365693794446,0.9467832379440811,-0.00038277777777739885,-0.00041754414963512954
underground_alarm-flash_mob,underground_alarm+flash_mob,bank_tellers_drivers,passengers_no_ratings_count,-0.15624622222222212,-0.1385053333333332,-0.8430930647361239,-0.7473645397724713,-0.017740888888888917,-0.09572852496365258
underground_alarm-flash_mob,underground_alarm+flash_mob,bank_tellers_drivers,passengers_offers_discarded,8.855098592592583,8.895875962962961,0.33082018331824825,0.33234359686357556,-0.04077737037037821,-0.0015234135453273123
underground_alarm-flash_mob,underground_alarm+flash_mob,bank_tellers_drivers,passengers_pickup_accept,0.5169385925925927,0.6481047777777775,1.2993601547310876,1.629055242542085,-0.13116618518518486,-0.32969508781099743
underground_alarm-flash_mob,underground_alarm+flash_mob,bank_tellers_drivers,passengers_pickup_reject,0.20317237037037036,0.24018540740740746,4.1115477466478,4.860571192841815,-0.037013037037037094,-0.7490234461940144
underground_alarm-flash_mob,underground_alarm+flash_mob,bank_tellers_drivers,passengers_rating_avg,0.007682370370369895,0.010996814814812517,0.36452253434341003,0.5217903606237626,-0.0033144444444426213,-0.15726782628035257
underground_alarm-flash_mob,underground_alarm+flash_mob,bank_tellers_drivers,passengers_ratings_count,-0.5395312592592592,-0.5806004814814816,-0.931106090342834,-1.0019820632924925,0.04106922222222242,0.07087597294965853
underground_alarm-flash_mob,underground_alarm+flash_mob,bank_tellers_drivers,passengers_reject,2.025321111111114,1.7841912962962958,1.1258677488727948,0.9918246678510717,0.2411298148148182,0.13404308102172313
underground_alarm-flash_mob,underground_alarm+flash_mob,bank_tellers_drivers,passengers_unassigned,15.758765259259274,12.66579633333333,1.9598920862516518,1.5752245554384245,3.0929689259259447,0.38466753081322724
underground_alarm-flash_mob,underground_alarm+flash_mob,bank_tellers_drivers,rides_dispatched,0.16261733333333384,0.2284451481481491,0.1798096535476377,0.2525969532347351,-0.06582781481481526,-0.07278729968709738
underground_alarm-flash_mob,underground_alarm+flash_mob,bank_tellers_drivers,rides_duration_avg,45.43616577777789,17.67938655555622,0.19441728680152381,0.07564851275649778,27.756779222221667,0.11876877404502603
underground_alarm-flash_mob,underground_alarm+flash_mob,bank_tellers_drivers,rides_in_progress,-13.37396333333345,-208.9150310370369,-0.016188532742149153,-0.25288149338953014,195.54106770370345,0.236692960647381
underground_alarm-flash_mob,underground_alarm+flash_mob,bank_tellers_drivers,rides_length_avg,-642.1014711851858,-183.56200844444447,-0.5550192223363583,-0.15866720097881956,-458.5394627407413,-0.39635202135753866
underground_alarm-flash_mob,underground_alarm+flash_mob,bank_tellers_drivers,rides_not_served,0.44125992592592594,0.4555008518518519,3.5360073965113927,3.650126119850204,-0.014240925925925962,-0.11411872333881146
underground_alarm-flash_mob,underground_alarm+flash_mob,bank_tellers_drivers,rides_offers_generated,10.289802444444476,10.708223444444457,0.34845612769357814,0.3626256282445229,-0.41842099999998084,-0.014169500550944736
underground_alarm-flash_mob,underground_alarm+flash_mob,bank_tellers_drivers,rides_offers_lyft,5.821629407407407,6.754838148148153,0.5208889284428859,0.604387562065884,-0.9332087407407457,-0.08349863362299803
underground_alarm-flash_mob,underground_alarm+flash_mob,bank_tellers_drivers,rides_offers_price_lyft_avg,3.9086419259259344,3.043485925925925,7.301574124160006,5.685411584158243,0.8651560000000096,1.6161625400017634
underground_alarm-flash_mob,underground_alarm+flash_mob,bank_tellers_drivers,rides_offers_price_no_surge_avg,4.6270268148148155,3.2876970370370344,7.803387584245196,5.544634873831241,1.339329777777781,2.2587527104139546
underground_alarm-flash_mob,underground_alarm+flash_mob,bank_tellers_drivers,rides_offers_price_uber_avg,5.03424177777778,3.391074444444449,8.052432081393764,5.424132938424868,1.6431673333333308,2.6282991429688964
underground_alarm-flash_mob,underground_alarm+flash_mob,bank_tellers_drivers,rides_offers_radius_avg,822.7297604444448,866.5890448888888,1.7353574648753485,1.8278684451802798,-43.85928444444403,-0.09251098030493132
underground_alarm-flash_mob,underground_alarm+flash_mob,bank_tellers_drivers,rides_offers_surge_lyft_avg,0.0,0.0,,,0.0,
underground_alarm-flash_mob,underground_alarm+flash_mob,bank_tellers_drivers,rides_offers_surge_uber_avg,0.0,0.0,,,0.0,
underground_alarm-flash_mob,underground_alarm+flash_mob,bank_tellers_drivers,rides_offers_uber,4.4663337777777485,3.9499754074074147,0.23754774013106983,0.21008455218270627,0.5163583703703338,0.027463187948363554
underground_alarm-flash_mob,underground_alarm+flash_mob,bank_tellers_drivers,rides_partial_acceptances,0.4527654074074068,0.533641111111109,0.21000714050417207,0.2475198899174554,-0.08087570370370223,-0.037512749413283336
underground_alarm-flash_mob,underground_alarm+flash_mob,bank_tellers_drivers,rides_waiting_duration_avg,-123.66835837037024,-117.86832481481486,-0.5362851166978921,-0.5111333987226502,-5.8000335555553875,-0.02515171797524196
underground_alarm-flash_mob,underground_alarm+flash_mob,bank_tellers_drivers,traffic_duration_avg,160.68129222222228,155.28752396296295,1.0586758237684961,1.023138070890641,5.393768259259332,0.0355377528778551
underground_alarm-flash_mob,underground_alarm+flash_mob,bank_tellers_drivers,traffic_length_avg,27.133629407406715,61.88240318518547,0.34033715950692167,0.7761910877193259,-34.74877377777875,-0.4358539282124042
underground_alarm-flash_mob,underground_alarm+flash_mob,bank_tellers_drivers,traffic_speed_avg,-1.3923851851851845,-1.3583427777777786,-1.4302153979129137,-1.3952480801231735,-0.03404240740740594,-0.03496731778974027
underground_alarm-flash_mob,underground_alarm+flash_mob,students_drivers,drivers_accept,0.11072814814814835,0.2641546296296293,0.12243461104898613,0.29208173239040564,-0.15342648148148097,-0.16964712134141952
underground_alarm-flash_mob,underground_alarm+flash_mob,students_drivers,drivers_acceptance_rate,-0.2602362962962961,-0.165694111111111,-1.2868075006947315,-0.8193185502300686,-0.09454218518518509,-0.4674889504646629
underground_alarm-flash_mob,underground_alarm+flash_mob,students_drivers,drivers_busy,24.688938148147827,-216.16265962963053,0.025388063071240252,-0.22228380999592762,240.85159777777835,0.24767187306716787
underground_alarm-flash_mob,underground_alarm+flash_mob,students_drivers,drivers_change_provider,0.09766659259259247,0.03286474074074053,0.3626092046747889,0.12201774614533756,0.06480185185185194,0.24059145852945135
underground_alarm-flash_mob,underground_alarm+flash_mob,students_drivers,drivers_change_zone,0.08361740740740742,0.05107492592592533,0.16075925270839472,0.0981944690533541,0.03254248148148209,0.06256478365504062
underground_alarm-flash_mob,underground_alarm+flash_mob,students_drivers,drivers_demand_pressure,0.0,0.0,,,0.0,
underground_alarm-flash_mob,underground_alarm+flash_mob,students_drivers,drivers_idle,-765.579220222221,-136.04980448148035,-0.23233985819291714,-0.04128872812303608,-629.5294157407407,-0.19105113006988106
underground_alarm-flash_mob,underground_alarm+flash_mob,students_drivers,drivers_idle_duration_avg,-89.52387644444445,-147.11848270370365,-0.7543935777352138,-1.2397278014061077,57.594606259259194,0.48533422367089396
underground_alarm-flash_mob,underground_alarm+flash_mob,students_drivers,drivers_occupied_distance_avg,-515.0232482222218,-1160.8075711481488,-0.4631832502713012,-1.0439657347505646,645.784322925927,0.5807824844792635
underground_alarm-flash_mob,underground_alarm+flash_mob,students_drivers,drivers_occupied_duration_avg,-65.62139274074059,-151.7843703703702,-0.5469065037321745,-1.26501215310097,86.16297762962961,0.7181056493687954
underground_alarm-flash_mob,underground_alarm+flash_mob,students_drivers,drivers_passengers_served,0.4801970370370374,0.288332037037037,0.5576303982396262,0.3348265321049961,0.1918650000000004,0.22280386613463016
underground_alarm-flash_mob,underground_alarm+flash_mob,students_drivers,drivers_pickup,558.5178205925928,607.1775826666668,1.9537349991193016,2.1239503023876343,-48.659762074074024,-0.17021530326833267
underground_alarm-flash_mob,underground_alarm+flash_mob,students_drivers,drivers_pickup_accept,0.5560501481481479,0.7174266296296301,1.530819129516398,1.975092376684176,-0.1613764814814822,-0.44427324716777794
underground_alarm-flash_mob,underground_alarm+flash_mob,students_drivers,drivers_pickup_reject,0.143838962962963,0.18524722222222223,1.7639645703857227,2.2717734474108413,-0.04140825925925923,-0.5078088770251186
underground_alarm-flash_mob,underground_alarm+flash_mob,students_drivers,drivers_reject,0.3015925185185184,0.2959021851851853,0.6651452338489179,0.6525955256722352,0.005690333333333131,0.012549708176682661
underground_alarm-flash_mob,underground_alarm+flash_mob,students_drivers,drivers_removed,0.09440807407407409,0.0747045185185185,0.6212426691019013,0.4915854383598918,0.019703555555555585,0.12965723074200947
underground_alarm-flash_mob,underground_alarm+flash_mob,students_drivers,drivers_shift_duration_avg,-307.1549651111113,-658.9499369999999,-0.32872782794456246,-0.7052309293970134,351.79497188888854,0.3765031014524509
underground_alarm-flash_mob,underground_alarm+flash_mob,students_drivers,drivers_starting,-0.011592222222222226,-0.019832185185185203,-0.07446520733988697,-0.1273964347393909,0.008239962962962977,0.05293122739950394
underground_alarm-flash_mob,underground_alarm+flash_mob,students_drivers,drivers_total_length_avg,-1602.2460241481458,-3838.1063742963015,-0.2679944373854741,-0.6419683013112812,2235.8603501481557,0.3739738639258071
underground_alarm-flash_mob,underground_alarm+flash_mob,students_drivers,drivers_waiting,0.29434703703703713,0.4898293703703698,0.27384049180799547,0.4557039779793838,-0.19548233333333265,-0.1818634861713883
underground_alarm-flash_mob,underground_alarm+flash_mob,students_drivers,failed_requests,0.06789312418603063,0.08868606597880263,1.5709920077367776,2.0521238714624115,-0.020792941792771996,-0.4811318637256339
underground_alarm-flash_mob,underground_alarm+flash_mob,students_drivers,passengers_accept,0.8548645925925911,1.1087044814814746,0.2503324613960774,0.32466512733717906,-0.25383988888888354,-0.07433266594110166
underground_alarm-flash_mob,underground_alarm+flash_mob,students_drivers,passengers_acceptance_rate,-0.10064814814814849,-0.0037419259259261484,-0.8656751579234608,-0.03218432108751723,-0.09690622222222234,-0.8334908368359436
underground_alarm-flash_mob,underground_alarm+flash_mob,students_drivers,passengers_arrivals,-0.7095436296296298,-0.6328640000000003,-0.9277874912871856,-0.8275224783463468,-0.07667962962962949,-0.10026501294083878
underground_alarm-flash_mob,underground_alarm+flash_mob,students_drivers,passengers_cancel,0.03780229629629629,0.017203333333333348,2.549729953884816,1.1603489365529032,0.020598962962962944,1.389381017331913
underground_alarm-flash_mob,underground_alarm+flash_mob,students_drivers,passengers_change_provider,0.548432148148148,0.41360459259259263,0.48092726024432325,0.36269522895709694,0.13482755555555537,0.11823203128722631
underground_alarm-flash_mob,underground_alarm+flash_mob,students_drivers,passengers_departures,-0.638716296296296,-0.682587148148148,-0.8644865749868902,-0.9238646786599666,0.04387085185185202,0.05937810367307639
underground_alarm-flash_mob,underground_alarm+flash_mob,students_drivers,passengers_drivers_ratio,0.16734466666666664,0.11404185185185187,2.392632354305409,1.6305283575553349,0.053302814814814775,0.762103996750074
underground_alarm-flash_mob,underground_alarm+flash_mob,students_drivers,passengers_new,0.865345185185185,0.8616600370370371,0.9439414732666542,0.9399216159522298,0.00368514814814791,0.0040198573144244465
underground_alarm-flash_mob,underground_alarm+flash_mob,students_drivers,passengers_no_ratings_count,-0.16925948148148146,-0.1689579259259259,-0.9133116497044732,-0.9116844782189448,-0.0003015555555555549,-0.001627171485528378
underground_alarm-flash_mob,underground_alarm+flash_mob,students_drivers,passengers_offers_discarded,7.208728222222234,8.513104518518517,0.26931295761764895,0.31804352802797525,-1.304376296296283,-0.0487305704103263
underground_alarm-flash_mob,underground_alarm+flash_mob,students_drivers,passengers_pickup_accept,0.5438640740740741,0.7327292962962959,1.3670391755767215,1.84176469981978,-0.1888652222222218,-0.4747255242430586
underground_alarm-flash_mob,underground_alarm+flash_mob,students_drivers,passengers_pickup_reject,0.15564259259259258,0.16941303703703714,3.1496996845089726,3.4283686773581676,-0.013770444444444557,-0.278668992849195
underground_alarm-flash_mob,underground_alarm+flash_mob,students_drivers,passengers_rating_avg,-0.0055676296296294225,0.001158148148148186,-0.26417972123625433,0.05495323419141229,-0.0067257777777776084,-0.3191329554276666
underground_alarm-flash_mob,underground_alarm+flash_mob,students_drivers,passengers_ratings_count,-0.5443217037037034,-0.4710000000000001,-0.9393732888065427,-0.8128369969769247,-0.07332170370370328,-0.126536291829618
underground_alarm-flash_mob,underground_alarm+flash_mob,students_drivers,passengers_reject,0.951518296296296,0.7530005555555555,0.5289451417778731,0.4185899390137675,0.19851774074074058,0.1103552027641056
underground_alarm-flash_mob,underground_alarm+flash_mob,students_drivers,passengers_unassigned,16.464321259259254,13.961017555555557,2.047640942082526,1.7363091189569406,2.503303703703697,0.3113318231255855
underground_alarm-flash_mob,underground_alarm+flash_mob,students_drivers,rides_dispatched,0.11072814814814835,0.2641546296296293,0.12243461104898613,0.29208173239040564,-0.15342648148148097,-0.16964712134141952
underground_alarm-flash_mob,underground_alarm+flash_mob,students_drivers,rides_duration_avg,-25.1266501481482,-19.26645344444421,-0.10751468713505054,-0.08243942993069839,-5.860196703703991,-0.02507525720435215
underground_alarm-flash_mob,underground_alarm+flash_mob,students_drivers,rides_in_progress,-151.02055525925925,-278.35598703703727,-0.18280304369151437,-0.33693639632546873,127.33543177777801,0.15413335263395436
underground_alarm-flash_mob,underground_alarm+flash_mob,students_drivers,rides_length_avg,-771.5431684444447,-252.25922151851773,-0.6669059464364069,-0.2180476501571564,-519.283946925927,-0.44885829627925045
underground_alarm-flash_mob,underground_alarm+flash_mob,students_drivers,rides_not_served,0.36034555555555553,0.3999682592592593,2.8876054109621276,3.2051193412654095,-0.03962270370370374,-0.3175139303032819
underground_alarm-flash_mob,underground_alarm+flash_mob,students_drivers,rides_offers_generated,8.587543111111131,10.168333777777761,0.290810444132001,0.3443426861137899,-1.5807906666666298,-0.05353224198178885
underground_alarm-flash_mob,underground_alarm+flash_mob,students_drivers,rides_offers_lyft,3.2884445925925903,4.402691259259257,0.29423281013041724,0.39392976979647937,-1.1142466666666664,-0.09969695966606212
underground_alarm-flash_mob,underground_alarm+flash_mob,students_drivers,rides_offers_price_lyft_avg,3.507361481481478,2.2885361111111173,6.5519585376688045,4.275120711431304,1.2188253703703609,2.2768378262375
underground_alarm-flash_mob,underground_alarm+flash_mob,students_drivers,rides_offers_price_no_surge_avg,4.003960296296295,2.698974925925917,6.752598442673971,4.551766884022761,1.3049853703703782,2.2008315586512097
underground_alarm-flash_mob,underground_alarm+flash_mob,students_drivers,rides_offers_price_uber_avg,4.318592518518521,2.935737222222212,6.907728011016612,4.695806366534718,1.3828552962963094,2.211921644481894
underground_alarm-flash_mob,underground_alarm+flash_mob,students_drivers,rides_offers_radius_avg,824.738910740741,947.0110006296295,1.7395953010791227,1.9974998939796735,-122.27208988888856,-0.2579045929005508
underground_alarm-flash_mob,underground_alarm+flash_mob,students_drivers,rides_offers_surge_lyft_avg,0.0,0.0,,,0.0,
underground_alarm-flash_mob,underground_alarm+flash_mob,students_drivers,rides_offers_surge_uber_avg,0.0,0.0,,,0.0,
underground_alarm-flash_mob,underground_alarm+flash_mob,students_drivers,rides_offers_uber,5.299506148148133,5.767240629629605,0.2818610905362442,0.3067381540486323,-0.4677344814814717,-0.02487706351238811
underground_alarm-flash_mob,underground_alarm+flash_mob,students_drivers,rides_partial_acceptances,0.44378970370370396,0.5434011481481491,0.20584392079262018,0.2520469086247818,-0.09961144444444514,-0.04620298783216162
underground_alarm-flash_mob,underground_alarm+flash_mob,students_drivers,rides_waiting_duration_avg,-95.16209814814806,-57.019622222222324,-0.4126683460756855,-0.24726433794758457,-38.14247592592574,-0.1654040081281009
underground_alarm-flash_mob,underground_alarm+flash_mob,students_drivers,traffic_duration_avg,105.02901474074065,54.669257925926104,0.6920013970666167,0.3601976363838191,50.359756814814546,0.3318037606827976
underground_alarm-flash_mob,underground_alarm+flash_mob,students_drivers,traffic_length_avg,-2.8142656296286077,11.553672555556204,-0.035299338547916725,0.14491773438748712,-14.367938185184812,-0.18021707293540384
underground_alarm-flash_mob,underground_alarm+flash_mob,students_drivers,traffic_speed_avg,-1.2668354814814817,-1.2630688888888892,-1.3012545892581175,-1.2973856607598053,-0.003766592592592488,-0.0038689284983122185
underground_alarm-flash_mob,underground_alarm+flash_mob,managers_drivers,drivers_accept,0.08560518518518556,0.2090315185185183,0.09465558421424654,0.23113086504934657,-0.12342633333333275,-0.13647528083510002
underground_alarm-flash_mob,underground_alarm+flash_mob,managers_drivers,drivers_acceptance_rate,-0.2446328148148147,-0.18177977777777765,-1.2096519413316336,-0.8988584023373033,-0.06285303703703704,-0.31079353899433027
underground_alarm-flash_mob,underground_alarm+flash_mob,managers_drivers,drivers_busy,-180.05484133333266,-477.2161320740738,-0.18515351452633225,-0.49072962097476125,297.16129074074115,0.30557610644842903
underground_alarm-flash_mob,underground_alarm+flash_mob,managers_drivers,drivers_change_provider,0.1500611111111113,0.1837028888888892,0.5571356459582496,0.6820383169742469,-0.03364177777777788,-0.12490267101599728
underground_alarm-flash_mob,underground_alarm+flash_mob,managers_drivers,drivers_change_zone,0.1850239259259261,0.2978572222222218,0.3557190899270849,0.5726475615889616,-0.11283329629629568,-0.21692847166187668
underground_alarm-flash_mob,underground_alarm+flash_mob,managers_drivers,drivers_demand_pressure,0.0,0.0,,,0.0,
underground_alarm-flash_mob,underground_alarm+flash_mob,managers_drivers,drivers_idle,-556.7468645925928,-474.8233871111124,-0.1689629030569131,-0.14410056531583273,-81.9234774814804,-0.024862337741080376
underground_alarm-flash_mob,underground_alarm+flash_mob,managers_drivers,drivers_idle_duration_avg,-76.9023091111111,-89.82837622222223,-0.6480350316647914,-0.7569595152917706,12.926067111111138,0.10892448362697926
underground_alarm-flash_mob,underground_alarm+flash_mob,managers_drivers,drivers_occupied_distance_avg,-728.681270592594,-914.6958902592614,-0.6553353862955511,-0.8226265841834008,186.0146196666674,0.16729119788784974
underground_alarm-flash_mob,underground_alarm+flash_mob,managers_drivers,drivers_occupied_duration_avg,-89.92899688888872,-94.80909548148145,-0.7494926763739495,-0.7901647430228212,4.880098592592731,0.040672066648871796
underground_alarm-flash_mob,underground_alarm+flash_mob,managers_drivers,drivers_passengers_served,0.42601200000000006,0.052684407407407985,0.49470784468113443,0.06117994243547506,0.3733275925925921,0.4335279022456594
underground_alarm-flash_mob,underground_alarm+flash_mob,managers_drivers,drivers_pickup,504.3425872592593,534.3692764074075,1.7642261857093968,1.8692616766704009,-30.026689148148193,-0.10503549096100406
underground_alarm-flash_mob,underground_alarm+flash_mob,managers_drivers,drivers_pickup_accept,0.49834592592592597,0.6500248888888891,1.3719580492238563,1.7895337999402292,-0.15167896296296313,-0.4175757507163729
underground_alarm-flash_mob,underground_alarm+flash_mob,managers_drivers,drivers_pickup_reject,0.1707037037037036,0.19447785185185182,2.093419468301431,2.3849729817624055,-0.02377414814814821,-0.2915535134609746
underground_alarm-flash_mob,underground_alarm+flash_mob,managers_drivers,drivers_reject,0.28649333333333327,0.2584985555555557,0.6318448353169449,0.5701039370247182,0.02799477777777759,0.06174089829222673
underground_alarm-flash_mob,underground_alarm+flash_mob,managers_drivers,drivers_removed,0.08541977777777776,0.0740247777777776,0.5620961052454176,0.48711247398457946,0.011395000000000155,0.07498363126083818
underground_alarm-flash_mob,underground_alarm+flash_mob,managers_drivers,drivers_shift_duration_avg,-471.9320556296293,-766.943698333333,-0.5050779482871801,-0.8208095741434136,295.0116427037037,0.3157316258562335
underground_alarm-flash_mob,underground_alarm+flash_mob,managers_drivers,drivers_starting,-0.01886437037037042,-0.018325777777777608,-0.12117946188722784,-0.1177196930603098,-0.0005385925925928126,-0.003459768826918036
underground_alarm-flash_mob,underground_alarm+flash_mob,managers_drivers,drivers_total_length_avg,-2978.047856148154,-4910.437806666669,-0.49811342807966213,-0.8213283088117804,1932.3899505185145,0.3232148807321183
underground_alarm-flash_mob,underground_alarm+flash_mob,managers_drivers,drivers_waiting,0.21827111111111108,0.28675292592592516,0.2030646172484602,0.26677544660677677,-0.06848181481481408,-0.06371082935831657
underground_alarm-flash_mob,underground_alarm+flash_mob,managers_drivers,failed_requests,0.06717802015179108,0.07098898840756557,1.5544450784864396,1.6426278030750974,-0.003810968255774483,-0.08818272458865772
underground_alarm-flash_mob,underground_alarm+flash_mob,managers_drivers,passengers_accept,1.1710365185185179,1.667574148148148,0.3429179973127529,0.4883205418537425,-0.4965376296296302,-0.1454025445409896
underground_alarm-flash_mob,underground_alarm+flash_mob,managers_drivers,passengers_acceptance_rate,-0.10800340740740766,-0.12406444444444453,-0.9289377746529303,-1.0670788237359798,0.016061037037036874,0.13814104908304958
underground_alarm-flash_mob,underground_alarm+flash_mob,managers_drivers,passengers_arrivals,-0.6143831111111104,-0.6861981111111104,-0.8033571743072838,-0.8972612781628403,0.07181499999999996,0.09390410385555648
underground_alarm-flash_mob,underground_alarm+flash_mob,managers_drivers,passengers_cancel,0.041395555555555574,0.02611211111111112,2.7920919705622262,1.7612377654870572,0.015283444444444454,1.030854205075169
underground_alarm-flash_mob,underground_alarm+flash_mob,managers_drivers,passengers_change_provider,0.8723334814814812,1.0362346666666649,0.7649605382997231,0.9086876123016194,-0.1639011851851837,-0.14372707400189633
underground_alarm-flash_mob,underground_alarm+flash_mob,managers_drivers,passengers_departures,-0.633653925925926,-0.6966731481481481,-0.8576347829656543,-0.9429297283007487,0.06301922222222212,0.08529494533509441
underground_alarm-flash_mob,underground_alarm+flash_mob,managers_drivers,passengers_drivers_ratio,0.15114074074074071,0.1350210740740741,2.160954594808212,1.9304815431386935,0.016119666666666616,0.23047305166951837
underground_alarm-flash_mob,underground_alarm+flash_mob,managers_drivers,passengers_new,0.8666917037037036,0.8681722592592589,0.9454102913705873,0.9470253206286109,-0.001480555555555263,-0.0016150292580235925
underground_alarm-flash_mob,underground_alarm+flash_mob,managers_drivers,passengers_no_ratings_count,-0.1417417037037037,-0.15590233333333342,-0.7648277550449412,-0.841237465713387,0.014160629629629717,0.07640971066844582
underground_alarm-flash_mob,underground_alarm+flash_mob,managers_drivers,passengers_offers_discarded,10.258271111111085,14.16135703703705,0.3832417103006499,0.5290582235805614,-3.9030859259259643,-0.14581651327991152
underground_alarm-flash_mob,underground_alarm+flash_mob,managers_drivers,passengers_pickup_accept,0.5319137037037038,0.6931293333333333,1.3370011104834156,1.7422275115730268,-0.16121562962962943,-0.40522640108961117
underground_alarm-flash_mob,underground_alarm+flash_mob,managers_drivers,passengers_pickup_reject,0.13719718518518514,0.15129637037037028,2.7764246514733455,3.0617462873436327,-0.014099185185185131,-0.28532163587028725
underground_alarm-flash_mob,underground_alarm+flash_mob,managers_drivers,passengers_rating_avg,0.009127703703703638,-0.0067909629629623325,0.433102483530689,-0.32222594206585653,0.01591866666666597,0.7553284255965456
underground_alarm-flash_mob,underground_alarm+flash_mob,managers_drivers,passengers_ratings_count,-0.4750739999999998,-0.5303882222222223,-0.8198677781354891,-0.9153273243801292,0.05531422222222249,0.09545954624464015
underground_alarm-flash_mob,underground_alarm+flash_mob,managers_drivers,passengers_reject,1.5069386666666658,1.756383481481481,0.8377010613386577,0.9763664169619318,-0.24944481481481517,-0.1386653556232741
underground_alarm-flash_mob,underground_alarm+flash_mob,managers_drivers,passengers_unassigned,16.40613518518518,15.561776592592597,2.040404434384639,1.935392925147996,0.8443585925925845,0.10501150923664304
underground_alarm-flash_mob,underground_alarm+flash_mob,managers_drivers,rides_dispatched,0.08560518518518556,0.2090315185185183,0.09465558421424654,0.23113086504934657,-0.12342633333333275,-0.13647528083510002
underground_alarm-flash_mob,underground_alarm+flash_mob,managers_drivers,rides_duration_avg,11.792565407407437,-72.692327740741,0.05045933193726865,-0.31104396439969995,84.48489314814844,0.3615032963369686
underground_alarm-flash_mob,underground_alarm+flash_mob,managers_drivers,rides_in_progress,-120.24444459259257,-370.4512899629631,-0.1455500572143069,-0.44841328538636416,250.2068453703705,0.30286322817205724
underground_alarm-flash_mob,underground_alarm+flash_mob,managers_drivers,rides_length_avg,-550.2450252592589,-442.4684642592583,-0.4756204115996575,-0.38246058288614326,-107.77656100000058,-0.09315982871351425
underground_alarm-flash_mob,underground_alarm+flash_mob,managers_drivers,rides_not_served,0.3677534074074072,0.3519948518518518,2.9469677445922278,2.8206875960247966,0.015758555555555387,0.1262801485674312
underground_alarm-flash_mob,underground_alarm+flash_mob,managers_drivers,rides_offers_generated,12.101802370370365,16.413006074074076,0.4098180907612057,0.5558136389169324,-4.311203703703711,-0.14599554815572668
underground_alarm-flash_mob,underground_alarm+flash_mob,managers_drivers,rides_offers_lyft,5.77570333333334,8.086153666666675,0.5167797037159408,0.7235067064377558,-2.3104503333333355,-0.206727002721815
underground_alarm-flash_mob,underground_alarm+flash_mob,managers_drivers,rides_offers_price_lyft_avg,3.6767882222222212,2.326654740740743,6.868457702743978,4.346328564446948,1.3501334814814783,2.5221291382970303
underground_alarm-flash_mob,underground_alarm+flash_mob,managers_drivers,rides_offers_price_no_surge_avg,4.2289132592592615,2.656118037037036,7.131977086559059,4.479489603592033,1.5727952222222257,2.6524874829670253
underground_alarm-flash_mob,underground_alarm+flash_mob,managers_drivers,rides_offers_price_uber_avg,4.549188444444447,2.8210478518518585,7.276573631415933,4.512357019814475,1.7281405925925881,2.7642166116014577
underground_alarm-flash_mob,underground_alarm+flash_mob,managers_drivers,rides_offers_radius_avg,772.145735259259,866.8244073333335,1.6286622048653854,1.8283648876265794,-94.67867207407448,-0.19970268276119407
underground_alarm-flash_mob,underground_alarm+flash_mob,managers_drivers,rides_offers_surge_lyft_avg,0.0,0.0,,,0.0,
underground_alarm-flash_mob,underground_alarm+flash_mob,managers_drivers,rides_offers_surge_uber_avg,0.0,0.0,,,0.0,
underground_alarm-flash_mob,underground_alarm+flash_mob,managers_drivers,rides_offers_uber,6.326481777777779,8.326845999999989,0.3364821180111739,0.442874077069899,-2.0003642222222098,-0.10639195905872512
underground_alarm-flash_mob,underground_alarm+flash_mob,managers_drivers,rides_partial_acceptances,0.8028275555555551,1.201142370370369,0.3723772101442093,0.557128416643603,-0.3983148148148139,-0.1847512064993937
underground_alarm-flash_mob,underground_alarm+flash_mob,managers_drivers,rides_waiting_duration_avg,-92.52017674074068,-88.31775551851877,-0.40121171198635014,-0.38298800476430184,-4.202421222221915,-0.018223707222048302
underground_alarm-flash_mob,underground_alarm+flash_mob,managers_drivers,traffic_duration_avg,89.61645022222217,44.04751900000019,0.5904531134278385,0.290214516060722,45.56893122222198,0.30023859736711644
underground_alarm-flash_mob,underground_alarm+flash_mob,managers_drivers,traffic_length_avg,-48.848275111111434,-89.38809362963093,-0.6127039972614279,-1.1211950094425251,40.539818518519496,0.5084910121810973
underground_alarm-flash_mob,underground_alarm+flash_mob,managers_drivers,traffic_speed_avg,-1.1318768148148144,-1.0579852962962955,-1.162629182149385,-1.0867300784496443,-0.07389151851851894,-0.07589910369974073
underground_alarm-long_rides,underground_alarm+long_rides,baseline,drivers_accept,0.11350022222222211,0.19034815740740774,0.12549975588103104,0.2104722512372016,-0.07684793518518562,-0.08497249535617055
underground_alarm-long_rides,underground_alarm+long_rides,baseline,drivers_acceptance_rate,-0.28527136111111107,-0.36711365740740676,-1.410600029417948,-1.8152910054539948,0.08184229629629569,0.40469097603604687
underground_alarm-long_rides,underground_alarm+long_rides,baseline,drivers_busy,380.2170982222224,-47.01662706481511,0.39098383302296474,-0.04834801262637764,427.2337252870375,0.43933184564934236
underground_alarm-long_rides,underground_alarm+long_rides,baseline,drivers_change_provider,0.13886141666666652,0.18795210185185118,0.5155542598640163,0.6978144763762727,-0.04909068518518467,-0.18226021651225643
underground_alarm-long_rides,underground_alarm+long_rides,baseline,drivers_change_zone,0.17773636111111113,0.24693753703703658,0.34170832936875334,0.4747515517469734,-0.06920117592592545,-0.13304322237822008
underground_alarm-long_rides,underground_alarm+long_rides,baseline,drivers_demand_pressure,0.0,0.0,,,0.0,
underground_alarm-long_rides,underground_alarm+long_rides,baseline,drivers_idle,-1644.4366752222222,-379.5966958148156,-0.4990576727219192,-0.11520093563996432,-1264.8399794074066,-0.3838567370819549
underground_alarm-long_rides,underground_alarm+long_rides,baseline,drivers_idle_duration_avg,-58.35492211111125,-180.98249325000006,-0.4917412004291381,-1.5250906910296047,122.62757113888881,1.0333494906004665
underground_alarm-long_rides,underground_alarm+long_rides,baseline,drivers_occupied_distance_avg,-349.2377917500007,-518.9059938425926,-0.314085036080819,-0.46667517562152155,169.66820209259186,0.15259013954070255
underground_alarm-long_rides,underground_alarm+long_rides,baseline,drivers_occupied_duration_avg,-32.74457758333347,-83.14653548148158,-0.27290219994324566,-0.6929658015226555,50.40195789814811,0.42006360157940986
underground_alarm-long_rides,underground_alarm+long_rides,baseline,drivers_passengers_served,0.4897547499999999,0.248069675925926,0.5687293240445052,0.2880717320358636,0.2416850740740739,0.28065759200864154
underground_alarm-long_rides,underground_alarm+long_rides,baseline,drivers_pickup,657.1485471388887,530.4192075370372,2.298752284758655,1.8554440552509344,126.7293396018515,0.4433082295077204
underground_alarm-long_rides,underground_alarm+long_rides,baseline,drivers_pickup_accept,0.6814952222222223,0.7554933888888893,1.876172367413623,2.0798910598008717,-0.07399816666666703,-0.2037186923872487
underground_alarm-long_rides,underground_alarm+long_rides,baseline,drivers_pickup_reject,0.2060189722222222,0.1996455277777777,2.5265071461955313,2.4483466119443444,0.006373444444444515,0.07816053425118685
underground_alarm-long_rides,underground_alarm+long_rides,baseline,drivers_reject,0.25805061111111094,0.33825788888888875,0.5691160208996263,0.7460086334748595,-0.08020727777777781,-0.17689261257523314
underground_alarm-long_rides,underground_alarm+long_rides,baseline,drivers_removed,0.09801433333333343,0.1078319074074075,0.6449732890691924,0.7095768304686065,-0.009817574074074076,-0.06460354139941415
underground_alarm-long_rides,underground_alarm+long_rides,baseline,drivers_shift_duration_avg,-254.15789961111113,-466.83289367592715,-0.2720085422154563,-0.49962064945181306,212.67499406481602,0.22761210723635678
underground_alarm-long_rides,underground_alarm+long_rides,baseline,drivers_starting,-0.0031756666666667432,-0.0025288240740740653,-0.020399598303281512,-0.016244461621951554,-0.000646842592592678,-0.004155136681329958
underground_alarm-long_rides,underground_alarm+long_rides,baseline,drivers_total_length_avg,-1554.9965621944466,-2084.1458392129607,-0.2600914107702075,-0.34859783278670253,529.1492770185141,0.08850642201649506
underground_alarm-long_rides,underground_alarm+long_rides,baseline,drivers_waiting,0.23717597222222198,0.34642421296296266,0.22065241604657435,0.3222895593137524,-0.10924824074074069,-0.10163714326717807
underground_alarm-long_rides,underground_alarm+long_rides,baseline,failed_requests,0.21040124930739132,0.052825283263630396,4.868514817112438,1.2223343498850205,0.15757596604376092,3.646180467227418
underground_alarm-long_rides,underground_alarm+long_rides,baseline,passengers_accept,1.2807687222222217,1.53651913888889,0.37505119464667885,0.4499433259409166,-0.2557504166666682,-0.07489213129423777
underground_alarm-long_rides,underground_alarm+long_rides,baseline,passengers_acceptance_rate,-0.3016006944444447,-0.2539235740740735,-2.5940688785322976,-2.183997759834659,-0.047677120370371195,-0.4100711186976387
underground_alarm-long_rides,underground_alarm+long_rides,baseline,passengers_arrivals,-0.6225787777777778,-0.6319055185185181,-0.8140736922190328,-0.8262691838454663,0.009326740740740247,0.012195491626433519
underground_alarm-long_rides,underground_alarm+long_rides,baseline,passengers_cancel,0.13569472222222223,-0.015722222222222193,9.152483624863228,-1.0604493607326446,0.15141694444444442,10.212932985595872
underground_alarm-long_rides,underground_alarm+long_rides,baseline,passengers_change_provider,0.739782611111111,0.8243433796296289,0.6487249617649163,0.7228773958720061,-0.0845607685185179,-0.07415243410708972
underground_alarm-long_rides,underground_alarm+long_rides,baseline,passengers_departures,-0.45929149999999974,-0.5479859444444446,-0.6216395887469289,-0.7416853069206424,0.08869444444444485,0.12004571817371346
underground_alarm-long_rides,underground_alarm+long_rides,baseline,passengers_drivers_ratio,0.21195047222222219,0.14697506481481482,3.0303897187194413,2.101395296048039,0.06497540740740737,0.9289944226714022
underground_alarm-long_rides,underground_alarm+long_rides,baseline,passengers_new,0.3597499444444443,0.8654361666666666,0.39242477843545703,0.9440407182790955,-0.5056862222222223,-0.5516159398436384
underground_alarm-long_rides,underground_alarm+long_rides,baseline,passengers_no_ratings_count,-0.14256872222222217,-0.14090607407407418,-0.769290285834195,-0.7603187593367016,-0.0016626481481479827,-0.008971526497493443
underground_alarm-long_rides,underground_alarm+long_rides,baseline,passengers_offers_discarded,10.4073053611111,12.264997925925911,0.3888095238478582,0.4582115963843597,-1.857692564814812,-0.06940207253650149
underground_alarm-long_rides,underground_alarm+long_rides,baseline,passengers_pickup_accept,0.7409443888888889,0.8095490462962964,1.8624138913005455,2.0348563429602082,-0.06860465740740751,-0.17244245165966277
underground_alarm-long_rides,underground_alarm+long_rides,baseline,passengers_pickup_reject,0.14638883333333333,0.1455648148148147,2.96243370458724,2.945758250750504,0.0008240185185186266,0.016675453836735965
underground_alarm-long_rides,underground_alarm+long_rides,baseline,passengers_rating_avg,0.02004247222222233,0.010994499999999796,0.9509998108305355,0.52168052445063,0.009047972222222533,0.4293192863799056
underground_alarm-long_rides,underground_alarm+long_rides,baseline,passengers_ratings_count,-0.4809676111111114,-0.4904176574074077,-0.8300387869611913,-0.8463473798545552,0.00945004629629631,0.01630859289336395
underground_alarm-long_rides,underground_alarm+long_rides,baseline,passengers_reject,1.5463517777777769,1.3858749444444447,0.8596106491266388,0.7704022317058019,0.16047683333333218,0.08920841742083685
underground_alarm-long_rides,underground_alarm+long_rides,baseline,passengers_unassigned,18.084689416666667,17.856633953703692,2.2491635027825785,2.2208006145908805,0.22805546296297408,0.028362888191697966
underground_alarm-long_rides,underground_alarm+long_rides,baseline,rides_dispatched,0.11350022222222211,0.19034815740740774,0.12549975588103104,0.2104722512372016,-0.07684793518518562,-0.08497249535617055
underground_alarm-long_rides,underground_alarm+long_rides,baseline,rides_duration_avg,305.9995901111113,181.240933564815,1.3093448589554417,0.7755137335615612,124.75865654629627,0.5338311253938806
underground_alarm-long_rides,underground_alarm+long_rides,baseline,rides_in_progress,616.3059256388892,297.4302383240738,0.7460083752075702,0.3600248506449564,318.8756873148154,0.38598352456261387
underground_alarm-long_rides,underground_alarm+long_rides,baseline,rides_length_avg,1125.9931242499988,1424.1137219444427,0.97328515230435,1.230974426850647,-298.12059769444386,-0.2576892745462971
underground_alarm-long_rides,underground_alarm+long_rides,baseline,rides_not_served,0.45193097222222217,0.30492075925925927,3.6215191242148355,2.443462450908374,0.1470102129629629,1.1780566733064615
underground_alarm-long_rides,underground_alarm+long_rides,baseline,rides_offers_generated,12.408282333333318,14.46849655555556,0.4201967954726262,0.4899643419314404,-2.0602142222222426,-0.06976754645881422
underground_alarm-long_rides,underground_alarm+long_rides,baseline,rides_offers_lyft,6.129440083333336,5.335583342592599,0.548430216615975,0.4774000705720763,0.7938567407407362,0.07103014604389873
underground_alarm-long_rides,underground_alarm+long_rides,baseline,rides_offers_price_lyft_avg,7.594743194444444,6.684798222222227,14.18742914780029,12.487598160592807,0.9099449722222168,1.6998309872074824
underground_alarm-long_rides,underground_alarm+long_rides,baseline,rides_offers_price_no_surge_avg,7.703691083333339,6.691474111111113,12.992119941917766,11.285036393512327,1.0122169722222267,1.7070835484054392
underground_alarm-long_rides,underground_alarm+long_rides,baseline,rides_offers_price_uber_avg,7.738272833333333,6.6981771944444475,12.377616961658315,10.71395044343963,1.0400956388888858,1.663666518218685
underground_alarm-long_rides,underground_alarm+long_rides,baseline,rides_offers_radius_avg,1103.5101150555554,1459.527660194444,2.327598450665773,3.078534826480861,-356.01754513888864,-0.7509363758150878
underground_alarm-long_rides,underground_alarm+long_rides,baseline,rides_offers_surge_lyft_avg,0.0,0.0,,,0.0,
underground_alarm-long_rides,underground_alarm+long_rides,baseline,rides_offers_surge_uber_avg,0.0,0.0,,,0.0,
underground_alarm-long_rides,underground_alarm+long_rides,baseline,rides_offers_uber,6.278587694444454,9.133491796296298,0.3339348092278296,0.4857765773151349,-2.8549041018518437,-0.15184176808730532
underground_alarm-long_rides,underground_alarm+long_rides,baseline,rides_partial_acceptances,0.9094120000000006,1.0072434722222212,0.42181449937567816,0.46719187891168773,-0.09783147222222066,-0.045377379536009566
underground_alarm-long_rides,underground_alarm+long_rides,baseline,rides_waiting_duration_avg,92.25032388888894,-11.546600120370385,0.4000415010281586,-0.05007157752083766,103.79692400925933,0.4501130785489963
underground_alarm-long_rides,underground_alarm+long_rides,baseline,traffic_duration_avg,275.93545080555555,61.49155900925928,1.818047307489239,0.4051475189713053,214.44389179629627,1.4128997885179335
underground_alarm-long_rides,underground_alarm+long_rides,baseline,traffic_length_avg,78.01773077777807,-63.57321214814783,0.9785765289783418,-0.797398907398855,141.5909429259259,1.775975436377197
underground_alarm-long_rides,underground_alarm+long_rides,baseline,traffic_speed_avg,-1.3227316944444438,-0.8367298425925904,-1.358669466488383,-0.8594632559308738,-0.4860018518518534,-0.49920621055750913
underground_alarm-long_rides,underground_alarm+long_rides,bank_tellers,drivers_accept,0.19506047222222245,0.27547700925925955,0.21568276402136088,0.3046011429403591,-0.0804165370370371,-0.08891837891899823
underground_alarm-long_rides,underground_alarm+long_rides,bank_tellers,drivers_acceptance_rate,-0.25583100000000014,-0.20086996296296356,-1.265024342858816,-0.9932548944314704,-0.054961037037036586,-0.2717694484273455
underground_alarm-long_rides,underground_alarm+long_rides,bank_tellers,drivers_busy,470.35429733333376,280.4617965277789,0.48367347736352195,0.28840372706975964,189.89250080555485,0.1952697502937623
underground_alarm-long_rides,underground_alarm+long_rides,bank_tellers,drivers_change_provider,0.19074519444444438,0.1604801851851848,0.7081844612062758,0.5958188032503987,0.030265009259259568,0.11236565795587705
underground_alarm-long_rides,underground_alarm+long_rides,bank_tellers,drivers_change_zone,0.19382388888888924,0.15359254629629615,0.3726375225076935,0.295290463191098,0.04023134259259309,0.07734705931659552
underground_alarm-long_rides,underground_alarm+long_rides,bank_tellers,drivers_demand_pressure,0.0,0.0,,,0.0,
underground_alarm-long_rides,underground_alarm+long_rides,bank_tellers,drivers_idle,-1520.034320888889,-727.1254814629647,-0.46130374131782237,-0.2206698233038827,-792.9088394259243,-0.24063391801393966
underground_alarm-long_rides,underground_alarm+long_rides,bank_tellers,drivers_idle_duration_avg,2.543825527777699,25.63098406481481,0.021436132094048432,0.2159853944833262,-23.087158537037112,-0.19454926238927778
underground_alarm-long_rides,underground_alarm+long_rides,bank_tellers,drivers_occupied_distance_avg,-384.34461030555576,-125.6320511481481,-0.345658155122293,-0.11298647583369198,-258.71255915740767,-0.232671679288601
underground_alarm-long_rides,underground_alarm+long_rides,bank_tellers,drivers_occupied_duration_avg,-32.46561161111106,-5.940469583333311,-0.27057722178968563,-0.04950948638325835,-26.525142027777747,-0.22106773540642727
underground_alarm-long_rides,underground_alarm+long_rides,bank_tellers,drivers_passengers_served,0.43363447222222185,0.42992289814814777,0.5035594657720829,0.4992493880969011,0.0037115740740740755,0.004310077675181767
underground_alarm-long_rides,underground_alarm+long_rides,bank_tellers,drivers_pickup,555.2715083055558,529.5692735185187,1.9423791682050333,1.852470925696787,25.702234787037128,0.08990824250824625
underground_alarm-long_rides,underground_alarm+long_rides,bank_tellers,drivers_pickup_accept,0.6963006111111112,0.8295718333333332,1.9169319510708192,2.2838307587975155,-0.13327122222222199,-0.36689880772669636
underground_alarm-long_rides,underground_alarm+long_rides,bank_tellers,drivers_pickup_reject,0.19399574999999988,0.2049305277777778,2.3790607409587565,2.5131590421958694,-0.010934777777777904,-0.13409830123711286
underground_alarm-long_rides,underground_alarm+long_rides,bank_tellers,drivers_reject,0.2823335277777774,0.28740879629629634,0.622670619548571,0.6338638370798906,-0.005075268518518916,-0.011193217531319632
underground_alarm-long_rides,underground_alarm+long_rides,bank_tellers,drivers_removed,0.12080105555555554,0.1494140185185186,0.7949189825096685,0.9832036568488357,-0.028612962962963062,-0.18828467433916718
underground_alarm-long_rides,underground_alarm+long_rides,bank_tellers,drivers_shift_duration_avg,-405.70644769444425,-233.83619962036983,-0.43420102060031573,-0.2502595586179394,-171.87024807407442,-0.18394146198237632
underground_alarm-long_rides,underground_alarm+long_rides,bank_tellers,drivers_starting,-0.020189638888888917,-0.014235444444444467,-0.12969261778785604,-0.09144453080781167,-0.0059541944444444495,-0.038248086980044366
underground_alarm-long_rides,underground_alarm+long_rides,bank_tellers,drivers_total_length_avg,-3039.628586833336,-2072.2239321944435,-0.5084135274558088,-0.3466037540273633,-967.4046546388927,-0.1618097734284455
underground_alarm-long_rides,underground_alarm+long_rides,bank_tellers,drivers_waiting,0.281522888888889,0.39067845370370424,0.261909775360982,0.36346069924103913,-0.10915556481481525,-0.10155092388005715
underground_alarm-long_rides,underground_alarm+long_rides,bank_tellers,failed_requests,0.19462370427611334,0.098676000601471,4.503435179917826,2.2832828826020712,0.09594770367464234,2.220152297315755
underground_alarm-long_rides,underground_alarm+long_rides,bank_tellers,passengers_accept,1.3771481944444446,1.3545932592592589,0.40327427315350184,0.3966694465055611,0.0225549351851857,0.006604826647940765
underground_alarm-long_rides,underground_alarm+long_rides,bank_tellers,passengers_acceptance_rate,-0.19158419444444452,-0.18453756481481487,-1.6478164857758932,-1.587208393826911,-0.007046629629629653,-0.0606080919489822
underground_alarm-long_rides,underground_alarm+long_rides,bank_tellers,passengers_arrivals,-0.520236138888889,-0.6200137870370361,-0.6802521536675613,-0.8107197528344037,0.09977764814814716,0.13046759916684236
underground_alarm-long_rides,underground_alarm+long_rides,bank_tellers,passengers_cancel,0.09837522222222223,0.028366638888888872,6.635317835034549,1.9133035807964973,0.07000858333333335,4.722014254238052
underground_alarm-long_rides,underground_alarm+long_rides,bank_tellers,passengers_change_provider,1.2364493055555563,1.0146154907407419,1.084258424601322,0.8897294766746293,0.22183381481481446,0.19452894792669273
underground_alarm-long_rides,underground_alarm+long_rides,bank_tellers,passengers_departures,-0.3505786666666666,-0.5155096574074074,-0.4744994805480036,-0.6977294624999835,0.1649309907407408,0.22322998195197985
underground_alarm-long_rides,underground_alarm+long_rides,bank_tellers,passengers_drivers_ratio,0.16212927777777775,0.14527901851851852,2.3180646465654515,2.077145851331635,0.01685025925925923,0.24091879523381632
underground_alarm-long_rides,underground_alarm+long_rides,bank_tellers,passengers_new,0.3606062222222217,0.8642928703703698,0.3933588289402943,0.9427935803637494,-0.5036866481481481,-0.5494347514234551
underground_alarm-long_rides,underground_alarm+long_rides,bank_tellers,passengers_no_ratings_count,-0.1355884444444445,-0.11818869444444446,-0.7316252229566682,-0.6377374582190449,-0.017399750000000047,-0.09388776473762328
underground_alarm-long_rides,underground_alarm+long_rides,bank_tellers,passengers_offers_discarded,13.32620877777778,12.157611342592588,0.49785767879417325,0.4541997100329228,1.168597435185191,0.04365796876125044
underground_alarm-long_rides,underground_alarm+long_rides,bank_tellers,passengers_pickup_accept,0.6540131388888888,0.8193523981481481,1.6439063082538516,2.0594977316311915,-0.1653392592592593,-0.4155914233773399
underground_alarm-long_rides,underground_alarm+long_rides,bank_tellers,passengers_pickup_reject,0.2363147222222222,0.21493550925925936,4.782241118126831,4.349595405903589,0.02137921296296283,0.4326457122232421
underground_alarm-long_rides,underground_alarm+long_rides,bank_tellers,passengers_rating_avg,0.015627777777777574,0.001481824074073046,0.7415259727235488,0.07031140662203922,0.014145953703704528,0.6712145661015096
underground_alarm-long_rides,underground_alarm+long_rides,bank_tellers,passengers_ratings_count,-0.38421783333333326,-0.5022585833333331,-0.6630710612136881,-0.8667820776699593,0.1180407499999998,0.2037110164562712
underground_alarm-long_rides,underground_alarm+long_rides,bank_tellers,passengers_reject,2.8391434166666647,2.4390469074074064,1.5782682507545074,1.3558562323637746,0.4000965092592583,0.22241201839073277
underground_alarm-long_rides,underground_alarm+long_rides,bank_tellers,passengers_unassigned,14.748926055555554,16.810861462962965,1.8343000216980725,2.090739585385679,-2.061935407407411,-0.2564395636876067
underground_alarm-long_rides,underground_alarm+long_rides,bank_tellers,rides_dispatched,0.19506047222222245,0.27547700925925955,0.21568276402136088,0.3046011429403591,-0.0804165370370371,-0.08891837891899823
underground_alarm-long_rides,underground_alarm+long_rides,bank_tellers,rides_duration_avg,212.20626674999994,199.54068120370357,0.9080116228467796,0.8538167158709832,12.66558554629637,0.05419490697579643
underground_alarm-long_rides,underground_alarm+long_rides,bank_tellers,rides_in_progress,420.1706715555556,249.40928570370488,0.5085961808205837,0.30189782095088946,170.76138585185072,0.2066983598696942
underground_alarm-long_rides,underground_alarm+long_rides,bank_tellers,rides_length_avg,1185.951780444444,1539.0915141018522,1.0251121737748807,1.3303588507351896,-353.1397336574082,-0.3052466769603088
underground_alarm-long_rides,underground_alarm+long_rides,bank_tellers,rides_not_served,0.466166388888889,0.4104560462962965,3.7355936994668957,3.2891625329470067,0.0557103425925925,0.446431166519889
underground_alarm-long_rides,underground_alarm+long_rides,bank_tellers,rides_offers_generated,15.188157638888882,14.200333509259238,0.5143351027603313,0.4808832096932427,0.9878241296296437,0.03345189306708862
underground_alarm-long_rides,underground_alarm+long_rides,bank_tellers,rides_offers_lyft,6.400110972222215,7.100120620370369,0.5726484310379748,0.6352816304408127,-0.7000096481481535,-0.06263319940283785
underground_alarm-long_rides,underground_alarm+long_rides,bank_tellers,rides_offers_price_lyft_avg,7.1266956666666665,6.742412000000002,13.313088703608871,12.595224102541339,0.3842836666666649,0.7178646010675322
underground_alarm-long_rides,underground_alarm+long_rides,bank_tellers,rides_offers_price_no_surge_avg,7.133592305555556,6.662084648148152,12.030659828900772,11.23547165581543,0.47150765740740397,0.7951881730853412
underground_alarm-long_rides,underground_alarm+long_rides,bank_tellers,rides_offers_price_uber_avg,7.122973027777771,6.576950231481472,11.39342507882069,10.52004400652553,0.5460227962962989,0.8733810722951585
underground_alarm-long_rides,underground_alarm+long_rides,bank_tellers,rides_offers_radius_avg,1040.5718875277773,1530.8136986203706,2.1948448683626958,3.228896178253277,-490.24181109259325,-1.034051309890581
underground_alarm-long_rides,underground_alarm+long_rides,bank_tellers,rides_offers_surge_lyft_avg,0.0,0.0,,,0.0,
underground_alarm-long_rides,underground_alarm+long_rides,bank_tellers,rides_offers_surge_uber_avg,0.0,0.0,,,0.0,
underground_alarm-long_rides,underground_alarm+long_rides,bank_tellers,rides_offers_uber,8.788078833333337,7.099839657407415,0.46740534201425377,0.3776141573434384,1.688239175925922,0.08979118467081537
underground_alarm-long_rides,underground_alarm+long_rides,bank_tellers,rides_partial_acceptances,0.8993656666666681,0.7909439722222231,0.41715468724920435,0.3668652224482711,0.10842169444444494,0.05028946480093327
underground_alarm-long_rides,underground_alarm+long_rides,bank_tellers,rides_waiting_duration_avg,121.51359324999987,35.877073416666576,0.5269410251350883,0.1555801399612149,85.6365198333333,0.37136088517387345
underground_alarm-long_rides,underground_alarm+long_rides,bank_tellers,traffic_duration_avg,151.43958505555554,-5.4445237777778175,0.9977852757004179,-0.035872164181344146,156.88410883333336,1.033657439881762
underground_alarm-long_rides,underground_alarm+long_rides,bank_tellers,traffic_length_avg,18.071412416667044,-69.03810353703602,0.22666975647893595,-0.8659450493241347,87.10951595370307,1.0926148058030707
underground_alarm-long_rides,underground_alarm+long_rides,bank_tellers,traffic_speed_avg,-0.7810657222222224,-0.47816337037037204,-0.8022867771001327,-0.4911547625599645,-0.3029023518518503,-0.31113201454016826
underground_alarm-long_rides,underground_alarm+long_rides,students,drivers_accept,0.10778269444444488,0.21410740740740763,0.11917775644961875,0.23674338988817573,-0.10632471296296275,-0.11756563343855697
underground_alarm-long_rides,underground_alarm+long_rides,students,drivers_acceptance_rate,-0.24855974999999964,-0.20626416666666625,-1.229069715573566,-1.0199279676537267,-0.042295583333333386,-0.2091417479198392
underground_alarm-long_rides,underground_alarm+long_rides,students,drivers_busy,596.060123416667,287.33182518518515,0.6129389573884474,0.29546829662754526,308.72829823148186,0.31747066076090213
underground_alarm-long_rides,underground_alarm+long_rides,students,drivers_change_provider,0.10757877777777769,0.1007558981481479,0.3994104228925917,0.3740789467919345,0.006822879629629797,0.025331476100657224
underground_alarm-long_rides,underground_alarm+long_rides,students,drivers_change_zone,0.18018516666666695,0.1542577500000002,0.3464162982396519,0.29656935539335544,0.025927416666666758,0.04984694284629648
underground_alarm-long_rides,underground_alarm+long_rides,students,drivers_demand_pressure,0.0,0.0,,,0.0,
underground_alarm-long_rides,underground_alarm+long_rides,students,drivers_idle,-1688.7825101666667,-716.6182597685201,-0.5125158554028024,-0.2174810659107808,-972.1642503981466,-0.2950347894920216
underground_alarm-long_rides,underground_alarm+long_rides,students,drivers_idle_duration_avg,73.9073899444445,11.411550000000261,0.6227976550575411,0.09616205613422935,62.49583994444424,0.5266355989233118
underground_alarm-long_rides,underground_alarm+long_rides,students,drivers_occupied_distance_avg,-515.31368136111,-485.7102287129637,-0.46344444967486415,-0.436820751688119,-29.60345264814623,-0.026623697986745132
underground_alarm-long_rides,underground_alarm+long_rides,students,drivers_occupied_duration_avg,-51.10691061111106,-49.57006977777769,-0.4259388688884458,-0.41313042012125933,-1.5368408333333718,-0.012808448767186453
underground_alarm-long_rides,underground_alarm+long_rides,students,drivers_passengers_served,0.3154397499999999,-0.10890766666666707,0.3663054534831315,-0.12646938829403465,0.424347416666667,0.49277484177716613
underground_alarm-long_rides,underground_alarm+long_rides,students,drivers_pickup,582.4491865833332,487.1596586944445,2.0374486168213024,1.704119081358051,95.28952788888876,0.3333295354632515
underground_alarm-long_rides,underground_alarm+long_rides,students,drivers_pickup_accept,0.6681984166666667,0.7124517314814817,1.839565949136973,1.9613963651320807,-0.04425331481481498,-0.1218304159951078
underground_alarm-long_rides,underground_alarm+long_rides,students,drivers_pickup_reject,0.18185158333333337,0.16107599074074072,2.2301311373549337,1.9753503150575857,0.02077559259259265,0.254780822297348
underground_alarm-long_rides,underground_alarm+long_rides,students,drivers_reject,0.22762494444444425,0.2403021481481482,0.5020139347158584,0.5299727901392988,-0.012677203703703954,-0.027958855423440343
underground_alarm-long_rides,underground_alarm+long_rides,students,drivers_removed,0.09254625,0.05232543518518529,0.6089911263337643,0.34432217090730705,0.04022081481481471,0.26466895542645724
underground_alarm-long_rides,underground_alarm+long_rides,students,drivers_shift_duration_avg,-258.53404194444465,-197.11188241666787,-0.27669204053850177,-0.21095592885973907,-61.422159527776785,-0.0657361116787627
underground_alarm-long_rides,underground_alarm+long_rides,students,drivers_starting,-0.025055805555555533,-0.025841194444444382,-0.16095151731870994,-0.1659966368249111,0.0007853888888888494,0.005045119506201151
underground_alarm-long_rides,underground_alarm+long_rides,students,drivers_total_length_avg,-2683.4617813333352,-1682.9430793703723,-0.44884045239943476,-0.28149196622124895,-1000.518701962963,-0.16734848617818582
underground_alarm-long_rides,underground_alarm+long_rides,students,drivers_waiting,0.2177126944444443,0.3385257870370366,0.20254510430831613,0.31494140027727313,-0.12081309259259232,-0.112396295968957
underground_alarm-long_rides,underground_alarm+long_rides,students,failed_requests,0.19592898895210398,0.06051076756217044,4.533638412106463,1.4001702434802243,0.13541822138993354,3.133468168626238
underground_alarm-long_rides,underground_alarm+long_rides,students,passengers_accept,1.24229586111111,1.122646444444447,0.36378507589249626,0.3287477925165019,0.11964941666666284,0.03503728337599438
underground_alarm-long_rides,underground_alarm+long_rides,students,passengers_acceptance_rate,-0.25635594444444476,-0.17005101851851911,-2.2049185879198423,-1.462609546420874,-0.08630492592592565,-0.7423090414989684
underground_alarm-long_rides,underground_alarm+long_rides,students,passengers_arrivals,-0.5797779166666661,-0.5203262777777771,-0.7581079955416662,-0.6803700177848568,-0.05945163888888905,-0.07773797775680935
underground_alarm-long_rides,underground_alarm+long_rides,students,passengers_cancel,0.15687472222222218,0.028841638888888896,10.581055053434653,1.9453418918716372,0.1280330833333333,8.635713161563016
underground_alarm-long_rides,underground_alarm+long_rides,students,passengers_change_provider,0.9651016111111104,0.6705701203703702,0.8463101137602704,0.5880316314066849,0.29453149074074014,0.2582784823535855
underground_alarm-long_rides,underground_alarm+long_rides,students,passengers_departures,-0.3832452500000001,-0.4325230092592598,-0.5187128862589753,-0.5854091042388343,0.0492777592592597,0.06669621797985903
underground_alarm-long_rides,underground_alarm+long_rides,students,passengers_drivers_ratio,0.20892622222222218,0.1444073425925925,2.9871501070745636,2.064682950276091,0.06451887962962968,0.9224671567984726
underground_alarm-long_rides,underground_alarm+long_rides,students,passengers_new,0.3625049722222222,0.8649482499999999,0.3954300357870533,0.9435084858416247,-0.5024432777777776,-0.5480784500545715
underground_alarm-long_rides,underground_alarm+long_rides,students,passengers_no_ratings_count,-0.14038930555555562,-0.13339449074074078,-0.7575303146124681,-0.7197868109577272,-0.006994814814814843,-0.037743503654740884
underground_alarm-long_rides,underground_alarm+long_rides,students,passengers_offers_discarded,10.893972027777778,9.42853460185188,0.4069910442677697,0.3522433446439884,1.4654374259258987,0.05474769962378134
underground_alarm-long_rides,underground_alarm+long_rides,students,passengers_pickup_accept,0.7063516388888889,0.7279313981481479,1.7754626718778577,1.8297048579555937,-0.021579759259259035,-0.05424218607773601
underground_alarm-long_rides,underground_alarm+long_rides,students,passengers_pickup_reject,0.14368113888888884,0.14475984259259247,2.907638778626726,2.9294682319829004,-0.0010787037037036373,-0.021829453356174255
underground_alarm-long_rides,underground_alarm+long_rides,students,passengers_rating_avg,0.01967252777777695,0.0071504999999998375,0.9334462329692533,0.3392856964922656,0.012522027777777112,0.5941605364769877
underground_alarm-long_rides,underground_alarm+long_rides,students,passengers_ratings_count,-0.4407218888888891,-0.3873180370370375,-0.760583984429814,-0.6684212953294751,-0.05340385185185159,-0.09216268910033887
underground_alarm-long_rides,underground_alarm+long_rides,students,passengers_reject,1.6898056388888891,1.1637108796296296,0.9393560656881006,0.6469021337898408,0.5260947592592595,0.29245393189825974
underground_alarm-long_rides,underground_alarm+long_rides,students,passengers_unassigned,18.042162027777774,16.282062398148163,2.2438744403743853,2.0249737030149864,1.760099629629611,0.21890073735939897
underground_alarm-long_rides,underground_alarm+long_rides,students,rides_dispatched,0.10778269444444488,0.21410740740740763,0.11917775644961875,0.23674338988817573,-0.10632471296296275,-0.11756563343855697
underground_alarm-long_rides,underground_alarm+long_rides,students,rides_duration_avg,208.25453211111108,198.10885899074083,0.891102504009377,0.8476900767705837,10.145673120370247,0.04341242723879324
underground_alarm-long_rides,underground_alarm+long_rides,students,rides_in_progress,449.9839304722218,356.7776091851847,0.5446836820416839,0.43186195924170157,93.2063212870371,0.11282172279998237
underground_alarm-long_rides,underground_alarm+long_rides,students,rides_length_avg,1042.78718175,1503.7980647407403,0.9013636576924894,1.2998519235639814,-461.01088299074036,-0.398488265871492
underground_alarm-long_rides,underground_alarm+long_rides,students,rides_not_served,0.39555102777777773,0.2791978425925925,3.16972214729216,2.2373335498931284,0.11635318518518523,0.9323885973990316
underground_alarm-long_rides,underground_alarm+long_rides,students,rides_offers_generated,12.885583694444449,11.134051231481493,0.43636023349134684,0.37704595385683465,1.751532462962956,0.05931427963451219
underground_alarm-long_rides,underground_alarm+long_rides,students,rides_offers_lyft,5.527073972222219,4.210919203703707,0.49453364983215603,0.376771010017556,1.316154768518512,0.11776263981460006
underground_alarm-long_rides,underground_alarm+long_rides,students,rides_offers_price_lyft_avg,7.121394638888891,6.80943489814814,13.303186070421388,12.720426837434669,0.3119597407407504,0.5827592329867191
underground_alarm-long_rides,underground_alarm+long_rides,students,rides_offers_price_no_surge_avg,7.233656388888885,6.783417444444439,12.199415891219687,11.440096974421474,0.4502389444444468,0.7593189167982128
underground_alarm-long_rides,underground_alarm+long_rides,students,rides_offers_price_uber_avg,7.294465944444443,6.778295712962969,11.667733529796214,10.842102597688578,0.5161702314814747,0.8256309321076358
underground_alarm-long_rides,underground_alarm+long_rides,students,rides_offers_radius_avg,1100.192207111111,1346.8290303981485,2.3206000939805227,2.840823225538438,-246.6368232870375,-0.5202231315579153
underground_alarm-long_rides,underground_alarm+long_rides,students,rides_offers_surge_lyft_avg,0.0,0.0,,,0.0,
underground_alarm-long_rides,underground_alarm+long_rides,students,rides_offers_surge_uber_avg,0.0,0.0,,,0.0,
underground_alarm-long_rides,underground_alarm+long_rides,students,rides_offers_uber,7.35842072222222,6.923263768518517,0.3913671258056399,0.3682227402541266,0.43515695370370366,0.023144385551513325
underground_alarm-long_rides,underground_alarm+long_rides,students,rides_partial_acceptances,0.9063243611111114,0.6678921018518542,0.42038235327229523,0.30978981207594486,0.23843225925925715,0.11059254119635037
underground_alarm-long_rides,underground_alarm+long_rides,students,rides_waiting_duration_avg,164.47017600000015,44.748245240741085,0.7132213016471602,0.19404978150584373,119.72193075925907,0.5191715201413165
underground_alarm-long_rides,underground_alarm+long_rides,students,traffic_duration_avg,233.19636077777773,52.881667083333355,1.536453596631492,0.34841979229462916,180.31469369444437,1.1880338043368628
underground_alarm-long_rides,underground_alarm+long_rides,students,traffic_length_avg,37.99474405555611,-31.17662710185141,0.4765681388915358,-0.39104848642011136,69.17137115740752,0.8676166253116472
underground_alarm-long_rides,underground_alarm+long_rides,students,traffic_speed_avg,-1.1128161666666667,-0.7828756296296291,-1.1430506684121426,-0.8041458585313426,-0.32994053703703763,-0.3389048098808001
underground_alarm-long_rides,underground_alarm+long_rides,managers,drivers_accept,0.16284252777777786,0.24664583333333345,0.18005865612446223,0.27272186138809484,-0.0838033055555556,-0.09266320526363261
underground_alarm-long_rides,underground_alarm+long_rides,managers,drivers_acceptance_rate,-0.2631458611111108,-0.1366004444444444,-1.3011946168685578,-0.6754571864533828,-0.1265454166666664,-0.6257374304151749
underground_alarm-long_rides,underground_alarm+long_rides,managers,drivers_busy,697.487879027778,368.3767682499997,0.7172388766955242,0.37880821646484086,329.1111107777783,0.33843066023068336
underground_alarm-long_rides,underground_alarm+long_rides,managers,drivers_change_provider,0.1249953611111112,0.09026163888888905,0.46407340808545533,0.3351166475795065,0.03473372222222215,0.12895676050594884
underground_alarm-long_rides,underground_alarm+long_rides,managers,drivers_change_zone,0.23085172222222217,0.18294113888888908,0.4438256518773954,0.3517148126120346,0.04791058333333309,0.09211083926536084
underground_alarm-long_rides,underground_alarm+long_rides,managers,drivers_demand_pressure,0.0,0.0,,,0.0,
underground_alarm-long_rides,underground_alarm+long_rides,managers,drivers_idle,-1727.5045138333317,-411.48581077777726,-0.5242673039834563,-0.12487872240936168,-1316.0187030555544,-0.3993885815740946
underground_alarm-long_rides,underground_alarm+long_rides,managers,drivers_idle_duration_avg,-8.237496500000134,274.9313793333331,-0.06941516278143745,2.3167726323341236,-283.16887583333323,-2.386187795115561
underground_alarm-long_rides,underground_alarm+long_rides,managers,drivers_occupied_distance_avg,-275.04102652777874,1142.7527756203717,-0.24735659422140044,1.0277282563369083,-1417.7938021481505,-1.2750848505583088
underground_alarm-long_rides,underground_alarm+long_rides,managers,drivers_occupied_duration_avg,-27.343639416666633,123.1044798055554,-0.2278893148727408,1.025986158358768,-150.44811922222203,-1.2538754732315087
underground_alarm-long_rides,underground_alarm+long_rides,managers,drivers_passengers_served,0.4786571111111111,0.5207062037037042,0.5558421541625025,0.6046718020768317,-0.04204909259259315,-0.0488296479143292
underground_alarm-long_rides,underground_alarm+long_rides,managers,drivers_pickup,595.6427368611107,473.9200917962962,2.0836005926221546,1.657806136151309,121.72264506481451,0.4257944564708456
underground_alarm-long_rides,underground_alarm+long_rides,managers,drivers_pickup_accept,0.6814951944444445,0.7109336296296298,1.8761722909407479,1.9572169950462914,-0.029438435185185297,-0.08104470410554354
underground_alarm-long_rides,underground_alarm+long_rides,managers,drivers_pickup_reject,0.19912041666666672,0.18518680555555558,2.4419069284508383,2.271032529531113,0.013933611111111133,0.17087439891972522
underground_alarm-long_rides,underground_alarm+long_rides,managers,drivers_reject,0.2699998611111114,0.211379120370371,0.5954694156211252,0.4661846889975023,0.05862074074074042,0.1292847266236229
underground_alarm-long_rides,underground_alarm+long_rides,managers,drivers_removed,0.10991172222222229,0.1104013796296297,0.7232628389955831,0.7264849794502716,-0.0004896574074074178,-0.0032221404546884935
underground_alarm-long_rides,underground_alarm+long_rides,managers,drivers_shift_duration_avg,-267.89706363888854,919.5740753240739,-0.28671266899716574,0.9841598631038279,-1187.4711389629624,-1.2708725321009937
underground_alarm-long_rides,underground_alarm+long_rides,managers,drivers_starting,-0.0075230277777777466,-0.023630805555555412,-0.04832583542282699,-0.15179771415438392,0.016107777777777665,0.10347187873155693
underground_alarm-long_rides,underground_alarm+long_rides,managers,drivers_total_length_avg,-1973.3376227500048,4714.203210296291,-0.3300638591140476,0.7885057712880534,-6687.540833046296,-1.1185696304021011
underground_alarm-long_rides,underground_alarm+long_rides,managers,drivers_waiting,0.30495861111111067,0.36062836111111185,0.28371277961001484,0.33550413403397755,-0.055669750000001184,-0.05179135442396271
underground_alarm-long_rides,underground_alarm+long_rides,managers,failed_requests,0.20016614659837537,0.06965211056174675,4.6316828146526445,1.61169353047708,0.13051403603662862,3.0199892841755647
underground_alarm-long_rides,underground_alarm+long_rides,managers,passengers_accept,1.4859308055555562,1.2002257777777778,0.43512939855289345,0.35146557219187896,0.2857050277777784,0.08366382636101449
underground_alarm-long_rides,underground_alarm+long_rides,managers,passengers_acceptance_rate,-0.22065699999999988,-0.2055153981481479,-1.897871812214072,-1.7676388291389904,-0.015141601851851982,-0.1302329830750817
underground_alarm-long_rides,underground_alarm+long_rides,managers,passengers_arrivals,-0.5673056666666674,-0.5598070833333333,-0.7417994881363561,-0.7319944648389539,-0.007498583333334086,-0.009805023297402182
underground_alarm-long_rides,underground_alarm+long_rides,managers,passengers_cancel,0.11502791666666667,0.00878680555555554,7.75852668735105,0.5926619152539822,0.10624111111111113,7.165864772097067
underground_alarm-long_rides,underground_alarm+long_rides,managers,passengers_change_provider,1.2252688055555554,0.8451942129629635,1.0744540992142741,0.7411617619192401,0.3800745925925919,0.33329233729503405
underground_alarm-long_rides,underground_alarm+long_rides,managers,passengers_departures,-0.3868196111111111,-0.49294307407407345,-0.5235506948644993,-0.667186154856021,0.10612346296296238,0.1436354599915216
underground_alarm-long_rides,underground_alarm+long_rides,managers,passengers_drivers_ratio,0.18592469444444448,0.12192602777777783,2.6582827421576525,1.743253398533075,0.06399866666666665,0.9150293436245776
underground_alarm-long_rides,underground_alarm+long_rides,managers,passengers_new,0.3603472499999998,0.8656575925925929,0.39307633517345486,0.9442822555503678,-0.5053103425925931,-0.551205920376913
underground_alarm-long_rides,underground_alarm+long_rides,managers,passengers_no_ratings_count,-0.1791666944444445,-0.18428908333333338,-0.9667702384699557,-0.9944102702459647,0.005122388888888885,0.027640031776009044
underground_alarm-long_rides,underground_alarm+long_rides,managers,passengers_offers_discarded,13.633153277777794,10.644284092592585,0.5093249069336178,0.39766288065371147,2.9888691851852087,0.11166202627990629
underground_alarm-long_rides,underground_alarm+long_rides,managers,passengers_pickup_accept,0.6915551388888886,0.7142718148148145,1.7382706672471817,1.7953705703479546,-0.022716675925925855,-0.05709990310077284
underground_alarm-long_rides,underground_alarm+long_rides,managers,passengers_pickup_reject,0.18890255555555557,0.18176300000000004,3.822773122224314,3.6782917466169933,0.007139555555555538,0.14448137560732066
underground_alarm-long_rides,underground_alarm+long_rides,managers,passengers_rating_avg,0.017496472222221726,0.017459564814815032,0.8301940793055327,0.8284428513595563,3.6907407406694404e-05,0.0017512279459763747
underground_alarm-long_rides,underground_alarm+long_rides,managers,passengers_ratings_count,-0.38752352777777754,-0.3759220185185179,-0.6687759247914915,-0.6487544047348108,-0.011601509259259624,-0.020021520056680675
underground_alarm-long_rides,underground_alarm+long_rides,managers,passengers_reject,2.3867358333333337,1.8173765925925922,1.3267767195468743,1.0102722387729441,0.5693592407407415,0.3165044807739301
underground_alarm-long_rides,underground_alarm+long_rides,managers,passengers_unassigned,16.01151883333333,15.036674925925926,1.9913266384801964,1.8700868821905456,0.9748439074074042,0.12123975628965078
underground_alarm-long_rides,underground_alarm+long_rides,managers,rides_dispatched,0.16284252777777786,0.24664583333333345,0.18005865612446223,0.27272186138809484,-0.0838033055555556,-0.09266320526363261
underground_alarm-long_rides,underground_alarm+long_rides,managers,rides_duration_avg,216.72418880555574,157.78387446296267,0.9273434069660178,0.6751430770843025,58.94031434259307,0.25220032988171526
underground_alarm-long_rides,underground_alarm+long_rides,managers,rides_in_progress,484.37123616666713,330.06809504629564,0.5863078446234179,0.3995313902557217,154.3031411203715,0.1867764543676962
underground_alarm-long_rides,underground_alarm+long_rides,managers,rides_length_avg,1097.0389504722225,1394.956596500001,0.9482577637455432,1.2057716110715964,-297.9176460277786,-0.2575138473260532
underground_alarm-long_rides,underground_alarm+long_rides,managers,rides_not_served,0.4514165277777779,0.3394700555555556,3.61739665749223,2.720320964610059,0.11194647222222232,0.8970756928821708
underground_alarm-long_rides,underground_alarm+long_rides,managers,rides_offers_generated,15.606268472222212,12.438816592592616,0.528494099759222,0.421230814327792,3.1674518796295956,0.10726328543142999
underground_alarm-long_rides,underground_alarm+long_rides,managers,rides_offers_lyft,7.499342388888884,4.510586527777768,0.6710019047252062,0.403583673689976,2.988755861111116,0.26741823103523016
underground_alarm-long_rides,underground_alarm+long_rides,managers,rides_offers_price_lyft_avg,6.990878277777782,5.968427999999996,13.059373794155471,11.149376246939898,1.0224502777777857,1.909997547215573
underground_alarm-long_rides,underground_alarm+long_rides,managers,rides_offers_price_no_surge_avg,6.795109916666668,5.641492509259258,11.459816093462658,9.514263557413134,1.1536174074074097,1.945552536049524
underground_alarm-long_rides,underground_alarm+long_rides,managers,rides_offers_price_uber_avg,6.645807833333336,5.455396611111112,10.630183961393676,8.72608281985003,1.1904112222222238,1.9041011415436468
underground_alarm-long_rides,underground_alarm+long_rides,managers,rides_offers_radius_avg,1078.8967057777777,1353.8474664629625,2.2756821768419724,2.8556269873596296,-274.95076068518483,-0.5799448105176572
underground_alarm-long_rides,underground_alarm+long_rides,managers,rides_offers_surge_lyft_avg,0.0,0.0,,,0.0,
underground_alarm-long_rides,underground_alarm+long_rides,managers,rides_offers_surge_uber_avg,0.0,0.0,,,0.0,
underground_alarm-long_rides,underground_alarm+long_rides,managers,rides_offers_uber,8.107157805555552,7.926538981481464,0.4311896762346088,0.4215832304070695,0.18061882407408802,0.009606445827539278
underground_alarm-long_rides,underground_alarm+long_rides,managers,rides_partial_acceptances,1.0529258333333331,0.7425507870370369,0.4883808254863784,0.3444189085860351,0.3103750462962962,0.14396191690034332
underground_alarm-long_rides,underground_alarm+long_rides,managers,rides_waiting_duration_avg,173.82369816666676,22.236330185185466,0.7537826448459144,0.09642735688769496,151.5873679814813,0.6573552879582194
underground_alarm-long_rides,underground_alarm+long_rides,managers,traffic_duration_avg,185.50904352777764,-29.17020611111127,1.2222576552450355,-0.19219282815741864,214.6792496388889,1.414450483402454
underground_alarm-long_rides,underground_alarm+long_rides,managers,traffic_length_avg,10.805435027777548,-95.24983680555579,0.13553258981220384,-1.1947188640031972,106.05527183333334,1.3302514538154009
underground_alarm-long_rides,underground_alarm+long_rides,managers,traffic_speed_avg,-0.9755377222222217,-0.43619809259259146,-1.002042456650779,-0.4480493150917828,-0.5393396296296302,-0.5539931415589963
underground_alarm-long_rides,underground_alarm+long_rides,drivers,drivers_accept,0.08084730555555586,0.1937728518518531,0.08939468938656268,0.21425901313361018,-0.11292554629629725,-0.12486432374704749
underground_alarm-long_rides,underground_alarm+long_rides,drivers,drivers_acceptance_rate,-0.2655818333333333,-0.3790949259259251,-1.3132399286550078,-1.8745355705546025,0.11351309259259179,0.5612956418995947
underground_alarm-long_rides,underground_alarm+long_rides,drivers,drivers_busy,612.3489505000007,252.2029502685191,0.6296890406389588,0.2593446656048424,360.1460002314816,0.37034437503411644
underground_alarm-long_rides,underground_alarm+long_rides,drivers,drivers_change_provider,0.12175425000000017,0.15122771296296356,0.4520400536797675,0.5614669178747059,-0.02947346296296338,-0.10942686419493841
underground_alarm-long_rides,underground_alarm+long_rides,drivers,drivers_change_zone,0.21012972222222226,0.23465679629629577,0.40398642057484446,0.45114112461942607,-0.024527074074073507,-0.04715470404458161
underground_alarm-long_rides,underground_alarm+long_rides,drivers,drivers_demand_pressure,0.0,0.0,,,0.0,
underground_alarm-long_rides,underground_alarm+long_rides,drivers,drivers_idle,-1926.6293141388896,-1252.131796055557,-0.5846981864364273,-0.3800000264504917,-674.4975180833326,-0.20469815998593566
underground_alarm-long_rides,underground_alarm+long_rides,drivers,drivers_idle_duration_avg,15.68062461111117,-241.41074912037016,0.13213639725308263,-2.0343033162295088,257.0913737314813,2.1664397134825912
underground_alarm-long_rides,underground_alarm+long_rides,drivers,drivers_occupied_distance_avg,-54.67201513888904,-180.3031863055553,-0.04916896811614607,-0.1621546525434611,125.63117116666626,0.11298568442731502
underground_alarm-long_rides,underground_alarm+long_rides,drivers,drivers_occupied_duration_avg,8.368371194444308,-23.885075611111233,0.06974427760118468,-0.19906470509488983,32.25344680555554,0.2688089826960745
underground_alarm-long_rides,underground_alarm+long_rides,drivers,drivers_passengers_served,0.4382870277777777,0.17483119444444473,0.5089622613063596,0.20302330306808158,0.263455833333333,0.305938958238278
underground_alarm-long_rides,underground_alarm+long_rides,drivers,drivers_pickup,597.9497270833335,565.4867955462965,2.0916706082485144,1.9781129684034164,32.46293153703698,0.11355763984509792
underground_alarm-long_rides,underground_alarm+long_rides,drivers,drivers_pickup_accept,0.594379611111111,0.7083610092592594,1.636341042105047,1.9501345106893275,-0.11398139814814834,-0.3137934685842805
underground_alarm-long_rides,underground_alarm+long_rides,drivers,drivers_pickup_reject,0.20247205555555553,0.1738516574074075,2.483009645899164,2.132024298927038,0.02862039814814804,0.3509853469721258
underground_alarm-long_rides,underground_alarm+long_rides,drivers,drivers_reject,0.27146727777777757,0.37363148148148184,0.598705720045048,0.8240230903077201,-0.10216420370370427,-0.22531737026267218
underground_alarm-long_rides,underground_alarm+long_rides,drivers,drivers_removed,0.09436588888888875,0.07707597222222218,0.6209650738082982,0.5071905467469617,0.01728991666666657,0.1137745270613365
underground_alarm-long_rides,underground_alarm+long_rides,drivers,drivers_shift_duration_avg,-145.96629897222283,-558.3927045648143,-0.15621816302688718,-0.5976111141334792,412.42640559259144,0.44139295110659205
underground_alarm-long_rides,underground_alarm+long_rides,drivers,drivers_starting,-0.015888611111111117,-0.017666851851851795,-0.10206401309868196,-0.11348693641062865,0.0017782407407406775,0.011422923311946692
underground_alarm-long_rides,underground_alarm+long_rides,drivers,drivers_total_length_avg,-1122.7308175000035,-1990.8826601944456,-0.1877898957066949,-0.3329984723806525,868.1518426944422,0.1452085766739576
underground_alarm-long_rides,underground_alarm+long_rides,drivers,drivers_waiting,0.21696316666666604,0.39769605555555465,0.20184779457027135,0.36998939938277564,-0.1807328888888886,-0.1681416048125043
underground_alarm-long_rides,underground_alarm+long_rides,drivers,failed_requests,0.2209324711394568,0.08075237938654956,5.1121987766919865,1.8685447774415402,0.14018009175290724,3.243653999250446
underground_alarm-long_rides,underground_alarm+long_rides,drivers,passengers_accept,1.3989816944444442,1.7766676759259248,0.409667839857809,0.5202667138763418,-0.3776859814814806,-0.1105988740185328
underground_alarm-long_rides,underground_alarm+long_rides,drivers,passengers_acceptance_rate,-0.24463988888888877,-0.12231894444444391,-2.1041487433682358,-1.052065770679785,-0.12232094444444486,-1.0520829726884509
underground_alarm-long_rides,underground_alarm+long_rides,drivers,passengers_arrivals,-0.6280367499999999,-0.5573546296296294,-0.8212104462452987,-0.7287876770189504,-0.07068212037037047,-0.09242276922634829
underground_alarm-long_rides,underground_alarm+long_rides,drivers,passengers_cancel,0.20615322222222215,0.06628716666666666,13.904844342521391,4.471008138855163,0.13986605555555548,9.433836203666228
underground_alarm-long_rides,underground_alarm+long_rides,drivers,passengers_change_provider,0.7523008055555556,0.7125941388888895,0.6597023287513355,0.6248830380188091,0.03970666666666611,0.03481929073252643
underground_alarm-long_rides,underground_alarm+long_rides,drivers,passengers_departures,-0.41286524999999985,-0.5045909907407404,-0.5588028174218291,-0.6829513195203472,0.09172574074074058,0.12414850209851802
underground_alarm-long_rides,underground_alarm+long_rides,drivers,passengers_drivers_ratio,0.22933552777777783,0.18526196296296296,3.2789548342511745,2.6488072517437997,0.044073564814814864,0.6301475825073748
underground_alarm-long_rides,underground_alarm+long_rides,drivers,passengers_new,0.362546222222222,0.8645382037037037,0.3954750323808273,0.9430611964689446,-0.5019919814814817,-0.5475861640881172
underground_alarm-long_rides,underground_alarm+long_rides,drivers,passengers_no_ratings_count,-0.14825475000000005,-0.10814945370370371,-0.7999716713881023,-0.5835664573247201,-0.04010529629629633,-0.2164052140633822
underground_alarm-long_rides,underground_alarm+long_rides,drivers,passengers_offers_discarded,11.22933350000001,13.678461370370385,0.41951991027172847,0.5110175850377124,-2.4491278703703756,-0.09149767476598397
underground_alarm-long_rides,underground_alarm+long_rides,drivers,passengers_pickup_accept,0.6825414166666668,0.7845791296296294,1.7156140661166106,1.9720927666891805,-0.1020377129629626,-0.25647870057256994
underground_alarm-long_rides,underground_alarm+long_rides,drivers,passengers_pickup_reject,0.11434761111111108,0.09756349074074075,2.314023614241454,1.9743676257698766,0.01678412037037033,0.3396559884715773
underground_alarm-long_rides,underground_alarm+long_rides,drivers,passengers_rating_avg,0.03378250000000094,-0.006927611111111176,1.60295350559409,-0.3287097910441182,0.04071011111111211,1.9316632966382081
underground_alarm-long_rides,underground_alarm+long_rides,drivers,passengers_ratings_count,-0.48047186111111095,-0.4495294074074072,-0.8291832371920794,-0.775783723078245,-0.030942453703703743,-0.05339951411383448
underground_alarm-long_rides,underground_alarm+long_rides,drivers,passengers_reject,1.5286525833333338,1.2223618518518533,0.8497717390907409,0.6795059701409117,0.30629073148148045,0.17026576894982914
underground_alarm-long_rides,underground_alarm+long_rides,drivers,passengers_unassigned,18.281338111111108,19.007210138888887,2.2736203820921377,2.363895909360191,-0.725872027777779,-0.09027552726805332
underground_alarm-long_rides,underground_alarm+long_rides,drivers,rides_dispatched,0.08084730555555586,0.1937728518518531,0.08939468938656268,0.21425901313361018,-0.11292554629629725,-0.12486432374704749
underground_alarm-long_rides,underground_alarm+long_rides,drivers,rides_duration_avg,280.4076778333333,286.8076615555558,1.1998393568089194,1.22722431435428,-6.399983722222487,-0.027384957545360633
underground_alarm-long_rides,underground_alarm+long_rides,drivers,rides_in_progress,532.126037194444,309.82898444444436,0.6441127107475945,0.3750329303389498,222.2970527499997,0.26907978040864466
underground_alarm-long_rides,underground_alarm+long_rides,drivers,rides_length_avg,1128.9801933333338,1463.1664111481496,0.9758671129976302,1.2647307631380835,-334.1862178148158,-0.28886365014045334
underground_alarm-long_rides,underground_alarm+long_rides,drivers,rides_not_served,0.4152728611111112,0.29378952777777795,3.327761761682928,2.354263059487985,0.12148333333333328,0.9734987021949428
underground_alarm-long_rides,underground_alarm+long_rides,drivers,rides_offers_generated,13.478509361111108,16.017131888888883,0.4564391983628587,0.5424076686499366,-2.5386225277777754,-0.08596847028707794
underground_alarm-long_rides,underground_alarm+long_rides,drivers,rides_offers_lyft,6.087180916666661,6.737505305555551,0.5446490875709202,0.6028367100323551,-0.6503243888888903,-0.05818762246143483
underground_alarm-long_rides,underground_alarm+long_rides,drivers,rides_offers_price_lyft_avg,7.550683249999999,6.633982361111109,14.105122567570053,12.392671128744539,0.9167008888888901,1.7124514388255143
underground_alarm-long_rides,underground_alarm+long_rides,drivers,rides_offers_price_no_surge_avg,7.522206166666663,6.359826314814814,12.686049283128813,10.72571906090586,1.162379851851849,1.9603302222229537
underground_alarm-long_rides,underground_alarm+long_rides,drivers,rides_offers_price_uber_avg,7.48899602777778,6.186296814814817,11.978890671819899,9.895181267719758,1.3026992129629633,2.0837094041001407
underground_alarm-long_rides,underground_alarm+long_rides,drivers,rides_offers_radius_avg,1047.0709677222221,1415.461626546296,2.2085531695236513,2.985587756719519,-368.39065882407385,-0.7770345871958675
underground_alarm-long_rides,underground_alarm+long_rides,drivers,rides_offers_surge_lyft_avg,0.0,0.0,,,0.0,
underground_alarm-long_rides,underground_alarm+long_rides,drivers,rides_offers_surge_uber_avg,0.0,0.0,,,0.0,
underground_alarm-long_rides,underground_alarm+long_rides,drivers,rides_offers_uber,7.3910093888888895,9.279771935185181,0.3931003962027314,0.4935566757466504,-1.8887625462962916,-0.100456279543919
underground_alarm-long_rides,underground_alarm+long_rides,drivers,rides_partial_acceptances,1.046652694444444,1.2118806203703683,0.485471142152608,0.5621091619470745,-0.16522792592592417,-0.0766380197944665
underground_alarm-long_rides,underground_alarm+long_rides,drivers,rides_waiting_duration_avg,137.8858121666666,67.43661278703712,0.5979387924542969,0.29243738847002937,70.44919937962948,0.30550140398426756
underground_alarm-long_rides,underground_alarm+long_rides,drivers,traffic_duration_avg,248.81829688888888,43.082398268518546,1.6393813603590615,0.2838556551671694,205.73589862037034,1.355525705191892
underground_alarm-long_rides,underground_alarm+long_rides,drivers,traffic_length_avg,63.80649488888912,-52.56831172222155,0.8003249732101692,-0.6593644227606194,116.37480661111067,1.4596893959707886
underground_alarm-long_rides,underground_alarm+long_rides,drivers,traffic_speed_avg,-1.1173807222222232,-0.3783003703703711,-1.1477392400154935,-0.3885785488789901,-0.7390803518518521,-0.7591606911365034
underground_alarm-long_rides,underground_alarm+long_rides,bank_tellers_drivers,drivers_accept,0.0883191666666665,0.23471712037037085,0.09765649475629491,0.2595320143947064,-0.14639795370370434,-0.1618755196384115
underground_alarm-long_rides,underground_alarm+long_rides,bank_tellers_drivers,drivers_acceptance_rate,-0.24187158333333314,-0.12868665740740726,-1.1959982987302982,-0.6363253640938855,-0.11318492592592588,-0.5596729346364127
underground_alarm-long_rides,underground_alarm+long_rides,bank_tellers_drivers,drivers_busy,391.73142647222176,604.2132414629627,0.4028242163590086,0.6213229500067023,-212.481814990741,-0.21849873364769373
underground_alarm-long_rides,underground_alarm+long_rides,bank_tellers_drivers,drivers_change_provider,0.1434260833333334,0.16948125925925928,0.5325016121332827,0.6292373164244371,-0.026055175925925878,-0.09673570429115441
underground_alarm-long_rides,underground_alarm+long_rides,bank_tellers_drivers,drivers_change_zone,0.1988657222222221,0.19051578703703687,0.38233073572821086,0.36627750731377673,0.008349935185185231,0.01605322841443413
underground_alarm-long_rides,underground_alarm+long_rides,bank_tellers_drivers,drivers_demand_pressure,0.0,0.0,,,0.0,
underground_alarm-long_rides,underground_alarm+long_rides,bank_tellers_drivers,drivers_idle,-1489.4393411388874,-987.6200027870354,-0.4520187018747883,-0.29972533910915583,-501.8193383518519,-0.1522933627656325
underground_alarm-long_rides,underground_alarm+long_rides,bank_tellers_drivers,drivers_idle_duration_avg,-66.79319127777796,4.091287648147841,-0.5628482203590094,0.03447617830027144,-70.8844789259258,-0.5973243986592809
underground_alarm-long_rides,underground_alarm+long_rides,bank_tellers_drivers,drivers_occupied_distance_avg,-843.9861848611099,-782.1666956574072,-0.7590342098874927,-0.7034372013285164,-61.81948920370269,-0.05559700855897631
underground_alarm-long_rides,underground_alarm+long_rides,bank_tellers_drivers,drivers_occupied_duration_avg,-104.90096836111115,-95.06646960185196,-0.8742731516101507,-0.7923097688207207,-9.83449875925919,-0.08196338278943005
underground_alarm-long_rides,underground_alarm+long_rides,bank_tellers_drivers,drivers_passengers_served,0.26146774999999955,0.007119981481481297,0.30363028988884216,0.00826810205551301,0.25434776851851826,0.2953621878333291
underground_alarm-long_rides,underground_alarm+long_rides,bank_tellers_drivers,drivers_pickup,517.0607221666667,437.53012846296315,1.8087151247834607,1.5305114602078145,79.53059370370352,0.27820366457564627
underground_alarm-long_rides,underground_alarm+long_rides,bank_tellers_drivers,drivers_pickup_accept,0.577204,0.6642163981481481,1.589056180950729,1.8286033585459305,-0.0870123981481481,-0.2395471775952014
underground_alarm-long_rides,underground_alarm+long_rides,bank_tellers_drivers,drivers_pickup_reject,0.19295363888888897,0.1935176203703705,2.3662808443261714,2.3731972133766295,-0.0005639814814815403,-0.0069163690504581155
underground_alarm-long_rides,underground_alarm+long_rides,bank_tellers_drivers,drivers_reject,0.25875927777777763,0.23250435185185192,0.5706789451327485,0.5127751916495082,0.02625492592592571,0.05790375348324028
underground_alarm-long_rides,underground_alarm+long_rides,bank_tellers_drivers,drivers_removed,0.08716652777777778,0.06991712037037046,0.5735904148465469,0.4600824548197823,0.017249407407407324,0.11350796002676461
underground_alarm-long_rides,underground_alarm+long_rides,bank_tellers_drivers,drivers_shift_duration_avg,-706.2186112499999,-798.3769309074073,-0.7558194934151812,-0.8544505028049894,92.15831965740745,0.09863100938980818
underground_alarm-long_rides,underground_alarm+long_rides,bank_tellers_drivers,drivers_starting,-0.012027444444444535,-0.016787898148148184,-0.07726095369424714,-0.10784078259009708,0.004760453703703649,0.03057982889584994
underground_alarm-long_rides,underground_alarm+long_rides,bank_tellers_drivers,drivers_total_length_avg,-4761.3265586944435,-5747.39017230555,-0.7963877039321969,-0.9613184070659387,986.0636136111061,0.1649307031337418
underground_alarm-long_rides,underground_alarm+long_rides,bank_tellers_drivers,drivers_waiting,0.19509269444444488,0.3014031296296298,0.1815009926126469,0.2804050011207059,-0.1063104351851849,-0.09890400850805897
underground_alarm-long_rides,underground_alarm+long_rides,bank_tellers_drivers,failed_requests,0.2164421821612993,0.08651374252389368,5.008297119761528,2.0018580628581395,0.1299284396374056,3.006439056903388
underground_alarm-long_rides,underground_alarm+long_rides,bank_tellers_drivers,passengers_accept,1.2265277222222242,1.21466362037037,0.35916764635582676,0.3556934472317044,0.011864101851854159,0.00347419912412239
underground_alarm-long_rides,underground_alarm+long_rides,bank_tellers_drivers,passengers_acceptance_rate,-0.2004090277777777,-0.1875124259259262,-1.7237189154781922,-1.6127951871216173,-0.012896601851851486,-0.11092372835657494
underground_alarm-long_rides,underground_alarm+long_rides,bank_tellers_drivers,passengers_arrivals,-0.6031484444444444,-0.5535581111111108,-0.7886669103589559,-0.7238234123214287,-0.049590333333333625,-0.0648434980375272
underground_alarm-long_rides,underground_alarm+long_rides,bank_tellers_drivers,passengers_cancel,0.17959672222222223,0.049248888888888884,12.113632957117375,3.3217920470045104,0.13034783333333333,8.791840910112864
underground_alarm-long_rides,underground_alarm+long_rides,bank_tellers_drivers,passengers_change_provider,1.3368657777777777,1.0556927685185178,1.172314930829669,0.9257506740582376,0.2811730092592599,0.24656425677143134
underground_alarm-long_rides,underground_alarm+long_rides,bank_tellers_drivers,passengers_departures,-0.4303659166666667,-0.44294545370370253,-0.5824895332209761,-0.599515622818388,0.012579537037035848,0.01702608959741192
underground_alarm-long_rides,underground_alarm+long_rides,bank_tellers_drivers,passengers_drivers_ratio,0.18700227777777775,0.14854597222222227,2.6736896314188985,2.1238555510621286,0.03845630555555549,0.5498340803567698
underground_alarm-long_rides,underground_alarm+long_rides,bank_tellers_drivers,passengers_new,0.3628006666666663,0.868094055555555,0.3957525871276095,0.9469400139549817,-0.5052933888888886,-0.5511874268273722
underground_alarm-long_rides,underground_alarm+long_rides,bank_tellers_drivers,passengers_no_ratings_count,-0.16666625000000002,-0.1466444166666666,-0.8993187643329289,-0.7912824317640181,-0.020021833333333405,-0.10803633256891076
underground_alarm-long_rides,underground_alarm+long_rides,bank_tellers_drivers,passengers_offers_discarded,12.567652388888888,11.081778685185185,0.4695185517923157,0.41400736737047106,1.485873703703703,0.05551118442184466
underground_alarm-long_rides,underground_alarm+long_rides,bank_tellers_drivers,passengers_pickup_accept,0.5762734444444443,0.6647626944444441,1.4485023224622744,1.6709260440021647,-0.08848924999999985,-0.22242372153989032
underground_alarm-long_rides,underground_alarm+long_rides,bank_tellers_drivers,passengers_pickup_reject,0.19380502777777775,0.19250435185185186,3.921983209607439,3.8956617606692245,0.0013006759259258927,0.02632144893821442
underground_alarm-long_rides,underground_alarm+long_rides,bank_tellers_drivers,passengers_rating_avg,0.037696194444443165,0.018340814814812312,1.788655281056019,0.8702574825088316,0.019355379629630853,0.9183977985471874
underground_alarm-long_rides,underground_alarm+long_rides,bank_tellers_drivers,passengers_ratings_count,-0.4380139999999997,-0.41002025925925945,-0.755910794891402,-0.7076000769341753,-0.027993740740740236,-0.048310717957226745
underground_alarm-long_rides,underground_alarm+long_rides,bank_tellers_drivers,passengers_reject,3.0439444444444437,2.424084796296296,1.6921163071669074,1.3475388557943826,0.6198596481481475,0.3445774513725248
underground_alarm-long_rides,underground_alarm+long_rides,bank_tellers_drivers,passengers_unassigned,16.418749805555557,16.00990277777778,2.0419732942685336,1.9911256522707974,0.40884702777777804,0.05084764199773617
underground_alarm-long_rides,underground_alarm+long_rides,bank_tellers_drivers,rides_dispatched,0.0883191666666665,0.23471712037037085,0.09765649475629491,0.2595320143947064,-0.14639795370370434,-0.1618755196384115
underground_alarm-long_rides,underground_alarm+long_rides,bank_tellers_drivers,rides_duration_avg,173.97122244444472,172.34576288888934,0.744407290320602,0.7374520943618962,1.6254595555553806,0.006955195958705862
underground_alarm-long_rides,underground_alarm+long_rides,bank_tellers_drivers,rides_in_progress,318.5005925833334,153.91032565740716,0.3855294906169046,0.18630097033762028,164.59026692592624,0.19922852027928434
underground_alarm-long_rides,underground_alarm+long_rides,bank_tellers_drivers,rides_length_avg,1079.3099043055545,1502.94006025,0.9329331431711236,1.2991102822400131,-423.6301559444455,-0.3661771390688895
underground_alarm-long_rides,underground_alarm+long_rides,bank_tellers_drivers,rides_not_served,0.43824080555555556,0.35450543518518524,3.511813873978871,2.8408059904554652,0.08373537037037032,0.6710078835234059
underground_alarm-long_rides,underground_alarm+long_rides,bank_tellers_drivers,rides_offers_generated,14.720583500000004,13.188630138888897,0.49850106952922263,0.44662266477829865,1.531953361111107,0.05187840475092398
underground_alarm-long_rides,underground_alarm+long_rides,bank_tellers_drivers,rides_offers_lyft,6.926069444444444,6.995509842592597,0.6197084422184703,0.6259216055874776,-0.06944039814815284,-0.006213163369007235
underground_alarm-long_rides,underground_alarm+long_rides,bank_tellers_drivers,rides_offers_price_lyft_avg,7.567969083333338,6.663607009259259,14.137413525855099,12.448011722345893,0.9043620740740792,1.689401803509206
underground_alarm-long_rides,underground_alarm+long_rides,bank_tellers_drivers,rides_offers_price_no_surge_avg,7.533600500000006,6.488012037037034,12.705265596935224,10.941901701141198,1.0455884629629715,1.7633638957940256
underground_alarm-long_rides,underground_alarm+long_rides,bank_tellers_drivers,rides_offers_price_uber_avg,7.490038305555554,6.356297722222223,11.98055782873964,10.16710320176674,1.1337405833333314,1.8134546269729004
underground_alarm-long_rides,underground_alarm+long_rides,bank_tellers_drivers,rides_offers_radius_avg,904.0961806388889,1246.1083074166668,1.9069810422190627,2.628376238815683,-342.0121267777779,-0.7213951965966203
underground_alarm-long_rides,underground_alarm+long_rides,bank_tellers_drivers,rides_offers_surge_lyft_avg,0.0,0.0,,,0.0,
underground_alarm-long_rides,underground_alarm+long_rides,bank_tellers_drivers,rides_offers_surge_uber_avg,0.0,0.0,,,0.0,
underground_alarm-long_rides,underground_alarm+long_rides,bank_tellers_drivers,rides_offers_uber,7.793805694444437,6.19216012962962,0.4145236388170512,0.32933804738057454,1.6016455648148167,0.08518559143647664
underground_alarm-long_rides,underground_alarm+long_rides,bank_tellers_drivers,rides_partial_acceptances,0.879759305555555,0.7491233888888855,0.4080606271349075,0.34746749246191666,0.13063591666666952,0.06059313467299082
underground_alarm-long_rides,underground_alarm+long_rides,bank_tellers_drivers,rides_waiting_duration_avg,87.13429927777781,26.03183443518526,0.3778559727996512,0.1128864776075037,61.10246484259255,0.2649694951921475
underground_alarm-long_rides,underground_alarm+long_rides,bank_tellers_drivers,traffic_duration_avg,219.19940900000017,38.24191340740754,1.4442323165518363,0.2519633033762188,180.95749559259264,1.1922690131756175
underground_alarm-long_rides,underground_alarm+long_rides,bank_tellers_drivers,traffic_length_avg,44.56548908333298,-2.361636564814944,0.5589850048780436,-0.029622011423116115,46.92712564814792,0.5886070163011597
underground_alarm-long_rides,underground_alarm+long_rides,bank_tellers_drivers,traffic_speed_avg,-1.1211622222222215,-0.43975688888888786,-1.1516234809459125,-0.45170480160166093,-0.6814053333333336,-0.6999186793442516
underground_alarm-long_rides,underground_alarm+long_rides,students_drivers,drivers_accept,0.10089799999999993,0.23303882407407395,0.11156519450765487,0.2576762843233686,-0.13214082407407401,-0.14611108981571372
underground_alarm-long_rides,underground_alarm+long_rides,students_drivers,drivers_acceptance_rate,-0.22133775000000022,-0.19884686111111072,-1.0944633048520274,-0.9832511298733184,-0.022490888888889504,-0.11121217497870894
underground_alarm-long_rides,underground_alarm+long_rides,students_drivers,drivers_busy,609.8630602222215,348.077766398148,0.6271327565743412,0.35793440098498414,261.7852938240735,0.26919835558935706
underground_alarm-long_rides,underground_alarm+long_rides,students_drivers,drivers_change_provider,0.1073013611111111,0.07282832407407391,0.39838045108551623,0.27039154299625534,0.03447303703703719,0.1279889080892609
underground_alarm-long_rides,underground_alarm+long_rides,students_drivers,drivers_change_zone,0.1519865555555555,0.10847320370370306,0.2922028540515303,0.2085459440440387,0.043513351851852455,0.08365691000749159
underground_alarm-long_rides,underground_alarm+long_rides,students_drivers,drivers_demand_pressure,0.0,0.0,,,0.0,
underground_alarm-long_rides,underground_alarm+long_rides,students_drivers,drivers_idle,-1573.1386745833333,-663.3919015370366,-0.47741998073614456,-0.20132780025652403,-909.7467730462968,-0.27609218047962053
underground_alarm-long_rides,underground_alarm+long_rides,students_drivers,drivers_idle_duration_avg,36.74066794444434,-32.03404662037053,0.30960370618212735,-0.26994227684359434,68.77471456481487,0.5795459830257217
underground_alarm-long_rides,underground_alarm+long_rides,students_drivers,drivers_occupied_distance_avg,-417.8229402222223,-373.57750153703637,-0.37576670210144947,-0.3359748166465208,-44.245438685185945,-0.03979188545492868
underground_alarm-long_rides,underground_alarm+long_rides,students_drivers,drivers_occupied_duration_avg,-45.799082027777786,-51.77073073148131,-0.38170198436529446,-0.4314713260030502,5.971648703703522,0.04976934163775576
underground_alarm-long_rides,underground_alarm+long_rides,students_drivers,drivers_passengers_served,0.2982358333333335,0.27098053703703684,0.3463273483259049,0.3146770453135799,0.02725529629629664,0.03165030301232502
underground_alarm-long_rides,underground_alarm+long_rides,students_drivers,drivers_pickup,527.778922861111,497.9460541944445,1.8462081519568867,1.741850658804109,29.832868666666513,0.10435749315277776
underground_alarm-long_rides,underground_alarm+long_rides,students_drivers,drivers_pickup_accept,0.5754815833333334,0.7034404074074075,1.5843143273767082,1.936587978117338,-0.1279588240740741,-0.3522736507406299
underground_alarm-long_rides,underground_alarm+long_rides,students_drivers,drivers_pickup_reject,0.19958305555555556,0.18106608333333335,2.447580485824112,2.220498182962772,0.018516972222222206,0.2270823028613398
underground_alarm-long_rides,underground_alarm+long_rides,students_drivers,drivers_reject,0.2503893055555553,0.2906241018518516,0.5522194450151513,0.640955011543206,-0.04023479629629634,-0.0887355665280547
underground_alarm-long_rides,underground_alarm+long_rides,students_drivers,drivers_removed,0.08889844444444439,0.1129539351851852,0.5849871152158166,0.7432818100382992,-0.024055490740740815,-0.1582946948224826
underground_alarm-long_rides,underground_alarm+long_rides,students_drivers,drivers_shift_duration_avg,-341.38629499999934,-224.7569422499987,-0.365363376772358,-0.2405426245171603,-116.62935275000063,-0.12482075225519768
underground_alarm-long_rides,underground_alarm+long_rides,students_drivers,drivers_starting,-0.010054805555555546,-0.024151740740740724,-0.06458927081482047,-0.15514405671337175,0.014096935185185178,0.09055478589855129
underground_alarm-long_rides,underground_alarm+long_rides,students_drivers,drivers_total_length_avg,-2864.9147003055587,-1416.9311792407425,-0.4791905810307521,-0.23699835635195116,-1447.9835210648162,-0.24219222467880097
underground_alarm-long_rides,underground_alarm+long_rides,students_drivers,drivers_waiting,0.23028316666666626,0.42342609259259234,0.21423981790300017,0.39392687831032386,-0.19314292592592608,-0.17968706040732368
underground_alarm-long_rides,underground_alarm+long_rides,students_drivers,failed_requests,0.20190642856369562,0.08687538938484965,4.671951532457342,2.0102262788593386,0.11503103917884597,2.6617252535980036
underground_alarm-long_rides,underground_alarm+long_rides,students_drivers,passengers_accept,1.1607638611111124,1.134352453703702,0.3399098254500308,0.3321756969312905,0.026411407407410437,0.00773412851874028
underground_alarm-long_rides,underground_alarm+long_rides,students_drivers,passengers_acceptance_rate,-0.21993194444444453,-0.1383036203703707,-1.891635606242008,-1.189550037515613,-0.08162832407407383,-0.7020855687263952
underground_alarm-long_rides,underground_alarm+long_rides,students_drivers,passengers_arrivals,-0.5729398055555555,-0.5216930000000009,-0.7491665947764561,-0.6821571211128161,-0.05124680555555461,-0.06700947366363996
underground_alarm-long_rides,underground_alarm+long_rides,students_drivers,passengers_cancel,0.17779102777777778,0.04963366666666667,11.991840535395774,3.3477449525608165,0.1281573611111111,8.644095582834957
underground_alarm-long_rides,underground_alarm+long_rides,students_drivers,passengers_change_provider,0.9042357222222215,0.6073216203703695,0.7929360267660823,0.5325682018424744,0.29691410185185196,0.2603678249236079
underground_alarm-long_rides,underground_alarm+long_rides,students_drivers,passengers_departures,-0.4029536388888888,-0.48305912037037047,-0.5453876990167845,-0.6538084700620206,0.08010548148148167,0.10842077104523606
underground_alarm-long_rides,underground_alarm+long_rides,students_drivers,passengers_drivers_ratio,0.20381808333333334,0.14836982407407406,2.9141158202981234,2.121337049774903,0.05544825925925928,0.7927787705232205
underground_alarm-long_rides,underground_alarm+long_rides,students_drivers,passengers_new,0.35968491666666624,0.8602016203703697,0.3923538444111972,0.9383307363812341,-0.5005167037037035,-0.545976891970037
underground_alarm-long_rides,underground_alarm+long_rides,students_drivers,passengers_no_ratings_count,-0.15731980555555558,-0.1342774537037038,-0.8488860410390158,-0.7245512138335564,-0.023042351851851772,-0.12433482720545941
underground_alarm-long_rides,underground_alarm+long_rides,students_drivers,passengers_offers_discarded,10.164361138888893,9.166831490740734,0.3797333005521751,0.3424663026057249,0.9975296481481593,0.037266997946450164
underground_alarm-long_rides,underground_alarm+long_rides,students_drivers,passengers_pickup_accept,0.6333933055555557,0.7294933518518517,1.5920769609881416,1.8336309343507584,-0.09610004629629598,-0.24155397336261686
underground_alarm-long_rides,underground_alarm+long_rides,students_drivers,passengers_pickup_reject,0.14171730555555556,0.15538970370370375,2.8678971813724385,3.1445820361822454,-0.01367239814814819,-0.27668485480980687
underground_alarm-long_rides,underground_alarm+long_rides,students_drivers,passengers_rating_avg,0.02628502777777797,0.020380953703702964,1.2472042454236976,0.9670604954251643,0.005904074074075005,0.2801437499985333
underground_alarm-long_rides,underground_alarm+long_rides,students_drivers,passengers_ratings_count,-0.41460677777777777,-0.3922641111111107,-0.7155153464440933,-0.6769570745167259,-0.022342666666667066,-0.03855827192736738
underground_alarm-long_rides,underground_alarm+long_rides,students_drivers,passengers_reject,1.5660557500000003,1.1748980833333338,0.8705640069561615,0.6531210547209325,0.3911576666666665,0.21744295223522903
underground_alarm-long_rides,underground_alarm+long_rides,students_drivers,passengers_unassigned,17.476217500000004,16.959448722222223,2.1734888369974104,2.109219141921299,0.5167687777777807,0.06426969507611124
underground_alarm-long_rides,underground_alarm+long_rides,students_drivers,rides_dispatched,0.10089799999999993,0.23303882407407395,0.11156519450765487,0.2576762843233686,-0.13214082407407401,-0.14611108981571372
underground_alarm-long_rides,underground_alarm+long_rides,students_drivers,rides_duration_avg,183.00414072222225,189.17314763888908,0.7830583391801057,0.8094549676470436,-6.169006916666831,-0.02639662846693791
underground_alarm-long_rides,underground_alarm+long_rides,students_drivers,rides_in_progress,306.7038470000002,162.59876299073994,0.3712501033203497,0.19681790153767847,144.10508400926028,0.17443220178267121
underground_alarm-long_rides,underground_alarm+long_rides,students_drivers,rides_length_avg,1029.1425061666678,1467.4146668425938,0.8895694825174744,1.2684028674356556,-438.272160675926,-0.3788333849181812
underground_alarm-long_rides,underground_alarm+long_rides,students_drivers,rides_not_served,0.3947963611111112,0.34246417592592593,3.1636746755902285,2.7443141512867304,0.05233218518518529,0.41936052430349813
underground_alarm-long_rides,underground_alarm+long_rides,students_drivers,rides_offers_generated,12.083073888888904,11.097106222222223,0.40918386535504797,0.37579483995706886,0.9859676666666815,0.03338902539797911
underground_alarm-long_rides,underground_alarm+long_rides,students_drivers,rides_offers_lyft,5.1598517777777815,4.16118206481481,0.46167652994726227,0.37232079115843586,0.9986697129629718,0.08935573878882641
underground_alarm-long_rides,underground_alarm+long_rides,students_drivers,rides_offers_price_lyft_avg,7.240745583333332,6.398594583333338,13.526140688461298,11.952952848089156,0.8421509999999941,1.5731878403721424
underground_alarm-long_rides,underground_alarm+long_rides,students_drivers,rides_offers_price_no_surge_avg,7.269551833333338,6.2455989259259255,12.259952835724084,10.533076868865315,1.0239529074074127,1.7268759668587688
underground_alarm-long_rides,underground_alarm+long_rides,students_drivers,rides_offers_price_uber_avg,7.27927152777778,6.158249249999997,11.643429570307262,9.85031828324476,1.121022277777783,1.7931112870625014
underground_alarm-long_rides,underground_alarm+long_rides,students_drivers,rides_offers_radius_avg,997.8260711666665,1367.5881334907408,2.1046824905311556,2.8846097350921784,-369.76206232407435,-0.7799272445610228
underground_alarm-long_rides,underground_alarm+long_rides,students_drivers,rides_offers_surge_lyft_avg,0.0,0.0,,,0.0,
underground_alarm-long_rides,underground_alarm+long_rides,students_drivers,rides_offers_surge_uber_avg,0.0,0.0,,,0.0,
underground_alarm-long_rides,underground_alarm+long_rides,students_drivers,rides_offers_uber,6.92276855555555,6.93630082407406,0.36819640171202705,0.3689161329200736,-0.013532268518510193,-0.0007197312080465257
underground_alarm-long_rides,underground_alarm+long_rides,students_drivers,rides_partial_acceptances,0.8092454444444446,0.6098826759259284,0.37535403317790106,0.282883176847891,0.1993627685185162,0.09247085633001006
underground_alarm-long_rides,underground_alarm+long_rides,students_drivers,rides_waiting_duration_avg,123.21939263888885,84.19817919444449,0.5343381866757456,0.3651235526213731,39.021213444444356,0.16921463405437254
underground_alarm-long_rides,underground_alarm+long_rides,students_drivers,traffic_duration_avg,185.1309649444446,41.51196084259254,1.2197666206627036,0.2735085630285915,143.61900410185206,0.9462580576341121
underground_alarm-long_rides,underground_alarm+long_rides,students_drivers,traffic_length_avg,34.13167533333308,2.9939387499989607,0.4281136613809624,0.03755297880032982,31.137736583334117,0.3905606825806326
underground_alarm-long_rides,underground_alarm+long_rides,students_drivers,traffic_speed_avg,-0.8551955833333329,-0.4867021388888899,-0.878430699007888,-0.4999255239443397,-0.368493444444443,-0.37850517506354825
underground_alarm-long_rides,underground_alarm+long_rides,managers_drivers,drivers_accept,0.1340511666666666,0.20799854629629566,0.14822339871102233,0.22998868436297745,-0.07394737962962905,-0.08176528565195512
underground_alarm-long_rides,underground_alarm+long_rides,managers_drivers,drivers_acceptance_rate,-0.21068977777777742,-0.1284482777777778,-1.0418115774882741,-0.6351466326879068,-0.08224149999999963,-0.4066649448003673
underground_alarm-long_rides,underground_alarm+long_rides,managers_drivers,drivers_busy,185.79498536111169,-149.23734390740628,0.19105620413334518,-0.1534633477134716,335.03232926851797,0.34451955184681676
underground_alarm-long_rides,underground_alarm+long_rides,managers_drivers,drivers_change_provider,0.1638890277777778,0.1616200555555556,0.6084748985287288,0.6000508285259877,0.002268972222222221,0.008424070002741146
underground_alarm-long_rides,underground_alarm+long_rides,managers_drivers,drivers_change_zone,0.15182430555555548,0.25695924999999975,0.2918909191379679,0.4940188686458859,-0.10513494444444427,-0.20212794950791801
underground_alarm-long_rides,underground_alarm+long_rides,managers_drivers,drivers_demand_pressure,0.0,0.0,,,0.0,
underground_alarm-long_rides,underground_alarm+long_rides,managers_drivers,drivers_idle,-1394.9768316388881,-465.0152609722236,-0.4233509879634751,-0.14112397115541886,-929.9615706666646,-0.28222701680805623
underground_alarm-long_rides,underground_alarm+long_rides,managers_drivers,drivers_idle_duration_avg,1.829844861111269,83.9318522499999,0.015419609452800798,0.7072710970476533,-82.10200738888864,-0.6918514875948525
underground_alarm-long_rides,underground_alarm+long_rides,managers_drivers,drivers_occupied_distance_avg,-775.3125585000007,-1149.1483095370395,-0.6972729717770709,-1.0334800436532439,373.8357510370388,0.33620707187617294
underground_alarm-long_rides,underground_alarm+long_rides,managers_drivers,drivers_occupied_duration_avg,-90.46666072222217,-129.48604020370374,-0.7539737127401447,-1.0791718153516923,39.019379481481565,0.3251981026115476
underground_alarm-long_rides,underground_alarm+long_rides,managers_drivers,drivers_passengers_served,0.2693051666666668,0.05717532407407422,0.3127315159271579,0.06639503427516276,0.2121298425925926,0.24633648165199518
underground_alarm-long_rides,underground_alarm+long_rides,managers_drivers,drivers_pickup,511.10123922222226,389.7874167962965,1.787868430235985,1.3635040643881775,121.31382242592576,0.42436436584780757
underground_alarm-long_rides,underground_alarm+long_rides,managers_drivers,drivers_pickup_accept,0.5811296111111108,0.603149611111111,1.599863480623149,1.6604850582708008,-0.02202000000000015,-0.06062157764765175
underground_alarm-long_rides,underground_alarm+long_rides,managers_drivers,drivers_pickup_reject,0.1847088888888888,0.17854604629629625,2.265171613613539,2.1895937885078576,0.00616284259259256,0.07557782510568156
underground_alarm-long_rides,underground_alarm+long_rides,managers_drivers,drivers_reject,0.2632216944444443,0.21424458333333352,0.5805205525832963,0.4725043054188497,0.048977111111110805,0.10801624716444658
underground_alarm-long_rides,underground_alarm+long_rides,managers_drivers,drivers_removed,0.08673161111111116,0.09651961111111096,0.5707284902337763,0.6351374224655497,-0.009787999999999797,-0.06440893223177346
underground_alarm-long_rides,underground_alarm+long_rides,managers_drivers,drivers_shift_duration_avg,-489.2376352777783,-598.3037105000003,-0.523598975961272,-0.6403252479825292,109.06607522222203,0.11672627202125718
underground_alarm-long_rides,underground_alarm+long_rides,managers_drivers,drivers_starting,-0.00224952777777776,-0.014122694444444417,-0.014450339993304938,-0.09072025620656386,0.011873166666666657,0.07626991621325893
underground_alarm-long_rides,underground_alarm+long_rides,managers_drivers,drivers_total_length_avg,-3780.986984750005,-5501.691162666666,-0.6324144135596173,-0.9202223663443845,1720.7041779166611,0.28780795278476723
underground_alarm-long_rides,underground_alarm+long_rides,managers_drivers,drivers_waiting,0.22599069444444408,0.2591462870370371,0.2102463932834156,0.24109210477124268,-0.03315559259259304,-0.030845711487827082
underground_alarm-long_rides,underground_alarm+long_rides,managers_drivers,failed_requests,0.19354950535874818,0.06670157905978999,4.478579085370223,1.5434206167804174,0.1268479262989582,2.9351584685898056
underground_alarm-long_rides,underground_alarm+long_rides,managers_drivers,passengers_accept,1.2030605000000012,1.462791842592594,0.3522956720666571,0.4283535493682829,-0.2597313425925929,-0.07605787730162583
underground_alarm-long_rides,underground_alarm+long_rides,managers_drivers,passengers_acceptance_rate,-0.19369058333333333,-0.17944641666666694,-1.6659335457276871,-1.5434194065653426,-0.014244166666666391,-0.12251413916234455
underground_alarm-long_rides,underground_alarm+long_rides,managers_drivers,passengers_arrivals,-0.4938520277777776,-0.4698969999999991,-0.6457527272258103,-0.6144295298950683,-0.02395502777777847,-0.03132319733074207
underground_alarm-long_rides,underground_alarm+long_rides,managers_drivers,passengers_cancel,0.15180502777777777,0.04591727777777778,10.239108847819892,3.0970779561431114,0.10588774999999999,7.1420308916767805
underground_alarm-long_rides,underground_alarm+long_rides,managers_drivers,passengers_change_provider,1.0763844444444444,1.0938692777777765,0.943895472911698,0.9592281499241997,-0.017484833333332173,-0.015332677012501739
underground_alarm-long_rides,underground_alarm+long_rides,managers_drivers,passengers_departures,-0.34396758333333355,-0.4411314814814822,-0.4655515441622773,-0.5970604566630827,0.09716389814814863,0.13150891250080543
underground_alarm-long_rides,underground_alarm+long_rides,managers_drivers,passengers_drivers_ratio,0.1807481111111111,0.15113015740740746,2.584269861945805,2.160803278209637,0.029617953703703653,0.42346658373616775
underground_alarm-long_rides,underground_alarm+long_rides,managers_drivers,passengers_new,0.3625786388888885,0.8687886203703705,0.395510393340379,0.9476976636718816,-0.506209981481482,-0.5521872703315025
underground_alarm-long_rides,underground_alarm+long_rides,managers_drivers,passengers_no_ratings_count,-0.13024111111111103,-0.12212391666666661,-0.7027714075872713,-0.6589716264220512,-0.00811719444444442,-0.0437997811652201
underground_alarm-long_rides,underground_alarm+long_rides,managers_drivers,passengers_offers_discarded,11.249689666666669,12.669478092592598,0.42028040217567564,0.4733226876371667,-1.4197884259259297,-0.053042285461491034
underground_alarm-long_rides,underground_alarm+long_rides,managers_drivers,passengers_pickup_accept,0.6061252777777778,0.6430228888888888,1.523536926832733,1.6162815707218485,-0.036897611111111006,-0.09274464388911552
underground_alarm-long_rides,underground_alarm+long_rides,managers_drivers,passengers_pickup_reject,0.15967627777777768,0.13862034259259254,3.231328348896761,2.8052247270982162,0.021055935185185143,0.42610362179854455
underground_alarm-long_rides,underground_alarm+long_rides,managers_drivers,passengers_rating_avg,0.022802888888888262,-0.0043405462962962105,1.0819794474096043,-0.20595556580600197,0.027143435185184472,1.2879350132156062
underground_alarm-long_rides,underground_alarm+long_rides,managers_drivers,passengers_ratings_count,-0.3664255833333334,-0.3528054444444444,-0.6323657553549565,-0.6088605477268182,-0.013620138888889022,-0.023505207628138347
underground_alarm-long_rides,underground_alarm+long_rides,managers_drivers,passengers_reject,2.0453381111111106,2.00104487037037,1.1369951175678357,1.112372685613971,0.044293240740740814,0.0246224319538646
underground_alarm-long_rides,underground_alarm+long_rides,managers_drivers,passengers_unassigned,15.985082944444446,17.97428639814815,1.9880388498385129,2.2354328583613348,-1.989203453703702,-0.2473940085228219
underground_alarm-long_rides,underground_alarm+long_rides,managers_drivers,rides_dispatched,0.1340511666666666,0.20799854629629566,0.14822339871102233,0.22998868436297745,-0.07394737962962905,-0.08176528565195512
underground_alarm-long_rides,underground_alarm+long_rides,managers_drivers,rides_duration_avg,160.4667713611111,88.84799828703694,0.6866229527907459,0.3801726327259859,71.61877307407417,0.30645032006476003
underground_alarm-long_rides,underground_alarm+long_rides,managers_drivers,rides_in_progress,273.5094307222221,-22.805618740740556,0.3310698754121428,-0.02760509330613134,296.31504946296263,0.3586749687182741
underground_alarm-long_rides,underground_alarm+long_rides,managers_drivers,rides_length_avg,1145.2252333611104,1429.0312843518532,0.9899089893795631,1.2352250660184934,-283.80605099074273,-0.2453160766389303
underground_alarm-long_rides,underground_alarm+long_rides,managers_drivers,rides_not_served,0.40696830555555563,0.3008929351851852,3.2612137518958035,2.41118574758462,0.10607537037037046,0.8500280043111834
underground_alarm-long_rides,underground_alarm+long_rides,managers_drivers,rides_offers_generated,13.057643444444452,14.971436740740742,0.44218690261746757,0.5069960187140923,-1.9137932962962907,-0.06480911609662471
underground_alarm-long_rides,underground_alarm+long_rides,managers_drivers,rides_offers_lyft,4.817356250000003,8.046237305555557,0.4310318227741039,0.7199351993713573,-3.2288810555555543,-0.2889033765972534
underground_alarm-long_rides,underground_alarm+long_rides,managers_drivers,rides_offers_price_lyft_avg,7.20403241666666,6.537307796296293,13.457558323325395,12.212077328060412,0.666724620370367,1.245480995264984
underground_alarm-long_rides,underground_alarm+long_rides,managers_drivers,rides_offers_price_no_surge_avg,7.160947500000006,6.4800747314814835,12.076793813689658,10.928515595094389,0.6808727685185225,1.1482782185952694
underground_alarm-long_rides,underground_alarm+long_rides,managers_drivers,rides_offers_price_uber_avg,7.135471027777772,6.404178490740744,11.41341603288998,10.243690035200574,0.731292537037028,1.1697259976894063
underground_alarm-long_rides,underground_alarm+long_rides,managers_drivers,rides_offers_radius_avg,956.0992873888893,1308.906441722222,2.016669525405294,2.7608343269836864,-352.80715433333285,-0.7441648015783922
underground_alarm-long_rides,underground_alarm+long_rides,managers_drivers,rides_offers_surge_lyft_avg,0.0,0.0,,,0.0,
underground_alarm-long_rides,underground_alarm+long_rides,managers_drivers,rides_offers_surge_uber_avg,0.0,0.0,,,0.0,
underground_alarm-long_rides,underground_alarm+long_rides,managers_drivers,rides_offers_uber,8.240189805555545,6.925035749999999,0.43826515526001164,0.3683169853816571,1.3151540555555457,0.06994816987835456
underground_alarm-long_rides,underground_alarm+long_rides,managers_drivers,rides_partial_acceptances,0.8052726944444428,1.0426417870370353,0.37351134410804554,0.48361075445143586,-0.23736909259259242,-0.11009941034339032
underground_alarm-long_rides,underground_alarm+long_rides,managers_drivers,rides_waiting_duration_avg,86.24666044444461,-12.949408435185205,0.3740067465174195,-0.05615482493132068,99.19606887962982,0.4301615714487402
underground_alarm-long_rides,underground_alarm+long_rides,managers_drivers,traffic_duration_avg,126.53625863888885,-71.81834408333327,0.8337055048439689,-0.4731872860404893,198.35460272222213,1.3068927908844583
underground_alarm-long_rides,underground_alarm+long_rides,managers_drivers,traffic_length_avg,-23.022250527777942,-139.4675834074087,-0.28876812727241885,-1.7493421343484288,116.44533287963077,1.4605740070760098
underground_alarm-long_rides,underground_alarm+long_rides,managers_drivers,traffic_speed_avg,-0.6467271666666674,-0.07677387962962978,-0.6642983291238058,-0.07885977671416075,-0.5699532870370376,-0.585438552409645
underground_alarm-wildcat_strike,underground_alarm+wildcat_strike,baseline,drivers_accept,0.07248188888888896,0.22218601851851805,0.08014485948354903,0.2456760924190756,-0.1497041296296291,-0.16553123293552657
underground_alarm-wildcat_strike,underground_alarm+wildcat_strike,baseline,drivers_acceptance_rate,-0.12496094444444417,-0.2593832407407404,-0.6179025865858707,-1.282589340879897,0.1344222962962962,0.6646867542940262
underground_alarm-wildcat_strike,underground_alarm+wildcat_strike,baseline,drivers_busy,-276.5119009444443,-389.01460687037024,-0.28434198097145547,-0.40003046366737405,112.50270592592597,0.11568848269591858
underground_alarm-wildcat_strike,underground_alarm+wildcat_strike,baseline,drivers_change_provider,0.10065733333333327,0.16925340740740724,0.37371300273511726,0.6283913651468249,-0.06859607407407398,-0.25467836241170766
underground_alarm-wildcat_strike,underground_alarm+wildcat_strike,baseline,drivers_change_zone,-0.01059255555555505,0.141636203703704,-0.020364794463028687,0.27230371007466025,-0.15222875925925905,-0.29266850453768894
underground_alarm-wildcat_strike,underground_alarm+wildcat_strike,baseline,drivers_demand_pressure,0.0,0.0,,,0.0,
underground_alarm-wildcat_strike,underground_alarm+wildcat_strike,baseline,drivers_idle,-1111.2998350000007,-727.8372635370379,-0.33725999772925674,-0.22088583667230516,-383.46257146296284,-0.11637416105695159
underground_alarm-wildcat_strike,underground_alarm+wildcat_strike,baseline,drivers_idle_duration_avg,-179.37851705555545,-202.0759611666665,-1.5115744159531999,-1.702839659913586,22.697444111111054,0.19126524396038613
underground_alarm-wildcat_strike,underground_alarm+wildcat_strike,baseline,drivers_occupied_distance_avg,-577.3703812777776,-915.574873037036,-0.5192547923491635,-0.823417092381521,338.2044917592584,0.30416230003235756
underground_alarm-wildcat_strike,underground_alarm+wildcat_strike,baseline,drivers_occupied_duration_avg,-74.0738298888889,-120.6959081481483,-0.6173514098159761,-1.0059124682232168,46.62207825925941,0.38856105840724064
underground_alarm-wildcat_strike,underground_alarm+wildcat_strike,baseline,drivers_passengers_served,0.42874994444444514,0.4530465370370367,0.4978872917271522,0.5261017902731475,-0.024296592592591537,-0.028214498545995337
underground_alarm-wildcat_strike,underground_alarm+wildcat_strike,baseline,drivers_pickup,476.7336667222222,544.8607091481484,1.6676482210459211,1.9059614534380316,-68.12704242592622,-0.23831323239211044
underground_alarm-wildcat_strike,underground_alarm+wildcat_strike,baseline,drivers_pickup_accept,0.5962216111111114,0.7602803888888893,1.641412111406909,2.0930697833339917,-0.1640587777777779,-0.45165767192708284
underground_alarm-wildcat_strike,underground_alarm+wildcat_strike,baseline,drivers_pickup_reject,0.13037966666666673,0.16763644444444445,1.5989069161873701,2.055804231441625,-0.03725677777777772,-0.45689731525425503
underground_alarm-wildcat_strike,underground_alarm+wildcat_strike,baseline,drivers_reject,0.10978666666666692,0.2844008888888887,0.24212828100710837,0.6272300674966003,-0.17461422222222178,-0.3851017864894919
underground_alarm-wildcat_strike,underground_alarm+wildcat_strike,baseline,drivers_removed,0.1162131666666667,0.14217407407407417,0.7647288492310259,0.9355619434156486,-0.025960907407407474,-0.17083309418462267
underground_alarm-wildcat_strike,underground_alarm+wildcat_strike,baseline,drivers_shift_duration_avg,-506.04353455555565,-475.844635592593,-0.5415852284844581,-0.5092653261875152,-30.19889896296263,-0.032319902296942926
underground_alarm-wildcat_strike,underground_alarm+wildcat_strike,baseline,drivers_starting,-0.2550093333333334,-0.25559057407407404,-1.6381089420344788,-1.641842670688392,0.0005812407407406184,0.003733728653913193
underground_alarm-wildcat_strike,underground_alarm+wildcat_strike,baseline,drivers_total_length_avg,-2307.683517444446,-2116.42117607408,-0.385987130940182,-0.35399626137579576,-191.2623413703659,-0.03199086956438624
underground_alarm-wildcat_strike,underground_alarm+wildcat_strike,baseline,drivers_waiting,0.1176944444444441,0.3745955185185186,0.10949491754415043,0.34849822866494434,-0.2569010740740745,-0.23900331112079393
underground_alarm-wildcat_strike,underground_alarm+wildcat_strike,baseline,failed_requests,0.04918913218570159,0.0327869706804744,1.1381967534666049,0.758663996015128,0.016402161505227192,0.37953275745147685
underground_alarm-wildcat_strike,underground_alarm+wildcat_strike,baseline,passengers_accept,0.5067039444444426,1.3173057777777775,0.14837957579596436,0.3857504458832387,-0.8106018333333349,-0.23737087008727434
underground_alarm-wildcat_strike,underground_alarm+wildcat_strike,baseline,passengers_acceptance_rate,-0.10111527777777818,-0.06535351851851834,-0.8696929418900885,-0.5621058956901724,-0.03576175925925984,-0.30758704619991606
underground_alarm-wildcat_strike,underground_alarm+wildcat_strike,baseline,passengers_arrivals,-0.3650183888888887,-0.4386506851851846,-0.47729199609287887,-0.573572366468573,0.07363229629629586,0.09628037037569415
underground_alarm-wildcat_strike,underground_alarm+wildcat_strike,baseline,passengers_cancel,0.027592444444444433,-0.03772238888888889,1.861084880914908,-2.544340273093814,0.06531483333333332,4.4054251540087215
underground_alarm-wildcat_strike,underground_alarm+wildcat_strike,baseline,passengers_change_provider,0.2663242222222215,0.5573066851851838,0.23354316292821395,0.4887094568160776,-0.29098246296296226,-0.2551662938878636
underground_alarm-wildcat_strike,underground_alarm+wildcat_strike,baseline,passengers_departures,-0.4279167777777779,-0.5041762777777783,-0.5791746848258438,-0.6823900158695201,0.07625950000000037,0.1032153310436763
underground_alarm-wildcat_strike,underground_alarm+wildcat_strike,baseline,passengers_drivers_ratio,0.23793466666666677,0.15058825925925926,3.4019021521104524,2.1530554182519595,0.08734640740740751,1.248846733858493
underground_alarm-wildcat_strike,underground_alarm+wildcat_strike,baseline,passengers_new,0.7112682777777781,0.8891632222222228,0.775870297203667,0.969922819619497,-0.17789494444444465,-0.19405252241583004
underground_alarm-wildcat_strike,underground_alarm+wildcat_strike,baseline,passengers_no_ratings_count,-0.07699983333333338,-0.09217424074074082,-0.41548540851657034,-0.4973653891312065,0.015174407407407442,0.08187998061463614
underground_alarm-wildcat_strike,underground_alarm+wildcat_strike,baseline,passengers_offers_discarded,3.488980722222223,9.63001214814814,0.1303458374912862,0.35977040242920555,-6.141031425925917,-0.22942456493791935
underground_alarm-wildcat_strike,underground_alarm+wildcat_strike,baseline,passengers_pickup_accept,0.6435371666666667,0.788845851851852,1.6175742427383775,1.9828174618972843,-0.14530868518518525,-0.3652432191589068
underground_alarm-wildcat_strike,underground_alarm+wildcat_strike,baseline,passengers_pickup_reject,0.08302761111111115,0.13837031481481474,1.6802087151473373,2.800164978351634,-0.05534270370370359,-1.1199562632042968
underground_alarm-wildcat_strike,underground_alarm+wildcat_strike,baseline,passengers_rating_avg,0.012083111111111045,0.02266716666666646,0.5733342799981592,1.0755395329006883,-0.010584055555555416,-0.502205252902529
underground_alarm-wildcat_strike,underground_alarm+wildcat_strike,baseline,passengers_ratings_count,-0.2878424444444445,-0.34423285185185226,-0.4967494440439905,-0.5940662368578814,0.05639040740740775,0.09731679281389088
underground_alarm-wildcat_strike,underground_alarm+wildcat_strike,baseline,passengers_reject,0.5045180555555548,0.7975554444444448,0.2804595302729006,0.44335782010650515,-0.29303738888888997,-0.16289828983360455
underground_alarm-wildcat_strike,underground_alarm+wildcat_strike,baseline,passengers_unassigned,21.57338888888889,16.4979348148148,2.6830474000569033,2.051821405490685,5.075454074074088,0.6312259945662184
underground_alarm-wildcat_strike,underground_alarm+wildcat_strike,baseline,rides_dispatched,0.07248188888888896,0.22218601851851805,0.08014485948354903,0.2456760924190756,-0.1497041296296291,-0.16553123293552657
underground_alarm-wildcat_strike,underground_alarm+wildcat_strike,baseline,rides_duration_avg,6.842238333333171,18.736454648148197,0.029277325444274603,0.08017161251652874,-11.894216314815026,-0.05089428707225414
underground_alarm-wildcat_strike,underground_alarm+wildcat_strike,baseline,rides_in_progress,-153.9816481111111,-197.4176180370373,-0.18638730270210038,-0.23896443363981468,43.4359699259262,0.052577130937714295
underground_alarm-wildcat_strike,underground_alarm+wildcat_strike,baseline,rides_length_avg,-209.7237383333313,-237.35378733333255,-0.18128085883433334,-0.20516370134019235,27.630049000001236,0.02388284250585901
underground_alarm-wildcat_strike,underground_alarm+wildcat_strike,baseline,rides_not_served,0.23517611111111109,0.2927268148148147,1.8845682997990432,2.3457470790496497,-0.05755070370370363,-0.4611787792506066
underground_alarm-wildcat_strike,underground_alarm+wildcat_strike,baseline,rides_offers_generated,4.34980577777776,11.498283722222226,0.14730277726196148,0.38938040284056874,-7.1484779444444655,-0.24207762557860726
underground_alarm-wildcat_strike,underground_alarm+wildcat_strike,baseline,rides_offers_lyft,5.163129277777777,6.681527370370375,0.46196978349253215,0.597828097385533,-1.518398092592598,-0.13585831389300085
underground_alarm-wildcat_strike,underground_alarm+wildcat_strike,baseline,rides_offers_price_lyft_avg,0.09792983333333538,0.054371277777786275,0.18293871646495077,0.10156876031199874,0.043558555555549106,0.08136995615295203
underground_alarm-wildcat_strike,underground_alarm+wildcat_strike,baseline,rides_offers_price_no_surge_avg,0.2570981111111088,0.1816976666666683,0.43359078917670213,0.3064294573814238,0.0754004444444405,0.12716133179527833
underground_alarm-wildcat_strike,underground_alarm+wildcat_strike,baseline,rides_offers_price_uber_avg,0.2923134999999988,0.20383761111111198,0.467564870565974,0.3260448328785527,0.0884758888888868,0.14152003768742133
underground_alarm-wildcat_strike,underground_alarm+wildcat_strike,baseline,rides_offers_radius_avg,1119.7769112777776,1434.5413302222216,2.361909481591153,3.0258319630111945,-314.76441894444406,-0.6639224814200415
underground_alarm-wildcat_strike,underground_alarm+wildcat_strike,baseline,rides_offers_surge_lyft_avg,0.0,0.0,,,0.0,
underground_alarm-wildcat_strike,underground_alarm+wildcat_strike,baseline,rides_offers_surge_uber_avg,0.0,0.0,,,0.0,
underground_alarm-wildcat_strike,underground_alarm+wildcat_strike,baseline,rides_offers_uber,-0.8134813333333426,4.818014907407395,-0.04326605712578273,0.2562523559853356,-5.631496240740738,-0.2995184131111183
underground_alarm-wildcat_strike,underground_alarm+wildcat_strike,baseline,rides_partial_acceptances,0.32190688888888985,0.8103911111111106,0.14931075594147541,0.3758854301810758,-0.48848422222222077,-0.22657467423960037
underground_alarm-wildcat_strike,underground_alarm+wildcat_strike,baseline,rides_waiting_duration_avg,25.19408950000002,-40.53203464814828,0.10925361511746086,-0.17576627698240008,65.7261241481483,0.28501989209986095
underground_alarm-wildcat_strike,underground_alarm+wildcat_strike,baseline,traffic_duration_avg,40.45445133333328,38.21732203703698,0.2665409830734234,0.2518012789804439,2.2371292962963025,0.014739704092979478
underground_alarm-wildcat_strike,underground_alarm+wildcat_strike,baseline,traffic_length_avg,-72.27481066666633,-84.0717873703693,-0.9065430723204052,-1.0545125710492271,11.796976703702967,0.14796949872882192
underground_alarm-wildcat_strike,underground_alarm+wildcat_strike,baseline,traffic_speed_avg,-0.7807885555555556,-0.7474621481481467,-0.8020020799928431,-0.7677702154640231,-0.03332640740740889,-0.03423186452881999
underground_alarm-wildcat_strike,underground_alarm+wildcat_strike,bank_tellers,drivers_accept,0.15682411111111083,0.3010467592592594,0.17340395706159856,0.33287419227991083,-0.14422264814814856,-0.15947023521831227
underground_alarm-wildcat_strike,underground_alarm+wildcat_strike,bank_tellers,drivers_acceptance_rate,-0.0183805555555554,-0.06649785185185242,-0.09088753987220632,-0.32881629411764973,0.04811729629629702,0.2379287542454434
underground_alarm-wildcat_strike,underground_alarm+wildcat_strike,bank_tellers,drivers_busy,-240.10567166666578,-73.74364033333268,-0.24690482431676092,-0.07583186367316333,-166.3620313333331,-0.1710729606435976
underground_alarm-wildcat_strike,underground_alarm+wildcat_strike,bank_tellers,drivers_change_provider,0.10120322222222233,0.13016535185185152,0.3757397380863399,0.483268162206713,-0.028962129629629185,-0.10752842412037306
underground_alarm-wildcat_strike,underground_alarm+wildcat_strike,bank_tellers,drivers_change_zone,0.004046611111111709,0.011250074074074412,0.007779841523359362,0.021628911456803568,-0.007203462962962703,-0.013849069933444206
underground_alarm-wildcat_strike,underground_alarm+wildcat_strike,bank_tellers,drivers_demand_pressure,0.0,0.0,,,0.0,
underground_alarm-wildcat_strike,underground_alarm+wildcat_strike,bank_tellers,drivers_idle,-945.3717716666652,-1061.4181954074093,-0.28690374237804395,-0.32212179548545905,116.0464237407441,0.035218053107415104
underground_alarm-wildcat_strike,underground_alarm+wildcat_strike,bank_tellers,drivers_idle_duration_avg,81.9308781666665,120.81412409259269,0.6904094277630564,1.0180680611134663,-38.88324592592619,-0.3276586333504099
underground_alarm-wildcat_strike,underground_alarm+wildcat_strike,bank_tellers,drivers_occupied_distance_avg,-509.3970840000002,-556.6469443148144,-0.45812339124551155,-0.500617286328938,47.249860314814214,0.042493895083426436
underground_alarm-wildcat_strike,underground_alarm+wildcat_strike,bank_tellers,drivers_occupied_duration_avg,-47.322907666666765,-55.39108144444447,-0.3944019609682722,-0.46164431179342497,8.068173777777702,0.06724235082515279
underground_alarm-wildcat_strike,underground_alarm+wildcat_strike,bank_tellers,drivers_passengers_served,0.4996207222222222,0.563256037037037,0.5801862169342349,0.6540829368333045,-0.06363531481481477,-0.07389671989906965
underground_alarm-wildcat_strike,underground_alarm+wildcat_strike,bank_tellers,drivers_pickup,487.82829516666686,587.9490360185184,1.7064580192205572,2.056687480712892,-100.12074085185156,-0.3502294614923347
underground_alarm-wildcat_strike,underground_alarm+wildcat_strike,bank_tellers,drivers_pickup_accept,0.6577495555555549,0.9005950555555553,1.8107999888655475,2.4793593591940115,-0.24284550000000038,-0.668559370328464
underground_alarm-wildcat_strike,underground_alarm+wildcat_strike,bank_tellers,drivers_pickup_reject,0.1506104444444445,0.1964713333333334,1.84700641924438,2.4094199788250785,-0.045860888888888895,-0.5624135595806985
underground_alarm-wildcat_strike,underground_alarm+wildcat_strike,bank_tellers,drivers_reject,0.09466605555555607,0.22061635185185202,0.20878062880790163,0.4865568803371526,-0.12595029629629595,-0.277776251529251
underground_alarm-wildcat_strike,underground_alarm+wildcat_strike,bank_tellers,drivers_removed,0.10613850000000008,0.1438201296296297,0.6984335363386015,0.946393643530842,-0.03768162962962962,-0.2479601071922405
underground_alarm-wildcat_strike,underground_alarm+wildcat_strike,bank_tellers,drivers_shift_duration_avg,-362.4622393333325,-393.97731942592554,-0.38791957865589544,-0.4216481033521816,31.515080092593053,0.03372852469628618
underground_alarm-wildcat_strike,underground_alarm+wildcat_strike,bank_tellers,drivers_starting,-0.2636666111111112,-0.2803513888888889,-1.6937208835900328,-1.800899249637952,0.01668477777777766,0.10717836604791908
underground_alarm-wildcat_strike,underground_alarm+wildcat_strike,bank_tellers,drivers_total_length_avg,-3650.4872707222166,-4178.13950627777,-0.6105868059932722,-0.6988428302689944,527.6522355555535,0.08825602427572221
underground_alarm-wildcat_strike,underground_alarm+wildcat_strike,bank_tellers,drivers_waiting,0.1820184444444446,0.4093828148148133,0.1693375983890785,0.3808619664567032,-0.22736437037036872,-0.21152436806762473
underground_alarm-wildcat_strike,underground_alarm+wildcat_strike,bank_tellers,failed_requests,0.08093272576106311,0.08663152587578238,1.8727178467527827,2.0045834744028284,-0.005698800114719266,-0.1318656276500456
underground_alarm-wildcat_strike,underground_alarm+wildcat_strike,bank_tellers,passengers_accept,0.6602593333333342,0.96433437037037,0.19334564269623156,0.2823888117901018,-0.30407503703703576,-0.08904316909387022
underground_alarm-wildcat_strike,underground_alarm+wildcat_strike,bank_tellers,passengers_acceptance_rate,-0.09758533333333363,-0.10181687037037057,-0.8393318744424527,-0.8757273428161381,0.0042315370370369365,0.03639546837368535
underground_alarm-wildcat_strike,underground_alarm+wildcat_strike,bank_tellers,passengers_arrivals,-0.37123155555555565,-0.5812873148148139,-0.48541622985934235,-0.7600816595458862,0.21005575925925823,0.2746654296865439
underground_alarm-wildcat_strike,underground_alarm+wildcat_strike,bank_tellers,passengers_cancel,0.039990888888888874,0.007935722222222198,2.6973485018810783,0.5352571308661942,0.032055166666666676,2.162091371014884
underground_alarm-wildcat_strike,underground_alarm+wildcat_strike,bank_tellers,passengers_change_provider,0.5889165000000003,0.5699444074074083,0.5164285131971663,0.49979163926031567,0.018972092592592027,0.01663687393685065
underground_alarm-wildcat_strike,underground_alarm+wildcat_strike,bank_tellers,passengers_departures,-0.447092777777778,-0.5280464074074076,-0.6051289225023764,-0.7146976409100415,0.0809536296296296,0.10956871840766513
underground_alarm-wildcat_strike,underground_alarm+wildcat_strike,bank_tellers,passengers_drivers_ratio,0.20353222222222225,0.1501996296296296,2.9100286835108817,2.1474989350713765,0.053332592592592654,0.7625297484395053
underground_alarm-wildcat_strike,underground_alarm+wildcat_strike,bank_tellers,passengers_new,0.7083705000000005,0.8844781481481476,0.7727093243669493,0.9648122165912968,-0.17610764814814717,-0.1921028922243475
underground_alarm-wildcat_strike,underground_alarm+wildcat_strike,bank_tellers,passengers_no_ratings_count,-0.08912955555555552,-0.11462449999999996,-0.4809364929478243,-0.6185053284769998,0.025494944444444445,0.13756883552917548
underground_alarm-wildcat_strike,underground_alarm+wildcat_strike,bank_tellers,passengers_offers_discarded,5.693462888888888,7.7012962592592515,0.21270372282398417,0.28771494903597233,-2.0078333703703635,-0.07501122621198816
underground_alarm-wildcat_strike,underground_alarm+wildcat_strike,bank_tellers,passengers_pickup_accept,0.6450823333333334,0.876579203703704,1.621458123779288,2.203341182259448,-0.2314968703703706,-0.58188305848016
underground_alarm-wildcat_strike,underground_alarm+wildcat_strike,bank_tellers,passengers_pickup_reject,0.16327833333333333,0.22031542592592604,3.3042222339055707,4.458467415457168,-0.05703709259259271,-1.1542451815515973
underground_alarm-wildcat_strike,underground_alarm+wildcat_strike,bank_tellers,passengers_rating_avg,0.006247611111111162,0.00953062962962914,0.2964443167954991,0.4522210071881154,-0.003283018518517977,-0.15577669039261632
underground_alarm-wildcat_strike,underground_alarm+wildcat_strike,bank_tellers,passengers_ratings_count,-0.28151922222222225,-0.4638746666666669,-0.48583702586494826,-0.8005403206518161,0.18235544444444463,0.31470329478686787
underground_alarm-wildcat_strike,underground_alarm+wildcat_strike,bank_tellers,passengers_reject,1.3530922777777779,1.4491722962962958,0.752178480953607,0.8055889715507031,-0.096080018518518,-0.05341049059709613
underground_alarm-wildcat_strike,underground_alarm+wildcat_strike,bank_tellers,passengers_unassigned,20.07306461111112,15.58032457407408,2.496454502044151,1.9376997075337634,4.492740037037041,0.5587547945103877
underground_alarm-wildcat_strike,underground_alarm+wildcat_strike,bank_tellers,rides_dispatched,0.15682411111111083,0.3010467592592594,0.17340395706159856,0.33287419227991083,-0.14422264814814856,-0.15947023521831227
underground_alarm-wildcat_strike,underground_alarm+wildcat_strike,bank_tellers,rides_duration_avg,55.179016611111365,1.2033548703705037,0.23610607352690094,0.005149047789398974,53.97566174074086,0.23095702573750196
underground_alarm-wildcat_strike,underground_alarm+wildcat_strike,bank_tellers,rides_in_progress,-184.58522211111085,-196.04261729629525,-0.22343144192827666,-0.23730006205771956,11.457395185184396,0.013868620129442899
underground_alarm-wildcat_strike,underground_alarm+wildcat_strike,bank_tellers,rides_length_avg,-51.92182505555593,-224.61676520370202,-0.04488015096963999,-0.19415408302516174,172.6949401481461,0.14927393205552175
underground_alarm-wildcat_strike,underground_alarm+wildcat_strike,bank_tellers,rides_not_served,0.3419715,0.42380885185185185,2.740366125155643,3.396164362105969,-0.08183735185185187,-0.6557982369503259
underground_alarm-wildcat_strike,underground_alarm+wildcat_strike,bank_tellers,rides_offers_generated,6.728814555555559,9.243250092592561,0.22786605249773192,0.31301544922342767,-2.514435537037002,-0.08514939672569574
underground_alarm-wildcat_strike,underground_alarm+wildcat_strike,bank_tellers,rides_offers_lyft,5.767537055555557,7.5421942592592615,0.5160490279234172,0.6748360657954038,-1.774657203703704,-0.15878703787198656
underground_alarm-wildcat_strike,underground_alarm+wildcat_strike,bank_tellers,rides_offers_price_lyft_avg,0.29887544444444814,0.5253366666666679,0.5583169942039239,0.9813599415088754,-0.22646122222221976,-0.4230429473049515
underground_alarm-wildcat_strike,underground_alarm+wildcat_strike,bank_tellers,rides_offers_price_no_surge_avg,0.40746344444444205,0.7473417592592639,0.6871788970902681,1.2603768335034178,-0.3398783148148219,-0.5731979364131496
underground_alarm-wildcat_strike,underground_alarm+wildcat_strike,bank_tellers,rides_offers_price_uber_avg,0.41542427777777746,0.8001078703703648,0.6644845300307053,1.2797983426989799,-0.38468359259258733,-0.6153138126682746
underground_alarm-wildcat_strike,underground_alarm+wildcat_strike,bank_tellers,rides_offers_radius_avg,1128.6362465000002,1453.1369008148151,2.3805961928916073,3.0650550029362864,-324.50065431481494,-0.6844588100446791
underground_alarm-wildcat_strike,underground_alarm+wildcat_strike,bank_tellers,rides_offers_surge_lyft_avg,0.0,0.0,,,0.0,
underground_alarm-wildcat_strike,underground_alarm+wildcat_strike,bank_tellers,rides_offers_surge_uber_avg,0.0,0.0,,,0.0,
underground_alarm-wildcat_strike,underground_alarm+wildcat_strike,bank_tellers,rides_offers_uber,0.9608797777777838,1.7016175740740778,0.05110563408503846,0.09050273208415027,-0.740737796296294,-0.03939709799911181
underground_alarm-wildcat_strike,underground_alarm+wildcat_strike,bank_tellers,rides_partial_acceptances,0.4071014444444474,0.44108338888888987,0.1888267275816131,0.20458864504437427,-0.03398194444444247,-0.015761917462761177
underground_alarm-wildcat_strike,underground_alarm+wildcat_strike,bank_tellers,rides_waiting_duration_avg,40.99049338888892,13.153801666666595,0.17775437323045512,0.057041171685184605,27.836691722222326,0.12071320154527052
underground_alarm-wildcat_strike,underground_alarm+wildcat_strike,bank_tellers,traffic_duration_avg,51.04723972222223,50.25000149999994,0.3363333578951478,0.33108061925969023,0.7972382222222905,0.0052527386354575545
underground_alarm-wildcat_strike,underground_alarm+wildcat_strike,bank_tellers,traffic_length_avg,-33.41326833333278,-35.952272592591726,-0.4191026811660101,-0.45094941588024945,2.5390042592589452,0.03184673471423932
underground_alarm-wildcat_strike,underground_alarm+wildcat_strike,bank_tellers,traffic_speed_avg,-0.7039518888888887,-0.8955086481481489,-0.723077810358106,-0.9198390439462484,0.1915567592592602,0.19676123358814235
underground_alarm-wildcat_strike,underground_alarm+wildcat_strike,students,drivers_accept,0.073583055555555,0.2421168518518515,0.08136244430536853,0.26771406440596335,-0.1685337962962965,-0.1863516201005948
underground_alarm-wildcat_strike,underground_alarm+wildcat_strike,students,drivers_acceptance_rate,-0.14591477777777762,-0.11028133333333345,-0.7215143820401874,-0.5453153497019285,-0.03563344444444416,-0.17619903233825884
underground_alarm-wildcat_strike,underground_alarm+wildcat_strike,students,drivers_busy,-206.0403750000005,-307.91020314814796,-0.21187488924526454,-0.3166293994053379,101.86982814814746,0.10475451016007337
underground_alarm-wildcat_strike,underground_alarm+wildcat_strike,students,drivers_change_provider,0.08722255555555525,0.0691259259259257,0.32383336676477115,0.25664555665382555,0.018096629629629546,0.0671878101109456
underground_alarm-wildcat_strike,underground_alarm+wildcat_strike,students,drivers_change_zone,-0.017415888888888453,0.006550222222222457,-0.033483043421675365,0.012593177212345819,-0.02396611111111091,-0.046076220634021184
underground_alarm-wildcat_strike,underground_alarm+wildcat_strike,students,drivers_demand_pressure,0.0,0.0,,,0.0,
underground_alarm-wildcat_strike,underground_alarm+wildcat_strike,students,drivers_idle,-1152.2273383888905,-889.2580209074085,-0.34968077677130627,-0.2698742037624398,-262.969317481482,-0.07980657300886645
underground_alarm-wildcat_strike,underground_alarm+wildcat_strike,students,drivers_idle_duration_avg,55.577905166666596,-13.465471944444289,0.4683400271181166,-0.11346990277355062,69.04337711111089,0.5818099298916672
underground_alarm-wildcat_strike,underground_alarm+wildcat_strike,students,drivers_occupied_distance_avg,286.1603052777773,-565.603840907409,0.25735665478153014,-0.5086726207054395,851.7641461851863,0.7660292754869696
underground_alarm-wildcat_strike,underground_alarm+wildcat_strike,students,drivers_occupied_duration_avg,32.521651111111055,-52.53809122222219,0.2710442701977709,-0.4378667166762011,85.05974233333325,0.708910986873972
underground_alarm-wildcat_strike,underground_alarm+wildcat_strike,students,drivers_passengers_served,0.47746288888888877,0.10817572222222216,0.5544553596552447,0.12561941538590604,0.3692871666666666,0.4288359442693387
underground_alarm-wildcat_strike,underground_alarm+wildcat_strike,students,drivers_pickup,492.7658691111109,471.9585503333334,1.7237300035159993,1.6509445248166017,20.807318777777482,0.07278547869939755
underground_alarm-wildcat_strike,underground_alarm+wildcat_strike,students,drivers_pickup_accept,0.5987589444444448,0.6924839259259261,1.6483974497213796,1.9064245270331108,-0.09372498148148134,-0.25802707731173125
underground_alarm-wildcat_strike,underground_alarm+wildcat_strike,students,drivers_pickup_reject,0.11384277777777771,0.11813624074074067,1.3961073026228825,1.4487600497987647,-0.004293462962962957,-0.0526527471758822
underground_alarm-wildcat_strike,underground_alarm+wildcat_strike,students,drivers_reject,0.14226833333333277,0.19597864814814847,0.3137647588512213,0.4322198189538013,-0.053710314814815696,-0.11845506010258
underground_alarm-wildcat_strike,underground_alarm+wildcat_strike,students,drivers_removed,0.07596266666666662,0.0580701851851852,0.4998645534816333,0.3821249103268496,0.017892481481481426,0.11773964315478369
underground_alarm-wildcat_strike,underground_alarm+wildcat_strike,students,drivers_shift_duration_avg,286.64979366666694,-340.9392432777777,0.30678248687503196,-0.3648849266142379,627.5890369444446,0.6716674134892698
underground_alarm-wildcat_strike,underground_alarm+wildcat_strike,students,drivers_starting,-0.27636072222222224,-0.29801716666666667,-1.7752643182968288,-1.9143792864958384,0.021656444444444423,0.1391149681990096
underground_alarm-wildcat_strike,underground_alarm+wildcat_strike,students,drivers_total_length_avg,1604.4958289999995,-2569.6486212592536,0.26837074363084,-0.42980386666826853,4174.144450259253,0.6981746102991085
underground_alarm-wildcat_strike,underground_alarm+wildcat_strike,students,drivers_waiting,0.1462302777777773,0.37795598148148146,0.1360427187818021,0.3516245751698847,-0.23172570370370416,-0.2155818563880826
underground_alarm-wildcat_strike,underground_alarm+wildcat_strike,students,failed_requests,0.05927608767732223,0.025622295531300576,1.3716007490805397,0.5928792051055018,0.033653792146021655,0.7787215439750379
underground_alarm-wildcat_strike,underground_alarm+wildcat_strike,students,passengers_accept,0.5974074444444444,0.8616696111111146,0.17494054300525985,0.25232519457317804,-0.26426216666667024,-0.07738465156791818
underground_alarm-wildcat_strike,underground_alarm+wildcat_strike,students,passengers_acceptance_rate,-0.1211455555555554,-0.019878851851852453,-1.0419734477669078,-0.17097809083242455,-0.10126670370370294,-0.8709953569344833
underground_alarm-wildcat_strike,underground_alarm+wildcat_strike,students,passengers_arrivals,-0.4298706666666665,-0.3416359444444437,-0.5620917597594366,-0.44671749923974313,-0.08823472222222284,-0.11537426051969346
underground_alarm-wildcat_strike,underground_alarm+wildcat_strike,students,passengers_cancel,0.055258611111111106,0.008757388888888898,3.7271422575955144,0.5906777882698568,0.04650122222222221,3.1364644693256576
underground_alarm-wildcat_strike,underground_alarm+wildcat_strike,students,passengers_change_provider,0.37829622222222214,0.2791627592592594,0.3317328612635695,0.2448014424868003,0.09913346296296277,0.08693141877676919
underground_alarm-wildcat_strike,underground_alarm+wildcat_strike,students,passengers_departures,-0.46298149999999993,-0.3879633703703709,-0.6266339117040843,-0.5250987444921362,-0.07501812962962906,-0.10153516721194811
underground_alarm-wildcat_strike,underground_alarm+wildcat_strike,students,passengers_drivers_ratio,0.22957266666666662,0.13538625925925918,3.2823453586659714,1.935702826295134,0.09418640740740744,1.3466425323708375
underground_alarm-wildcat_strike,underground_alarm+wildcat_strike,students,passengers_new,0.7115096111111114,0.88594811111111,0.7761335500027985,0.9664156911684497,-0.1744384999999986,-0.19028214116565123
underground_alarm-wildcat_strike,underground_alarm+wildcat_strike,students,passengers_no_ratings_count,-0.10708316666666656,-0.09758501851851847,-0.5778128512972701,-0.5265615460327452,-0.009498148148148089,-0.05125130526452493
underground_alarm-wildcat_strike,underground_alarm+wildcat_strike,students,passengers_offers_discarded,4.629361111111109,6.137219574074109,0.17294963747837394,0.22928215686473855,-1.507858462963,-0.056332519386364605
underground_alarm-wildcat_strike,underground_alarm+wildcat_strike,students,passengers_pickup_accept,0.611676277777778,0.6843618703703702,1.5374897411945676,1.7201898997649778,-0.07268559259259222,-0.18270015857041022
underground_alarm-wildcat_strike,underground_alarm+wildcat_strike,students,passengers_pickup_reject,0.1006856111111111,0.12481531481481473,2.037549184119365,2.525855880100651,-0.024129703703703625,-0.48830669598128607
underground_alarm-wildcat_strike,underground_alarm+wildcat_strike,students,passengers_rating_avg,0.012965999999999589,0.007431722222222881,0.6152266751581955,0.352629473505908,0.005534277777776708,0.2625972016522875
underground_alarm-wildcat_strike,underground_alarm+wildcat_strike,students,passengers_ratings_count,-0.3227218888888894,-0.24084209259259337,-0.5569432930428144,-0.41563771398853927,-0.08187979629629605,-0.14130557905427515
underground_alarm-wildcat_strike,underground_alarm+wildcat_strike,students,passengers_reject,0.757953555555555,0.5485116296296288,0.421343291521463,0.3049153787484409,0.20944192592592614,0.11642791277302211
underground_alarm-wildcat_strike,underground_alarm+wildcat_strike,students,passengers_unassigned,20.526528333333328,13.962386425925935,2.5528510499947163,1.736479363145611,6.564141907407393,0.8163716868491053
underground_alarm-wildcat_strike,underground_alarm+wildcat_strike,students,rides_dispatched,0.073583055555555,0.2421168518518515,0.08136244430536853,0.26771406440596335,-0.1685337962962965,-0.1863516201005948
underground_alarm-wildcat_strike,underground_alarm+wildcat_strike,students,rides_duration_avg,-58.6365976666666,-39.22629937037027,-0.25090075340823387,-0.1678458242306528,-19.410298296296332,-0.08305492917758106
underground_alarm-wildcat_strike,underground_alarm+wildcat_strike,students,rides_in_progress,-316.732527611111,-189.25933975925955,-0.3833893338825332,-0.2290892342148099,-127.47318785185143,-0.15430009966772332
underground_alarm-wildcat_strike,underground_alarm+wildcat_strike,students,rides_length_avg,-413.3201088333344,-220.60981509259273,-0.35726534772958923,-0.1906905582796047,-192.7102937407417,-0.16657478944998452
underground_alarm-wildcat_strike,underground_alarm+wildcat_strike,students,rides_not_served,0.24603661111111114,0.2242479814814814,1.9715982022975058,1.7969964517112729,0.02178862962962974,0.17460175058623295
underground_alarm-wildcat_strike,underground_alarm+wildcat_strike,students,rides_offers_generated,5.562055666666694,7.372518648148159,0.18835467348250293,0.24966458912623912,-1.8104629814814643,-0.061309915643736196
underground_alarm-wildcat_strike,underground_alarm+wildcat_strike,students,rides_offers_lyft,4.151166555555548,4.750234092592592,0.3714246558119934,0.42502608345269777,-0.599067537037044,-0.05360142764070436
underground_alarm-wildcat_strike,underground_alarm+wildcat_strike,students,rides_offers_price_lyft_avg,0.1920423888888898,0.2752970925925915,0.35874653243423293,0.5142712394291187,-0.0832547037037017,-0.15552470699488574
underground_alarm-wildcat_strike,underground_alarm+wildcat_strike,students,rides_offers_price_no_surge_avg,0.308245722222221,0.4371487777777787,0.5198502057485571,0.7372426142111317,-0.1289030555555577,-0.21739240846257457
underground_alarm-wildcat_strike,underground_alarm+wildcat_strike,students,rides_offers_price_uber_avg,0.34797722222222305,0.5022447962962993,0.5566007894546149,0.8033567494238689,-0.1542675740740762,-0.24675595996925404
underground_alarm-wildcat_strike,underground_alarm+wildcat_strike,students,rides_offers_radius_avg,1111.7921798888892,1212.348792148148,2.3450675440717825,2.557168377317943,-100.55661225925883,-0.21210083324616047
underground_alarm-wildcat_strike,underground_alarm+wildcat_strike,students,rides_offers_surge_lyft_avg,0.0,0.0,,,0.0,
underground_alarm-wildcat_strike,underground_alarm+wildcat_strike,students,rides_offers_surge_uber_avg,0.0,0.0,,,0.0,
underground_alarm-wildcat_strike,underground_alarm+wildcat_strike,students,rides_offers_uber,1.4107496111111217,2.6218792407407534,0.07503254317391696,0.13944803938151257,-1.2111296296296317,-0.06441549620759561
underground_alarm-wildcat_strike,underground_alarm+wildcat_strike,students,rides_partial_acceptances,0.3807685000000003,0.42186429629629707,0.17661266203385037,0.19567421250950634,-0.04109579629629678,-0.01906155047565597
underground_alarm-wildcat_strike,underground_alarm+wildcat_strike,students,rides_waiting_duration_avg,12.161447333333172,-44.586994814814716,0.05273784893981789,-0.193350522579591,56.74844214814789,0.2460883715194089
underground_alarm-wildcat_strike,underground_alarm+wildcat_strike,students,traffic_duration_avg,12.457268833333274,20.80056966666666,0.08207681903500888,0.13704806528601465,-8.343300833333387,-0.05497124625100577
underground_alarm-wildcat_strike,underground_alarm+wildcat_strike,students,traffic_length_avg,-60.70463227777827,-79.03848229629693,-0.7614183052375456,-0.9913798169999677,18.33385001851866,0.22996151176242208
underground_alarm-wildcat_strike,underground_alarm+wildcat_strike,students,traffic_speed_avg,-0.6991078888888884,-0.7637190740740731,-0.7181022019839267,-0.7844688316439254,0.06461118518518472,0.06636662965999873
underground_alarm-wildcat_strike,underground_alarm+wildcat_strike,managers,drivers_accept,0.07396344444444525,0.28377977777777774,0.08178304888006367,0.3137817013728406,-0.2098163333333325,-0.23199865249277696
underground_alarm-wildcat_strike,underground_alarm+wildcat_strike,managers,drivers_acceptance_rate,-0.20138733333333336,-0.05098966666666627,-0.9958131696709516,-0.2521319526077353,-0.1503976666666671,-0.7436812170632163
underground_alarm-wildcat_strike,underground_alarm+wildcat_strike,managers,drivers_busy,-39.10609838888831,49.253461444443474,-0.04021347886286902,0.050648188193636035,-88.35955983333179,-0.09086166705650506
underground_alarm-wildcat_strike,underground_alarm+wildcat_strike,managers,drivers_change_provider,0.08460188888888875,0.08876650000000019,0.31410355198888695,0.32956560797643697,-0.004164611111111438,-0.015462055987550016
underground_alarm-wildcat_strike,underground_alarm+wildcat_strike,managers,drivers_change_zone,0.013268222222222015,0.03126544444444446,0.02550891680748729,0.060109606842934316,-0.017997222222222442,-0.034600690035447024
underground_alarm-wildcat_strike,underground_alarm+wildcat_strike,managers,drivers_demand_pressure,0.0,0.0,,,0.0,
underground_alarm-wildcat_strike,underground_alarm+wildcat_strike,managers,drivers_idle,-1295.9405433333332,-887.6826687222228,-0.39329521244988885,-0.26939611202008074,-408.2578746111103,-0.12389910042980812
underground_alarm-wildcat_strike,underground_alarm+wildcat_strike,managers,drivers_idle_duration_avg,-19.26541966666673,345.62028761111105,-0.16234449898878323,2.9124490098529456,-364.8857072777778,-3.074793508841729
underground_alarm-wildcat_strike,underground_alarm+wildcat_strike,managers,drivers_occupied_distance_avg,-312.44771000000037,1361.9661029814815,-0.2809980837897656,1.224876524537211,-1674.413812981482,-1.5058746083269767
underground_alarm-wildcat_strike,underground_alarm+wildcat_strike,managers,drivers_occupied_duration_avg,-28.303859111111137,138.34272411111095,-0.2358920465120738,1.1529858236827568,-166.6465832222221,-1.3888778701948306
underground_alarm-wildcat_strike,underground_alarm+wildcat_strike,managers,drivers_passengers_served,0.5147777222222221,0.6527433148148152,0.597787333339012,0.7580003342677117,-0.1379655925925931,-0.16021300092869972
underground_alarm-wildcat_strike,underground_alarm+wildcat_strike,managers,drivers_pickup,485.8145897222223,467.50341840740725,1.6994139345742443,1.6353601569621605,18.311171314815056,0.06405377761208375
underground_alarm-wildcat_strike,underground_alarm+wildcat_strike,managers,drivers_pickup_accept,0.6008336111111114,0.7118549629629631,1.6541090558261176,1.9597534473717246,-0.11102135185185169,-0.3056443915456071
underground_alarm-wildcat_strike,underground_alarm+wildcat_strike,managers,drivers_pickup_reject,0.1406665,0.16630194444444454,1.7250591712348085,2.039438632923053,-0.025635444444444544,-0.3143794616882447
underground_alarm-wildcat_strike,underground_alarm+wildcat_strike,managers,drivers_reject,0.1786660555555557,0.17963903703703732,0.3940378756314106,0.3961837312322385,-0.0009729814814816162,-0.0021458556008279173
underground_alarm-wildcat_strike,underground_alarm+wildcat_strike,managers,drivers_removed,0.1163983333333331,0.12229924074074056,0.765947319529851,0.8047776367866639,-0.005900907407407452,-0.03883031725681296
underground_alarm-wildcat_strike,underground_alarm+wildcat_strike,managers,drivers_shift_duration_avg,-208.4992136666665,1125.019570685185,-0.22314304316063654,1.2040347117054846,-1333.5187843518515,-1.427177754866121
underground_alarm-wildcat_strike,underground_alarm+wildcat_strike,managers,drivers_starting,-0.2767588333333333,-0.2854409999999999,-1.777821673208156,-1.8335934940548448,0.008682166666666602,0.05577182084668886
underground_alarm-wildcat_strike,underground_alarm+wildcat_strike,managers,drivers_total_length_avg,-1429.7163973888892,5737.711783296298,-0.23913683402193625,0.9596995830038157,-7167.428180685187,-1.198836417025752
underground_alarm-wildcat_strike,underground_alarm+wildcat_strike,managers,drivers_waiting,0.19517627777777724,0.40520744444444423,0.18157875286916952,0.37697748544676346,-0.210031166666667,-0.19539873257759394
underground_alarm-wildcat_strike,underground_alarm+wildcat_strike,managers,failed_requests,0.07444354167061726,0.040510190959692466,1.7225633728639433,0.9373730696968285,0.03393335071092479,0.7851903031671148
underground_alarm-wildcat_strike,underground_alarm+wildcat_strike,managers,passengers_accept,0.5046575000000004,0.8166416666666674,0.1477803095737737,0.23913953188220227,-0.31198416666666695,-0.09135922230842858
underground_alarm-wildcat_strike,underground_alarm+wildcat_strike,managers,passengers_acceptance_rate,-0.13638205555555571,-0.09054314814814846,-1.1730226502250232,-0.7787620091793771,-0.04583890740740726,-0.39426064104564607
underground_alarm-wildcat_strike,underground_alarm+wildcat_strike,managers,passengers_arrivals,-0.46924038888888897,-0.3805152777777776,-0.61357095608778,-0.49755547118388,-0.08872511111111137,-0.11601548490390001
underground_alarm-wildcat_strike,underground_alarm+wildcat_strike,managers,passengers_cancel,0.050240722222222235,-0.014269111111111114,3.388690288831932,-0.9624383590389257,0.06450983333333335,4.3511286478708575
underground_alarm-wildcat_strike,underground_alarm+wildcat_strike,managers,passengers_change_provider,0.5285919444444445,0.4454070740740743,0.46352912842048655,0.39058323723579524,0.08318487037037015,0.0729458911846913
underground_alarm-wildcat_strike,underground_alarm+wildcat_strike,managers,passengers_departures,-0.5048425555555556,-0.4405495185185182,-0.6832918062222018,-0.5962727843091138,-0.06429303703703737,-0.08701902191308797
underground_alarm-wildcat_strike,underground_alarm+wildcat_strike,managers,passengers_drivers_ratio,0.23882577777777783,0.13000527777777782,3.4146429302792143,1.8587675367101024,0.10882050000000001,1.5558753935691119
underground_alarm-wildcat_strike,underground_alarm+wildcat_strike,managers,passengers_new,0.7110551111111114,0.8875650925925922,0.7756377693513953,0.9681795374439086,-0.17650998148148078,-0.19254176809251333
underground_alarm-wildcat_strike,underground_alarm+wildcat_strike,managers,passengers_no_ratings_count,-0.14493533333333336,-0.13781227777777783,-0.7820603444399481,-0.7436248632282632,-0.007123055555555535,-0.03843548121168494
underground_alarm-wildcat_strike,underground_alarm+wildcat_strike,managers,passengers_offers_discarded,4.599759388888884,6.363450925925932,0.17184373819676863,0.2377339992140221,-1.7636915370370474,-0.06589026101725348
underground_alarm-wildcat_strike,underground_alarm+wildcat_strike,managers,passengers_pickup_accept,0.6004157777777777,0.7196975370370364,1.50918571198876,1.8090084905327033,-0.11928175925925877,-0.29982277854394335
underground_alarm-wildcat_strike,underground_alarm+wildcat_strike,managers,passengers_pickup_reject,0.14136111111111113,0.15798216666666676,2.860688964710132,3.1970450518679296,-0.016621055555555625,-0.33635608715779775
underground_alarm-wildcat_strike,underground_alarm+wildcat_strike,managers,passengers_rating_avg,0.007878388888889809,0.02119281481481483,0.373823461492758,1.0055826774458037,-0.013314425925925022,-0.6317592159530456
underground_alarm-wildcat_strike,underground_alarm+wildcat_strike,managers,passengers_ratings_count,-0.3214814444444438,-0.24048185185185122,-0.5548025730064241,-0.4150160218401452,-0.0809995925925926,-0.13978655116627892
underground_alarm-wildcat_strike,underground_alarm+wildcat_strike,managers,passengers_reject,1.118018055555555,1.0069228148148142,0.6215016791667731,0.5597442877501401,0.11109524074074084,0.061757391416633056
underground_alarm-wildcat_strike,underground_alarm+wildcat_strike,managers,passengers_unassigned,20.940259666666666,13.704586537037034,2.604306145155672,1.704417208924928,7.235673129629632,0.8998889362307441
underground_alarm-wildcat_strike,underground_alarm+wildcat_strike,managers,rides_dispatched,0.07396344444444525,0.28377977777777774,0.08178304888006367,0.3137817013728406,-0.2098163333333325,-0.23199865249277696
underground_alarm-wildcat_strike,underground_alarm+wildcat_strike,managers,rides_duration_avg,34.05452477777794,-23.86445764814846,0.14571626362559353,-0.10211387839446798,57.9189824259264,0.2478301420200615
underground_alarm-wildcat_strike,underground_alarm+wildcat_strike,managers,rides_in_progress,-92.36759238888862,-80.14342314814803,-0.11180648222461592,-0.09700971936030668,-12.224169240740594,-0.01479676286430924
underground_alarm-wildcat_strike,underground_alarm+wildcat_strike,managers,rides_length_avg,-394.9143728888903,-206.14738955555458,-0.3413558105164787,-0.1781895369692994,-188.7669833333357,-0.16316627354717927
underground_alarm-wildcat_strike,underground_alarm+wildcat_strike,managers,rides_not_served,0.31386077777777793,0.30545533333333336,2.515102701357352,2.4477462250941735,0.008405444444444576,0.06735647626317842
underground_alarm-wildcat_strike,underground_alarm+wildcat_strike,managers,rides_offers_generated,5.606222333333349,7.669274981481493,0.18985034317323685,0.2597140107103929,-2.063052648148144,-0.06986366753715606
underground_alarm-wildcat_strike,underground_alarm+wildcat_strike,managers,rides_offers_lyft,4.305351888888893,5.18821616666667,0.3852203524187587,0.46421442700327753,-0.8828642777777773,-0.07899407458451885
underground_alarm-wildcat_strike,underground_alarm+wildcat_strike,managers,rides_offers_price_lyft_avg,-0.00312011111110877,-0.5299231111111133,-0.0058285519587417955,-0.9899276907967631,0.5268030000000046,0.9840991388380214
underground_alarm-wildcat_strike,underground_alarm+wildcat_strike,managers,rides_offers_price_no_surge_avg,0.026122055555553914,-0.6130648518518527,0.04405432087501976,-1.0339215320647184,0.6391869074074066,1.077975852939738
underground_alarm-wildcat_strike,underground_alarm+wildcat_strike,managers,rides_offers_price_uber_avg,0.005936388888891031,-0.7050413888888798,0.009495445480498299,-1.1277364396084513,0.7109777777777708,1.1372318850889496
underground_alarm-wildcat_strike,underground_alarm+wildcat_strike,managers,rides_offers_radius_avg,1096.7614148888886,1304.0816333518515,2.3133636341130037,2.7506575136183926,-207.32021846296288,-0.4372938795053889
underground_alarm-wildcat_strike,underground_alarm+wildcat_strike,managers,rides_offers_surge_lyft_avg,0.0,0.0,,,0.0,
underground_alarm-wildcat_strike,underground_alarm+wildcat_strike,managers,rides_offers_surge_uber_avg,0.0,0.0,,,0.0,
underground_alarm-wildcat_strike,underground_alarm+wildcat_strike,managers,rides_offers_uber,1.3006296111111126,2.4786362592592397,0.06917566851009571,0.13182947609592205,-1.178006648148127,-0.06265380758582634
underground_alarm-wildcat_strike,underground_alarm+wildcat_strike,managers,rides_partial_acceptances,0.2536292222222212,0.3556660370370377,0.11764138080288009,0.1649693333249499,-0.10203681481481652,-0.04732795252206981
underground_alarm-wildcat_strike,underground_alarm+wildcat_strike,managers,rides_waiting_duration_avg,5.396614777777813,-12.577703925926016,0.023402301316288426,-0.0545429365004239,17.97431870370383,0.07794523781671232
underground_alarm-wildcat_strike,underground_alarm+wildcat_strike,managers,traffic_duration_avg,69.96381172222232,-2.7172162777777658,0.46096838645391414,-0.017902838229948564,72.68102800000008,0.4788712246838627
underground_alarm-wildcat_strike,underground_alarm+wildcat_strike,managers,traffic_length_avg,-24.7789495555553,-72.36465333333354,-0.3108024061462623,-0.9076699690402261,47.585703777778235,0.5968675628939638
underground_alarm-wildcat_strike,underground_alarm+wildcat_strike,managers,traffic_speed_avg,-0.8425997777777781,-0.4514413148148142,-0.8654926734914244,-0.4637066858883069,-0.39115846296296386,-0.40178598760311757
underground_alarm-wildcat_strike,underground_alarm+wildcat_strike,drivers,drivers_accept,0.1397503888888889,0.32767579629629795,0.15452515727674793,0.3623185191901445,-0.18792540740740904,-0.2077933619133966
underground_alarm-wildcat_strike,underground_alarm+wildcat_strike,drivers,drivers_acceptance_rate,-0.09894138888888881,-0.20388592592592558,-0.489241981857965,-1.0081681245142498,0.10494453703703677,0.5189261426562848
underground_alarm-wildcat_strike,underground_alarm+wildcat_strike,drivers,drivers_busy,-206.42924711111073,-227.7605317037037,-0.21227477317807164,-0.23421010289446748,21.331284592592965,0.021935329716395835
underground_alarm-wildcat_strike,underground_alarm+wildcat_strike,drivers,drivers_change_provider,0.07739905555555582,0.16987596296296337,0.2873614122553973,0.6307027427517318,-0.09247690740740755,-0.3433413304963345
underground_alarm-wildcat_strike,underground_alarm+wildcat_strike,drivers,drivers_change_zone,-0.06964805555555609,0.08961557407407383,-0.13390237404935473,0.17229107151085468,-0.15926362962962992,-0.30619344556020944
underground_alarm-wildcat_strike,underground_alarm+wildcat_strike,drivers,drivers_demand_pressure,0.0,0.0,,,0.0,
underground_alarm-wildcat_strike,underground_alarm+wildcat_strike,drivers,drivers_idle,-1159.4378071666679,-1510.8122312777787,-0.3518690275088942,-0.45850499895923824,351.3744241111108,0.10663597145034404
underground_alarm-wildcat_strike,underground_alarm+wildcat_strike,drivers,drivers_idle_duration_avg,-107.63132900000005,-106.75923081481471,-0.9069801999815512,-0.8996312636286149,-0.8720981851853367,-0.007348936352936319
underground_alarm-wildcat_strike,underground_alarm+wildcat_strike,drivers,drivers_occupied_distance_avg,219.4075951666664,217.5890823333325,0.19732298185431985,0.19568751260567685,1.818512833333898,0.0016354692486429956
underground_alarm-wildcat_strike,underground_alarm+wildcat_strike,drivers,drivers_occupied_duration_avg,19.522495888888898,26.47478127777765,0.162705781221392,0.22064801524265842,-6.952285388888754,-0.057942234021266414
underground_alarm-wildcat_strike,underground_alarm+wildcat_strike,drivers,drivers_passengers_served,0.5881664444444441,0.4209652777777775,0.6830102298641285,0.4888473218008867,0.16720116666666662,0.19416290806324182
underground_alarm-wildcat_strike,underground_alarm+wildcat_strike,drivers,drivers_pickup,507.13055822222225,531.6710532962966,1.77397870612332,1.8598231006156267,-24.54049507407433,-0.08584439449230663
underground_alarm-wildcat_strike,underground_alarm+wildcat_strike,drivers,drivers_pickup_accept,0.591768222222222,0.6788892592592592,1.6291518271052288,1.868998090115432,-0.08712103703703722,-0.23984626301020318
underground_alarm-wildcat_strike,underground_alarm+wildcat_strike,drivers,drivers_pickup_reject,0.11083294444444447,0.13315607407407415,1.359196306788375,1.6329553005662552,-0.02232312962962968,-0.27375899377788016
underground_alarm-wildcat_strike,underground_alarm+wildcat_strike,drivers,drivers_reject,0.14010111111111145,0.3090480925925929,0.30898507287332305,0.6815880805923914,-0.16894698148148146,-0.37260300771906835
underground_alarm-wildcat_strike,underground_alarm+wildcat_strike,drivers,drivers_removed,0.07206477777777781,0.08262755555555551,0.4742148945838577,0.5437221726864506,-0.010562777777777699,-0.06950727810259294
underground_alarm-wildcat_strike,underground_alarm+wildcat_strike,drivers,drivers_shift_duration_avg,-154.1251106111108,-81.7936767037022,-0.16495000438810453,-0.08753841134451884,-72.33143390740861,-0.07741159304358569
underground_alarm-wildcat_strike,underground_alarm+wildcat_strike,drivers,drivers_starting,-0.2372032222222223,-0.23543962962962955,-1.5237274429234504,-1.5123986152359723,-0.0017635925925927332,-0.011328827687478116
underground_alarm-wildcat_strike,underground_alarm+wildcat_strike,drivers,drivers_total_length_avg,-114.33287283333266,531.4225147777834,-0.019123513784922275,0.08888664769042842,-645.755387611116,-0.1080101614753507
underground_alarm-wildcat_strike,underground_alarm+wildcat_strike,drivers,drivers_waiting,0.24636122222222223,0.5014323888888885,0.229197748803102,0.4664986383556275,-0.2550711666666663,-0.23730088955252548
underground_alarm-wildcat_strike,underground_alarm+wildcat_strike,drivers,failed_requests,0.06762907236877477,0.02982384390585749,1.5648820621493469,0.6900996378913371,0.037805228462917284,0.8747824242580098
underground_alarm-wildcat_strike,underground_alarm+wildcat_strike,drivers,passengers_accept,0.4570093333333336,1.491126092592589,0.13382735966096593,0.4366507494228545,-1.0341167592592555,-0.30282338976188855
underground_alarm-wildcat_strike,underground_alarm+wildcat_strike,drivers,passengers_acceptance_rate,-0.11737533333333339,0.06911933333333353,-1.0095457501124565,0.5944956852144382,-0.18649466666666692,-1.6040414353268946
underground_alarm-wildcat_strike,underground_alarm+wildcat_strike,drivers,passengers_arrivals,-0.36305555555555524,-0.2172156296296297,-0.47472542775500387,-0.28402755752685144,-0.14583992592592554,-0.19069787022815243
underground_alarm-wildcat_strike,underground_alarm+wildcat_strike,drivers,passengers_cancel,0.06322172222222222,0.018870833333333316,4.264246743708499,1.2728202706956235,0.044350888888888905,2.9914264730128757
underground_alarm-wildcat_strike,underground_alarm+wildcat_strike,drivers,passengers_change_provider,0.3051852222222218,0.342338777777778,0.26762087759804437,0.3002013121002942,-0.03715355555555622,-0.032580434502249844
underground_alarm-wildcat_strike,underground_alarm+wildcat_strike,drivers,passengers_departures,-0.41799044444444444,-0.3121881296296296,-0.5657396402602501,-0.4225388462765716,-0.10580231481481484,-0.14320079398367852
underground_alarm-wildcat_strike,underground_alarm+wildcat_strike,drivers,passengers_drivers_ratio,0.22213705555555555,0.18122735185185185,3.1760337320521734,2.591121869390306,0.0409097037037037,0.5849118626618672
underground_alarm-wildcat_strike,underground_alarm+wildcat_strike,drivers,passengers_new,0.7126015000000003,0.8873944814814814,0.7773246113550387,0.9679934303200294,-0.17479298148148104,-0.19066881896499066
underground_alarm-wildcat_strike,underground_alarm+wildcat_strike,drivers,passengers_no_ratings_count,-0.08061138888888891,-0.025681537037037072,-0.4349730953130389,-0.1385756753650996,-0.05492985185185184,-0.29639741994793933
underground_alarm-wildcat_strike,underground_alarm+wildcat_strike,drivers,passengers_offers_discarded,3.33473172222223,10.305086148148163,0.12458320459419565,0.38499068677705095,-6.970354425925933,-0.2604074821828553
underground_alarm-wildcat_strike,underground_alarm+wildcat_strike,drivers,passengers_pickup_accept,0.602305277777778,0.7378990740740738,1.5139350981780393,1.8547592863132534,-0.13559379629629587,-0.3408241881352141
underground_alarm-wildcat_strike,underground_alarm+wildcat_strike,drivers,passengers_pickup_reject,0.10030516666666658,0.0731314074074074,2.0298502263554274,1.4799417498894243,0.02717375925925919,0.5499084764660032
underground_alarm-wildcat_strike,underground_alarm+wildcat_strike,drivers,passengers_rating_avg,0.020824666666666936,0.0071942777777787015,0.9881143324550059,0.3413629182004798,0.013630388888888234,0.6467514142545261
underground_alarm-wildcat_strike,underground_alarm+wildcat_strike,drivers,passengers_ratings_count,-0.28225905555555575,-0.19016357407407436,-0.48711380697944984,-0.32817831950057225,-0.09209548148148139,-0.1589354874788776
underground_alarm-wildcat_strike,underground_alarm+wildcat_strike,drivers,passengers_reject,0.5629163888888886,0.5456909074074083,0.31292292569559144,0.30334735076457975,0.017225481481480287,0.009575574931011688
underground_alarm-wildcat_strike,underground_alarm+wildcat_strike,drivers,passengers_unassigned,19.995999722222216,16.968959888888882,2.4868700667551944,2.110402030299565,3.0270398333333333,0.3764680364556292
underground_alarm-wildcat_strike,underground_alarm+wildcat_strike,drivers,rides_dispatched,0.1397503888888889,0.32767579629629795,0.15452515727674793,0.3623185191901445,-0.18792540740740904,-0.2077933619133966
underground_alarm-wildcat_strike,underground_alarm+wildcat_strike,drivers,rides_duration_avg,18.401757166666812,69.24620155555544,0.0787394719488768,0.2962982988834617,-50.84444438888863,-0.2175588269345849
underground_alarm-wildcat_strike,underground_alarm+wildcat_strike,drivers,rides_in_progress,-185.0071666111112,-153.22905266666658,-0.22394218524223508,-0.18547632248701212,-31.778113944444613,-0.03846586275522296
underground_alarm-wildcat_strike,underground_alarm+wildcat_strike,drivers,rides_length_avg,-186.27734577777755,-82.63341085185039,-0.1610142823713379,-0.07142661010469419,-103.64393492592717,-0.08958767226664373
underground_alarm-wildcat_strike,underground_alarm+wildcat_strike,drivers,rides_not_served,0.26775855555555583,0.22483505555555555,2.1456655755378753,1.8017009311943584,0.04292350000000028,0.3439646443435169
underground_alarm-wildcat_strike,underground_alarm+wildcat_strike,drivers,rides_offers_generated,3.9609817777777607,11.936608444444431,0.13413555601297836,0.4042239274079793,-7.97562666666667,-0.27008837139500097
underground_alarm-wildcat_strike,underground_alarm+wildcat_strike,drivers,rides_offers_lyft,3.9823338333333353,8.912139666666668,0.3563183875132031,0.7974116104327402,-4.929805833333333,-0.4410932229195371
underground_alarm-wildcat_strike,underground_alarm+wildcat_strike,drivers,rides_offers_price_lyft_avg,0.1974343888888903,-0.06923533333333864,0.3688191071094247,-0.12933569457748212,0.26666972222222896,0.49815480168690685
underground_alarm-wildcat_strike,underground_alarm+wildcat_strike,drivers,rides_offers_price_no_surge_avg,0.256298000000001,-0.11498046296296494,0.4322414178935178,-0.19391223630759846,0.37127846296296596,0.6261536542011162
underground_alarm-wildcat_strike,underground_alarm+wildcat_strike,drivers,rides_offers_price_uber_avg,0.25126627777778054,-0.2302525740740755,0.4019085148197484,-0.36829641803894764,0.48151885185185606,0.770204932858696
underground_alarm-wildcat_strike,underground_alarm+wildcat_strike,drivers,rides_offers_radius_avg,1037.2372646666668,1332.9707134074074,2.1878112554404576,2.8115923225168924,-295.73344874074064,-0.6237810670764348
underground_alarm-wildcat_strike,underground_alarm+wildcat_strike,drivers,rides_offers_surge_lyft_avg,0.0,0.0,,,0.0,
underground_alarm-wildcat_strike,underground_alarm+wildcat_strike,drivers,rides_offers_surge_uber_avg,0.0,0.0,,,0.0,
underground_alarm-wildcat_strike,underground_alarm+wildcat_strike,drivers,rides_offers_uber,-0.021777722222218188,3.024975351851843,-0.0011582763305397412,0.1608872275421666,-3.0467530740740614,-0.16204550387270636
underground_alarm-wildcat_strike,underground_alarm+wildcat_strike,drivers,rides_partial_acceptances,0.1752958333333332,0.8561631481481484,0.08130783866953835,0.39711597133094306,-0.6808673148148152,-0.31580813266140473
underground_alarm-wildcat_strike,underground_alarm+wildcat_strike,drivers,rides_waiting_duration_avg,36.18324794444436,87.09327187037036,0.1569078590683731,0.37767805834959095,-50.910023925926,-0.22077019928121785
underground_alarm-wildcat_strike,underground_alarm+wildcat_strike,drivers,traffic_duration_avg,21.838180222222263,20.096770518518497,0.1438845376249009,0.13241096576665767,1.7414097037037664,0.011473571858243214
underground_alarm-wildcat_strike,underground_alarm+wildcat_strike,drivers,traffic_length_avg,-55.3970107222226,-33.52572105555555,-0.6948447990975068,-0.42051317585087045,-21.871289666667053,-0.2743316232466364
underground_alarm-wildcat_strike,underground_alarm+wildcat_strike,drivers,traffic_speed_avg,-0.6345679999999998,-0.13584053703703702,-0.6518088056948814,-0.1395312373316373,-0.4987274629629628,-0.5122775683632441
underground_alarm-wildcat_strike,underground_alarm+wildcat_strike,bank_tellers_drivers,drivers_accept,0.199453555555555,0.31919481481481515,0.22054029535569442,0.352940906664649,-0.11974125925926016,-0.13240061130895459
underground_alarm-wildcat_strike,underground_alarm+wildcat_strike,bank_tellers_drivers,drivers_acceptance_rate,0.03253294444444421,0.16223381481481458,0.16086778641796884,0.8022081959402478,-0.12970087037037037,-0.641340409522279
underground_alarm-wildcat_strike,underground_alarm+wildcat_strike,bank_tellers_drivers,drivers_busy,-263.6777344999996,-274.05898270370335,-0.27114438514116246,-0.28181960262408223,10.381248203703763,0.010675217482919774
underground_alarm-wildcat_strike,underground_alarm+wildcat_strike,bank_tellers_drivers,drivers_change_provider,0.05468488888888878,0.1167027037037035,0.20302995672681134,0.4332850512141962,-0.06201781481481472,-0.23025509448738485
underground_alarm-wildcat_strike,underground_alarm+wildcat_strike,bank_tellers_drivers,drivers_change_zone,-0.06860216666666674,-0.023372907407407606,-0.13189159278493862,-0.044935752553654174,-0.045229259259259136,-0.08695584023128444
underground_alarm-wildcat_strike,underground_alarm+wildcat_strike,bank_tellers_drivers,drivers_demand_pressure,0.0,0.0,,,0.0,
underground_alarm-wildcat_strike,underground_alarm+wildcat_strike,bank_tellers_drivers,drivers_idle,-941.4351958333345,-888.7137284814808,-0.2857090606955706,-0.2697090205629548,-52.72146735185379,-0.0160000401326158
underground_alarm-wildcat_strike,underground_alarm+wildcat_strike,bank_tellers_drivers,drivers_idle_duration_avg,-38.78452727777767,-46.412951796296284,-0.3268267579097597,-0.39110943526432607,7.628424518518614,0.06428267735456639
underground_alarm-wildcat_strike,underground_alarm+wildcat_strike,bank_tellers_drivers,drivers_occupied_distance_avg,-662.0916844444446,-806.413407962963,-0.5954484179833702,-0.7252433451343484,144.3217235185184,0.12979492715097818
underground_alarm-wildcat_strike,underground_alarm+wildcat_strike,bank_tellers_drivers,drivers_occupied_duration_avg,-74.27329277777767,-87.08420596296298,-0.6190137876874344,-0.7257834164182226,12.810913185185314,0.10676962873078821
underground_alarm-wildcat_strike,underground_alarm+wildcat_strike,bank_tellers_drivers,drivers_passengers_served,0.24011122222222214,0.21335164814814833,0.27882995133777544,0.24775530739636017,0.02675957407407381,0.031074643941415264
underground_alarm-wildcat_strike,underground_alarm+wildcat_strike,bank_tellers_drivers,drivers_pickup,425.4072672777779,454.3853290740742,1.4881048308869604,1.5894721489037724,-28.978061796296288,-0.10136731801681198
underground_alarm-wildcat_strike,underground_alarm+wildcat_strike,bank_tellers_drivers,drivers_pickup_accept,0.5632044444444446,0.6618473703703702,1.5505150754037849,1.8220813693824423,-0.0986429259259256,-0.2715662939786574
underground_alarm-wildcat_strike,underground_alarm+wildcat_strike,bank_tellers_drivers,drivers_pickup_reject,0.13474183333333348,0.1442538703703704,1.6524022090594346,1.7690527742463535,-0.00951203703703693,-0.11665056518691896
underground_alarm-wildcat_strike,underground_alarm+wildcat_strike,bank_tellers_drivers,drivers_reject,0.07199083333333345,0.07008318518518553,0.15877170928408935,0.15456449923844834,0.0019076481481479224,0.004207210045641008
underground_alarm-wildcat_strike,underground_alarm+wildcat_strike,bank_tellers_drivers,drivers_removed,0.048999000000000126,0.0641479814814816,0.32243290462042706,0.4221192268130252,-0.015148981481481472,-0.09968632219259815
underground_alarm-wildcat_strike,underground_alarm+wildcat_strike,bank_tellers_drivers,drivers_shift_duration_avg,-499.45451900000035,-772.1892713518523,-0.5345334369853785,-0.8264235671455409,272.73475235185197,0.2918901301601624
underground_alarm-wildcat_strike,underground_alarm+wildcat_strike,bank_tellers_drivers,drivers_starting,-0.22406505555555567,-0.23466325925925946,-1.4393315189888785,-1.507411428181248,0.01059820370370379,0.06807990919236961
underground_alarm-wildcat_strike,underground_alarm+wildcat_strike,bank_tellers_drivers,drivers_total_length_avg,-3531.1325428888886,-5318.267908388883,-0.5906233280673431,-0.8895426760267118,1787.1353654999948,0.2989193479593687
underground_alarm-wildcat_strike,underground_alarm+wildcat_strike,bank_tellers_drivers,drivers_waiting,0.2705736111111112,0.33237135185185096,0.251723310969184,0.3092157317776796,-0.06179774074073974,-0.05749242080849559
underground_alarm-wildcat_strike,underground_alarm+wildcat_strike,bank_tellers_drivers,failed_requests,0.06342761620916756,0.04188418763569571,1.4676637631428997,0.9691662420178355,0.021543428573471857,0.4984975211250642
underground_alarm-wildcat_strike,underground_alarm+wildcat_strike,bank_tellers_drivers,passengers_accept,0.3309627222222229,0.5768765370370339,0.09691676740636754,0.16892841824243043,-0.245913814814811,-0.0720116508360629
underground_alarm-wildcat_strike,underground_alarm+wildcat_strike,bank_tellers_drivers,passengers_acceptance_rate,-0.11126722222222196,-0.10432614814814811,-0.9570098600040532,-0.8973096518453515,-0.00694107407407385,-0.059700208158701695
underground_alarm-wildcat_strike,underground_alarm+wildcat_strike,bank_tellers_drivers,passengers_arrivals,-0.3102962777777778,-0.3311594999999996,-0.40573827047882804,-0.43301867410365674,0.02086322222222181,0.027280403624828697
underground_alarm-wildcat_strike,underground_alarm+wildcat_strike,bank_tellers_drivers,passengers_cancel,0.038647277777777794,0.0013883888888888696,2.606723174003628,0.09364554761155186,0.037258888888888925,2.513077626392076
underground_alarm-wildcat_strike,underground_alarm+wildcat_strike,bank_tellers_drivers,passengers_change_provider,0.44393533333333224,0.42243829629629515,0.38929264870150704,0.37044161824951344,0.021497037037037092,0.0188510304519936
underground_alarm-wildcat_strike,underground_alarm+wildcat_strike,bank_tellers_drivers,passengers_departures,-0.37507388888888893,-0.33722787037036994,-0.5076531528203775,-0.4564295107813655,-0.03784601851851899,-0.051223642039011974
underground_alarm-wildcat_strike,underground_alarm+wildcat_strike,bank_tellers_drivers,passengers_drivers_ratio,0.18531888888888895,0.12702055555555564,2.6496211576475988,1.8160930786604297,0.05829833333333331,0.8335280789871691
underground_alarm-wildcat_strike,underground_alarm+wildcat_strike,bank_tellers_drivers,passengers_new,0.7135923888888889,0.8884506111111108,0.7784054992291891,0.9691454845240862,-0.17485822222222192,-0.1907399852948971
underground_alarm-wildcat_strike,underground_alarm+wildcat_strike,bank_tellers_drivers,passengers_no_ratings_count,-0.08005572222222224,-0.07403361111111106,-0.43197475905691224,-0.3994798926810257,-0.0060221111111111725,-0.032494866375886555
underground_alarm-wildcat_strike,underground_alarm+wildcat_strike,bank_tellers_drivers,passengers_offers_discarded,2.9496291111110935,4.336847851851829,0.11019604503047335,0.1620215502256671,-1.3872187407407353,-0.05182550519519376
underground_alarm-wildcat_strike,underground_alarm+wildcat_strike,bank_tellers_drivers,passengers_pickup_accept,0.5375835555555557,0.6280496111111111,1.351252667022416,1.5786452231769903,-0.09046605555555542,-0.2273925561545742
underground_alarm-wildcat_strike,underground_alarm+wildcat_strike,bank_tellers_drivers,passengers_pickup_reject,0.15987033333333328,0.17732396296296296,3.235255401973489,3.5884600795766133,-0.01745362962962968,-0.35320467760312413
underground_alarm-wildcat_strike,underground_alarm+wildcat_strike,bank_tellers_drivers,passengers_rating_avg,0.019822166666666696,0.02426409259259099,0.9405464825517005,1.1513124334004956,-0.004441925925924295,-0.21076595084879512
underground_alarm-wildcat_strike,underground_alarm+wildcat_strike,bank_tellers_drivers,passengers_ratings_count,-0.22990733333333346,-0.25609948148148187,-0.39676685012662327,-0.4419684362096714,0.02619214814814841,0.04520158608304814
underground_alarm-wildcat_strike,underground_alarm+wildcat_strike,bank_tellers_drivers,passengers_reject,1.151268222222221,1.1760337407407393,0.6399853112630717,0.6537523620438809,-0.02476551851851827,-0.013767050780809198
underground_alarm-wildcat_strike,underground_alarm+wildcat_strike,bank_tellers_drivers,passengers_unassigned,17.529194166666677,13.10329638888889,2.1800774591418386,1.6296357280468998,4.425897777777788,0.5504417310949388
underground_alarm-wildcat_strike,underground_alarm+wildcat_strike,bank_tellers_drivers,rides_dispatched,0.199453555555555,0.31919481481481515,0.22054029535569442,0.352940906664649,-0.11974125925926016,-0.13240061130895459
underground_alarm-wildcat_strike,underground_alarm+wildcat_strike,bank_tellers_drivers,rides_duration_avg,-31.382917555555196,-30.372760833332904,-0.1342846954320041,-0.1299623252271918,-1.0101567222222911,-0.004322370204812298
underground_alarm-wildcat_strike,underground_alarm+wildcat_strike,bank_tellers_drivers,rides_in_progress,-246.2745183888892,-318.1494847037043,-0.298103337442143,-0.38510449158978477,71.87496631481508,0.08700115414764176
underground_alarm-wildcat_strike,underground_alarm+wildcat_strike,bank_tellers_drivers,rides_length_avg,-349.3790116111131,-52.60506205555612,-0.3019959866578784,-0.04547072689171597,-296.773949555557,-0.2565252597661625
underground_alarm-wildcat_strike,underground_alarm+wildcat_strike,bank_tellers_drivers,rides_not_served,0.29952811111111133,0.3072598518518519,2.4002488196260363,2.4622066155663744,-0.007731740740740567,-0.06195779594033812
underground_alarm-wildcat_strike,underground_alarm+wildcat_strike,bank_tellers_drivers,rides_offers_generated,3.6673146666666554,5.383880055555551,0.12419074852797324,0.18232089549381605,-1.7165653888888954,-0.058130146965842816
underground_alarm-wildcat_strike,underground_alarm+wildcat_strike,bank_tellers_drivers,rides_offers_lyft,4.7131941111111075,6.580505314814829,0.42171193978032906,0.5887891726129477,-1.8673112037037214,-0.16707723283261866
underground_alarm-wildcat_strike,underground_alarm+wildcat_strike,bank_tellers_drivers,rides_offers_price_lyft_avg,0.31399444444444313,0.39551164814814754,0.5865601797592207,0.7388391340652865,-0.08151720370370441,-0.15227895430606575
underground_alarm-wildcat_strike,underground_alarm+wildcat_strike,bank_tellers_drivers,rides_offers_price_no_surge_avg,0.36201044444444364,0.4141638148148097,0.6105233275286122,0.6984789368459409,-0.05215337037036605,-0.08795560931732871
underground_alarm-wildcat_strike,underground_alarm+wildcat_strike,bank_tellers_drivers,rides_offers_price_uber_avg,0.34222433333333413,0.3468124444444456,0.5473988581421241,0.5547376898341572,-0.004588111111111459,-0.007338831692033088
underground_alarm-wildcat_strike,underground_alarm+wildcat_strike,bank_tellers_drivers,rides_offers_radius_avg,1008.6162772222224,1132.436443,2.1274419256778034,2.3886118253402318,-123.82016577777767,-0.2611698996624283
underground_alarm-wildcat_strike,underground_alarm+wildcat_strike,bank_tellers_drivers,rides_offers_surge_lyft_avg,0.0,0.0,,,0.0,
underground_alarm-wildcat_strike,underground_alarm+wildcat_strike,bank_tellers_drivers,rides_offers_surge_uber_avg,0.0,0.0,,,0.0,
underground_alarm-wildcat_strike,underground_alarm+wildcat_strike,bank_tellers_drivers,rides_offers_uber,-1.0458705555555454,-1.1975903148148035,-0.05562597855493488,-0.0636953902331635,0.15171975925925807,0.008069411678228625
underground_alarm-wildcat_strike,underground_alarm+wildcat_strike,bank_tellers_drivers,rides_partial_acceptances,0.06108244444444466,0.18965088888888726,0.028331999933997,0.08796617457524014,-0.1285684444444426,-0.05963417464124314
underground_alarm-wildcat_strike,underground_alarm+wildcat_strike,bank_tellers_drivers,rides_waiting_duration_avg,-21.942288500000018,-44.420598037036825,-0.09515225158564623,-0.19262894661169855,22.478309537036807,0.09747669502605232
underground_alarm-wildcat_strike,underground_alarm+wildcat_strike,bank_tellers_drivers,traffic_duration_avg,29.896782388888823,61.0816989074076,0.196979998641105,0.4024470864881163,-31.184916518518776,-0.2054670878470113
underground_alarm-wildcat_strike,underground_alarm+wildcat_strike,bank_tellers_drivers,traffic_length_avg,-27.26882683333315,7.654180462962813,-0.3420329410487706,0.09600639848081094,-34.923007296295964,-0.4380393395295815
underground_alarm-wildcat_strike,underground_alarm+wildcat_strike,bank_tellers_drivers,traffic_speed_avg,-0.6294614999999997,-0.5581945555555548,-0.6465635653640092,-0.5733603437331404,-0.07126694444444492,-0.07320322163086879
underground_alarm-wildcat_strike,underground_alarm+wildcat_strike,students_drivers,drivers_accept,0.09132422222222214,0.340737851851852,0.10097925246766554,0.37676152865242507,-0.24941362962962987,-0.27578227618475953
underground_alarm-wildcat_strike,underground_alarm+wildcat_strike,students_drivers,drivers_acceptance_rate,-0.01134083333333269,0.08645855555555637,-0.056077763191210384,0.4275172962861815,-0.09779938888888906,-0.4835950594773919
underground_alarm-wildcat_strike,underground_alarm+wildcat_strike,students_drivers,drivers_busy,99.55604277777775,-172.30885051851874,0.102375204555119,-0.17718817789760827,271.8648932962965,0.27956338245272727
underground_alarm-wildcat_strike,underground_alarm+wildcat_strike,students_drivers,drivers_change_provider,0.02567683333333326,0.024855962962962774,0.09533102227089724,0.09228335628563261,0.0008208703703704856,0.003047665985264625
underground_alarm-wildcat_strike,underground_alarm+wildcat_strike,students_drivers,drivers_change_zone,-0.10700922222222231,-0.12701779629629706,-0.20573135583520932,-0.24419898495263484,0.020008574074074748,0.03846762911742552
underground_alarm-wildcat_strike,underground_alarm+wildcat_strike,students_drivers,drivers_demand_pressure,0.0,0.0,,,0.0,
underground_alarm-wildcat_strike,underground_alarm+wildcat_strike,students_drivers,drivers_idle,-1270.087827277779,-777.8725832037044,-0.3854493668161663,-0.23607067812165405,-492.2152440740747,-0.14937868869451226
underground_alarm-wildcat_strike,underground_alarm+wildcat_strike,students_drivers,drivers_idle_duration_avg,69.59204450000004,-5.474458981481462,0.5864334020974042,-0.04613179032486764,75.0665034814815,0.6325651924222719
underground_alarm-wildcat_strike,underground_alarm+wildcat_strike,students_drivers,drivers_occupied_distance_avg,-258.122179388889,-492.3515142592587,-0.2321407245772928,-0.4427935543449525,234.2293348703697,0.2106528297676597
underground_alarm-wildcat_strike,underground_alarm+wildcat_strike,students_drivers,drivers_occupied_duration_avg,-30.790028277777765,-67.25192425925911,-0.25661245535801736,-0.5604957961073185,36.46189598148135,0.3038833407493011
underground_alarm-wildcat_strike,underground_alarm+wildcat_strike,students_drivers,drivers_passengers_served,0.3839158888888887,0.386952648148148,0.4458235963565909,0.4493500430950951,-0.0030367592592592807,-0.003526446738504163
underground_alarm-wildcat_strike,underground_alarm+wildcat_strike,students_drivers,drivers_pickup,446.3638147222222,481.2816085000002,1.5614123220597103,1.6835572443529556,-34.917793777778,-0.12214492229324536
underground_alarm-wildcat_strike,underground_alarm+wildcat_strike,students_drivers,drivers_pickup_accept,0.5605649444444443,0.682277851851852,1.543248469854239,1.878326965182104,-0.1217129074074077,-0.33507849532786493
underground_alarm-wildcat_strike,underground_alarm+wildcat_strike,students_drivers,drivers_pickup_reject,0.11240750000000002,0.12476566666666669,1.3785058190157342,1.5300598048473406,-0.01235816666666667,-0.1515539858316064
underground_alarm-wildcat_strike,underground_alarm+wildcat_strike,students_drivers,drivers_reject,0.05947199999999975,0.14340207407407402,0.13116213075104433,0.3162651599017138,-0.08393007407407427,-0.18510302915066945
underground_alarm-wildcat_strike,underground_alarm+wildcat_strike,students_drivers,drivers_removed,0.05650961111111108,0.08840751851851852,0.3718557123518083,0.581756627404846,-0.031897907407407444,-0.2099009150530377
underground_alarm-wildcat_strike,underground_alarm+wildcat_strike,students_drivers,drivers_shift_duration_avg,-187.68343261111067,-126.93435544444401,-0.200865276981968,-0.13584952123987543,-60.749077166666666,-0.06501575574209256
underground_alarm-wildcat_strike,underground_alarm+wildcat_strike,students_drivers,drivers_starting,-0.2254908888888888,-0.24321174074074076,-1.448490675254468,-1.562324492627114,0.01772085185185196,0.11383381737264608
underground_alarm-wildcat_strike,underground_alarm+wildcat_strike,students_drivers,drivers_total_length_avg,-1649.104263833331,-980.7613408518519,-0.27583202748839325,-0.16404383583398607,-668.3429229814792,-0.11178819165440718
underground_alarm-wildcat_strike,underground_alarm+wildcat_strike,students_drivers,drivers_waiting,0.1576951666666666,0.48266287037037037,0.14670887273212171,0.4490367531134684,-0.32496770370370376,-0.3023278803813467
underground_alarm-wildcat_strike,underground_alarm+wildcat_strike,students_drivers,failed_requests,0.059442527743481466,0.03713036844437542,1.3754520376585535,0.8591667089969864,0.022312159299106044,0.5162853286615671
underground_alarm-wildcat_strike,underground_alarm+wildcat_strike,students_drivers,passengers_accept,0.143176055555557,0.39783342592592597,0.041926656818836575,0.1164987082172132,-0.25465737037036895,-0.07457205139837662
underground_alarm-wildcat_strike,underground_alarm+wildcat_strike,students_drivers,passengers_acceptance_rate,-0.09573350000000014,0.004329074074074013,-0.8234042479259495,0.037234384851474456,-0.10006257407407415,-0.8606386327774239
underground_alarm-wildcat_strike,underground_alarm+wildcat_strike,students_drivers,passengers_arrivals,-0.3566661666666664,-0.18870688888888987,-0.46637076873118216,-0.2467500005915375,-0.16795927777777653,-0.21962076813964465
underground_alarm-wildcat_strike,underground_alarm+wildcat_strike,students_drivers,passengers_cancel,0.0606476111111111,0.007953666666666671,4.090625327877451,0.536467467062368,0.052693944444444425,3.554157860815083
underground_alarm-wildcat_strike,underground_alarm+wildcat_strike,students_drivers,passengers_change_provider,0.19125894444444347,0.17020609259259256,0.1677174477453142,0.14925592904035076,0.021052851851850907,0.01846151870496343
underground_alarm-wildcat_strike,underground_alarm+wildcat_strike,students_drivers,passengers_departures,-0.438898,-0.29227203703703664,-0.594037495189547,-0.3955829117367309,-0.14662596296296337,-0.19845458345281608
underground_alarm-wildcat_strike,underground_alarm+wildcat_strike,students_drivers,passengers_drivers_ratio,0.23564083333333338,0.1293875740740741,3.3691057687058366,1.849935836863942,0.10625325925925927,1.5191699318418945
underground_alarm-wildcat_strike,underground_alarm+wildcat_strike,students_drivers,passengers_new,0.709823722222223,0.88392837037037,0.7742945377002101,0.9642125044135331,-0.17410464814814697,-0.18991796671332306
underground_alarm-wildcat_strike,underground_alarm+wildcat_strike,students_drivers,passengers_no_ratings_count,-0.09975055555555551,-0.06366214814814819,-0.5382466237990317,-0.343516245234848,-0.03608840740740732,-0.19473037856418368
underground_alarm-wildcat_strike,underground_alarm+wildcat_strike,students_drivers,passengers_offers_discarded,0.8206758888888857,2.591734407407415,0.030659867325949122,0.09682535352999438,-1.7710585185185295,-0.06616548620404526
underground_alarm-wildcat_strike,underground_alarm+wildcat_strike,students_drivers,passengers_pickup_accept,0.5700746666666665,0.6851643518518515,1.4329212747945395,1.7222069913052263,-0.11508968518518503,-0.2892857165106868
underground_alarm-wildcat_strike,underground_alarm+wildcat_strike,students_drivers,passengers_pickup_reject,0.10291616666666664,0.12170964814814816,2.082688371359731,2.4630072911813268,-0.018793481481481522,-0.3803189198215957
underground_alarm-wildcat_strike,underground_alarm+wildcat_strike,students_drivers,passengers_rating_avg,0.021121611111111882,0.027943037037036156,1.0022041167572247,1.3258755028627651,-0.006821425925924274,-0.32367138610554047
underground_alarm-wildcat_strike,underground_alarm+wildcat_strike,students_drivers,passengers_ratings_count,-0.26014922222222214,-0.13319516666666664,-0.44895735150104815,-0.22986403245259934,-0.1269540555555555,-0.2190933190484488
underground_alarm-wildcat_strike,underground_alarm+wildcat_strike,students_drivers,passengers_reject,0.43319466666666884,0.28887077777777925,0.24081114915951995,0.16058208770330584,0.14432388888888958,0.08022906145621411
underground_alarm-wildcat_strike,underground_alarm+wildcat_strike,students_drivers,passengers_unassigned,20.16419422222222,13.634666499999998,2.5077881440333223,1.6957213672771319,6.529527722222223,0.8120667767561904
underground_alarm-wildcat_strike,underground_alarm+wildcat_strike,students_drivers,rides_dispatched,0.09132422222222214,0.340737851851852,0.10097925246766554,0.37676152865242507,-0.24941362962962987,-0.27578227618475953
underground_alarm-wildcat_strike,underground_alarm+wildcat_strike,students_drivers,rides_duration_avg,-42.30512805555577,-6.782606611111078,-0.1810198566177171,-0.029022166641957864,-35.52252144444469,-0.15199768997575924
underground_alarm-wildcat_strike,underground_alarm+wildcat_strike,students_drivers,rides_in_progress,-296.5346942222227,-210.06649631481605,-0.3589408380262945,-0.25427528615583117,-86.46819790740665,-0.10466555187046334
underground_alarm-wildcat_strike,underground_alarm+wildcat_strike,students_drivers,rides_length_avg,-292.69857972222326,-129.70351557407503,-0.2530025944287744,-0.11211303443261089,-162.99506414814823,-0.14088955999616348
underground_alarm-wildcat_strike,underground_alarm+wildcat_strike,students_drivers,rides_not_served,0.24322272222222224,0.2687278703703704,1.949049288744584,2.153433116058443,-0.025505148148148138,-0.20438382731385896
underground_alarm-wildcat_strike,underground_alarm+wildcat_strike,students_drivers,rides_offers_generated,1.351499777777775,3.4925374444444515,0.04576748501108856,0.11827205432627158,-2.1410376666666764,-0.07250456931518302
underground_alarm-wildcat_strike,underground_alarm+wildcat_strike,students_drivers,rides_offers_lyft,2.4265931666666702,2.2447658148148264,0.21711885554644605,0.20084989580345664,0.18182735185184384,0.01626895974298942
underground_alarm-wildcat_strike,underground_alarm+wildcat_strike,students_drivers,rides_offers_price_lyft_avg,0.06780749999999713,-0.24528527777777498,0.12666841752373414,-0.4582073956123088,0.3130927777777721,0.584875813136043
underground_alarm-wildcat_strike,underground_alarm+wildcat_strike,students_drivers,rides_offers_price_no_surge_avg,0.09758794444444518,-0.18070757407407712,0.16458010392582328,-0.3047596861539173,0.2782955185185223,0.4693397900797406
underground_alarm-wildcat_strike,underground_alarm+wildcat_strike,students_drivers,rides_offers_price_uber_avg,0.08177461111111128,-0.15622638888889284,0.13080112776094766,-0.24988914743870877,0.23800100000000413,0.3806902751996564
underground_alarm-wildcat_strike,underground_alarm+wildcat_strike,students_drivers,rides_offers_radius_avg,1090.3796909444445,1198.3421664629634,2.2999028687217264,2.5276246515295755,-107.96247551851889,-0.22772178280784905
underground_alarm-wildcat_strike,underground_alarm+wildcat_strike,students_drivers,rides_offers_surge_lyft_avg,0.0,0.0,,,0.0,
underground_alarm-wildcat_strike,underground_alarm+wildcat_strike,students_drivers,rides_offers_surge_uber_avg,0.0,0.0,,,0.0,
underground_alarm-wildcat_strike,underground_alarm+wildcat_strike,students_drivers,rides_offers_uber,-1.0746485555555552,1.2481753518518275,-0.05715657371544606,0.06638582087056438,-2.3228239074073826,-0.12354239458601043
underground_alarm-wildcat_strike,underground_alarm+wildcat_strike,students_drivers,rides_partial_acceptances,-0.00885249999999882,-0.08748846296295909,-0.004106073876001953,-0.04057995958472965,0.07863596296296027,0.0364738857087277
underground_alarm-wildcat_strike,underground_alarm+wildcat_strike,students_drivers,rides_waiting_duration_avg,7.487771833333227,18.8332679444444,0.03247055790471619,0.08167005231152888,-11.345496111111174,-0.04919949440681269
underground_alarm-wildcat_strike,underground_alarm+wildcat_strike,students_drivers,traffic_duration_avg,26.283594944444417,4.405336925925781,0.1731739031008294,0.02902530614816179,21.878258018518636,0.1441485969526676
underground_alarm-wildcat_strike,underground_alarm+wildcat_strike,students_drivers,traffic_length_avg,-29.469007999999576,-2.5286738333325047,-0.369629817140086,-0.031717160164387914,-26.94033416666707,-0.3379126569756981
underground_alarm-wildcat_strike,underground_alarm+wildcat_strike,students_drivers,traffic_speed_avg,-0.6500716111111107,-0.4444910000000011,-0.6677336399794516,-0.4565675354762994,-0.2055806111111096,-0.21116610450315215
underground_alarm-wildcat_strike,underground_alarm+wildcat_strike,managers_drivers,drivers_accept,0.07448161111111151,0.30879068518518515,0.08235599745143284,0.34143682585221935,-0.23430907407407364,-0.2590808284007865
underground_alarm-wildcat_strike,underground_alarm+wildcat_strike,managers_drivers,drivers_acceptance_rate,-0.06210972222222244,0.11194049999999955,-0.3071180214255133,0.5535195400549059,-0.174050222222222,-0.8606375614804191
underground_alarm-wildcat_strike,underground_alarm+wildcat_strike,managers_drivers,drivers_busy,-364.99866494444495,-542.2854585740738,-0.3753344542775828,-0.5576415373671257,177.28679362962885,0.18230708308954297
underground_alarm-wildcat_strike,underground_alarm+wildcat_strike,managers_drivers,drivers_change_provider,0.08725894444444449,0.15630611111111126,0.3239684687040204,0.5803216138832306,-0.06904716666666677,-0.25635314517921015
underground_alarm-wildcat_strike,underground_alarm+wildcat_strike,managers_drivers,drivers_change_zone,-0.03681483333333313,0.1056542222222221,-0.0707786246757807,0.203126290763548,-0.14246905555555522,-0.2739049154393287
underground_alarm-wildcat_strike,underground_alarm+wildcat_strike,managers_drivers,drivers_demand_pressure,0.0,0.0,,,0.0,
underground_alarm-wildcat_strike,underground_alarm+wildcat_strike,managers_drivers,drivers_idle,-1092.4194693888876,-822.6392309444454,-0.33153013809769155,-0.24965657010137232,-269.78023844444215,-0.08187356799631923
underground_alarm-wildcat_strike,underground_alarm+wildcat_strike,managers_drivers,drivers_idle_duration_avg,-223.24945438888903,-145.05412450000006,-1.8812629804785435,-1.2223320112228553,-78.19532988888898,-0.6589309692556882
underground_alarm-wildcat_strike,underground_alarm+wildcat_strike,managers_drivers,drivers_occupied_distance_avg,-1434.5787474999997,-1611.0054014259276,-1.290180296386302,-1.448848611422523,176.4266539259279,0.15866831503622092
underground_alarm-wildcat_strike,underground_alarm+wildcat_strike,managers_drivers,drivers_occupied_duration_avg,-172.08797905555554,-174.608956925926,-1.4342279404438523,-1.455238454477251,2.520977870370473,0.02101051403339871
underground_alarm-wildcat_strike,underground_alarm+wildcat_strike,managers_drivers,drivers_passengers_served,0.2659353333333332,0.15682357407407466,0.30881828581798704,0.1821118943254596,0.10911175925925853,0.12670639149252744
underground_alarm-wildcat_strike,underground_alarm+wildcat_strike,managers_drivers,drivers_pickup,462.24594450000006,409.8620905185186,1.6169691398788388,1.4337266986550528,52.38385398148148,0.18324244122378608
underground_alarm-wildcat_strike,underground_alarm+wildcat_strike,managers_drivers,drivers_pickup_accept,0.5454633888888889,0.6087561111111113,1.5016735324014043,1.6759198845687835,-0.06329272222222238,-0.17424635216737916
underground_alarm-wildcat_strike,underground_alarm+wildcat_strike,managers_drivers,drivers_pickup_reject,0.11985233333333334,0.1300506296296296,1.4698052970007645,1.594871780896332,-0.010198296296296261,-0.12506648389556752
underground_alarm-wildcat_strike,underground_alarm+wildcat_strike,managers_drivers,drivers_reject,0.1023421666666664,0.09671233333333351,0.22570985750737366,0.21329357865727283,0.00562983333333289,0.012416278850100826
underground_alarm-wildcat_strike,underground_alarm+wildcat_strike,managers_drivers,drivers_removed,0.05837083333333337,0.086839,0.38410329469543203,0.5714351518262248,-0.028468166666666628,-0.1873318571307928
underground_alarm-wildcat_strike,underground_alarm+wildcat_strike,managers_drivers,drivers_shift_duration_avg,-1045.7031395555568,-984.4823938333343,-1.1191475339379846,-1.053626982254464,-61.220745722222546,-0.06552055168352067
underground_alarm-wildcat_strike,underground_alarm+wildcat_strike,managers_drivers,drivers_starting,-0.22834233333333337,-0.23593761111111106,-1.4668075602919797,-1.5155975095945415,0.007595277777777687,0.048789949302561864
underground_alarm-wildcat_strike,underground_alarm+wildcat_strike,managers_drivers,drivers_total_length_avg,-6130.2900548888865,-6478.379960722221,-1.0253629027684275,-1.0835850216361986,348.08990583333434,0.05822211886777118
underground_alarm-wildcat_strike,underground_alarm+wildcat_strike,managers_drivers,drivers_waiting,0.13420366666666572,0.2957438148148146,0.12485397662695615,0.27513995898613774,-0.16154014814814888,-0.1502859823591816
underground_alarm-wildcat_strike,underground_alarm+wildcat_strike,managers_drivers,failed_requests,0.06815020425263324,0.02465589844187832,1.5769406326501711,0.5705175577077108,0.04349430581075492,1.0064230749424603
underground_alarm-wildcat_strike,underground_alarm+wildcat_strike,managers_drivers,passengers_accept,0.479009111111111,1.0679352592592597,0.1402696179659632,0.3127265585433319,-0.5889261481481487,-0.1724569405773687
underground_alarm-wildcat_strike,underground_alarm+wildcat_strike,managers_drivers,passengers_acceptance_rate,-0.12482483333333327,-0.05592711111111104,-1.0736189318610008,-0.4810293247725752,-0.06889772222222224,-0.5925896070884256
underground_alarm-wildcat_strike,underground_alarm+wildcat_strike,managers_drivers,passengers_arrivals,-0.35070411111111066,-0.15380938888888762,-0.45857488369210253,-0.20111860792566696,-0.19689472222222304,-0.2574562757664356
underground_alarm-wildcat_strike,underground_alarm+wildcat_strike,managers_drivers,passengers_cancel,0.07362983333333337,0.01186177777777779,4.966264220513514,0.8000659502075939,0.061768055555555576,4.16619827030592
underground_alarm-wildcat_strike,underground_alarm+wildcat_strike,managers_drivers,passengers_change_provider,0.5528982222222227,0.7387808333333319,0.48484361849528546,0.6478464898451579,-0.18588261111110915,-0.16300287134987246
underground_alarm-wildcat_strike,underground_alarm+wildcat_strike,managers_drivers,passengers_departures,-0.38081466666666675,-0.2677379814814813,-0.5154231523454401,-0.3623766795163442,-0.11307668518518543,-0.1530464728290959
underground_alarm-wildcat_strike,underground_alarm+wildcat_strike,managers_drivers,passengers_drivers_ratio,0.22475477777777775,0.14363157407407406,3.213460959392193,2.053591297976493,0.08112320370370368,1.1598696614156996
underground_alarm-wildcat_strike,underground_alarm+wildcat_strike,managers_drivers,passengers_new,0.710685444444445,0.8920707592592594,0.775234527149411,0.9730944381149883,-0.18138531481481435,-0.1978599109655773
underground_alarm-wildcat_strike,underground_alarm+wildcat_strike,managers_drivers,passengers_no_ratings_count,-0.0719076111111111,-0.0257255555555555,-0.38800815384384796,-0.13881319603699183,-0.0461820555555556,-0.24919495780685613
underground_alarm-wildcat_strike,underground_alarm+wildcat_strike,managers_drivers,passengers_offers_discarded,4.201638500000001,8.571959203703713,0.1569702250373309,0.3202422971933905,-4.370320703703712,-0.16327207215605957
underground_alarm-wildcat_strike,underground_alarm+wildcat_strike,managers_drivers,passengers_pickup_accept,0.5653428888888892,0.6255656111111114,1.4210276309583334,1.5724015209837292,-0.06022272222222225,-0.1513738900253958
underground_alarm-wildcat_strike,underground_alarm+wildcat_strike,managers_drivers,passengers_pickup_reject,0.09944505555555544,0.11267659259259255,2.012444375873351,2.2802076361539947,-0.013231537037037111,-0.2677632602806437
underground_alarm-wildcat_strike,underground_alarm+wildcat_strike,managers_drivers,passengers_rating_avg,0.019197111111111553,0.007571759259260347,0.9108880797109353,0.3592741226417686,0.011625351851851207,0.5516139570691667
underground_alarm-wildcat_strike,underground_alarm+wildcat_strike,managers_drivers,passengers_ratings_count,-0.28163916666666666,-0.13021216666666668,-0.48604402221744564,-0.22471606480507883,-0.15142699999999998,-0.2613279574123668
underground_alarm-wildcat_strike,underground_alarm+wildcat_strike,managers_drivers,passengers_reject,1.0151202777777755,1.0988640925925912,0.5643012239919759,0.6108540692422045,-0.08374381481481574,-0.046552845250228625
underground_alarm-wildcat_strike,underground_alarm+wildcat_strike,managers_drivers,passengers_unassigned,20.793388611111105,15.41771259259259,2.5860400300922706,1.917475919033074,5.375676018518515,0.6685641110591967
underground_alarm-wildcat_strike,underground_alarm+wildcat_strike,managers_drivers,rides_dispatched,0.07448161111111151,0.30879068518518515,0.08235599745143284,0.34143682585221935,-0.23430907407407364,-0.2590808284007865
underground_alarm-wildcat_strike,underground_alarm+wildcat_strike,managers_drivers,rides_duration_avg,-22.905702944444783,-30.815119296296757,-0.09801145282638818,-0.13185513749889077,7.909416351851974,0.033843684672502594
underground_alarm-wildcat_strike,underground_alarm+wildcat_strike,managers_drivers,rides_in_progress,-239.5958609999998,-332.40060501851804,-0.29001914720482136,-0.40235478023486115,92.80474401851825,0.1123356330300398
underground_alarm-wildcat_strike,underground_alarm+wildcat_strike,managers_drivers,rides_length_avg,-332.6698228888881,-154.71289559259185,-0.28755290975079234,-0.1337306249099708,-177.95692729629627,-0.15382228484082153
underground_alarm-wildcat_strike,underground_alarm+wildcat_strike,managers_drivers,rides_not_served,0.26675950000000004,0.24036524074074067,2.137659709547307,1.9261510488178308,0.026394259259259367,0.21150866072947605
underground_alarm-wildcat_strike,underground_alarm+wildcat_strike,managers_drivers,rides_offers_generated,5.062657888888893,10.25947851851852,0.1714429575615443,0.34742923161256256,-5.196820629629627,-0.17598627405101827
underground_alarm-wildcat_strike,underground_alarm+wildcat_strike,managers_drivers,rides_offers_lyft,5.628842555555551,8.134348166666662,0.5036393700029042,0.727818898043407,-2.5055056111111114,-0.2241795280405029
underground_alarm-wildcat_strike,underground_alarm+wildcat_strike,managers_drivers,rides_offers_price_lyft_avg,0.24596255555555757,-0.29151537037036235,0.4594725905293271,-0.5445679408422465,0.5374779259259199,1.0040405313715737
underground_alarm-wildcat_strike,underground_alarm+wildcat_strike,managers_drivers,rides_offers_price_no_surge_avg,0.30522933333333313,-0.18255329629629102,0.5147631266053287,-0.30787245952853315,0.48778262962962415,0.8226355861338619
underground_alarm-wildcat_strike,underground_alarm+wildcat_strike,managers_drivers,rides_offers_price_uber_avg,0.27683244444444455,-0.19321198148148255,0.4428024229299346,-0.30904879560193127,0.4700444259259271,0.7518512185318659
underground_alarm-wildcat_strike,underground_alarm+wildcat_strike,managers_drivers,rides_offers_radius_avg,977.490636888889,1209.3414801111107,2.0617896120039956,2.550825150606583,-231.85084322222178,-0.4890355386025873
underground_alarm-wildcat_strike,underground_alarm+wildcat_strike,managers_drivers,rides_offers_surge_lyft_avg,0.0,0.0,,,0.0,
underground_alarm-wildcat_strike,underground_alarm+wildcat_strike,managers_drivers,rides_offers_surge_uber_avg,0.0,0.0,,,0.0,
underground_alarm-wildcat_strike,underground_alarm+wildcat_strike,managers_drivers,rides_offers_uber,-0.5662869444444425,2.124827555555548,-0.030118703753806174,0.11301170246205516,-2.6911144999999905,-0.14313040621586134
underground_alarm-wildcat_strike,underground_alarm+wildcat_strike,managers_drivers,rides_partial_acceptances,0.3028050555555559,0.6650026481481452,0.14045071201786555,0.30844959062791116,-0.3621975925925893,-0.16799887861004562
underground_alarm-wildcat_strike,underground_alarm+wildcat_strike,managers_drivers,rides_waiting_duration_avg,0.28279166666686706,-10.805864962962914,0.001226319844122456,-0.04685939579895534,11.088656629629781,0.048085715643077794
underground_alarm-wildcat_strike,underground_alarm+wildcat_strike,managers_drivers,traffic_duration_avg,-5.221935444444171,-35.31601938888855,-0.03440560336462284,-0.23268555661755477,30.094083944444378,0.19827995325293193
underground_alarm-wildcat_strike,underground_alarm+wildcat_strike,managers_drivers,traffic_length_avg,-72.10355261111135,-93.56184435185332,-0.904394982240191,-1.1735463718040742,21.45829174074197,0.2691513895638832
underground_alarm-wildcat_strike,underground_alarm+wildcat_strike,managers_drivers,traffic_speed_avg,-0.5024591666666671,0.04599553703703663,-0.5161106600639267,0.04724520628743578,-0.5484547037037037,-0.5633558663513625
wildcat_strike-boycott_tncs,wildcat_strike+boycott_tncs,baseline,drivers_accept,-1.2859260000000003,-1.290629611111112,-1.4218773842142631,-1.4270782731169127,0.004703611111111616,0.005200888902649581
wildcat_strike-boycott_tncs,wildcat_strike+boycott_tncs,baseline,drivers_acceptance_rate,0.18915361111111162,0.17268905555555625,0.9353202801662264,0.8539069112933029,0.01646455555555537,0.0814133688729235
wildcat_strike-boycott_tncs,wildcat_strike+boycott_tncs,baseline,drivers_busy,-983.2571865,-1294.7958926111105,-1.01110040927317,-1.3314610611740627,311.5387061111105,0.3203606519008928
wildcat_strike-boycott_tncs,wildcat_strike+boycott_tncs,baseline,drivers_change_provider,-0.40129627777777765,-0.39059161111111085,-1.4899027421889357,-1.450159258124732,-0.010704666666666807,-0.039743484064203694
wildcat_strike-boycott_tncs,wildcat_strike+boycott_tncs,baseline,drivers_change_zone,-0.7727964444444441,-0.7055557777777769,-1.4857454058494015,-1.356471374758238,-0.06724066666666717,-0.12927403109116353
wildcat_strike-boycott_tncs,wildcat_strike+boycott_tncs,baseline,drivers_demand_pressure,0.0,0.0,,,0.0,
wildcat_strike-boycott_tncs,wildcat_strike+boycott_tncs,baseline,drivers_idle,1225.71537511111,1166.3391773333324,0.37198310627544345,0.3539634722423788,59.376197777777634,0.01801963403306467
wildcat_strike-boycott_tncs,wildcat_strike+boycott_tncs,baseline,drivers_idle_duration_avg,-87.63558761111108,-123.60069161111096,-0.7384814766807,-1.041549714538073,35.96510399999988,0.303068237857373
wildcat_strike-boycott_tncs,wildcat_strike+boycott_tncs,baseline,drivers_occupied_distance_avg,374.71053938888963,-175.33990788888786,0.3369938078410219,-0.15769095612399087,550.0504472777775,0.49468476396501276
wildcat_strike-boycott_tncs,wildcat_strike+boycott_tncs,baseline,drivers_occupied_duration_avg,24.58608194444446,-30.91972511111112,0.20490708220462417,-0.2576933839805433,55.50580705555558,0.4626004661851675
wildcat_strike-boycott_tncs,wildcat_strike+boycott_tncs,baseline,drivers_passengers_served,-0.5314817222222219,-0.4406761666666663,-0.6171849086128389,-0.5117366567467837,-0.09080555555555558,-0.10544825186605522
wildcat_strike-boycott_tncs,wildcat_strike+boycott_tncs,baseline,drivers_pickup,-423.107256388889,-303.91207083333325,-1.4800592294642343,-1.0631060058422461,-119.19518555555578,-0.41695322362198817
wildcat_strike-boycott_tncs,wildcat_strike+boycott_tncs,baseline,drivers_pickup_accept,-0.5646300555555555,-0.36338916666666643,-1.5544398163060356,-1.0004189184104768,-0.20124088888888902,-0.5540208978955588
wildcat_strike-boycott_tncs,wildcat_strike+boycott_tncs,baseline,drivers_pickup_reject,-0.1220377222222222,-0.10410099999999994,-1.4966057444810983,-1.276639319132236,-0.017936722222222257,-0.21996642534886224
wildcat_strike-boycott_tncs,wildcat_strike+boycott_tncs,baseline,drivers_reject,-0.6449258888888886,-0.6169820555555552,-1.42234755453286,-1.3607190113301415,-0.02794383333333339,-0.0616285432027186
wildcat_strike-boycott_tncs,wildcat_strike+boycott_tncs,baseline,drivers_removed,-0.204981,-0.16368505555555554,-1.3488564913977752,-1.0771127554793691,-0.041295944444444455,-0.27174373591840606
wildcat_strike-boycott_tncs,wildcat_strike+boycott_tncs,baseline,drivers_shift_duration_avg,240.70026094444484,90.5767037222231,0.25760571357631756,0.0969383095149174,150.12355722222173,0.16066740406140018
wildcat_strike-boycott_tncs,wildcat_strike+boycott_tncs,baseline,drivers_starting,-0.24651866666666672,-0.22333438888888904,-1.5835672638586442,-1.434637919799124,-0.02318427777777768,-0.1489293440595203
wildcat_strike-boycott_tncs,wildcat_strike+boycott_tncs,baseline,drivers_total_length_avg,2647.5920212777746,1577.642296333328,0.4428408143785804,0.2638791753758068,1069.9497249444466,0.17896163900277362
wildcat_strike-boycott_tncs,wildcat_strike+boycott_tncs,baseline,drivers_waiting,-1.4814536666666664,-1.4507404444444447,-1.3782438741508785,-1.3496703781748234,-0.030713222222221725,-0.028573495976055074
wildcat_strike-boycott_tncs,wildcat_strike+boycott_tncs,baseline,failed_requests,-0.01531650046369179,-0.02068910936798654,-0.3544114386167452,-0.4787292653559533,0.005372608904294751,0.1243178267392081
wildcat_strike-boycott_tncs,wildcat_strike+boycott_tncs,baseline,passengers_accept,-5.2925181666666665,-5.600666722222225,-1.549823341761136,-1.6400593710180311,0.3081485555555581,0.09023602925689511
wildcat_strike-boycott_tncs,wildcat_strike+boycott_tncs,baseline,passengers_acceptance_rate,0.03916955555555557,0.07805466666666616,0.3368975168965501,0.6713485258950821,-0.03888511111111059,-0.334451008998532
wildcat_strike-boycott_tncs,wildcat_strike+boycott_tncs,baseline,passengers_arrivals,-0.4120836111111106,-0.4360184444444437,-0.5388337006885813,-0.5701304920984364,0.023934833333333128,0.031296791409855085
wildcat_strike-boycott_tncs,wildcat_strike+boycott_tncs,baseline,passengers_cancel,-0.03511116666666668,-0.06413900000000003,-2.3682157471109315,-4.326116282206935,0.02902783333333335,1.9579005350960035
wildcat_strike-boycott_tncs,wildcat_strike+boycott_tncs,baseline,passengers_change_provider,-1.586286944444445,-1.6864526666666677,-1.3910355852205198,-1.478872205523301,0.10016572222222275,0.08783662030278117
wildcat_strike-boycott_tncs,wildcat_strike+boycott_tncs,baseline,passengers_departures,-0.8629449444444444,-0.9904171111111111,-1.1679744571273063,-1.3405048550627061,0.12747216666666672,0.17253039793539982
wildcat_strike-boycott_tncs,wildcat_strike+boycott_tncs,baseline,passengers_drivers_ratio,-0.10425977777777777,-0.07258694444444444,-1.4906678684937864,-1.0378213733210124,-0.03167283333333333,-0.452846495172774
wildcat_strike-boycott_tncs,wildcat_strike+boycott_tncs,baseline,passengers_new,-1.5383062777777776,-1.512861777777777,-1.6780252771270152,-1.650269741847306,-0.025444500000000536,-0.027755535279709198
wildcat_strike-boycott_tncs,wildcat_strike+boycott_tncs,baseline,passengers_no_ratings_count,-0.08054577777777772,-0.11073955555555559,-0.4346190626077309,-0.5975424554461385,0.030193777777777875,0.16292339283840757
wildcat_strike-boycott_tncs,wildcat_strike+boycott_tncs,baseline,passengers_offers_discarded,-40.94108366666667,-43.79798183333334,-1.5295297576002453,-1.636261440521183,2.8568981666666673,0.10673168292093771
wildcat_strike-boycott_tncs,wildcat_strike+boycott_tncs,baseline,passengers_pickup_accept,-0.611703,-0.439240611111111,-1.5375569093095016,-1.1040610172963294,-0.17246238888888898,-0.4334958920131722
wildcat_strike-boycott_tncs,wildcat_strike+boycott_tncs,baseline,passengers_pickup_reject,-0.07547200000000001,-0.029443833333333336,-1.527307728749403,-0.5958473899460632,-0.046028166666666676,-0.9314603388033398
wildcat_strike-boycott_tncs,wildcat_strike+boycott_tncs,baseline,passengers_rating_avg,0.003739555555555718,0.006586555555555762,0.17743901982214838,0.3125269686248219,-0.002847000000000044,-0.1350879488026735
wildcat_strike-boycott_tncs,wildcat_strike+boycott_tncs,baseline,passengers_ratings_count,-0.33172211111111105,-0.3257135555555559,-0.5724755936866268,-0.562106217351284,-0.0060085555555551284,-0.01036937633534285
wildcat_strike-boycott_tncs,wildcat_strike+boycott_tncs,baseline,passengers_reject,-2.447722388888889,-2.6301944444444443,-1.3606788971512787,-1.46211436893571,0.18247205555555546,0.10143547178443124
wildcat_strike-boycott_tncs,wildcat_strike+boycott_tncs,baseline,passengers_unassigned,-12.508537222222227,-10.571222555555565,-1.5556664947473102,-1.3147258105431139,-1.937314666666662,-0.24094068420419634
wildcat_strike-boycott_tncs,wildcat_strike+boycott_tncs,baseline,rides_dispatched,-1.2859260000000003,-1.290629611111112,-1.4218773842142631,-1.4270782731169127,0.004703611111111616,0.005200888902649581
wildcat_strike-boycott_tncs,wildcat_strike+boycott_tncs,baseline,rides_duration_avg,-9.721973000000048,12.083244166666418,-0.041599452345120816,0.05170312033223054,-21.805217166666466,-0.09330257267735136
wildcat_strike-boycott_tncs,wildcat_strike+boycott_tncs,baseline,rides_in_progress,-669.117916611111,-757.8889451111113,-0.8099347240185478,-0.917387740421302,88.77102850000028,0.10745301640275418
wildcat_strike-boycott_tncs,wildcat_strike+boycott_tncs,baseline,rides_length_avg,-242.1401643888894,-212.2910386111089,-0.20930094660499504,-0.1834999800599022,-29.8491257777805,-0.02580096654509284
wildcat_strike-boycott_tncs,wildcat_strike+boycott_tncs,baseline,rides_not_served,-0.1960362777777778,-0.1443419444444445,-1.5709238194522768,-1.1566746790146358,-0.05169433333333329,-0.41424914043764094
wildcat_strike-boycott_tncs,wildcat_strike+boycott_tncs,baseline,rides_offers_generated,-46.152240722222224,-49.401111111111106,-1.5629096062121395,-1.6729300659053932,3.248870388888882,0.11002045969325369
wildcat_strike-boycott_tncs,wildcat_strike+boycott_tncs,baseline,rides_offers_lyft,-17.239971999999998,-17.27193527777778,-1.54254245899595,-1.545402365792835,0.03196327777778052,0.002859906796885081
wildcat_strike-boycott_tncs,wildcat_strike+boycott_tncs,baseline,rides_offers_price_lyft_avg,-0.4192202222222221,-0.37036566666666104,-0.7831281516475213,-0.6918649544930981,-0.04885455555556106,-0.0912631971544231
wildcat_strike-boycott_tncs,wildcat_strike+boycott_tncs,baseline,rides_offers_price_no_surge_avg,-0.3505920555555555,-0.37137244444444306,-0.5912664445119965,-0.6263121520778434,0.020780388888887558,0.035045707565846906
wildcat_strike-boycott_tncs,wildcat_strike+boycott_tncs,baseline,rides_offers_price_uber_avg,-0.3138831666666668,-0.3733971111111103,-0.5020662480362307,-0.597260721541686,0.05951394444444347,0.09519447350545529
wildcat_strike-boycott_tncs,wildcat_strike+boycott_tncs,baseline,rides_offers_radius_avg,-870.7412747777781,-446.34703644444494,-1.8366266103518791,-0.9414654712386086,-424.3942383333332,-0.8951611391132706
wildcat_strike-boycott_tncs,wildcat_strike+boycott_tncs,baseline,rides_offers_surge_lyft_avg,0.0,0.0,,,0.0,
wildcat_strike-boycott_tncs,wildcat_strike+boycott_tncs,baseline,rides_offers_surge_uber_avg,0.0,0.0,,,0.0,
wildcat_strike-boycott_tncs,wildcat_strike+boycott_tncs,baseline,rides_offers_uber,-28.91175005555555,-32.12758338888889,-1.5377088302497466,-1.70874708645271,3.215833333333336,0.1710382562029633
wildcat_strike-boycott_tncs,wildcat_strike+boycott_tncs,baseline,rides_partial_acceptances,-3.3620835000000002,-3.6945278333333333,-1.5594423302218654,-1.7136406913995066,0.3324443333333331,0.15419836117764119
wildcat_strike-boycott_tncs,wildcat_strike+boycott_tncs,baseline,rides_waiting_duration_avg,-82.2955283888889,-63.66824561111116,-0.3568727492409573,-0.2760959470752178,-18.627282777777737,-0.08077680216573951
wildcat_strike-boycott_tncs,wildcat_strike+boycott_tncs,baseline,traffic_duration_avg,-23.75195916666678,15.322977333333256,-0.15649379332915886,0.1009580233429879,-39.074936500000035,-0.2574518166721468
wildcat_strike-boycott_tncs,wildcat_strike+boycott_tncs,baseline,traffic_length_avg,-13.703655944443653,-19.09456366666518,-0.1718849796672977,-0.23950314433656145,5.390907722221527,0.06761816466926374
wildcat_strike-boycott_tncs,wildcat_strike+boycott_tncs,baseline,traffic_speed_avg,0.039959444444444436,-0.1918743333333337,0.04104511692925629,-0.19708743594618996,0.23183377777777814,0.23813255287544627
wildcat_strike-boycott_tncs,wildcat_strike+boycott_tncs,bank_tellers,drivers_accept,-1.2753702777777778,-1.306046666666667,-1.4102056840528028,-1.4441252591997966,0.03067638888888924,0.03391957514699384
wildcat_strike-boycott_tncs,wildcat_strike+boycott_tncs,bank_tellers,drivers_acceptance_rate,0.26521566666666674,0.20319072222222223,1.311429320296847,1.0047305051153876,0.06202494444444451,0.30669881518145936
wildcat_strike-boycott_tncs,wildcat_strike+boycott_tncs,bank_tellers,drivers_busy,-795.5586420555546,-679.5201686666655,-0.8180867423369487,-0.6987623686676598,-116.03847338888909,-0.11932437366928883
wildcat_strike-boycott_tncs,wildcat_strike+boycott_tncs,bank_tellers,drivers_change_provider,-0.4153797777777777,-0.41026966666666653,-1.5421909054029426,-1.523218467882476,-0.005110111111111149,-0.018972437520466512
wildcat_strike-boycott_tncs,wildcat_strike+boycott_tncs,bank_tellers,drivers_change_zone,-0.7965273888888885,-0.7643882777777767,-1.5313695051038274,-1.4695802240781557,-0.032139111111111784,-0.061789281025671716
wildcat_strike-boycott_tncs,wildcat_strike+boycott_tncs,bank_tellers,drivers_demand_pressure,0.0,0.0,,,0.0,
wildcat_strike-boycott_tncs,wildcat_strike+boycott_tncs,bank_tellers,drivers_idle,1043.4216962222235,731.0624583333347,0.31666017380319694,0.2218646266940597,312.35923788888886,0.09479554710913723
wildcat_strike-boycott_tncs,wildcat_strike+boycott_tncs,bank_tellers,drivers_idle_duration_avg,139.16632594444445,190.22120811111108,1.1727171197132567,1.6029428510851864,-51.05488216666663,-0.43022573137192976
wildcat_strike-boycott_tncs,wildcat_strike+boycott_tncs,bank_tellers,drivers_occupied_distance_avg,752.6566174999998,-45.45625261111218,0.6768974791627893,-0.04088082412249405,798.112870111112,0.7177783032852834
wildcat_strike-boycott_tncs,wildcat_strike+boycott_tncs,bank_tellers,drivers_occupied_duration_avg,89.78697983333336,4.553883888888663,0.7483090676744056,0.0379533047388087,85.2330959444447,0.710355762935597
wildcat_strike-boycott_tncs,wildcat_strike+boycott_tncs,bank_tellers,drivers_passengers_served,-0.5861200555555557,-0.4305003888888892,-0.6806338539953702,-0.49992000113051405,-0.1556196666666665,-0.1807138528648562
wildcat_strike-boycott_tncs,wildcat_strike+boycott_tncs,bank_tellers,drivers_pickup,-439.2210307777778,-259.4384983333336,-1.5364263565830816,-0.9075342909828558,-179.7825324444442,-0.6288920656002258
wildcat_strike-boycott_tncs,wildcat_strike+boycott_tncs,bank_tellers,drivers_pickup_accept,-0.550620777777778,-0.26169477777777805,-1.5158719452527631,-0.7204518751607849,-0.2889259999999999,-0.7954200700919782
wildcat_strike-boycott_tncs,wildcat_strike+boycott_tncs,bank_tellers,drivers_pickup_reject,-0.13944483333333335,-0.08626016666666667,-1.710077300728859,-1.0578488241377757,-0.053184666666666686,-0.6522284765910833
wildcat_strike-boycott_tncs,wildcat_strike+boycott_tncs,bank_tellers,drivers_reject,-0.6714728888888887,-0.685667833333333,-1.480895460859333,-1.5122016076044575,0.014194944444444357,0.03130614674512455
wildcat_strike-boycott_tncs,wildcat_strike+boycott_tncs,bank_tellers,drivers_removed,-0.22963044444444441,-0.20909394444444435,-1.5110596377783552,-1.3759213013686855,-0.02053650000000007,-0.13513833640966966
wildcat_strike-boycott_tncs,wildcat_strike+boycott_tncs,bank_tellers,drivers_shift_duration_avg,529.712591,-110.90402583333298,0.5669166683056077,-0.11869331009938597,640.616616833333,0.6856099784049937
wildcat_strike-boycott_tncs,wildcat_strike+boycott_tncs,bank_tellers,drivers_starting,-0.26770416666666674,-0.2696947777777779,-1.7196570160957054,-1.7324441475257615,0.0019906111111111513,0.012787131430056053
wildcat_strike-boycott_tncs,wildcat_strike+boycott_tncs,bank_tellers,drivers_total_length_avg,2843.8075311111133,-2573.43552177777,0.4756601594551562,-0.4304372701896998,5417.2430528888835,0.9060974296448561
wildcat_strike-boycott_tncs,wildcat_strike+boycott_tncs,bank_tellers,drivers_waiting,-1.4942962222222225,-1.5293235555555569,-1.3901917155995507,-1.4227787675477443,0.03502733333333441,0.03258705194819367
wildcat_strike-boycott_tncs,wildcat_strike+boycott_tncs,bank_tellers,failed_requests,-0.04726221891285304,0.01158632617577085,-1.0936095380815476,0.2680982211290346,-0.05884854508862389,-1.3617077592105822
wildcat_strike-boycott_tncs,wildcat_strike+boycott_tncs,bank_tellers,passengers_accept,-5.513675888888889,-5.820804777777778,-1.614585594684417,-1.704523032013792,0.30712888888888923,0.08993743732937509
wildcat_strike-boycott_tncs,wildcat_strike+boycott_tncs,bank_tellers,passengers_acceptance_rate,0.07592138888888877,-0.020508722222222664,0.6530001944935566,-0.17639560861465875,0.09643011111111144,0.8293958031082154
wildcat_strike-boycott_tncs,wildcat_strike+boycott_tncs,bank_tellers,passengers_arrivals,-0.3700092777777777,-0.6641670555555557,-0.48381799969315425,-0.8684538350251065,0.29415777777777796,0.3846358353319523
wildcat_strike-boycott_tncs,wildcat_strike+boycott_tncs,bank_tellers,passengers_cancel,-0.02602783333333334,-0.026999666666666686,-1.7555533072530238,-1.821102567561492,0.0009718333333333454,0.0655492603084682
wildcat_strike-boycott_tncs,wildcat_strike+boycott_tncs,bank_tellers,passengers_change_provider,-2.1360093888888887,-2.2413603888888893,-1.8730943230136634,-1.9654779806184932,0.10535100000000064,0.0923836576048298
wildcat_strike-boycott_tncs,wildcat_strike+boycott_tncs,bank_tellers,passengers_departures,-0.7868521111111115,-1.0414627777777785,-1.0649847052596544,-1.4095938916200559,0.254610666666667,0.3446091863604015
wildcat_strike-boycott_tncs,wildcat_strike+boycott_tncs,bank_tellers,passengers_drivers_ratio,-0.10283788888888888,-0.0654285,-1.4703382253235056,-0.935472573532897,-0.03740938888888888,-0.5348656517906085
wildcat_strike-boycott_tncs,wildcat_strike+boycott_tncs,bank_tellers,passengers_new,-1.538564944444445,-1.5162034444444452,-1.6783074375857536,-1.653914920454067,-0.0223614999999997,-0.024392517131686553
wildcat_strike-boycott_tncs,wildcat_strike+boycott_tncs,bank_tellers,passengers_no_ratings_count,-0.0926669444444444,-0.1526488888888889,-0.5000239818936701,-0.8236821199994007,0.05998194444444449,0.3236581381057305
wildcat_strike-boycott_tncs,wildcat_strike+boycott_tncs,bank_tellers,passengers_offers_discarded,-44.305555222222225,-47.04066666666668,-1.6552240212088956,-1.7574058388347158,2.735111444444456,0.10218181762582024
wildcat_strike-boycott_tncs,wildcat_strike+boycott_tncs,bank_tellers,passengers_pickup_accept,-0.5510283888888888,-0.2822513333333332,-1.3850471659641919,-0.7094578377553907,-0.26877705555555564,-0.6755893282088011
wildcat_strike-boycott_tncs,wildcat_strike+boycott_tncs,bank_tellers,passengers_pickup_reject,-0.13932327777777775,-0.06567533333333322,-2.8194498482178805,-1.3290550692732817,-0.07364794444444453,-1.4903947789445988
wildcat_strike-boycott_tncs,wildcat_strike+boycott_tncs,bank_tellers,passengers_rating_avg,0.0018895000000007656,0.010670833333333185,0.0896553141070429,0.5063227913646481,-0.00878133333333242,-0.41666747725760517
wildcat_strike-boycott_tncs,wildcat_strike+boycott_tncs,bank_tellers,passengers_ratings_count,-0.2746671111111114,-0.5057791666666669,-0.4740118678638707,-0.8728577897384819,0.23111205555555547,0.39884592187461126
wildcat_strike-boycott_tncs,wildcat_strike+boycott_tncs,bank_tellers,passengers_reject,-4.381555333333333,-4.2295737777777775,-2.4356887471514383,-2.3512028200138664,-0.15198155555555548,-0.08448592713757197
wildcat_strike-boycott_tncs,wildcat_strike+boycott_tncs,bank_tellers,passengers_unassigned,-13.02505577777777,-10.618388277777761,-1.619905070091317,-1.3205917349480296,-2.406667500000008,-0.2993133351432873
wildcat_strike-boycott_tncs,wildcat_strike+boycott_tncs,bank_tellers,rides_dispatched,-1.2753702777777778,-1.306046666666667,-1.4102056840528028,-1.4441252591997966,0.03067638888888924,0.03391957514699384
wildcat_strike-boycott_tncs,wildcat_strike+boycott_tncs,bank_tellers,rides_duration_avg,-61.38804638888871,5.012782777778057,-0.2626739562344628,0.02144924885932306,-66.40082916666677,-0.28412320509378586
wildcat_strike-boycott_tncs,wildcat_strike+boycott_tncs,bank_tellers,rides_in_progress,-800.9725741666666,-685.7818981666665,-0.9695383798565175,-0.830105663948846,-115.19067600000017,-0.13943271590767148
wildcat_strike-boycott_tncs,wildcat_strike+boycott_tncs,bank_tellers,rides_length_avg,-186.12244227777683,-323.8831697222204,-0.16088038699192242,-0.2799579086079017,137.76072744444355,0.11907752161597929
wildcat_strike-boycott_tncs,wildcat_strike+boycott_tncs,bank_tellers,rides_not_served,-0.2668618333333334,-0.1179165000000002,-2.138479750983921,-0.9449161178546046,-0.1489453333333332,-1.1935636331293165
wildcat_strike-boycott_tncs,wildcat_strike+boycott_tncs,bank_tellers,rides_offers_generated,-49.906990722222226,-52.81889816666668,-1.690061284052549,-1.7886707566611357,2.911907444444452,0.09860947260858666
wildcat_strike-boycott_tncs,wildcat_strike+boycott_tncs,bank_tellers,rides_offers_lyft,-17.59487061111111,-16.509435611111105,-1.5742969291469213,-1.4771778866113374,-1.085435000000004,-0.0971190425355839
wildcat_strike-boycott_tncs,wildcat_strike+boycott_tncs,bank_tellers,rides_offers_price_lyft_avg,-0.24361561111110674,-0.0310549999999985,-0.45508835959919813,-0.058012575396520105,-0.21256061111110824,-0.39707578420267803
wildcat_strike-boycott_tncs,wildcat_strike+boycott_tncs,bank_tellers,rides_offers_price_no_surge_avg,-0.20779777777777753,0.057308499999997764,-0.3504467693926146,0.09664963166840781,-0.2651062777777753,-0.44709640106102244
wildcat_strike-boycott_tncs,wildcat_strike+boycott_tncs,bank_tellers,rides_offers_price_uber_avg,-0.21979022222222255,0.053813388888887204,-0.3515615488337027,0.08607625104741681,-0.27360361111110976,-0.4376377998811195
wildcat_strike-boycott_tncs,wildcat_strike+boycott_tncs,bank_tellers,rides_offers_radius_avg,-921.9859816666669,-447.3685206666669,-1.9447154250641887,-0.9436200551074692,-474.61746100000005,-1.0010953699567195
wildcat_strike-boycott_tncs,wildcat_strike+boycott_tncs,bank_tellers,rides_offers_surge_lyft_avg,0.0,0.0,,,0.0,
wildcat_strike-boycott_tncs,wildcat_strike+boycott_tncs,bank_tellers,rides_offers_surge_uber_avg,0.0,0.0,,,0.0,
wildcat_strike-boycott_tncs,wildcat_strike+boycott_tncs,bank_tellers,rides_offers_uber,-32.312731444444445,-36.30889761111111,-1.7185944253161227,-1.9311356927876786,3.9961661666666615,0.21254126747155588
wildcat_strike-boycott_tncs,wildcat_strike+boycott_tncs,bank_tellers,rides_partial_acceptances,-3.5667133888888873,-3.8333519999999974,-1.6543562461796122,-1.7780317994602586,0.2666386111111101,0.12367555328064639
wildcat_strike-boycott_tncs,wildcat_strike+boycott_tncs,bank_tellers,rides_waiting_duration_avg,-31.555840222222173,-48.26948194444435,-0.13684120723421062,-0.20931954704207692,16.713641722222178,0.0724783398078663
wildcat_strike-boycott_tncs,wildcat_strike+boycott_tncs,bank_tellers,traffic_duration_avg,-90.57872455555571,-6.871596722222421,-0.596793220346597,-0.04527467522754719,-83.70712783333329,-0.5515185451190499
wildcat_strike-boycott_tncs,wildcat_strike+boycott_tncs,bank_tellers,traffic_length_avg,-51.68977299999915,-28.373535666665248,-0.6483449100832481,-0.35588930581196815,-23.316237333333902,-0.29245560427128
wildcat_strike-boycott_tncs,wildcat_strike+boycott_tncs,bank_tellers,traffic_speed_avg,0.38922772222222246,-0.24410383333333296,0.39980278987438067,-0.2507359779732704,0.6333315555555554,0.6505387678476511
wildcat_strike-boycott_tncs,wildcat_strike+boycott_tncs,students,drivers_accept,-1.2971295555555558,-1.3376016666666672,-1.4342654083052546,-1.479016334470754,0.040472111111111486,0.04475092616549947
wildcat_strike-boycott_tncs,wildcat_strike+boycott_tncs,students,drivers_acceptance_rate,0.17923716666666678,0.09795016666666623,0.886285786235351,0.48434062025482,0.08128700000000055,0.40194516598053104
wildcat_strike-boycott_tncs,wildcat_strike+boycott_tncs,students,drivers_busy,-745.5591123333334,-802.6276802777775,-0.7666713592004595,-0.8253559568799915,57.06856794444411,0.05868459767953205
wildcat_strike-boycott_tncs,wildcat_strike+boycott_tncs,students,drivers_change_provider,-0.4492500555555557,-0.45202777777777814,-1.6679419340924166,-1.6782548529633465,0.002777722222222445,0.010312918870929888
wildcat_strike-boycott_tncs,wildcat_strike+boycott_tncs,students,drivers_change_zone,-0.7948973888888885,-0.7889436666666662,-1.5282357367888404,-1.5167893649752004,-0.005953722222222346,-0.011446371813639944
wildcat_strike-boycott_tncs,wildcat_strike+boycott_tncs,students,drivers_demand_pressure,0.0,0.0,,,0.0,
wildcat_strike-boycott_tncs,wildcat_strike+boycott_tncs,students,drivers_idle,757.2193005555546,899.2001813333309,0.22980276928225726,0.27289147497680155,-141.9808807777763,-0.04308870569454429
wildcat_strike-boycott_tncs,wildcat_strike+boycott_tncs,students,drivers_idle_duration_avg,75.23201838888883,141.97145844444458,0.6339599419363307,1.1963552152330552,-66.73944005555575,-0.5623952732967246
wildcat_strike-boycott_tncs,wildcat_strike+boycott_tncs,students,drivers_occupied_distance_avg,641.004790388889,414.29966883333236,0.5764840388791389,0.3725980678715831,226.70512155555662,0.2038859710075558
wildcat_strike-boycott_tncs,wildcat_strike+boycott_tncs,students,drivers_occupied_duration_avg,78.23370183333327,51.37749327777783,0.6520209120330052,0.4281939782973837,26.85620855555544,0.22382693373562146
wildcat_strike-boycott_tncs,wildcat_strike+boycott_tncs,students,drivers_passengers_served,-0.6069811111111114,-0.5526481666666667,-0.7048588237888558,-0.641764512264084,-0.0543329444444447,-0.06309431152477174
wildcat_strike-boycott_tncs,wildcat_strike+boycott_tncs,students,drivers_pickup,-455.7788191666668,-363.0416141666667,-1.5943466762052207,-1.269945347458425,-92.73720500000007,-0.3244013287467957
wildcat_strike-boycott_tncs,wildcat_strike+boycott_tncs,students,drivers_pickup_accept,-0.5999081666666667,-0.4294173888888887,-1.6515612855151502,-1.1821961663841751,-0.170490777777778,-0.4693651191309751
wildcat_strike-boycott_tncs,wildcat_strike+boycott_tncs,students,drivers_pickup_reject,-0.1436938888888889,-0.13836138888888894,-1.7621854590693118,-1.6967905140709678,-0.005332499999999962,-0.06539494499834397
wildcat_strike-boycott_tncs,wildcat_strike+boycott_tncs,students,drivers_reject,-0.654287277777778,-0.6516379444444443,-1.4429935680090487,-1.437150613256059,-0.0026493333333336144,-0.005842954752989682
wildcat_strike-boycott_tncs,wildcat_strike+boycott_tncs,students,drivers_removed,-0.22824966666666666,-0.24536222222222226,-1.5019735709295579,-1.6145809913515299,0.017112555555555603,0.11260742042197203
wildcat_strike-boycott_tncs,wildcat_strike+boycott_tncs,students,drivers_shift_duration_avg,405.9518678888885,374.5137499444454,0.4344636777493682,0.4008175205960782,31.438117944443093,0.03364615715329
wildcat_strike-boycott_tncs,wildcat_strike+boycott_tncs,students,drivers_starting,-0.27022155555555555,-0.283101,-1.7358280212725106,-1.8185619857007957,0.012879444444444443,0.08273396442828518
wildcat_strike-boycott_tncs,wildcat_strike+boycott_tncs,students,drivers_total_length_avg,2466.656980444437,1652.3710253333338,0.41257730693924805,0.2763784316592079,814.2859551111032,0.13619887528004015
wildcat_strike-boycott_tncs,wildcat_strike+boycott_tncs,students,drivers_waiting,-1.466444777777778,-1.5061951666666673,-1.3642806233018216,-1.4012616853585897,0.039750388888889265,0.0369810620567681
wildcat_strike-boycott_tncs,wildcat_strike+boycott_tncs,students,failed_requests,-0.01730691450951627,-0.009556008293615137,-0.40046801055338704,-0.22111830667861088,-0.007750906215901132,-0.17934970387477617
wildcat_strike-boycott_tncs,wildcat_strike+boycott_tncs,students,passengers_accept,-5.300842222222221,-5.823852222222221,-1.5522608989299271,-1.7054154239497261,0.5230099999999993,0.15315452501979898
wildcat_strike-boycott_tncs,wildcat_strike+boycott_tncs,students,passengers_acceptance_rate,0.11415811111111118,0.12706544444444434,0.9818744078519154,1.0928904377271704,-0.01290733333333316,-0.11101602987525505
wildcat_strike-boycott_tncs,wildcat_strike+boycott_tncs,students,passengers_arrivals,-0.44314838888888874,-0.5596300555555549,-0.5794534892939459,-0.7317629862504998,0.11648166666666615,0.15230949695655394
wildcat_strike-boycott_tncs,wildcat_strike+boycott_tncs,students,passengers_cancel,-0.016722999999999995,-0.02064066666666666,-1.1279508970727095,-1.3921938936103235,0.0039176666666666665,0.26424299653761407
wildcat_strike-boycott_tncs,wildcat_strike+boycott_tncs,students,passengers_change_provider,-1.9413331666666673,-2.143768611111112,-1.7023802200855522,-1.8798984855660612,0.20243544444444472,0.17751826548050897
wildcat_strike-boycott_tncs,wildcat_strike+boycott_tncs,students,passengers_departures,-0.8554817777777779,-0.9925836111111115,-1.1578732472041608,-1.343437158771833,0.1371018333333336,0.18556391156767216
wildcat_strike-boycott_tncs,wildcat_strike+boycott_tncs,students,passengers_drivers_ratio,-0.10131294444444447,-0.08373727777777779,-1.448535131810142,-1.1972447288783459,-0.017575666666666684,-0.25129040293179616
wildcat_strike-boycott_tncs,wildcat_strike+boycott_tncs,students,passengers_new,-1.537092277777778,-1.5119072222222232,-1.6767010137369092,-1.6492284873365624,-0.025185055555554836,-0.02747252640034681
wildcat_strike-boycott_tncs,wildcat_strike+boycott_tncs,students,passengers_no_ratings_count,-0.10936122222222217,-0.15963000000000005,-0.5901050706716428,-0.8613516794819915,0.050268777777777884,0.2712466088103488
wildcat_strike-boycott_tncs,wildcat_strike+boycott_tncs,students,passengers_offers_discarded,-41.9583981111111,-46.28885227777777,-1.5675359014601156,-1.7293185881561544,4.330454166666669,0.1617826866960388
wildcat_strike-boycott_tncs,wildcat_strike+boycott_tncs,students,passengers_pickup_accept,-0.6498521111111111,-0.5034811111111108,-1.6334472831884996,-1.2655338638125257,-0.14637100000000025,-0.3679134193759739
wildcat_strike-boycott_tncs,wildcat_strike+boycott_tncs,students,passengers_pickup_reject,-0.09447233333333332,-0.06541627777777778,-1.9118126570514868,-1.3238126276767253,-0.029056055555555543,-0.5880000293747616
wildcat_strike-boycott_tncs,wildcat_strike+boycott_tncs,students,passengers_rating_avg,0.011701444444443432,0.01230011111111029,0.5552244917556299,0.5836307622215795,-0.0005986666666668583,-0.028406270465949568
wildcat_strike-boycott_tncs,wildcat_strike+boycott_tncs,students,passengers_ratings_count,-0.33349044444444487,-0.39688938888889,-0.5755273277764809,-0.6849392335381149,0.06339894444444516,0.10941190576163407
wildcat_strike-boycott_tncs,wildcat_strike+boycott_tncs,students,passengers_reject,-2.9412870000000004,-3.1961946111111126,-1.635049452312325,-1.7767515541260774,0.25490761111111215,0.14170210181375253
wildcat_strike-boycott_tncs,wildcat_strike+boycott_tncs,students,passengers_unassigned,-12.81895327777778,-12.006888722222222,-1.594272436311883,-1.4932772841045319,-0.8120645555555583,-0.10099515220735111
wildcat_strike-boycott_tncs,wildcat_strike+boycott_tncs,students,rides_dispatched,-1.2971295555555558,-1.3376016666666672,-1.4342654083052546,-1.479016334470754,0.040472111111111486,0.04475092616549947
wildcat_strike-boycott_tncs,wildcat_strike+boycott_tncs,students,rides_duration_avg,-64.88485449999985,-97.12344244444432,-0.2776364851756766,-0.41558251761877196,32.238587944444475,0.1379460324430954
wildcat_strike-boycott_tncs,wildcat_strike+boycott_tncs,students,rides_in_progress,-773.7531853888886,-834.0633797222222,-0.9365906323961902,-1.0095931920201668,60.310194333333584,0.07300255962397662
wildcat_strike-boycott_tncs,wildcat_strike+boycott_tncs,students,rides_length_avg,-248.28681316666734,-426.5957446111124,-0.21461398259340372,-0.3687405325345747,178.30893144444508,0.154126549941171
wildcat_strike-boycott_tncs,wildcat_strike+boycott_tncs,students,rides_not_served,-0.23147322222222227,-0.19052950000000005,-1.8548954432120874,-1.526795617888749,-0.04094372222222223,-0.3280998253233385
wildcat_strike-boycott_tncs,wildcat_strike+boycott_tncs,students,rides_offers_generated,-47.30390744444445,-52.16170344444443,-1.6019099007839541,-1.7664153703908325,4.857795999999979,0.1645054696068784
wildcat_strike-boycott_tncs,wildcat_strike+boycott_tncs,students,rides_offers_lyft,-17.324741000000007,-19.475815055555564,-1.5501271454273804,-1.7425939930034124,2.151074055555558,0.19246684757603205
wildcat_strike-boycott_tncs,wildcat_strike+boycott_tncs,students,rides_offers_price_lyft_avg,-0.005674166666668867,-0.3401333888888871,-0.01059967868499645,-0.6353892728317961,0.33445922222221824,0.6247895941467997
wildcat_strike-boycott_tncs,wildcat_strike+boycott_tncs,students,rides_offers_price_no_surge_avg,8.666666666101719e-06,-0.2809662777777824,1.4616158878211216e-05,-0.4738439718098938,0.2809749444444485,0.473858587968772
wildcat_strike-boycott_tncs,wildcat_strike+boycott_tncs,students,rides_offers_price_uber_avg,-0.02037905555555497,-0.22319672222222664,-0.03259695659998557,-0.35701035544573034,0.20281766666667167,0.32441339884574477
wildcat_strike-boycott_tncs,wildcat_strike+boycott_tncs,students,rides_offers_radius_avg,-906.8505569444444,-614.2073375000002,-1.9127907597140754,-1.2955278140613842,-292.6432194444442,-0.6172629456526912
wildcat_strike-boycott_tncs,wildcat_strike+boycott_tncs,students,rides_offers_surge_lyft_avg,0.0,0.0,,,0.0,
wildcat_strike-boycott_tncs,wildcat_strike+boycott_tncs,students,rides_offers_surge_uber_avg,0.0,0.0,,,0.0,
wildcat_strike-boycott_tncs,wildcat_strike+boycott_tncs,students,rides_offers_uber,-29.978981444444432,-32.685972833333324,-1.594470912360331,-1.7384457514519067,2.7069913888888912,0.14397483909157582
wildcat_strike-boycott_tncs,wildcat_strike+boycott_tncs,students,rides_partial_acceptances,-3.3497037777777767,-3.8381386666666666,-1.5537002173713894,-1.7802520092262166,0.48843488888888986,0.2265517918548272
wildcat_strike-boycott_tncs,wildcat_strike+boycott_tncs,students,rides_waiting_duration_avg,-58.87938011111123,-86.43689650000022,-0.2553291371380586,-0.37483170098918706,27.557516388888985,0.11950256385112845
wildcat_strike-boycott_tncs,wildcat_strike+boycott_tncs,students,traffic_duration_avg,-24.027720333333264,-13.225791277777603,-0.15831069233617112,-0.08714035892010917,-10.80192905555566,-0.07117033341606195
wildcat_strike-boycott_tncs,wildcat_strike+boycott_tncs,students,traffic_length_avg,-5.492123111111596,-45.83162555555646,-0.0688877094631434,-0.5748661567886327,40.33950244444486,0.5059784473254894
wildcat_strike-boycott_tncs,wildcat_strike+boycott_tncs,students,traffic_speed_avg,-0.010719444444444726,-0.21153705555555558,-0.011010684877028387,-0.21728438172406822,0.20081761111111085,0.20627369684703983
wildcat_strike-boycott_tncs,wildcat_strike+boycott_tncs,managers,drivers_accept,-1.2898708888888888,-1.316759944444444,-1.4262393368416684,-1.4559711720929385,0.026889055555555208,0.0297318352512701
wildcat_strike-boycott_tncs,wildcat_strike+boycott_tncs,managers,drivers_acceptance_rate,0.31167877777777786,0.2464618333333335,1.5411785164478586,1.2186960092884718,0.06521694444444437,0.32248250715938687
wildcat_strike-boycott_tncs,wildcat_strike+boycott_tncs,managers,drivers_busy,-600.4821507222223,-476.4267105555559,-0.6174862047209377,-0.4899178451429428,-124.05544016666636,-0.12756835957799495
wildcat_strike-boycott_tncs,wildcat_strike+boycott_tncs,managers,drivers_change_provider,-0.4412681111111111,-0.44328622222222225,-1.6383071690214999,-1.6457998606934408,0.002018111111111165,0.007492691671940888
wildcat_strike-boycott_tncs,wildcat_strike+boycott_tncs,managers,drivers_change_zone,-0.7874634444444445,-0.7581670555555556,-1.513943553012539,-1.457619568200555,-0.029296388888888858,-0.05632398481198386
wildcat_strike-boycott_tncs,wildcat_strike+boycott_tncs,managers,drivers_demand_pressure,0.0,0.0,,,0.0,
wildcat_strike-boycott_tncs,wildcat_strike+boycott_tncs,managers,drivers_idle,991.9199783888889,739.2874538333335,0.3010303062440758,0.2243607684879193,252.6325245555554,0.07666953775615648
wildcat_strike-boycott_tncs,wildcat_strike+boycott_tncs,managers,drivers_idle_duration_avg,208.92437116666667,401.21272533333297,1.7605493651552244,3.3809114988998172,-192.2883541666663,-1.6203621337445928
wildcat_strike-boycott_tncs,wildcat_strike+boycott_tncs,managers,drivers_occupied_distance_avg,1144.4479393333331,1593.8574924444429,1.0292527922506205,1.433426736303648,-449.40955311110974,-0.4041739440530274
wildcat_strike-boycott_tncs,wildcat_strike+boycott_tncs,managers,drivers_occupied_duration_avg,120.7307839444444,180.41578777777772,1.0062031325785519,1.5036341593885654,-59.685003833333326,-0.4974310268100135
wildcat_strike-boycott_tncs,wildcat_strike+boycott_tncs,managers,drivers_passengers_served,-0.46300027777777797,-0.20005600000000023,-0.537660604645435,-0.23231569198879165,-0.26294427777777774,-0.3053449126566433
wildcat_strike-boycott_tncs,wildcat_strike+boycott_tncs,managers,drivers_pickup,-453.8576791666666,-363.43646105555564,-1.587626392057034,-1.2713265499154875,-90.42121811111099,-0.3162998421415464
wildcat_strike-boycott_tncs,wildcat_strike+boycott_tncs,managers,drivers_pickup_accept,-0.6038610555555555,-0.4310557222222223,-1.6624436815510408,-1.1867065365648939,-0.17280533333333314,-0.47573714498614694
wildcat_strike-boycott_tncs,wildcat_strike+boycott_tncs,managers,drivers_pickup_reject,-0.13281533333333329,-0.09537961111111104,-1.6287766372752204,-1.169684842489374,-0.037435722222222245,-0.4590917947858464
wildcat_strike-boycott_tncs,wildcat_strike+boycott_tncs,managers,drivers_reject,-0.6787783888888889,-0.6750182222222223,-1.4970073277244424,-1.4887144929117735,-0.0037601666666665645,-0.008292834812668959
wildcat_strike-boycott_tncs,wildcat_strike+boycott_tncs,managers,drivers_removed,-0.22489811111111124,-0.198658166666667,-1.4799190026164402,-1.3072497337680804,-0.026239944444444246,-0.17266926884835976
wildcat_strike-boycott_tncs,wildcat_strike+boycott_tncs,managers,drivers_shift_duration_avg,821.0422499444458,1276.8201586111127,0.8787077082648489,1.366496931814954,-455.7779086666669,-0.4877892235501051
wildcat_strike-boycott_tncs,wildcat_strike+boycott_tncs,managers,drivers_starting,-0.26562899999999995,-0.25458272222222206,-1.7063267233238901,-1.6353685110598628,-0.011046277777777891,-0.07095821226402732
wildcat_strike-boycott_tncs,wildcat_strike+boycott_tncs,managers,drivers_total_length_avg,4579.577489499996,6392.760388999999,0.765988040703202,1.0692641441885038,-1813.1828995000033,-0.30327610348530176
wildcat_strike-boycott_tncs,wildcat_strike+boycott_tncs,managers,drivers_waiting,-1.4876658888888896,-1.496397611111113,-1.3840233037849539,-1.3921467050997207,0.008731722222223404,0.008123401314766854
wildcat_strike-boycott_tncs,wildcat_strike+boycott_tncs,managers,failed_requests,-0.02168375714719986,-0.019846498564880716,-0.5017446108771833,-0.45923193255263706,-0.0018372585823191456,-0.042512678324546194
wildcat_strike-boycott_tncs,wildcat_strike+boycott_tncs,managers,passengers_accept,-5.492222277777777,-5.938945333333331,-1.6083032719378503,-1.739118471243799,0.44672305555555436,0.13081519930594876
wildcat_strike-boycott_tncs,wildcat_strike+boycott_tncs,managers,passengers_acceptance_rate,0.08517322222222212,0.050942999999999516,0.7325752530443206,0.43816096352991574,0.034230222222222606,0.29441428951440485
wildcat_strike-boycott_tncs,wildcat_strike+boycott_tncs,managers,passengers_arrivals,-0.3939998888888887,-0.4924715000000002,-0.5151877252008621,-0.6439475719821999,0.09847161111111147,0.12875984678133778
wildcat_strike-boycott_tncs,wildcat_strike+boycott_tncs,managers,passengers_cancel,-0.028943666666666652,-0.038916499999999986,-1.9522235712037397,-2.62488196411709,0.009972833333333334,0.6726583929133503
wildcat_strike-boycott_tncs,wildcat_strike+boycott_tncs,managers,passengers_change_provider,-2.1433333333333335,-2.2680833888888894,-1.8795167848400567,-1.988911725738842,0.12475005555555585,0.10939494089878532
wildcat_strike-boycott_tncs,wildcat_strike+boycott_tncs,managers,passengers_departures,-0.8234440555555556,-0.9622962777777779,-1.1145109893208545,-1.3024440085881814,0.13885222222222238,0.18793301926732697
wildcat_strike-boycott_tncs,wildcat_strike+boycott_tncs,managers,passengers_drivers_ratio,-0.10576872222222222,-0.0731568333333333,-1.5122421999053672,-1.045969434571334,-0.032611888888888926,-0.4662727653340333
wildcat_strike-boycott_tncs,wildcat_strike+boycott_tncs,managers,passengers_new,-1.538036666666667,-1.5154159444444455,-1.677731178178078,-1.6530558945729235,-0.022620722222221445,-0.024675283605154474
wildcat_strike-boycott_tncs,wildcat_strike+boycott_tncs,managers,passengers_no_ratings_count,-0.12481500000000001,-0.15259355555555565,-0.67349251315257,-0.8233835454232061,0.02777855555555564,0.14989103227063616
wildcat_strike-boycott_tncs,wildcat_strike+boycott_tncs,managers,passengers_offers_discarded,-43.83515716666667,-47.53820244444444,-1.637650284525533,-1.7759934215127349,3.7030452777777683,0.1383431369872019
wildcat_strike-boycott_tncs,wildcat_strike+boycott_tncs,managers,passengers_pickup_accept,-0.613444777777778,-0.41983466666666713,-1.541934985690857,-1.0552828619460515,-0.19361011111111082,-0.4866521237448056
wildcat_strike-boycott_tncs,wildcat_strike+boycott_tncs,managers,passengers_pickup_reject,-0.12316633333333331,-0.1071194444444444,-2.4924858599444186,-2.167749038045132,-0.016046888888888902,-0.32473682189928654
wildcat_strike-boycott_tncs,wildcat_strike+boycott_tncs,managers,passengers_rating_avg,0.01251772222222236,0.014686222222221268,0.5939562411948145,0.69684988958907,-0.0021684999999989074,-0.10289364839425552
wildcat_strike-boycott_tncs,wildcat_strike+boycott_tncs,managers,passengers_ratings_count,-0.2684259999999994,-0.33512044444444333,-0.46324115445971864,-0.5783403305473325,0.06669444444444395,0.11509917608761383
wildcat_strike-boycott_tncs,wildcat_strike+boycott_tncs,managers,passengers_reject,-3.6411756666666677,-3.8147035555555564,-2.0241147088183844,-2.1205781548162386,0.1735278888888887,0.09646344599785417
wildcat_strike-boycott_tncs,wildcat_strike+boycott_tncs,managers,passengers_unassigned,-13.248583,-11.63233316666667,-1.6477047883235407,-1.4466944169117109,-1.6162498333333293,-0.20101037141182987
wildcat_strike-boycott_tncs,wildcat_strike+boycott_tncs,managers,rides_dispatched,-1.2898708888888888,-1.316759944444444,-1.4262393368416684,-1.4559711720929385,0.026889055555555208,0.0297318352512701
wildcat_strike-boycott_tncs,wildcat_strike+boycott_tncs,managers,rides_duration_avg,-35.049296166666636,-3.417554777777923,-0.14997280136606705,-0.01462341102109746,-31.631741388888713,-0.1353493903449696
wildcat_strike-boycott_tncs,wildcat_strike+boycott_tncs,managers,rides_in_progress,-649.9834354444442,-531.4579443333332,-0.7867733643564816,-0.6433040168034492,-118.52549111111102,-0.14346934755303242
wildcat_strike-boycott_tncs,wildcat_strike+boycott_tncs,managers,rides_length_avg,-300.65341444444493,-325.54657227777807,-0.25987858892414967,-0.2813957193500479,24.893157833333134,0.021517130425898257
wildcat_strike-boycott_tncs,wildcat_strike+boycott_tncs,managers,rides_not_served,-0.23934244444444436,-0.1906681111111111,-1.9179549379626717,-1.5279063689117405,-0.048674333333333264,-0.3900485690509312
wildcat_strike-boycott_tncs,wildcat_strike+boycott_tncs,managers,rides_offers_generated,-49.39003683333333,-53.47466649999999,-1.672555044132888,-1.810877839385136,4.0846296666666575,0.1383227952522479
wildcat_strike-boycott_tncs,wildcat_strike+boycott_tncs,managers,rides_offers_lyft,-17.618175444444443,-18.572731277777773,-1.5763821236539943,-1.6617907833895742,0.9545558333333304,0.08540865973557987
wildcat_strike-boycott_tncs,wildcat_strike+boycott_tncs,managers,rides_offers_price_lyft_avg,-0.35423183333332986,-0.8485166111111013,-0.6617260002929756,-1.5850791781447406,0.49428477777777147,0.9233531778517651
wildcat_strike-boycott_tncs,wildcat_strike+boycott_tncs,managers,rides_offers_price_no_surge_avg,-0.40691966666667057,-0.913697611111111,-0.6862618268139378,-1.540932629020067,0.5067779444444405,0.8546708022061291
wildcat_strike-boycott_tncs,wildcat_strike+boycott_tncs,managers,rides_offers_price_uber_avg,-0.4684899444444426,-0.9525433888888841,-0.7493647752691102,-1.5236238707220406,0.48405344444444154,0.7742590954529305
wildcat_strike-boycott_tncs,wildcat_strike+boycott_tncs,managers,rides_offers_radius_avg,-984.0100722777777,-572.4453494444442,-2.075540847722962,-1.2074405936828552,-411.56472283333346,-0.868100254040107
wildcat_strike-boycott_tncs,wildcat_strike+boycott_tncs,managers,rides_offers_surge_lyft_avg,0.0,0.0,,,0.0,
wildcat_strike-boycott_tncs,wildcat_strike+boycott_tncs,managers,rides_offers_surge_uber_avg,0.0,0.0,,,0.0,
wildcat_strike-boycott_tncs,wildcat_strike+boycott_tncs,managers,rides_offers_uber,-31.770953888888894,-34.90288861111112,-1.6897792851185196,-1.8563552851487044,3.13193472222223,0.1665760000301848
wildcat_strike-boycott_tncs,wildcat_strike+boycott_tncs,managers,rides_partial_acceptances,-3.520815333333333,-3.944750777777776,-1.6330672535926625,-1.8297021311464428,0.42393544444444275,0.19663487755378029
wildcat_strike-boycott_tncs,wildcat_strike+boycott_tncs,managers,rides_waiting_duration_avg,-59.41531661111128,-68.27046355555592,-0.2576532139854638,-0.2960533639919529,8.855146944444641,0.03840015000648911
wildcat_strike-boycott_tncs,wildcat_strike+boycott_tncs,managers,traffic_duration_avg,43.543157611111155,72.67394911111114,0.28689144589197657,0.4788245842291948,-29.130791499999987,-0.19193313833721826
wildcat_strike-boycott_tncs,wildcat_strike+boycott_tncs,managers,traffic_length_avg,50.982071777777946,37.40072327777807,0.6394682124570694,0.4691173352721023,13.581348499999876,0.1703508771849671
wildcat_strike-boycott_tncs,wildcat_strike+boycott_tncs,managers,traffic_speed_avg,-0.028487666666666023,-0.29967816666666725,-0.02926165830460009,-0.3078202303107501,0.2711905000000012,0.27855857200615003
wildcat_strike-boycott_tncs,wildcat_strike+boycott_tncs,drivers,drivers_accept,-1.2371113888888887,-1.193509888888888,-1.3679019676210036,-1.3196908055729393,-0.04360150000000074,-0.048211162048064304
wildcat_strike-boycott_tncs,wildcat_strike+boycott_tncs,drivers,drivers_acceptance_rate,0.06393877777777801,-0.030849277777777573,0.31616227252181894,-0.15254244930638633,0.09478805555555558,0.4687047218282053
wildcat_strike-boycott_tncs,wildcat_strike+boycott_tncs,drivers,drivers_busy,-736.7567579444444,-507.71977677777795,-0.757619745596847,-0.5220970475928413,-229.03698116666646,-0.23552269800400571
wildcat_strike-boycott_tncs,wildcat_strike+boycott_tncs,drivers,drivers_change_provider,-0.4195371666666665,-0.3586302222222219,-1.5576261472651445,-1.3314954090269528,-0.06090694444444461,-0.22613073823819163
wildcat_strike-boycott_tncs,wildcat_strike+boycott_tncs,drivers,drivers_change_zone,-0.7734621111111113,-0.7106746666666668,-1.4870251881244596,-1.3663127316956254,-0.0627874444444445,-0.12071245642883421
wildcat_strike-boycott_tncs,wildcat_strike+boycott_tncs,drivers,drivers_demand_pressure,0.0,0.0,,,0.0,
wildcat_strike-boycott_tncs,wildcat_strike+boycott_tncs,drivers,drivers_idle,691.8831712222227,294.60615138888716,0.20997440061288017,0.08940779690518094,397.27701983333554,0.12056660370769923
wildcat_strike-boycott_tncs,wildcat_strike+boycott_tncs,drivers,drivers_idle_duration_avg,141.41803749999985,220.40606250000008,1.1916916860958608,1.8573024834004999,-78.98802500000022,-0.665610797304639
wildcat_strike-boycott_tncs,wildcat_strike+boycott_tncs,drivers,drivers_occupied_distance_avg,1205.0766561111113,1581.8068342777779,1.083778886351896,1.4225890449240617,-376.7301781666665,-0.3388101585721657
wildcat_strike-boycott_tncs,wildcat_strike+boycott_tncs,drivers,drivers_occupied_duration_avg,147.03714933333333,172.86391172222204,1.225447524077213,1.4406947739585683,-25.82676238888871,-0.21524724988135535
wildcat_strike-boycott_tncs,wildcat_strike+boycott_tncs,drivers,drivers_passengers_served,-0.38944455555555546,-0.3091022222222224,-0.452243778817712,-0.35894597838019743,-0.08034233333333307,-0.09329780043751457
wildcat_strike-boycott_tncs,wildcat_strike+boycott_tncs,drivers,drivers_pickup,-415.6890185555556,-321.46739588888886,-1.454109706723139,-1.1245157795636362,-94.22162266666675,-0.32959392715950275
wildcat_strike-boycott_tncs,wildcat_strike+boycott_tncs,drivers,drivers_pickup_accept,-0.5789908333333333,-0.4315836111111112,-1.5939753751223948,-1.1881598270856526,-0.14740722222222213,-0.40581554803674225
wildcat_strike-boycott_tncs,wildcat_strike+boycott_tncs,drivers,drivers_pickup_reject,-0.1573248333333333,-0.13631572222222216,-1.9293481149005225,-1.671703545641222,-0.021009111111111145,-0.25764456925930057
wildcat_strike-boycott_tncs,wildcat_strike+boycott_tncs,drivers,drivers_reject,-0.6288065555555556,-0.5949368333333331,-1.3867972769856733,-1.3120995211575066,-0.03386972222222251,-0.07469775582816673
wildcat_strike-boycott_tncs,wildcat_strike+boycott_tncs,drivers,drivers_removed,-0.23778633333333332,-0.24375861111111108,-1.5647286298844372,-1.6040285925589592,0.005972277777777757,0.03929996267452207
wildcat_strike-boycott_tncs,wildcat_strike+boycott_tncs,drivers,drivers_shift_duration_avg,827.839321833334,1006.3245196111116,0.8859821688212948,1.0770031779217657,-178.48519777777756,-0.19102100910047093
wildcat_strike-boycott_tncs,wildcat_strike+boycott_tncs,drivers,drivers_starting,-0.22837933333333338,-0.24296238888888894,-1.4670452379881764,-1.5607227257706147,0.014583055555555557,0.09367748778243823
wildcat_strike-boycott_tncs,wildcat_strike+boycott_tncs,drivers,drivers_total_length_avg,5197.579751722224,6181.376759277784,0.8693561664910321,1.0339077531810597,-983.7970075555604,-0.16455158669002756
wildcat_strike-boycott_tncs,wildcat_strike+boycott_tncs,drivers,drivers_waiting,-1.3890828888888893,-1.359193555555556,-1.2923083761415313,-1.2645013704308428,-0.029889333333333212,-0.027807005710688504
wildcat_strike-boycott_tncs,wildcat_strike+boycott_tncs,drivers,failed_requests,-0.020102638724746547,-0.005916378518095872,-0.4651588087839777,-0.13690021601018887,-0.014186260206650675,-0.3282585927737888
wildcat_strike-boycott_tncs,wildcat_strike+boycott_tncs,drivers,passengers_accept,-5.340193944444445,-5.544083333333334,-1.5637843771151543,-1.6234898942407447,0.2038893888888893,0.05970551712559047
wildcat_strike-boycott_tncs,wildcat_strike+boycott_tncs,drivers,passengers_acceptance_rate,0.08405361111111143,0.1407024444444449,0.7229454730309122,1.210182333761125,-0.05664883333333348,-0.4872368607302129
wildcat_strike-boycott_tncs,wildcat_strike+boycott_tncs,drivers,passengers_arrivals,-0.3355181111111105,-0.3634260555555555,-0.4387179217600481,-0.4752098874149427,0.027907944444445,0.0364919656548946
wildcat_strike-boycott_tncs,wildcat_strike+boycott_tncs,drivers,passengers_cancel,-0.024638833333333332,-0.024860833333333332,-1.6618665407617244,-1.6768402356221048,0.00022199999999999998,0.014973694860380471
wildcat_strike-boycott_tncs,wildcat_strike+boycott_tncs,drivers,passengers_change_provider,-1.6448332777777783,-1.8321766111111115,-1.442375623878766,-1.6066594214812009,0.1873433333333332,0.16428379760243494
wildcat_strike-boycott_tncs,wildcat_strike+boycott_tncs,drivers,passengers_departures,-0.7828978888888891,-0.8262584444444445,-1.0596327641154435,-1.118320194480242,0.0433605555555554,0.0586874303647984
wildcat_strike-boycott_tncs,wildcat_strike+boycott_tncs,drivers,passengers_drivers_ratio,-0.09906577777777775,-0.060751444444444386,-1.4164059712023938,-0.8686017573425222,-0.03831433333333337,-0.5478042138598715
wildcat_strike-boycott_tncs,wildcat_strike+boycott_tncs,drivers,passengers_new,-1.5365187222222223,-1.5108527777777774,-1.6760753641286599,-1.6480782713771878,-0.02566594444444492,-0.027997092751472108
wildcat_strike-boycott_tncs,wildcat_strike+boycott_tncs,drivers,passengers_no_ratings_count,-0.0782412222222223,-0.06789777777777778,-0.42218385119235025,-0.36637138960085147,-0.010343444444444516,-0.055812461591498774
wildcat_strike-boycott_tncs,wildcat_strike+boycott_tncs,drivers,passengers_offers_discarded,-41.50748155555554,-43.86236149999998,-1.5506899797563294,-1.638666619063909,2.354879944444434,0.0879766393075796
wildcat_strike-boycott_tncs,wildcat_strike+boycott_tncs,drivers,passengers_pickup_accept,-0.6541945555555555,-0.5093613333333333,-1.644362311329359,-1.2803142005217678,-0.14483322222222217,-0.36404811080759125
wildcat_strike-boycott_tncs,wildcat_strike+boycott_tncs,drivers,passengers_pickup_reject,-0.08280550000000003,-0.059973500000000055,-1.6757139089060673,-1.2136685137554641,-0.022831999999999977,-0.46204539515060317
wildcat_strike-boycott_tncs,wildcat_strike+boycott_tncs,drivers,passengers_rating_avg,-0.0014296666666657742,0.0031240555555580585,-0.0678365779667833,0.14823402070457614,-0.004553722222223833,-0.21607059867135944
wildcat_strike-boycott_tncs,wildcat_strike+boycott_tncs,drivers,passengers_ratings_count,-0.2554255555555556,-0.29383288888888925,-0.44080539602747437,-0.5070875647929918,0.03840733333333368,0.0662821687655174
wildcat_strike-boycott_tncs,wildcat_strike+boycott_tncs,drivers,passengers_reject,-2.6098333333333334,-2.8633060000000006,-1.4507957102768672,-1.591700132323909,0.2534726666666671,0.1409044220470419
wildcat_strike-boycott_tncs,wildcat_strike+boycott_tncs,drivers,passengers_unassigned,-12.84487955555556,-10.723277666666675,-1.5974968454458902,-1.333636658191262,-2.1216018888888843,-0.26386018725462823
wildcat_strike-boycott_tncs,wildcat_strike+boycott_tncs,drivers,rides_dispatched,-1.2371113888888887,-1.193509888888888,-1.3679019676210036,-1.3196908055729393,-0.04360150000000074,-0.048211162048064304
wildcat_strike-boycott_tncs,wildcat_strike+boycott_tncs,drivers,rides_duration_avg,53.82762633333323,67.92665183333293,0.23032359547845432,0.29065206372249053,-14.099025499999698,-0.060328468244036204
wildcat_strike-boycott_tncs,wildcat_strike+boycott_tncs,drivers,rides_in_progress,-616.2919354999999,-650.8663054444446,-0.7459914408242591,-0.7878420355907182,34.5743699444447,0.04185059476645914
wildcat_strike-boycott_tncs,wildcat_strike+boycott_tncs,drivers,rides_length_avg,24.265246388890773,-86.00963527777549,0.02097437676899222,-0.07434494862189332,110.27488166666626,0.09531932539088554
wildcat_strike-boycott_tncs,wildcat_strike+boycott_tncs,drivers,rides_not_served,-0.21905644444444447,-0.17429800000000012,-1.7553944110915523,-1.396725560119421,-0.04475844444444435,-0.3586688509721312
wildcat_strike-boycott_tncs,wildcat_strike+boycott_tncs,drivers,rides_offers_generated,-46.942240833333344,-49.681814833333334,-1.5896623433109847,-1.6824358783447313,2.7395739999999904,0.09277353503374663
wildcat_strike-boycott_tncs,wildcat_strike+boycott_tncs,drivers,rides_offers_lyft,-16.236943888888884,-15.719795666666663,-1.4527967535530757,-1.4065250374289398,-0.5171482222222217,-0.04627171612413594
wildcat_strike-boycott_tncs,wildcat_strike+boycott_tncs,drivers,rides_offers_price_lyft_avg,0.21351061111111136,-0.2133989444444495,0.39885044034909156,-0.39864184041610184,0.42690955555556087,0.7974922807651934
wildcat_strike-boycott_tncs,wildcat_strike+boycott_tncs,drivers,rides_offers_price_no_surge_avg,0.16594066666667118,-0.4174585555555588,0.2798555940592484,-0.7040354507842974,0.58339922222223,0.9838910448435458
wildcat_strike-boycott_tncs,wildcat_strike+boycott_tncs,drivers,rides_offers_price_uber_avg,0.08774516666667154,-0.5719401666666641,0.14035122392668242,-0.9148367420559828,0.6596853333333357,1.055187965982665
wildcat_strike-boycott_tncs,wildcat_strike+boycott_tncs,drivers,rides_offers_radius_avg,-932.568058611111,-547.8755791666665,-1.967035860160041,-1.1556163662004544,-384.69247944444453,-0.8114194939595867
wildcat_strike-boycott_tncs,wildcat_strike+boycott_tncs,drivers,rides_offers_surge_lyft_avg,0.0,0.0,,,0.0,
wildcat_strike-boycott_tncs,wildcat_strike+boycott_tncs,drivers,rides_offers_surge_uber_avg,0.0,0.0,,,0.0,
wildcat_strike-boycott_tncs,wildcat_strike+boycott_tncs,drivers,rides_offers_uber,-30.705388888888884,-33.96253688888888,-1.633105832056821,-1.8063414622558267,3.2571479999999937,0.17323563019900567
wildcat_strike-boycott_tncs,wildcat_strike+boycott_tncs,drivers,rides_partial_acceptances,-3.474787222222222,-3.7557408888888886,-1.6117179370611658,-1.7420332729625627,0.28095366666666655,0.13031533590139688
wildcat_strike-boycott_tncs,wildcat_strike+boycott_tncs,drivers,rides_waiting_duration_avg,-8.88534544444451,48.91096611111118,-0.03853110513769603,0.2121013290250679,-57.79631155555569,-0.25063243416276393
wildcat_strike-boycott_tncs,wildcat_strike+boycott_tncs,drivers,traffic_duration_avg,9.614844500000004,-26.089765111111205,0.06334902639048937,-0.1718968225170415,35.70460961111121,0.23524584890753086
wildcat_strike-boycott_tncs,wildcat_strike+boycott_tncs,drivers,traffic_length_avg,30.533495777776352,-7.006509166667456,0.3829816891354885,-0.08788265631695732,37.54000494444381,0.4708643454524458
wildcat_strike-boycott_tncs,wildcat_strike+boycott_tncs,drivers,traffic_speed_avg,0.052355722222222845,0.25385011111111133,0.05377819362615205,0.26074705586926306,-0.2014943888888885,-0.206968862243111
wildcat_strike-boycott_tncs,wildcat_strike+boycott_tncs,bank_tellers_drivers,drivers_accept,-1.2418521111111112,-1.267537166666667,-1.3731438911163059,-1.401544436409528,0.02568505555555589,0.028400545293222113
wildcat_strike-boycott_tncs,wildcat_strike+boycott_tncs,bank_tellers_drivers,drivers_acceptance_rate,0.3706902222222219,0.3258076111111108,1.832976280321206,1.611042286291471,0.04488261111111114,0.2219339940297349
wildcat_strike-boycott_tncs,wildcat_strike+boycott_tncs,bank_tellers_drivers,drivers_busy,-714.0985728333326,-824.669955055554,-0.7343199410759345,-0.8480224101285603,110.57138222222147,0.11370246905262582
wildcat_strike-boycott_tncs,wildcat_strike+boycott_tncs,bank_tellers_drivers,drivers_change_provider,-0.4517586111111112,-0.4655562222222224,-1.677255511137916,-1.7284822475131902,0.013797611111111219,0.05122673637527431
wildcat_strike-boycott_tncs,wildcat_strike+boycott_tncs,bank_tellers_drivers,drivers_change_zone,-0.8282407777777779,-0.827564666666667,-1.592340310785336,-1.5910404484679064,-0.0006761111111109885,-0.001299862317429623
wildcat_strike-boycott_tncs,wildcat_strike+boycott_tncs,bank_tellers_drivers,drivers_demand_pressure,0.0,0.0,,,0.0,
wildcat_strike-boycott_tncs,wildcat_strike+boycott_tncs,bank_tellers_drivers,drivers_idle,693.2841912777767,895.9361022777784,0.2103995856132494,0.27190088426474257,-202.65191100000175,-0.061501298651493175
wildcat_strike-boycott_tncs,wildcat_strike+boycott_tncs,bank_tellers_drivers,drivers_idle_duration_avg,14.155819777777992,117.69321277777817,0.11928727789797955,0.9917689826320035,-103.53739300000018,-0.872481704734024
wildcat_strike-boycott_tncs,wildcat_strike+boycott_tncs,bank_tellers_drivers,drivers_occupied_distance_avg,355.66558800000075,-99.33586500000001,0.3198658383444716,-0.08933714929963416,455.00145300000077,0.40920298764410573
wildcat_strike-boycott_tncs,wildcat_strike+boycott_tncs,bank_tellers_drivers,drivers_occupied_duration_avg,41.28273316666662,-9.931270499999982,0.3440615067389853,-0.08276990475091489,51.2140036666666,0.42683141148990017
wildcat_strike-boycott_tncs,wildcat_strike+boycott_tncs,bank_tellers_drivers,drivers_passengers_served,-0.6291941111111112,-0.7215458333333336,-0.7306537435420598,-0.8378974865660742,0.09235172222222232,0.1072437430240144
wildcat_strike-boycott_tncs,wildcat_strike+boycott_tncs,bank_tellers_drivers,drivers_pickup,-415.29845666666654,-385.55888077777746,-1.4527434935003718,-1.3487123451093697,-29.739575888889078,-0.10403114839100214
wildcat_strike-boycott_tncs,wildcat_strike+boycott_tncs,bank_tellers_drivers,drivers_pickup_accept,-0.5990454999999999,-0.5079985555555555,-1.6491863439021903,-1.3985319655088977,-0.09104694444444439,-0.25065437839329263
wildcat_strike-boycott_tncs,wildcat_strike+boycott_tncs,bank_tellers_drivers,drivers_pickup_reject,-0.13579588888888888,-0.13951755555555562,-1.6653285860084728,-1.7109691273997227,0.003721666666666734,0.045640541391249956
wildcat_strike-boycott_tncs,wildcat_strike+boycott_tncs,bank_tellers_drivers,drivers_reject,-0.7533428333333334,-0.8417498888888888,-1.6614549906851845,-1.8564317491613187,0.08840705555555539,0.19497675847613416
wildcat_strike-boycott_tncs,wildcat_strike+boycott_tncs,bank_tellers_drivers,drivers_removed,-0.2741754999999999,-0.27638955555555544,-1.8041838168280506,-1.8187531828103918,0.0022140555555555386,0.014569365982341154
wildcat_strike-boycott_tncs,wildcat_strike+boycott_tncs,bank_tellers_drivers,drivers_shift_duration_avg,106.4844678888885,-211.42057094444453,0.11396334689326676,-0.22626958038664757,317.90503883333304,0.34023292727991433
wildcat_strike-boycott_tncs,wildcat_strike+boycott_tncs,bank_tellers_drivers,drivers_starting,-0.2235747222222224,-0.21298127777777803,-1.4361817542041486,-1.3681324171678968,-0.010593444444444378,-0.06804933703625182
wildcat_strike-boycott_tncs,wildcat_strike+boycott_tncs,bank_tellers_drivers,drivers_total_length_avg,798.947977888889,-2423.504735277773,0.13363341871822165,-0.4053595878804608,3222.452713166662,0.5389930065986824
wildcat_strike-boycott_tncs,wildcat_strike+boycott_tncs,bank_tellers_drivers,drivers_waiting,-1.473018111111111,-1.5478694444444452,-1.3703960061877423,-1.4400326029709647,0.07485133333333427,0.06963659678322243
wildcat_strike-boycott_tncs,wildcat_strike+boycott_tncs,bank_tellers_drivers,failed_requests,-0.008964429848698663,-0.05208567408768991,-0.20742965970507324,-1.2052203914660857,0.043121244238991246,0.9977907317610125
wildcat_strike-boycott_tncs,wildcat_strike+boycott_tncs,bank_tellers_drivers,passengers_accept,-5.596629111111112,-6.298963166666668,-1.6388770257245624,-1.8445435305406086,0.7023340555555553,0.2056665048160462
wildcat_strike-boycott_tncs,wildcat_strike+boycott_tncs,bank_tellers_drivers,passengers_acceptance_rate,0.029672944444444793,-0.0011974444444442511,0.25521712361949067,-0.010299224850347288,0.030870388888889044,0.26551634846983796
wildcat_strike-boycott_tncs,wildcat_strike+boycott_tncs,bank_tellers_drivers,passengers_arrivals,-0.3915372777777777,-0.39526738888888846,-0.5119676557232652,-0.5168450871953881,0.0037301111111107677,0.0048774314721229395
wildcat_strike-boycott_tncs,wildcat_strike+boycott_tncs,bank_tellers_drivers,passengers_cancel,-0.027528166666666666,-0.04466683333333335,-1.8567494041998285,-3.0127366338414507,0.017138666666666684,1.1559872296416223
wildcat_strike-boycott_tncs,wildcat_strike+boycott_tncs,bank_tellers_drivers,passengers_change_provider,-2.1889905555555558,-2.4919813333333343,-1.9195541948785513,-2.1852507356958504,0.3029907777777785,0.2656965408172991
wildcat_strike-boycott_tncs,wildcat_strike+boycott_tncs,bank_tellers_drivers,passengers_departures,-0.7468890555555554,-0.796055388888889,-1.010895706398089,-1.0774411121665999,0.049166333333333645,0.06654540576851087
wildcat_strike-boycott_tncs,wildcat_strike+boycott_tncs,bank_tellers_drivers,passengers_drivers_ratio,-0.1091593888888889,-0.09023911111111109,-1.5607207019749376,-1.2902055450519594,-0.018920277777777814,-0.27051515692297823
wildcat_strike-boycott_tncs,wildcat_strike+boycott_tncs,bank_tellers_drivers,passengers_new,-1.5358427222222222,-1.5120930555555558,-1.6753379654040204,-1.6494311992640698,-0.023749666666666336,-0.025906766139950577
wildcat_strike-boycott_tncs,wildcat_strike+boycott_tncs,bank_tellers_drivers,passengers_no_ratings_count,-0.10381505555555559,-0.09998116666666662,-0.560178365334173,-0.5394909843068482,-0.00383388888888897,-0.020687381027324814
wildcat_strike-boycott_tncs,wildcat_strike+boycott_tncs,bank_tellers_drivers,passengers_offers_discarded,-45.07413905555555,-51.3022042777778,-1.683937766401012,-1.9166138520469809,6.228065222222249,0.23267608564596887
wildcat_strike-boycott_tncs,wildcat_strike+boycott_tncs,bank_tellers_drivers,passengers_pickup_accept,-0.5988893888888887,-0.5208608333333329,-1.505349030163749,-1.3092189724104195,-0.07802855555555577,-0.1961300577533296
wildcat_strike-boycott_tncs,wildcat_strike+boycott_tncs,bank_tellers_drivers,passengers_pickup_reject,-0.13634305555555554,-0.1274631111111111,-2.7591398467154598,-2.579438662423731,-0.008879944444444426,-0.17970118429172866
wildcat_strike-boycott_tncs,wildcat_strike+boycott_tncs,bank_tellers_drivers,passengers_rating_avg,0.011045222222221263,0.0009660555555548456,0.5240872546784527,0.04583858919189643,0.010079166666666417,0.4782486654865563
wildcat_strike-boycott_tncs,wildcat_strike+boycott_tncs,bank_tellers_drivers,passengers_ratings_count,-0.28777822222222227,-0.2930465,-0.4966386113513147,-0.5057304395639031,0.005268277777777719,0.00909182821258836
wildcat_strike-boycott_tncs,wildcat_strike+boycott_tncs,bank_tellers_drivers,passengers_reject,-4.366120555555557,-4.723824388888891,-2.4271086171090057,-2.625954719778241,0.35770383333333466,0.19884610266923541
wildcat_strike-boycott_tncs,wildcat_strike+boycott_tncs,bank_tellers_drivers,passengers_unassigned,-14.090777888888885,-13.444555833333332,-1.7524472012384786,-1.6720776118824572,-0.6462220555555529,-0.08036958935602145
wildcat_strike-boycott_tncs,wildcat_strike+boycott_tncs,bank_tellers_drivers,rides_dispatched,-1.2418521111111112,-1.267537166666667,-1.3731438911163059,-1.401544436409528,0.02568505555555589,0.028400545293222113
wildcat_strike-boycott_tncs,wildcat_strike+boycott_tncs,bank_tellers_drivers,rides_duration_avg,-49.054525499999954,-80.20646005555523,-0.2098999242077459,-0.34319626405585457,31.151934555555272,0.13329633984810868
wildcat_strike-boycott_tncs,wildcat_strike+boycott_tncs,bank_tellers_drivers,rides_in_progress,-639.6049076666668,-726.6575927777781,-0.7742106607989583,-0.8795837060278756,87.05268511111126,0.10537304522891733
wildcat_strike-boycott_tncs,wildcat_strike+boycott_tncs,bank_tellers_drivers,rides_length_avg,-289.1092393333356,-351.56620711111555,-0.2499000428839791,-0.30388655318043795,62.45696777777994,0.053986510296458845
wildcat_strike-boycott_tncs,wildcat_strike+boycott_tncs,bank_tellers_drivers,rides_not_served,-0.24973105555555547,-0.2686845555555555,-2.001203389884263,-2.153086015638565,0.018953500000000012,0.15188262575430223
wildcat_strike-boycott_tncs,wildcat_strike+boycott_tncs,bank_tellers_drivers,rides_offers_generated,-50.86255555555555,-57.77528694444446,-1.7224207412317551,-1.9565149937272046,6.912731388888908,0.23409425249544946
wildcat_strike-boycott_tncs,wildcat_strike+boycott_tncs,bank_tellers_drivers,rides_offers_lyft,-17.572120833333333,-18.499037722222216,-1.572261398105749,-1.6551970697571607,0.9269168888888828,0.0829356716514118
wildcat_strike-boycott_tncs,wildcat_strike+boycott_tncs,bank_tellers_drivers,rides_offers_price_lyft_avg,0.02106855555555498,-0.0981939444444464,0.03935730696063322,-0.1834320916298642,0.11926250000000138,0.22278939859049743
wildcat_strike-boycott_tncs,wildcat_strike+boycott_tncs,bank_tellers_drivers,rides_offers_price_no_surge_avg,-0.08566100000000176,-0.2810817222222255,-0.1444655522016452,-0.47403866654162796,0.19542072222222373,0.32957311433998276
wildcat_strike-boycott_tncs,wildcat_strike+boycott_tncs,bank_tellers_drivers,rides_offers_price_uber_avg,-0.18594044444444435,-0.4229410000000051,-0.2974177375990047,-0.676507769644737,0.23700055555556077,0.37909003204573233
wildcat_strike-boycott_tncs,wildcat_strike+boycott_tncs,bank_tellers_drivers,rides_offers_radius_avg,-1000.1005556111106,-719.5286706666659,-2.109479987533424,-1.5176787201166886,-280.5718849444447,-0.5918012674167352
wildcat_strike-boycott_tncs,wildcat_strike+boycott_tncs,bank_tellers_drivers,rides_offers_surge_lyft_avg,0.0,0.0,,,0.0,
wildcat_strike-boycott_tncs,wildcat_strike+boycott_tncs,bank_tellers_drivers,rides_offers_surge_uber_avg,0.0,0.0,,,0.0,
wildcat_strike-boycott_tncs,wildcat_strike+boycott_tncs,bank_tellers_drivers,rides_offers_uber,-33.29065794444443,-39.27732477777775,-1.7706067113761377,-2.089015331943574,5.986666833333317,0.31840862056743613
wildcat_strike-boycott_tncs,wildcat_strike+boycott_tncs,bank_tellers_drivers,rides_partial_acceptances,-3.601176277777778,-4.188110944444443,-1.670341241125475,-1.9425803941014967,0.5869346666666648,0.27223915297602175
wildcat_strike-boycott_tncs,wildcat_strike+boycott_tncs,bank_tellers_drivers,rides_waiting_duration_avg,-73.7602594444445,-94.32500433333325,-0.3198597431475899,-0.40903830715481154,20.564744888888754,0.08917856400722163
wildcat_strike-boycott_tncs,wildcat_strike+boycott_tncs,bank_tellers_drivers,traffic_duration_avg,17.541249055555568,29.21755088888915,0.11557348112520555,0.19250476721965754,-11.676301833333582,-0.07693128609445199
wildcat_strike-boycott_tncs,wildcat_strike+boycott_tncs,bank_tellers_drivers,traffic_length_avg,55.6484873888885,64.47101588888972,0.6979990713524369,0.8086600612360698,-8.822528500001226,-0.11066098988363293
wildcat_strike-boycott_tncs,wildcat_strike+boycott_tncs,bank_tellers_drivers,traffic_speed_avg,0.013547666666667624,-0.1184980555555537,0.013915748083661614,-0.12171757174775785,0.13204572222222133,0.13563331983141946
wildcat_strike-boycott_tncs,wildcat_strike+boycott_tncs,students_drivers,drivers_accept,-1.2390282222222222,-1.213222,-1.370021453474758,-1.3414869314651046,-0.025806222222222175,-0.02853452200965334
wildcat_strike-boycott_tncs,wildcat_strike+boycott_tncs,students_drivers,drivers_acceptance_rate,0.23259111111111141,0.31998711111111167,1.1501085384028338,1.582261277783477,-0.08739600000000025,-0.43215273938064325
wildcat_strike-boycott_tncs,wildcat_strike+boycott_tncs,students_drivers,drivers_busy,-825.8632180555555,-894.6450668333341,-0.8492494631562293,-0.9199790305620171,68.78184877777858,0.07072956740578784
wildcat_strike-boycott_tncs,wildcat_strike+boycott_tncs,students_drivers,drivers_change_provider,-0.46004555555555565,-0.5330361111111113,-1.708022657348483,-1.9790165212296151,0.07299055555555561,0.2709938638811322
wildcat_strike-boycott_tncs,wildcat_strike+boycott_tncs,students_drivers,drivers_change_zone,-0.8538882222222224,-0.9268151111111116,-1.641648991006432,-1.7818551098472728,0.07292688888888921,0.14020611884084078
wildcat_strike-boycott_tncs,wildcat_strike+boycott_tncs,students_drivers,drivers_demand_pressure,0.0,0.0,,,0.0,
wildcat_strike-boycott_tncs,wildcat_strike+boycott_tncs,students_drivers,drivers_idle,983.2746665000004,1222.1689376666654,0.2984066058023176,0.37090682474746106,-238.89427116666502,-0.07250021894514347
wildcat_strike-boycott_tncs,wildcat_strike+boycott_tncs,students_drivers,drivers_idle_duration_avg,-28.79851316666668,32.39266066666676,-0.24267730849142144,0.27296422075572374,-61.19117383333344,-0.5156415292471452
wildcat_strike-boycott_tncs,wildcat_strike+boycott_tncs,students_drivers,drivers_occupied_distance_avg,-352.4826874444443,-129.30950033333283,-0.31700331470170023,-0.11629376899410959,-223.17318711111147,-0.20070954570759064
wildcat_strike-boycott_tncs,wildcat_strike+boycott_tncs,students_drivers,drivers_occupied_duration_avg,-48.763139888888986,-15.473632111111101,-0.40640524734059813,-0.12896145120479457,-33.289507777777885,-0.27744379613580356
wildcat_strike-boycott_tncs,wildcat_strike+boycott_tncs,students_drivers,drivers_passengers_served,-0.6510654444444444,-0.5510657777777779,-0.7560519017480162,-0.6399269579307096,-0.09999966666666649,-0.11612494381730654
wildcat_strike-boycott_tncs,wildcat_strike+boycott_tncs,students_drivers,drivers_pickup,-452.22461572222227,-364.98041027777793,-1.581913820157702,-1.2767273939371127,-87.24420544444433,-0.30518642622058945
wildcat_strike-boycott_tncs,wildcat_strike+boycott_tncs,students_drivers,drivers_pickup_accept,-0.5959995555555555,-0.470435111111111,-1.6408007872423664,-1.2951189199093456,-0.12556444444444448,-0.34568186733302086
wildcat_strike-boycott_tncs,wildcat_strike+boycott_tncs,students_drivers,drivers_pickup_reject,-0.1540185,-0.14969361111111112,-1.8888010006990177,-1.835762862675044,-0.004324888888888878,-0.053038138023973724
wildcat_strike-boycott_tncs,wildcat_strike+boycott_tncs,students_drivers,drivers_reject,-0.7202218888888888,-0.8016942777777778,-1.5884086218759914,-1.7680913654199186,0.08147238888888897,0.17968274354392721
wildcat_strike-boycott_tncs,wildcat_strike+boycott_tncs,students_drivers,drivers_removed,-0.23234161111111118,-0.2569164444444446,-1.5289001925497474,-1.6906123681498528,0.024574833333333435,0.16171217560010542
wildcat_strike-boycott_tncs,wildcat_strike+boycott_tncs,students_drivers,drivers_shift_duration_avg,-162.43926522222228,42.625223777778956,-0.17384809915117394,0.045618983313687966,-205.06448900000123,-0.2194670824648619
wildcat_strike-boycott_tncs,wildcat_strike+boycott_tncs,students_drivers,drivers_starting,-0.22505572222222214,-0.2220729444444443,-1.4456952857735261,-1.4265347519765423,-0.002982777777777834,-0.019160533796983792
wildcat_strike-boycott_tncs,wildcat_strike+boycott_tncs,students_drivers,drivers_total_length_avg,-972.9189399999959,253.0293148888959,-0.1627321023221729,0.042322120238515726,-1225.9482548888918,-0.20505422256068861
wildcat_strike-boycott_tncs,wildcat_strike+boycott_tncs,students_drivers,drivers_waiting,-1.4492950000000004,-1.427691888888889,-1.3483256348353554,-1.328227567496885,-0.02160311111111146,-0.020098067338470305
wildcat_strike-boycott_tncs,wildcat_strike+boycott_tncs,students_drivers,failed_requests,-0.026467410724457935,-0.030924630136945283,-0.61243448747002,-0.7155709413848568,0.004457219412487348,0.10313645391483672
wildcat_strike-boycott_tncs,wildcat_strike+boycott_tncs,students_drivers,passengers_accept,-5.607111111111109,-6.713537388888885,-1.6419464999817603,-1.965944494365194,1.1064262777777758,0.3239979943834337
wildcat_strike-boycott_tncs,wildcat_strike+boycott_tncs,students_drivers,passengers_acceptance_rate,0.13122722222222238,0.0690365555555561,1.1286859064099852,0.5937837131894333,0.06219066666666628,0.5349021932205519
wildcat_strike-boycott_tncs,wildcat_strike+boycott_tncs,students_drivers,passengers_arrivals,-0.3066388888888887,-0.27006455555555586,-0.4009559293793029,-0.3531319372358645,-0.03657433333333282,-0.04782399214343841
wildcat_strike-boycott_tncs,wildcat_strike+boycott_tncs,students_drivers,passengers_cancel,-0.030000833333333338,-0.04091716666666668,-2.023528485993075,-2.759825082063043,0.01091633333333334,0.7362965960699679
wildcat_strike-boycott_tncs,wildcat_strike+boycott_tncs,students_drivers,passengers_change_provider,-2.029695111111111,-2.329741611111111,-1.7798659546381663,-2.042980620104346,0.3000465000000001,0.2631146654661798
wildcat_strike-boycott_tncs,wildcat_strike+boycott_tncs,students_drivers,passengers_departures,-0.7697317777777777,-0.7812223888888883,-1.0418127611401922,-1.0573650166588804,0.011490611111110605,0.015552255518688218
wildcat_strike-boycott_tncs,wildcat_strike+boycott_tncs,students_drivers,passengers_drivers_ratio,-0.10995738888888885,-0.10007494444444436,-1.5721302118013774,-1.4308346641846603,-0.0098824444444445,-0.14129554761671703
wildcat_strike-boycott_tncs,wildcat_strike+boycott_tncs,students_drivers,passengers_new,-1.5375930000000002,-1.514676388888889,-1.6772472148139286,-1.6522491677630606,-0.022916611111111207,-0.024998047050867944
wildcat_strike-boycott_tncs,wildcat_strike+boycott_tncs,students_drivers,passengers_no_ratings_count,-0.07148216666666657,-0.07322316666666667,-0.38571248707226,-0.39510679437025054,0.0017410000000001036,0.009394307297990512
wildcat_strike-boycott_tncs,wildcat_strike+boycott_tncs,students_drivers,passengers_offers_discarded,-44.203750055555545,-52.92075899999998,-1.6514206526131368,-1.9770819049226511,8.717008944444437,0.32566125230951437
wildcat_strike-boycott_tncs,wildcat_strike+boycott_tncs,students_drivers,passengers_pickup_accept,-0.6600553888888889,-0.5390833888888891,-1.6590939127535442,-1.355022599660444,-0.12097199999999986,-0.3040713130931003
wildcat_strike-boycott_tncs,wildcat_strike+boycott_tncs,students_drivers,passengers_pickup_reject,-0.0904166666666667,-0.08183383333333337,-1.829739158996165,-1.656050536930127,-0.008582833333333331,-0.17368862206603786
wildcat_strike-boycott_tncs,wildcat_strike+boycott_tncs,students_drivers,passengers_rating_avg,-0.0010387777777776108,0.007320166666667127,-0.04928920241017726,0.3473362486455044,-0.008358944444444738,-0.39662545105568164
wildcat_strike-boycott_tncs,wildcat_strike+boycott_tncs,students_drivers,passengers_ratings_count,-0.2384453888888891,-0.200381388888889,-0.41150155806250444,-0.345811903173057,-0.0380640000000001,-0.06568965488944745
wildcat_strike-boycott_tncs,wildcat_strike+boycott_tncs,students_drivers,passengers_reject,-3.1007214999999975,-3.6511562222222187,-1.7236784408825274,-2.02966285896316,0.5504347222222212,0.30598441808063237
wildcat_strike-boycott_tncs,wildcat_strike+boycott_tncs,students_drivers,passengers_unassigned,-13.680472555555559,-13.96936133333334,-1.7014181921430902,-1.7373468210717375,0.28888877777778177,0.035928628928647344
wildcat_strike-boycott_tncs,wildcat_strike+boycott_tncs,students_drivers,rides_dispatched,-1.2390282222222222,-1.213222,-1.370021453474758,-1.3414869314651046,-0.025806222222222175,-0.02853452200965334
wildcat_strike-boycott_tncs,wildcat_strike+boycott_tncs,students_drivers,rides_duration_avg,-101.01254855555567,-60.67427688888915,-0.43222365459110196,-0.2596198004267237,-40.338271666666515,-0.17260385416437823
wildcat_strike-boycott_tncs,wildcat_strike+boycott_tncs,students_drivers,rides_in_progress,-842.7965460555556,-799.0222035000011,-1.0201642655012366,-0.9671775509376922,-43.77434255555454,-0.052986714563544424
wildcat_strike-boycott_tncs,wildcat_strike+boycott_tncs,students_drivers,rides_length_avg,-284.5348553888907,-318.984500444446,-0.24594604007687215,-0.2757236002702882,34.449645055555266,0.02977756019341604
wildcat_strike-boycott_tncs,wildcat_strike+boycott_tncs,students_drivers,rides_not_served,-0.23399988888888887,-0.2062034444444445,-1.8751427203766848,-1.6523977408818258,-0.027796444444444374,-0.22274497949485905
wildcat_strike-boycott_tncs,wildcat_strike+boycott_tncs,students_drivers,rides_offers_generated,-49.90005572222219,-59.678333333333306,-1.6898264356909198,-2.0209601741933736,9.778277611111115,0.33113373850245376
wildcat_strike-boycott_tncs,wildcat_strike+boycott_tncs,students_drivers,rides_offers_lyft,-18.918610666666662,-22.54764766666665,-1.6927382607435213,-2.017445496797458,3.629036999999986,0.3247072360539369
wildcat_strike-boycott_tncs,wildcat_strike+boycott_tncs,students_drivers,rides_offers_price_lyft_avg,-0.4154921666666702,-0.8254216666666672,-0.776163923536142,-1.5419364569770946,0.40992949999999695,0.7657725334409525
wildcat_strike-boycott_tncs,wildcat_strike+boycott_tncs,students_drivers,rides_offers_price_no_surge_avg,-0.4581572777777758,-0.8424394444444445,-0.7726730265741415,-1.4207571653157367,0.3842821666666687,0.6480841387415952
wildcat_strike-boycott_tncs,wildcat_strike+boycott_tncs,students_drivers,rides_offers_price_uber_avg,-0.4821703888888891,-0.8356569444444482,-0.7712470873619579,-1.3366602331631188,0.3534865555555591,0.5654131458011609
wildcat_strike-boycott_tncs,wildcat_strike+boycott_tncs,students_drivers,rides_offers_radius_avg,-880.4878953888888,-677.2320144999994,-1.8571848442313268,-1.4284637414602226,-203.25588088888935,-0.4287211027711042
wildcat_strike-boycott_tncs,wildcat_strike+boycott_tncs,students_drivers,rides_offers_surge_lyft_avg,0.0,0.0,,,0.0,
wildcat_strike-boycott_tncs,wildcat_strike+boycott_tncs,students_drivers,rides_offers_surge_uber_avg,0.0,0.0,,,0.0,
wildcat_strike-boycott_tncs,wildcat_strike+boycott_tncs,students_drivers,rides_offers_uber,-30.981250222222222,-37.130352722222234,-1.6477778739559117,-1.9748258456003636,6.149102500000012,0.3270479716444519
wildcat_strike-boycott_tncs,wildcat_strike+boycott_tncs,students_drivers,rides_partial_acceptances,-3.649083333333331,-4.701158444444442,-1.6925620724491528,-2.180548305640428,1.0520751111111109,0.4879862331912752
wildcat_strike-boycott_tncs,wildcat_strike+boycott_tncs,students_drivers,rides_waiting_duration_avg,-50.005092166666714,-49.679154500000095,-0.2168459826059663,-0.2154325610815934,-0.3259376666666185,-0.0014134215243729042
wildcat_strike-boycott_tncs,wildcat_strike+boycott_tncs,students_drivers,traffic_duration_avg,-50.44270127777793,-28.170632833333684,-0.3323502542816502,-0.1856069708455131,-22.272068444444244,-0.14674328343613713
wildcat_strike-boycott_tncs,wildcat_strike+boycott_tncs,students_drivers,traffic_length_avg,-2.1129811111100025,42.52266783333425,-0.026503125647122455,0.5333618944873945,-44.635648944444256,-0.5598650201345169
wildcat_strike-boycott_tncs,wildcat_strike+boycott_tncs,students_drivers,traffic_speed_avg,0.22777277777777805,0.11099716666666559,0.2339612181092321,0.11401288851709357,0.11677561111111245,0.11994832959213853
wildcat_strike-boycott_tncs,wildcat_strike+boycott_tncs,managers_drivers,drivers_accept,-1.2454716111111108,-1.2542861666666658,-1.377146053909626,-1.386892506813093,0.008814555555554993,0.009746452903466984
wildcat_strike-boycott_tncs,wildcat_strike+boycott_tncs,managers_drivers,drivers_acceptance_rate,0.2587513888888886,0.19437738888888845,1.2794649815423933,0.9611506371228602,0.06437400000000015,0.3183143444195331
wildcat_strike-boycott_tncs,wildcat_strike+boycott_tncs,managers_drivers,drivers_busy,-766.5403210000004,-1052.1672034444446,-0.7882466997737905,-1.0819617742264875,285.62688244444416,0.29371507445269707
wildcat_strike-boycott_tncs,wildcat_strike+boycott_tncs,managers_drivers,drivers_change_provider,-0.4128706666666666,-0.39401827777777765,-1.5328752657324165,-1.4628815292893338,-0.01885238888888896,-0.06999373644308271
wildcat_strike-boycott_tncs,wildcat_strike+boycott_tncs,managers_drivers,drivers_change_zone,-0.7828515555555557,-0.7028697777777777,-1.505076932600122,-1.3513073859888807,-0.07998177777777804,-0.15376954661124143
wildcat_strike-boycott_tncs,wildcat_strike+boycott_tncs,managers_drivers,drivers_demand_pressure,0.0,0.0,,,0.0,
wildcat_strike-boycott_tncs,wildcat_strike+boycott_tncs,managers_drivers,drivers_idle,773.4156435555569,836.7154242777779,0.23471807515324486,0.25392844775501766,-63.29978072222093,-0.0192103726017728
wildcat_strike-boycott_tncs,wildcat_strike+boycott_tncs,managers_drivers,drivers_idle_duration_avg,-114.5456966666668,-165.57426750000036,-0.9652457127028462,-1.3952497255603815,51.02857083333356,0.4300040128575353
wildcat_strike-boycott_tncs,wildcat_strike+boycott_tncs,managers_drivers,drivers_occupied_distance_avg,-476.78840883333305,-1201.8271982777778,-0.42879696335536516,-1.0808565047971637,725.0387894444448,0.6520595414417985
wildcat_strike-boycott_tncs,wildcat_strike+boycott_tncs,managers_drivers,drivers_occupied_duration_avg,-46.95567616666676,-138.05723200000023,-0.39134135394155434,-1.150606454915813,91.10155583333346,0.7592651009742587
wildcat_strike-boycott_tncs,wildcat_strike+boycott_tncs,managers_drivers,drivers_passengers_served,-0.7507963888888889,-0.7562692222222223,-0.8718647909955611,-0.8782201368135953,0.005472833333333371,0.006355345818034208
wildcat_strike-boycott_tncs,wildcat_strike+boycott_tncs,managers_drivers,drivers_pickup,-446.62931794444455,-375.08899816666684,-1.5623410711855383,-1.3120879522255509,-71.54031977777771,-0.2502531189599875
wildcat_strike-boycott_tncs,wildcat_strike+boycott_tncs,managers_drivers,drivers_pickup_accept,-0.6217500555555555,-0.4869536666666663,-1.7116925190868648,-1.340594891673112,-0.13479638888888923,-0.37109762741375274
wildcat_strike-boycott_tncs,wildcat_strike+boycott_tncs,managers_drivers,drivers_pickup_reject,-0.15072188888888893,-0.14550816666666674,-1.8483731146620668,-1.7844347971826733,-0.005213722222222189,-0.06393831747939349
wildcat_strike-boycott_tncs,wildcat_strike+boycott_tncs,managers_drivers,drivers_reject,-0.7181114444444443,-0.763806222222222,-1.5837541560741848,-1.6845314028042226,0.04569477777777775,0.10077724673003785
wildcat_strike-boycott_tncs,wildcat_strike+boycott_tncs,managers_drivers,drivers_removed,-0.2732214444444444,-0.26764861111111093,-1.797905751889031,-1.761234292499406,-0.005572833333333471,-0.036671459389624905
wildcat_strike-boycott_tncs,wildcat_strike+boycott_tncs,managers_drivers,drivers_shift_duration_avg,-406.1372015555562,-629.9771415555574,-0.43466202822586675,-0.6742232453360105,223.8399400000012,0.23956121711014378
wildcat_strike-boycott_tncs,wildcat_strike+boycott_tncs,managers_drivers,drivers_starting,-0.22385155555555553,-0.23374044444444447,-1.4379600544446085,-1.501483522797431,0.009888888888888947,0.06352346835282252
wildcat_strike-boycott_tncs,wildcat_strike+boycott_tncs,managers_drivers,drivers_total_length_avg,-2125.277522722219,-3664.515284999994,-0.35547758921277434,-0.6129331558904467,1539.237762277775,0.2574555666776724
wildcat_strike-boycott_tncs,wildcat_strike+boycott_tncs,managers_drivers,drivers_waiting,-1.4836670555555556,-1.5482687777777782,-1.3803030608442355,-1.4404041155823912,0.0646017222222226,0.060101054738155746
wildcat_strike-boycott_tncs,wildcat_strike+boycott_tncs,managers_drivers,failed_requests,-0.03688269952156692,-0.018650883138895985,-0.8534358503428638,-0.43156635815069655,-0.018231816382670935,-0.4218694921921673
wildcat_strike-boycott_tncs,wildcat_strike+boycott_tncs,managers_drivers,passengers_accept,-5.400101611111111,-5.762610555555557,-1.5813273117308935,-1.6874818502709172,0.36250894444444537,0.10615453854002377
wildcat_strike-boycott_tncs,wildcat_strike+boycott_tncs,managers_drivers,passengers_acceptance_rate,0.0777671111111109,0.036353833333333085,0.6688752593169363,0.31267947787408173,0.04141327777777781,0.3561957814428545
wildcat_strike-boycott_tncs,wildcat_strike+boycott_tncs,managers_drivers,passengers_arrivals,-0.28818522222222187,-0.3359911666666664,-0.3768262206668821,-0.4393364813648432,0.047805944444444526,0.06251026069796112
wildcat_strike-boycott_tncs,wildcat_strike+boycott_tncs,managers_drivers,passengers_cancel,-0.021943833333333322,-0.024276999999999986,-1.4800912810827813,-1.637461216781329,0.002333166666666664,0.15736993569854762
wildcat_strike-boycott_tncs,wildcat_strike+boycott_tncs,managers_drivers,passengers_change_provider,-2.083175333333333,-2.120111888888889,-1.8267634547891665,-1.8591535991783625,0.03693655555555564,0.032390144389196074
wildcat_strike-boycott_tncs,wildcat_strike+boycott_tncs,managers_drivers,passengers_departures,-0.7075924999999998,-0.8028610555555555,-0.9577087986614417,-1.0866524122403334,0.09526855555555569,0.12894361357889172
wildcat_strike-boycott_tncs,wildcat_strike+boycott_tncs,managers_drivers,passengers_drivers_ratio,-0.10269194444444443,-0.0818222777777778,-1.4682515654575867,-1.1698647648211615,-0.020869666666666634,-0.2983868006364252
wildcat_strike-boycott_tncs,wildcat_strike+boycott_tncs,managers_drivers,passengers_new,-1.5356486666666664,-1.5086945555555555,-1.6751262844584938,-1.645724025350332,-0.0269541111111109,-0.029402259108161743
wildcat_strike-boycott_tncs,wildcat_strike+boycott_tncs,managers_drivers,passengers_no_ratings_count,-0.05466761111111118,-0.06401883333333347,-0.2949823882968363,-0.34544089212644535,0.009351222222222288,0.050458503829609036
wildcat_strike-boycott_tncs,wildcat_strike+boycott_tncs,managers_drivers,passengers_offers_discarded,-43.11533361111112,-46.13551972222222,-1.6107581886199176,-1.723590192971489,3.0201861111111015,0.11283200435157137
wildcat_strike-boycott_tncs,wildcat_strike+boycott_tncs,managers_drivers,passengers_pickup_accept,-0.6285834444444445,-0.5108318888888886,-1.5799870494065271,-1.2840105414829328,-0.11775155555555583,-0.2959765079235943
wildcat_strike-boycott_tncs,wildcat_strike+boycott_tncs,managers_drivers,passengers_pickup_reject,-0.1442497777777778,-0.12211000000000002,-2.919146179647868,-2.4711091101016214,-0.022139777777777786,-0.4480370695462468
wildcat_strike-boycott_tncs,wildcat_strike+boycott_tncs,managers_drivers,passengers_rating_avg,0.004225777777778106,0.0034009444444453862,0.20050988833718142,0.16137218440181533,0.0008248333333327196,0.039137703935366086
wildcat_strike-boycott_tncs,wildcat_strike+boycott_tncs,managers_drivers,passengers_ratings_count,-0.23589799999999972,-0.2755628888888888,-0.4071053543797502,-0.4755577729994274,0.03966488888888908,0.06845241861967721
wildcat_strike-boycott_tncs,wildcat_strike+boycott_tncs,managers_drivers,passengers_reject,-3.647703611111112,-3.759250000000002,-2.0277435665220405,-2.0897517493549964,0.11154638888889012,0.06200818283295595
wildcat_strike-boycott_tncs,wildcat_strike+boycott_tncs,managers_drivers,passengers_unassigned,-13.18170416666667,-11.76374094444445,-1.6393871762497951,-1.4630373891878707,-1.4179632222222196,-0.1763497870619244
wildcat_strike-boycott_tncs,wildcat_strike+boycott_tncs,managers_drivers,rides_dispatched,-1.2454716111111108,-1.2542861666666658,-1.377146053909626,-1.386892506813093,0.008814555555554993,0.009746452903466984
wildcat_strike-boycott_tncs,wildcat_strike+boycott_tncs,managers_drivers,rides_duration_avg,-22.94571894444448,-50.71279450000054,-0.09818267770893307,-0.21699550884276958,27.76707555555606,0.1188128311338365
wildcat_strike-boycott_tncs,wildcat_strike+boycott_tncs,managers_drivers,rides_in_progress,-658.3266018333329,-752.551490777777,-0.7968723618558309,-0.9109270113104669,94.22488894444405,0.11405464945463606
wildcat_strike-boycott_tncs,wildcat_strike+boycott_tncs,managers_drivers,rides_length_avg,-285.6014851111113,-410.600755166668,-0.24686801273308645,-0.3549147947016623,124.99927005555674,0.10804678196857587
wildcat_strike-boycott_tncs,wildcat_strike+boycott_tncs,managers_drivers,rides_not_served,-0.27367572222222236,-0.24118438888888916,-2.193082401472882,-1.9327152386309294,-0.032491333333333206,-0.2603671628419526
wildcat_strike-boycott_tncs,wildcat_strike+boycott_tncs,managers_drivers,rides_offers_generated,-48.638907555555555,-51.859694166666664,-1.6471186374628035,-1.7561880619434491,3.2207866111111088,0.1090694244806456
wildcat_strike-boycott_tncs,wildcat_strike+boycott_tncs,managers_drivers,rides_offers_lyft,-17.482009166666668,-17.17390772222223,-1.564198677824984,-1.536631373206767,-0.3081014444444392,-0.027567304618216992
wildcat_strike-boycott_tncs,wildcat_strike+boycott_tncs,managers_drivers,rides_offers_price_lyft_avg,-0.2708807222222198,-0.529488333333326,-0.5060211985632305,-0.9891155002118455,0.2586076111111062,0.483094301648615
wildcat_strike-boycott_tncs,wildcat_strike+boycott_tncs,managers_drivers,rides_offers_price_no_surge_avg,-0.23247905555555448,-0.5453856111111044,-0.3920712475473019,-0.9197818548930756,0.3129065555555499,0.5277106073457738
wildcat_strike-boycott_tncs,wildcat_strike+boycott_tncs,managers_drivers,rides_offers_price_uber_avg,-0.22297422222222352,-0.5711848333333336,-0.3566544595199438,-0.9136285620292893,0.34821061111111007,0.5569741025093455
wildcat_strike-boycott_tncs,wildcat_strike+boycott_tncs,managers_drivers,rides_offers_radius_avg,-941.4979153333337,-616.8788559444451,-1.9858713201959162,-1.3011627621306208,-324.61905938888856,-0.6847085580652954
wildcat_strike-boycott_tncs,wildcat_strike+boycott_tncs,managers_drivers,rides_offers_surge_lyft_avg,0.0,0.0,,,0.0,
wildcat_strike-boycott_tncs,wildcat_strike+boycott_tncs,managers_drivers,rides_offers_surge_uber_avg,0.0,0.0,,,0.0,
wildcat_strike-boycott_tncs,wildcat_strike+boycott_tncs,managers_drivers,rides_offers_uber,-31.15721283333334,-34.685601333333345,-1.657136673073206,-1.8447985801724305,3.5283885000000055,0.18766190709922448
wildcat_strike-boycott_tncs,wildcat_strike+boycott_tncs,managers_drivers,rides_partial_acceptances,-3.434935333333335,-3.74261216666667,-1.5932333508001082,-1.7359437498513575,0.30767683333333506,0.14271039905124927
wildcat_strike-boycott_tncs,wildcat_strike+boycott_tncs,managers_drivers,rides_waiting_duration_avg,-53.45362288888873,-93.82619183333281,-0.23180046025225645,-0.40687521771707547,40.37256894444408,0.17507475746481901
wildcat_strike-boycott_tncs,wildcat_strike+boycott_tncs,managers_drivers,traffic_duration_avg,-29.43092083333306,-80.39182961111044,-0.19391059112471548,-0.5296751430159854,50.96090877777738,0.3357645518912699
wildcat_strike-boycott_tncs,wildcat_strike+boycott_tncs,managers_drivers,traffic_length_avg,-30.41677455555555,-65.71774855555577,-0.38151765464793996,-0.824297831180764,35.300974000000224,0.4427801765328241
wildcat_strike-boycott_tncs,wildcat_strike+boycott_tncs,managers_drivers,traffic_speed_avg,0.25349594444444357,0.3355574999999993,0.2603832667213425,0.3446743821260445,-0.08206155555555572,-0.08429111540470202
wildcat_strike-long_rides,wildcat_strike+long_rides,baseline,drivers_accept,-0.1339582777777779,-0.12398597222222252,-0.1481206893713281,-0.1370940861780507,-0.009972305555555394,-0.011026603193277418
wildcat_strike-long_rides,wildcat_strike+long_rides,baseline,drivers_acceptance_rate,-0.16929994444444407,-0.22319363888888843,-0.8371485510624856,-1.1036402404934655,0.05389369444444436,0.2664916894309799
wildcat_strike-long_rides,wildcat_strike+long_rides,baseline,drivers_busy,-167.28346752777816,-187.93725986111122,-0.17202048945509693,-0.19325914213722115,20.653792333333058,0.021238652682124215
wildcat_strike-long_rides,wildcat_strike+long_rides,baseline,drivers_change_provider,0.020722611111110845,0.057033361111111014,0.07693735733291839,0.2117491883708712,-0.03631075000000017,-0.1348118310379528
wildcat_strike-long_rides,wildcat_strike+long_rides,baseline,drivers_change_zone,-0.06107841666666691,-0.09873544444444415,-0.11742675268685147,-0.18982454439640942,0.03765702777777724,0.07239779170955794
wildcat_strike-long_rides,wildcat_strike+long_rides,baseline,drivers_demand_pressure,0.0,0.0,,,0.0,
wildcat_strike-long_rides,wildcat_strike+long_rides,baseline,drivers_idle,-1421.4059312222234,-940.7722101666668,-0.4313717558829286,-0.28550785618046787,-480.63372105555663,-0.14586389970246072
wildcat_strike-long_rides,wildcat_strike+long_rides,baseline,drivers_idle_duration_avg,-104.92355350000014,-103.84842197222224,-0.8841625056604575,-0.8751026620523714,-1.0751315277778986,-0.009059843608086093
wildcat_strike-long_rides,wildcat_strike+long_rides,baseline,drivers_occupied_distance_avg,1.1123664444439783,-243.70195369444446,0.0010004004809662142,-0.2191719760210788,244.81432013888843,0.22017237650204502
wildcat_strike-long_rides,wildcat_strike+long_rides,baseline,drivers_occupied_duration_avg,-6.279053416666784,-34.849046444444525,-0.05233133597795137,-0.2904414148085974,28.56999302777774,0.23811007883064605
wildcat_strike-long_rides,wildcat_strike+long_rides,baseline,drivers_passengers_served,0.2494719722222225,0.19133769444444493,0.28970015325016085,0.22219153081337806,0.05813427777777758,0.0675086224367828
wildcat_strike-long_rides,wildcat_strike+long_rides,baseline,drivers_pickup,226.10746119444445,285.314961277778,0.7909399560946689,0.998051995958383,-59.20750008333357,-0.20711203986371407
wildcat_strike-long_rides,wildcat_strike+long_rides,baseline,drivers_pickup_accept,0.3819348888888888,0.48204533333333355,1.0514757276623494,1.3270821346210147,-0.10011044444444472,-0.27560640695866523
wildcat_strike-long_rides,wildcat_strike+long_rides,baseline,drivers_pickup_reject,0.09391222222222223,0.11374997222222222,1.151689565287299,1.3949691846292411,-0.019837749999999987,-0.2432796193419422
wildcat_strike-long_rides,wildcat_strike+long_rides,baseline,drivers_reject,0.04211591666666692,0.07663388888888911,0.09288427106089382,0.1690117055825518,-0.03451797222222219,-0.07612743452165797
wildcat_strike-long_rides,wildcat_strike+long_rides,baseline,drivers_removed,0.0399775277777778,0.06988050000000001,0.26306802997882955,0.45984147822052895,-0.029902972222222213,-0.1967734482416994
wildcat_strike-long_rides,wildcat_strike+long_rides,baseline,drivers_shift_duration_avg,-180.80300058333341,-117.62276541666733,-0.193501601532368,-0.1258839367231675,-63.18023516666608,-0.0676176648092005
wildcat_strike-long_rides,wildcat_strike+long_rides,baseline,drivers_starting,-0.13689794444444453,-0.23777347222222225,-0.8793942716106488,-1.5273905701195598,0.10087552777777772,0.647996298508911
wildcat_strike-long_rides,wildcat_strike+long_rides,baseline,drivers_total_length_avg,-390.33322583332847,-188.37667291666367,-0.06528780953329298,-0.0315082076747166,-201.9565529166648,-0.03377960185857638
wildcat_strike-long_rides,wildcat_strike+long_rides,baseline,drivers_waiting,-0.08869902777777794,-0.055671083333333815,-0.08251955118712975,-0.05179259486673815,-0.033027944444444124,-0.030726956320391602
wildcat_strike-long_rides,wildcat_strike+long_rides,baseline,failed_requests,0.07302505862093675,0.05458104911220299,1.6897408218195669,1.2629613522307492,0.01844400950873376,0.42677946958881763
wildcat_strike-long_rides,wildcat_strike+long_rides,baseline,passengers_accept,-0.13353241666666626,-0.17713863888889136,-0.03910268226100685,-0.05187201793786331,0.0436062222222251,0.01276933567685646
wildcat_strike-long_rides,wildcat_strike+long_rides,baseline,passengers_acceptance_rate,-0.23798080555555545,-0.17950983333333337,-2.0468739387913684,-1.5439648535898685,-0.058470972222222084,-0.5029090852014999
wildcat_strike-long_rides,wildcat_strike+long_rides,baseline,passengers_arrivals,-0.38310650000000024,-0.38660627777777723,-0.5009437104189759,-0.5055199618415999,0.003499777777776991,0.004576251422623967
wildcat_strike-long_rides,wildcat_strike+long_rides,baseline,passengers_cancel,0.030805666666666676,-0.01766683333333334,2.0778137506182834,-1.191611583254643,0.048472500000000016,3.2694253338729267
wildcat_strike-long_rides,wildcat_strike+long_rides,baseline,passengers_change_provider,0.227652805555556,0.13416724999999907,0.19963169634102512,0.11765300078576843,0.09348555555555693,0.08197869555525669
wildcat_strike-long_rides,wildcat_strike+long_rides,baseline,passengers_departures,-0.32839827777777764,-0.41705066666666646,-0.4444788774514171,-0.5644676744797132,0.08865238888888882,0.11998879702829612
wildcat_strike-long_rides,wildcat_strike+long_rides,baseline,passengers_drivers_ratio,0.11053883333333331,0.0666590277777778,1.5804434901252096,0.9530662060795931,0.04387980555555551,0.6273772840456164
wildcat_strike-long_rides,wildcat_strike+long_rides,baseline,passengers_new,-0.0013753888888889954,0.02099494444444483,-0.0015003106694522486,0.022901842096457417,-0.022370333333333825,-0.024402152765909665
wildcat_strike-long_rides,wildcat_strike+long_rides,baseline,passengers_no_ratings_count,-0.09105988888888883,-0.1001192777777778,-0.4913524289161681,-0.5402362216526524,0.009059388888888964,0.0488837927364843
wildcat_strike-long_rides,wildcat_strike+long_rides,baseline,passengers_offers_discarded,-0.8762871944444584,-1.569977333333341,-0.03273746613595575,-0.058653236187940286,0.6936901388888828,0.025915770051984532
wildcat_strike-long_rides,wildcat_strike+long_rides,baseline,passengers_pickup_accept,0.4035371666666667,0.49600008333333334,1.0143179921816852,1.2467297939478068,-0.09246291666666662,-0.23241180176612164
wildcat_strike-long_rides,wildcat_strike+long_rides,baseline,passengers_pickup_reject,0.07238916666666662,0.09919483333333332,1.4649212122075546,2.0073806922038484,-0.0268056666666667,-0.5424594799962938
wildcat_strike-long_rides,wildcat_strike+long_rides,baseline,passengers_rating_avg,0.028372138888888898,0.02230966666666756,1.346236053967161,1.0585764343067976,0.006062472222221338,0.28765961966036335
wildcat_strike-long_rides,wildcat_strike+long_rides,baseline,passengers_ratings_count,-0.2933470833333336,-0.28531525000000046,-0.5062491768335595,-0.4923880912987704,-0.008031833333333127,-0.013861085534789097
wildcat_strike-long_rides,wildcat_strike+long_rides,baseline,passengers_reject,0.5631390555555553,0.3846157222222226,0.31304670518782785,0.21380631198864794,0.1785233333333327,0.0992403931991799
wildcat_strike-long_rides,wildcat_strike+long_rides,baseline,passengers_unassigned,8.468935083333335,5.737458249999992,1.0532677259756427,0.7135583806457935,2.7314768333333426,0.3397093453298492
wildcat_strike-long_rides,wildcat_strike+long_rides,baseline,rides_dispatched,-0.1339582777777779,-0.12398597222222252,-0.1481206893713281,-0.1370940861780507,-0.009972305555555394,-0.011026603193277418
wildcat_strike-long_rides,wildcat_strike+long_rides,baseline,rides_duration_avg,175.9922882777778,240.01979858333334,0.7530552501349412,1.027023236235363,-64.02751030555555,-0.27396798610042183
wildcat_strike-long_rides,wildcat_strike+long_rides,baseline,rides_in_progress,183.7898007499998,367.34541124999987,0.2224686230220773,0.44465377012639395,-183.55561050000006,-0.22218514710431667
wildcat_strike-long_rides,wildcat_strike+long_rides,baseline,rides_length_avg,1498.1325966666664,1581.1637723888898,1.294954810217021,1.366725240043261,-83.03117572222345,-0.07177042982624005
wildcat_strike-long_rides,wildcat_strike+long_rides,baseline,rides_not_served,0.14815783333333338,0.1576210555555555,1.187253053670035,1.263085962589631,-0.009463222222222123,-0.07583290891959593
wildcat_strike-long_rides,wildcat_strike+long_rides,baseline,rides_offers_generated,-0.5303517777777813,-1.3901574999999866,-0.017959948968663406,-0.04707659859842264,0.8598057222222053,0.029116649629759236
wildcat_strike-long_rides,wildcat_strike+long_rides,baseline,rides_offers_lyft,1.4535233888888897,0.9884441944444404,0.13005366496562723,0.0884408129130719,0.46507919444444923,0.04161285205255533
wildcat_strike-long_rides,wildcat_strike+long_rides,baseline,rides_offers_price_lyft_avg,6.188921944444445,6.369385944444449,11.561271966681014,11.898389384370866,-0.18046400000000418,-0.3371174176898517
wildcat_strike-long_rides,wildcat_strike+long_rides,baseline,rides_offers_price_no_surge_avg,6.020387833333341,6.293898444444448,10.153262894555855,10.61453303460996,-0.2735106111111065,-0.46127014005410416
wildcat_strike-long_rides,wildcat_strike+long_rides,baseline,rides_offers_price_uber_avg,5.871735972222222,6.216165472222222,9.392031055184479,9.942957148528112,-0.3444295000000004,-0.5509260933436337
wildcat_strike-long_rides,wildcat_strike+long_rides,baseline,rides_offers_radius_avg,1085.2821525833335,1237.2178019722223,2.289150794744648,2.60962378116641,-151.9356493888888,-0.3204729864217617
wildcat_strike-long_rides,wildcat_strike+long_rides,baseline,rides_offers_surge_lyft_avg,0.0,0.0,,,0.0,
wildcat_strike-long_rides,wildcat_strike+long_rides,baseline,rides_offers_surge_uber_avg,0.0,0.0,,,0.0,
wildcat_strike-long_rides,wildcat_strike+long_rides,baseline,rides_offers_uber,-1.9837779444444337,-2.3779489999999797,-0.10550979641720899,-0.1264742939516693,0.394171055555546,0.020964497534460294
wildcat_strike-long_rides,wildcat_strike+long_rides,baseline,rides_partial_acceptances,-0.04172669444444388,-0.13061119444444458,-0.019354181303617036,-0.06058166771215105,0.0888845000000007,0.04122748640853402
wildcat_strike-long_rides,wildcat_strike+long_rides,baseline,rides_waiting_duration_avg,109.8581380833333,32.28037352777778,0.47639740009962883,0.139983129981804,77.57776455555552,0.3364142701178248
wildcat_strike-long_rides,wildcat_strike+long_rides,baseline,traffic_duration_avg,8.21875283333327,74.67349452777762,0.05415064072390755,0.4919989268167829,-66.45474169444435,-0.43784828609287535
wildcat_strike-long_rides,wildcat_strike+long_rides,baseline,traffic_length_avg,-1.2710621944447666,-1.971927666665124,-0.01594293525273407,-0.02473389205510132,0.7008654722203573,0.008790956802367248
wildcat_strike-long_rides,wildcat_strike+long_rides,baseline,traffic_speed_avg,-0.060173138888888644,-0.3954748055555557,-0.061808004491368536,-0.4062196024564465,0.33530166666666705,0.344411597965078
wildcat_strike-long_rides,wildcat_strike+long_rides,bank_tellers,drivers_accept,-0.1064998055555555,-0.1064396388888893,-0.11775923726766616,-0.11769270962718276,-6.016666666619486e-05,-6.652764048339921e-05
wildcat_strike-long_rides,wildcat_strike+long_rides,bank_tellers,drivers_acceptance_rate,-0.10132158333333319,-0.10272677777777761,-0.5010114856044204,-0.5079598428350616,0.0014051944444444242,0.006948357230641133
wildcat_strike-long_rides,wildcat_strike+long_rides,bank_tellers,drivers_busy,111.63303788888925,297.7920077500012,0.11479418797806387,0.3062246836822943,-186.15896986111193,-0.1914304957042304
wildcat_strike-long_rides,wildcat_strike+long_rides,bank_tellers,drivers_change_provider,0.017550444444444535,0.016647611111111016,0.06515997469304334,0.06180800276217467,0.0009028333333335192,0.003351971930868669
wildcat_strike-long_rides,wildcat_strike+long_rides,bank_tellers,drivers_change_zone,-0.0763056111111109,-0.14337930555555478,-0.1467019057396999,-0.27565492317473694,0.06707369444444389,0.12895301743503704
wildcat_strike-long_rides,wildcat_strike+long_rides,bank_tellers,drivers_demand_pressure,0.0,0.0,,,0.0,
wildcat_strike-long_rides,wildcat_strike+long_rides,bank_tellers,drivers_idle,-1294.2622337499997,-1217.334385166666,-0.3927858749439906,-0.3694396229052402,-76.9278485833338,-0.023346252038750404
wildcat_strike-long_rides,wildcat_strike+long_rides,bank_tellers,drivers_idle_duration_avg,101.05072611111109,114.13392075000002,0.8515272330841187,0.9617757880376399,-13.083194638888926,-0.11024855495352115
wildcat_strike-long_rides,wildcat_strike+long_rides,bank_tellers,drivers_occupied_distance_avg,133.3712774444457,-396.34843427777923,0.11994670530464882,-0.35645372643355155,529.7197117222249,0.47640043173820035
wildcat_strike-long_rides,wildcat_strike+long_rides,bank_tellers,drivers_occupied_duration_avg,18.134912194444382,-32.38786480555564,0.1511412819739799,-0.2699292588034283,50.52277700000002,0.4210705407774082
wildcat_strike-long_rides,wildcat_strike+long_rides,bank_tellers,drivers_passengers_served,0.2510510555555552,0.20705552777777747,0.2915338689962077,0.24044391678229496,0.04399552777777771,0.05108995221391274
wildcat_strike-long_rides,wildcat_strike+long_rides,bank_tellers,drivers_pickup,181.31828544444454,298.3675404999999,0.6342642386544708,1.0437108449959576,-117.04925505555536,-0.4094466063414868
wildcat_strike-long_rides,wildcat_strike+long_rides,bank_tellers,drivers_pickup_accept,0.37990738888888886,0.5685873333333332,1.0458939724997423,1.5653342950562117,-0.18867994444444436,-0.5194403225564694
wildcat_strike-long_rides,wildcat_strike+long_rides,bank_tellers,drivers_pickup_reject,0.08507427777777773,0.10962452777777773,1.043305713277384,1.3443769272381163,-0.024550249999999996,-0.30107121396073233
wildcat_strike-long_rides,wildcat_strike+long_rides,bank_tellers,drivers_reject,0.008494972222222286,0.019902333333333466,0.018735180544417765,0.043893469984489564,-0.01140736111111118,-0.0251582894400718
wildcat_strike-long_rides,wildcat_strike+long_rides,bank_tellers,drivers_removed,0.055763722222222145,0.03874022222222229,0.3669474668576439,0.2549260674044759,0.017023499999999858,0.11202139945316802
wildcat_strike-long_rides,wildcat_strike+long_rides,bank_tellers,drivers_shift_duration_avg,151.60879486111116,-318.7965938611105,0.16225695656248706,-0.3411871001928228,470.4053887222217,0.5034440567553098
wildcat_strike-long_rides,wildcat_strike+long_rides,bank_tellers,drivers_starting,-0.14777788888888888,-0.27532905555555565,-0.9492840048620433,-1.7686371789299085,0.12755116666666677,0.8193531740678651
wildcat_strike-long_rides,wildcat_strike+long_rides,bank_tellers,drivers_total_length_avg,362.6337645833264,-3639.87887713889,0.06065474980233081,-0.6088124277597928,4002.5126417222164,0.6694671775621236
wildcat_strike-long_rides,wildcat_strike+long_rides,bank_tellers,drivers_waiting,-0.09717591666666658,-0.07781458333333324,-0.09040587287632315,-0.07239340332531691,-0.01936133333333334,-0.018012469551006244
wildcat_strike-long_rides,wildcat_strike+long_rides,bank_tellers,failed_requests,0.08279873157220702,0.10378154408262644,1.9158957127125973,2.4014210313499547,-0.02098281251041942,-0.4855253186373574
wildcat_strike-long_rides,wildcat_strike+long_rides,bank_tellers,passengers_accept,-0.26705549999999967,-0.3676655555555559,-0.07820263141512579,-0.10766456382717685,0.10061005555555624,0.029461932412051056
wildcat_strike-long_rides,wildcat_strike+long_rides,bank_tellers,passengers_acceptance_rate,-0.1538277777777779,-0.18997858333333362,-1.3230733825800907,-1.6340066176586112,0.03615080555555572,0.31093323507852055
wildcat_strike-long_rides,wildcat_strike+long_rides,bank_tellers,passengers_arrivals,-0.38933791666666684,-0.53774525,-0.5090918075829932,-0.7031467771890575,0.1484073333333331,0.19405496960606428
wildcat_strike-long_rides,wildcat_strike+long_rides,bank_tellers,passengers_cancel,0.030597583333333324,0.01637524999999998,2.06377872206484,1.1044954809119099,0.014222333333333344,0.9592832411529302
wildcat_strike-long_rides,wildcat_strike+long_rides,bank_tellers,passengers_change_provider,0.30275469444444436,0.20618997222222202,0.2654895162818612,0.18081065956020434,0.09656472222222234,0.08467885672165684
wildcat_strike-long_rides,wildcat_strike+long_rides,bank_tellers,passengers_departures,-0.33136136111111103,-0.4579999166666666,-0.44848933683234676,-0.619891462922337,0.1266385555555556,0.17140212608999023
wildcat_strike-long_rides,wildcat_strike+long_rides,bank_tellers,passengers_drivers_ratio,0.08220349999999998,0.07115538888888889,1.1753153396212885,1.0173535197142374,0.011048111111111092,0.15796181990705116
wildcat_strike-long_rides,wildcat_strike+long_rides,bank_tellers,passengers_new,-0.0018794722222228444,0.02168538888888838,-0.0020501781355946667,0.02365499720410079,-0.023564861111111224,-0.025705175339695456
wildcat_strike-long_rides,wildcat_strike+long_rides,bank_tellers,passengers_no_ratings_count,-0.11458849999999998,-0.11449141666666679,-0.6183110751382707,-0.6177872206484112,-9.708333333319219e-05,-0.0005238544898594766
wildcat_strike-long_rides,wildcat_strike+long_rides,bank_tellers,passengers_offers_discarded,-1.156870055555558,-2.2546482500000167,-0.04321984220191846,-0.08423205451457252,1.0977781944444587,0.04101221231265406
wildcat_strike-long_rides,wildcat_strike+long_rides,bank_tellers,passengers_pickup_accept,0.35384283333333344,0.5361064166666666,0.8894079205125973,1.3475397784071546,-0.18226358333333315,-0.45813185789455724
wildcat_strike-long_rides,wildcat_strike+long_rides,bank_tellers,passengers_pickup_reject,0.11099561111111111,0.14191730555555568,2.2461900401110753,2.8719445306642295,-0.030921694444444564,-0.6257544905531542
wildcat_strike-long_rides,wildcat_strike+long_rides,bank_tellers,passengers_rating_avg,0.014342999999999329,0.01323141666666583,0.6805642605116354,0.6278204907809508,0.001111583333333499,0.05274376973068462
wildcat_strike-long_rides,wildcat_strike+long_rides,bank_tellers,passengers_ratings_count,-0.2754075555555555,-0.4200332499999999,-0.47528970361472034,-0.7248801816570227,0.1446256944444444,0.2495904780423024
wildcat_strike-long_rides,wildcat_strike+long_rides,bank_tellers,passengers_reject,0.8698380277777771,0.9635043888888895,0.4835394135011263,0.5356081617854022,-0.09366636111111237,-0.05206874828427588
wildcat_strike-long_rides,wildcat_strike+long_rides,bank_tellers,passengers_unassigned,6.479046694444445,5.7422227777777906,0.8057885331742963,0.714150937240984,0.7368239166666548,0.09163759593331233
wildcat_strike-long_rides,wildcat_strike+long_rides,bank_tellers,rides_dispatched,-0.1064998055555555,-0.1064396388888893,-0.11775923726766616,-0.11769270962718276,-6.016666666619486e-05,-6.652764048339921e-05
wildcat_strike-long_rides,wildcat_strike+long_rides,bank_tellers,rides_duration_avg,126.4060451111111,216.3757722222224,0.5408801536205492,0.9258525635894085,-89.9697271111113,-0.3849724099688593
wildcat_strike-long_rides,wildcat_strike+long_rides,bank_tellers,rides_in_progress,81.34377813888887,323.8294583333336,0.09846269074847984,0.39197982366495354,-242.48568019444474,-0.2935171329164737
wildcat_strike-long_rides,wildcat_strike+long_rides,bank_tellers,rides_length_avg,1488.3757339722215,1573.0433767499999,1.2865211800384169,1.3597061381180757,-84.66764277777838,-0.07318495807965886
wildcat_strike-long_rides,wildcat_strike+long_rides,bank_tellers,rides_not_served,0.16674055555555556,0.2566109722222221,1.3361644760866827,2.0563351496280635,-0.08987041666666656,-0.7201706735413809
wildcat_strike-long_rides,wildcat_strike+long_rides,bank_tellers,rides_offers_generated,-1.015615694444449,-2.1872313611111167,-0.03439303271580382,-0.07406888271933981,1.1716156666666677,0.03967585000353599
wildcat_strike-long_rides,wildcat_strike+long_rides,bank_tellers,rides_offers_lyft,2.23884252777777,2.6133514722222273,0.20031991108239794,0.2338290112177886,-0.37450894444445737,-0.03350910013539066
wildcat_strike-long_rides,wildcat_strike+long_rides,bank_tellers,rides_offers_price_lyft_avg,6.346464416666667,6.411301111111115,11.855570615785707,11.976689392952665,-0.06483669444444828,-0.12111877716695751
wildcat_strike-long_rides,wildcat_strike+long_rides,bank_tellers,rides_offers_price_no_surge_avg,6.123026166666666,6.275507888888889,10.326360377681839,10.583517732855032,-0.15248172222222323,-0.2571573551731934
wildcat_strike-long_rides,wildcat_strike+long_rides,bank_tellers,rides_offers_price_uber_avg,5.914751444444441,6.123255138888879,9.460835690283153,9.794344073937832,-0.20850369444443828,-0.3335083836546797
wildcat_strike-long_rides,wildcat_strike+long_rides,bank_tellers,rides_offers_radius_avg,1102.3421035,1272.7151106944443,2.325134801397879,2.6844971145934338,-170.37300719444443,-0.3593623131955548
wildcat_strike-long_rides,wildcat_strike+long_rides,bank_tellers,rides_offers_surge_lyft_avg,0.0,0.0,,,0.0,
wildcat_strike-long_rides,wildcat_strike+long_rides,bank_tellers,rides_offers_surge_uber_avg,0.0,0.0,,,0.0,
wildcat_strike-long_rides,wildcat_strike+long_rides,bank_tellers,rides_offers_uber,-3.254411861111109,-4.800592249999994,-0.1730901051124179,-0.2553257094111816,1.5461803888888852,0.0822356042987637
wildcat_strike-long_rides,wildcat_strike+long_rides,bank_tellers,rides_partial_acceptances,-0.16983330555555476,-0.28338019444444207,-0.07877414280901601,-0.13144083743403936,0.11354688888888731,0.05266669462502335
wildcat_strike-long_rides,wildcat_strike+long_rides,bank_tellers,rides_waiting_duration_avg,93.32036958333322,52.14308797222213,0.4046817306526073,0.22611735440381983,41.177281611111084,0.1785643762487875
wildcat_strike-long_rides,wildcat_strike+long_rides,bank_tellers,traffic_duration_avg,-41.00916858333335,5.532087055555394,-0.27019583133534936,0.036449089621456016,-46.54125563888874,-0.3066449209568054
wildcat_strike-long_rides,wildcat_strike+long_rides,bank_tellers,traffic_length_avg,-36.19221544444417,-11.715216722221612,-0.4539590194764849,-0.14694398314294516,-24.47699872222256,-0.30701503633353977
wildcat_strike-long_rides,wildcat_strike+long_rides,bank_tellers,traffic_speed_avg,0.13949750000000005,-0.28587572222222235,0.14328755763357404,-0.2936427823004446,0.4253732222222224,0.43693033993401864
wildcat_strike-long_rides,wildcat_strike+long_rides,students,drivers_accept,-0.09566666666666679,-0.12382433333333331,-0.10578079124031864,-0.13691535841259522,0.028157666666666525,0.031134567172276584
wildcat_strike-long_rides,wildcat_strike+long_rides,students,drivers_acceptance_rate,-0.10275833333333306,-0.06633883333333346,-0.5081158776624675,-0.32802998480841106,-0.036419499999999605,-0.1800858928540564
wildcat_strike-long_rides,wildcat_strike+long_rides,students,drivers_busy,144.03864263888863,189.53242944444446,0.14811743308151468,0.19489948267143015,-45.49378680555583,-0.04678204958991547
wildcat_strike-long_rides,wildcat_strike+long_rides,students,drivers_change_provider,-0.004569416666666881,-0.029722027777778104,-0.01696498771324466,-0.11034971700896136,0.025152611111111223,0.0933847292957167
wildcat_strike-long_rides,wildcat_strike+long_rides,students,drivers_change_zone,-0.06986997222222224,-0.15269869444444395,-0.13432902154540746,-0.2935719818342718,0.0828287222222217,0.15924296028886434
wildcat_strike-long_rides,wildcat_strike+long_rides,students,drivers_demand_pressure,0.0,0.0,,,0.0,
wildcat_strike-long_rides,wildcat_strike+long_rides,students,drivers_idle,-1417.0034453888902,-952.8869956388908,-0.4300356786917059,-0.289184480969,-464.11644974999945,-0.14085119772270588
wildcat_strike-long_rides,wildcat_strike+long_rides,students,drivers_idle_duration_avg,107.31182436111123,67.21956872222245,0.9042878205046202,0.5664411881632987,40.09225563888879,0.3378466323413215
wildcat_strike-long_rides,wildcat_strike+long_rides,students,drivers_occupied_distance_avg,-95.38587138888852,83.35364741666581,-0.08578474484864897,0.0749636321577483,-178.73951880555433,-0.16074837700639727
wildcat_strike-long_rides,wildcat_strike+long_rides,students,drivers_occupied_duration_avg,-4.640092083333343,16.238452777777866,-0.03867178723739078,0.13533567429453314,-20.87854486111121,-0.17400746153192392
wildcat_strike-long_rides,wildcat_strike+long_rides,students,drivers_passengers_served,0.0998381944444442,0.05282405555555547,0.11593743366493667,0.06134210930960947,0.047014138888888723,0.0545953243553272
wildcat_strike-long_rides,wildcat_strike+long_rides,students,drivers_pickup,231.43931022222216,233.15966991666676,0.809591142630735,0.8156090830118394,-1.7203596944445962,-0.006017940381104481
wildcat_strike-long_rides,wildcat_strike+long_rides,students,drivers_pickup_accept,0.3868978333333334,0.4324669166666669,1.0651388303871394,1.1905915880449043,-0.04556908333333354,-0.12545275765776487
wildcat_strike-long_rides,wildcat_strike+long_rides,students,drivers_pickup_reject,0.08487061111111113,0.08086541666666663,1.040808053555929,0.9916904782343872,0.004005194444444499,0.04911757532154182
wildcat_strike-long_rides,wildcat_strike+long_rides,students,drivers_reject,0.013397527777777585,-0.0226577222222224,0.02954748940895917,-0.04997032426405687,0.03605524999999998,0.07951781367301604
wildcat_strike-long_rides,wildcat_strike+long_rides,students,drivers_removed,0.009685166666666745,0.010494583333333363,0.06373224800641422,0.0690585315403945,-0.000809416666666618,-0.005326283533980278
wildcat_strike-long_rides,wildcat_strike+long_rides,students,drivers_shift_duration_avg,-43.11169794444504,66.08131386111108,-0.046139624730314355,0.07072249919654687,-109.19301180555613,-0.11686212392686122
wildcat_strike-long_rides,wildcat_strike+long_rides,students,drivers_starting,-0.1584118055555555,-0.27726813888888885,-1.0175933241830986,-1.7810933102650353,0.11885633333333334,0.7634999860819367
wildcat_strike-long_rides,wildcat_strike+long_rides,students,drivers_total_length_avg,-1244.5273428611144,-82.46271144444836,-0.20816179290457404,-0.013792855545130864,-1162.064631416666,-0.19436893735944316
wildcat_strike-long_rides,wildcat_strike+long_rides,students,drivers_waiting,-0.061407527777777915,-0.10880163888888994,-0.057129393170225584,-0.10122165523650434,0.047394111111112025,0.04409226206627875
wildcat_strike-long_rides,wildcat_strike+long_rides,students,failed_requests,0.07496175654643011,0.06116539275078603,1.7345544461567497,1.415317741134926,0.013796363795644084,0.31923670502182366
wildcat_strike-long_rides,wildcat_strike+long_rides,students,passengers_accept,-0.25888444444444403,-0.5079306111111084,-0.0758098776771064,-0.1487387841298219,0.24904616666666435,0.07292890645271549
wildcat_strike-long_rides,wildcat_strike+long_rides,students,passengers_acceptance_rate,-0.1655555000000002,-0.14183372222222257,-1.4239435721821982,-1.2199124588250405,-0.02372177777777762,-0.20403111335715773
wildcat_strike-long_rides,wildcat_strike+long_rides,students,passengers_arrivals,-0.3473983888888883,-0.38776444444444325,-0.4542523760979621,-0.5070343613813708,0.04036605555555495,0.05278198528340872
wildcat_strike-long_rides,wildcat_strike+long_rides,students,passengers_cancel,0.03134691666666666,0.013526583333333328,2.114320562974953,0.9123555465623447,0.017820333333333334,1.2019650164126083
wildcat_strike-long_rides,wildcat_strike+long_rides,students,passengers_change_provider,0.18866202777777774,0.02338858333333249,0.16544017785550275,0.020509751920044533,0.16527344444444525,0.1449304259354582
wildcat_strike-long_rides,wildcat_strike+long_rides,students,passengers_departures,-0.2738378611111112,-0.35241230555555614,-0.37063271444050216,-0.4769812650460832,0.07857444444444495,0.10634855060558102
wildcat_strike-long_rides,wildcat_strike+long_rides,students,passengers_drivers_ratio,0.09157974999999996,0.0563626388888889,1.3093735056741216,0.8058522333920881,0.03521711111111106,0.5035212722820335
wildcat_strike-long_rides,wildcat_strike+long_rides,students,passengers_new,-0.001786749999999948,0.023907916666666473,-0.0019490342769957327,0.026079389436066528,-0.02569466666666642,-0.028028423713062262
wildcat_strike-long_rides,wildcat_strike+long_rides,students,passengers_no_ratings_count,-0.07969027777777787,-0.11860736111111125,-0.43000284784987397,-0.6399965526027858,0.03891708333333338,0.2099937047529118
wildcat_strike-long_rides,wildcat_strike+long_rides,students,passengers_offers_discarded,-1.6595000555555544,-3.6763704166666713,-0.06199774139779479,-0.1373465831543464,2.016870361111117,0.0753488417565516
wildcat_strike-long_rides,wildcat_strike+long_rides,students,passengers_pickup_accept,0.3992083888888889,0.43325475000000013,1.0034373161328711,1.0890151500869882,-0.034046361111111256,-0.08557783395411711
wildcat_strike-long_rides,wildcat_strike+long_rides,students,passengers_pickup_reject,0.07277799999999995,0.07972197222222219,1.4727899337890074,1.6133133390680667,-0.006943972222222233,-0.14052340527905938
wildcat_strike-long_rides,wildcat_strike+long_rides,students,passengers_rating_avg,0.0186277777777768,0.017507111111110696,0.8838736532321227,0.8306988863577105,0.0011206666666661036,0.05317476687441225
wildcat_strike-long_rides,wildcat_strike+long_rides,students,passengers_ratings_count,-0.2671113611111111,-0.26734738888889,-0.4609723919829606,-0.4613797213037523,0.00023602777777886885,0.00040732932079173834
wildcat_strike-long_rides,wildcat_strike+long_rides,students,passengers_reject,0.400328749999999,0.1869392499999991,0.22254112007171556,0.10391876696431707,0.2133894999999999,0.11862235310739849
wildcat_strike-long_rides,wildcat_strike+long_rides,students,passengers_unassigned,6.6717685555555555,4.632916972222226,0.8297570385886037,0.5761883726762297,2.0388515833333294,0.25356866591237404
wildcat_strike-long_rides,wildcat_strike+long_rides,students,rides_dispatched,-0.09566666666666679,-0.12382433333333331,-0.10578079124031864,-0.13691535841259522,0.028157666666666525,0.031134567172276584
wildcat_strike-long_rides,wildcat_strike+long_rides,students,rides_duration_avg,173.69052827777773,173.84393947222225,0.7432062251037148,0.7438626578743576,-0.15341119444451579,-0.0006564327706427564
wildcat_strike-long_rides,wildcat_strike+long_rides,students,rides_in_progress,207.59559705555512,305.7886150555555,0.2512843826693979,0.3701422595249076,-98.1930180000004,-0.11885787685550969
wildcat_strike-long_rides,wildcat_strike+long_rides,students,rides_length_avg,1488.5020923888897,1481.470491277777,1.2866304016385877,1.2805524311688024,7.03160111111265,0.00607797046978531
wildcat_strike-long_rides,wildcat_strike+long_rides,students,rides_not_served,0.1507865555555556,0.14278152777777775,1.2083181463172925,1.1441703826786491,0.00800502777777784,0.06414776363864338
wildcat_strike-long_rides,wildcat_strike+long_rides,students,rides_offers_generated,-1.556221944444431,-3.8726895277777516,-0.05270024138176284,-0.13114560788652357,2.3164675833333206,0.07844536650476074
wildcat_strike-long_rides,wildcat_strike+long_rides,students,rides_offers_lyft,0.1741111666666626,-1.4805003333333424,0.015578555879826678,-0.1324674207547633,1.654611500000005,0.14804597663459
wildcat_strike-long_rides,wildcat_strike+long_rides,students,rides_offers_price_lyft_avg,6.222747416666667,6.255108583333328,11.624459947927663,11.684912519853892,-0.03236116666666078,-0.06045257192622877
wildcat_strike-long_rides,wildcat_strike+long_rides,students,rides_offers_price_no_surge_avg,6.025990527777775,6.1681799999999924,10.16271172595792,10.402511408682177,-0.142189472222217,-0.23979968272425722
wildcat_strike-long_rides,wildcat_strike+long_rides,students,rides_offers_price_uber_avg,5.885119666666668,6.123017250000004,9.41343870608193,9.79396356298799,-0.23789758333333566,-0.3805248569060602
wildcat_strike-long_rides,wildcat_strike+long_rides,students,rides_offers_radius_avg,1118.7419278611112,1151.4475871388888,2.3597264243049256,2.428711421201964,-32.70565927777761,-0.06898499689703819
wildcat_strike-long_rides,wildcat_strike+long_rides,students,rides_offers_surge_lyft_avg,0.0,0.0,,,0.0,
wildcat_strike-long_rides,wildcat_strike+long_rides,students,rides_offers_surge_uber_avg,0.0,0.0,,,0.0,
wildcat_strike-long_rides,wildcat_strike+long_rides,students,rides_offers_uber,-1.730847527777776,-2.392486472222224,-0.09205736498709113,-0.1272474882191453,0.6616389444444479,0.03519012323205417
wildcat_strike-long_rides,wildcat_strike+long_rides,students,rides_partial_acceptances,-0.1768700833333332,-0.36374952777777647,-0.0820380263904417,-0.16871871600300198,0.18687944444444327,0.08668068961256027
wildcat_strike-long_rides,wildcat_strike+long_rides,students,rides_waiting_duration_avg,132.75365661111118,58.26788094444453,0.5756833127399145,0.25267738444822024,74.48577566666665,0.3230059282916942
wildcat_strike-long_rides,wildcat_strike+long_rides,students,traffic_duration_avg,38.06170997222239,61.49278652777787,0.2507760026173557,0.40515560668432327,-23.431076555555478,-0.15437960406696755
wildcat_strike-long_rides,wildcat_strike+long_rides,students,traffic_length_avg,17.15751825000052,16.13250808333305,0.2152067804021592,0.2023500761496091,1.025010166667471,0.012856704252550116
wildcat_strike-long_rides,wildcat_strike+long_rides,students,traffic_speed_avg,-0.033889805555555874,-0.29758122222222205,-0.03481056984341889,-0.3056663132302444,0.2636914166666662,0.2708557433868255
wildcat_strike-long_rides,wildcat_strike+long_rides,managers,drivers_accept,-0.1132779444444445,-0.0927828333333327,-0.1252539783283294,-0.10259207167440973,-0.020495111111111797,-0.022661906653919678
wildcat_strike-long_rides,wildcat_strike+long_rides,managers,drivers_acceptance_rate,-0.12002622222222215,-0.08877500000000005,-0.5935015416133802,-0.4389715712219839,-0.0312512222222221,-0.15452997039139632
wildcat_strike-long_rides,wildcat_strike+long_rides,managers,drivers_busy,299.61493236111073,502.6959372499996,0.3080992286596139,0.5169309463200494,-203.08100488888886,-0.2088317176604355
wildcat_strike-long_rides,wildcat_strike+long_rides,managers,drivers_change_provider,-0.003995249999999784,0.005421916666666693,-0.014833264748162725,0.020130085816694135,-0.009417166666666477,-0.03496335056485686
wildcat_strike-long_rides,wildcat_strike+long_rides,managers,drivers_change_zone,-0.03659263888888864,-0.12332452777777769,-0.0703514431360468,-0.23709846479185287,0.08673188888888905,0.16674702165580607
wildcat_strike-long_rides,wildcat_strike+long_rides,managers,drivers_demand_pressure,0.0,0.0,,,0.0,
wildcat_strike-long_rides,wildcat_strike+long_rides,managers,drivers_idle,-1643.4431704999997,-1119.6523021666653,-0.49875616147373225,-0.33979482493694996,-523.7908683333344,-0.1589613365367823
wildcat_strike-long_rides,wildcat_strike+long_rides,managers,drivers_idle_duration_avg,2.493016722222137,450.90010872222183,0.021007979983954206,3.7996136866486503,-448.4070919999997,-3.7786057066646963
wildcat_strike-long_rides,wildcat_strike+long_rides,managers,drivers_occupied_distance_avg,-35.64842236111144,1652.1246258611109,-0.032060207365899825,1.4858289537435079,-1687.7730482222223,-1.5178891611094076
wildcat_strike-long_rides,wildcat_strike+long_rides,managers,drivers_occupied_duration_avg,-6.42977197222217,177.24217769444454,-0.053587465341008673,1.4771844312984856,-183.6719496666667,-1.5307718966394943
wildcat_strike-long_rides,wildcat_strike+long_rides,managers,drivers_passengers_served,0.2287082222222221,0.5610554444444444,0.2655881798550497,0.6515274914033573,-0.33234722222222235,-0.38593931154830763
wildcat_strike-long_rides,wildcat_strike+long_rides,managers,drivers_pickup,201.6751299444445,225.2788958333333,0.7054739263401401,0.7880415756216104,-23.603765888888802,-0.08256764928147031
wildcat_strike-long_rides,wildcat_strike+long_rides,managers,drivers_pickup_accept,0.38151383333333344,0.4250595555555554,1.0503165518197028,1.1701989487732676,-0.04354572222222197,-0.11988239695356473
wildcat_strike-long_rides,wildcat_strike+long_rides,managers,drivers_pickup_reject,0.09908369444444445,0.11803230555555555,1.2151097512287314,1.4474854439443674,-0.018948611111111097,-0.23237569271563596
wildcat_strike-long_rides,wildcat_strike+long_rides,managers,drivers_reject,0.020411944444444607,0.013537416666666857,0.04501738845347908,0.029856006437730908,0.00687452777777775,0.015161382015748171
wildcat_strike-long_rides,wildcat_strike+long_rides,managers,drivers_removed,0.04662925000000001,0.06600891666666647,0.3068390072812101,0.4343649203388015,-0.019379666666666462,-0.12752591305759137
wildcat_strike-long_rides,wildcat_strike+long_rides,managers,drivers_shift_duration_avg,-152.4697148611108,1188.4840734166683,-0.16317834281301222,1.2719566094581558,-1340.953788277779,-1.435134952271168
wildcat_strike-long_rides,wildcat_strike+long_rides,managers,drivers_starting,-0.13876816666666664,-0.2555411388888888,-0.8914080583445211,-1.6415251128255302,0.11677297222222216,0.7501170544810091
wildcat_strike-long_rides,wildcat_strike+long_rides,managers,drivers_total_length_avg,-991.808749055559,5316.541865888881,-0.16589164441113277,0.8892539751769548,-6308.35061494444,-1.0551456195880875
wildcat_strike-long_rides,wildcat_strike+long_rides,managers,drivers_waiting,-0.06772705555555536,-0.05818952777777886,-0.06300865260521393,-0.05413558453023243,-0.0095375277777765,-0.008873068074981505
wildcat_strike-long_rides,wildcat_strike+long_rides,managers,failed_requests,0.08532046644806174,0.07419265767270719,1.974246619127565,1.7167581199710904,0.011127808775354547,0.25748849915647454
wildcat_strike-long_rides,wildcat_strike+long_rides,managers,passengers_accept,-0.06017133333333469,-0.2827129999999993,-0.01762014488532702,-0.08278766224722736,0.22254166666666464,0.06516751736190034
wildcat_strike-long_rides,wildcat_strike+long_rides,managers,passengers_acceptance_rate,-0.1536293333333334,-0.12830491666666677,-1.3213665610543663,-1.1035511436761238,-0.025324416666666627,-0.2178154173782425
wildcat_strike-long_rides,wildcat_strike+long_rides,managers,passengers_arrivals,-0.4043007222222226,-0.40990236111111145,-0.5286569241583522,-0.5359815343370551,0.005601638888888871,0.007324610178702895
wildcat_strike-long_rides,wildcat_strike+long_rides,managers,passengers_cancel,0.03405574999999999,0.0019999166666666637,2.2970288682045044,0.1348925311389897,0.032055833333333325,2.1621363370655144
wildcat_strike-long_rides,wildcat_strike+long_rides,managers,passengers_change_provider,0.3350969444444445,0.1853420277777773,0.29385085457167154,0.1625288268170876,0.14975491666666718,0.13132202775458393
wildcat_strike-long_rides,wildcat_strike+long_rides,managers,passengers_departures,-0.34546747222222196,-0.373764,-0.4675816063603687,-0.5058802508829519,0.028296527777778024,0.038298644522583136
wildcat_strike-long_rides,wildcat_strike+long_rides,managers,passengers_drivers_ratio,0.1031548333333333,0.06463797222222228,1.4748697801522328,0.9241698987852416,0.03851686111111102,0.5506998813669912
wildcat_strike-long_rides,wildcat_strike+long_rides,managers,passengers_new,-0.001458027777777815,0.020704166666666524,-0.0015904553606833419,0.02258465398626932,-0.02216219444444434,-0.02417510934695266
wildcat_strike-long_rides,wildcat_strike+long_rides,managers,passengers_no_ratings_count,-0.1298333333333334,-0.1526435833333335,-0.7005710688430241,-0.8236534916138326,0.022810250000000087,0.1230824227708085
wildcat_strike-long_rides,wildcat_strike+long_rides,managers,passengers_offers_discarded,0.10043572222222963,-1.8420177222222236,0.003752207125627356,-0.06881647156935895,1.9424534444444532,0.07256867869498632
wildcat_strike-long_rides,wildcat_strike+long_rides,managers,passengers_pickup_accept,0.3828372499999998,0.44764727777777746,0.9622873500351456,1.1251917431838843,-0.06481002777777767,-0.1629043931487386
wildcat_strike-long_rides,wildcat_strike+long_rides,managers,passengers_pickup_reject,0.09769405555555555,0.09470827777777777,1.9770098328237427,1.916587404952105,0.0029857777777777816,0.06042242787163765
wildcat_strike-long_rides,wildcat_strike+long_rides,managers,passengers_rating_avg,0.01807641666666715,0.016970305555554788,0.8577119948024198,0.805227877785204,0.0011061111111123623,0.05248411701721578
wildcat_strike-long_rides,wildcat_strike+long_rides,managers,passengers_ratings_count,-0.27494905555555516,-0.25292194444444327,-0.47449843872488123,-0.4364847426577194,-0.022027111111111886,-0.03801369606716182
wildcat_strike-long_rides,wildcat_strike+long_rides,managers,passengers_reject,0.7531204999999996,0.4877315555555546,0.41865661564144663,0.27112798335781163,0.26538894444444505,0.147528632283635
wildcat_strike-long_rides,wildcat_strike+long_rides,managers,passengers_unassigned,7.3248477500000035,5.1153105,0.9109794391910377,0.6361828736410289,2.209537250000004,0.27479656555000886
wildcat_strike-long_rides,wildcat_strike+long_rides,managers,rides_dispatched,-0.1132779444444445,-0.0927828333333327,-0.1252539783283294,-0.10259207167440973,-0.020495111111111797,-0.022661906653919678
wildcat_strike-long_rides,wildcat_strike+long_rides,managers,rides_duration_avg,161.13051125000015,189.12895400000002,0.6894630363702204,0.809265867021592,-27.998442749999867,-0.11980283065137154
wildcat_strike-long_rides,wildcat_strike+long_rides,managers,rides_in_progress,152.28213866666692,444.01101886111064,0.1843301291028276,0.5374537627744882,-291.7288801944437,-0.3531236336716606
wildcat_strike-long_rides,wildcat_strike+long_rides,managers,rides_length_avg,1445.790079166668,1384.41993627778,1.2497110214053335,1.196663940049187,61.37014288888804,0.05304708135614655
wildcat_strike-long_rides,wildcat_strike+long_rides,managers,rides_not_served,0.1745275555555555,0.19008672222222212,1.3985650884669156,1.5232474472862445,-0.015559166666666624,-0.12468235881932888
wildcat_strike-long_rides,wildcat_strike+long_rides,managers,rides_offers_generated,0.4402221666666861,-1.8758100555555473,0.014907780042402171,-0.0635228432981689,2.3160322222222334,0.07843062334057108
wildcat_strike-long_rides,wildcat_strike+long_rides,managers,rides_offers_lyft,1.42647208333333,0.8106298055555499,0.12763325573348208,0.07253091209179845,0.6158422777777801,0.055102343641683635
wildcat_strike-long_rides,wildcat_strike+long_rides,managers,rides_offers_price_lyft_avg,6.103189361111113,5.681575111111112,11.40111843409162,10.613518097064619,0.4216142500000011,0.7876003370270013
wildcat_strike-long_rides,wildcat_strike+long_rides,managers,rides_offers_price_no_surge_avg,5.738067166666671,5.409522027777776,9.67713477314779,9.1230500098045,0.32854513888889514,0.5540847633432904
wildcat_strike-long_rides,wildcat_strike+long_rides,managers,rides_offers_price_uber_avg,5.484345249999997,5.221307666666668,8.772387101366764,8.351650003678033,0.26303758333332894,0.4207370976887308
wildcat_strike-long_rides,wildcat_strike+long_rides,managers,rides_offers_radius_avg,1136.964406666667,1159.6573658888892,2.3981625137040394,2.4460280438935897,-22.69295922222227,-0.04786553018955031
wildcat_strike-long_rides,wildcat_strike+long_rides,managers,rides_offers_surge_lyft_avg,0.0,0.0,,,0.0,
wildcat_strike-long_rides,wildcat_strike+long_rides,managers,rides_offers_surge_uber_avg,0.0,0.0,,,0.0,
wildcat_strike-long_rides,wildcat_strike+long_rides,managers,rides_offers_uber,-0.9862640000000127,-2.6870970555555687,-0.052455726783859465,-0.14291673323565934,1.700833055555556,0.09046100645179989
wildcat_strike-long_rides,wildcat_strike+long_rides,managers,rides_partial_acceptances,0.0323884722222223,-0.20200524999999825,0.01502281385770118,-0.09369652412768682,0.23439372222222055,0.108719337985388
wildcat_strike-long_rides,wildcat_strike+long_rides,managers,rides_waiting_duration_avg,146.6879818888891,63.86572966666665,0.6361092079015497,0.2769523323396067,82.82225222222246,0.359156875561943
wildcat_strike-long_rides,wildcat_strike+long_rides,managers,traffic_duration_avg,1.650269861110928,43.664218055555466,0.010873081616966915,0.28768907307044495,-42.01394819444454,-0.276815991453478
wildcat_strike-long_rides,wildcat_strike+long_rides,managers,traffic_length_avg,3.7609555833332706,6.4142600833333745,0.04717367223693049,0.08045407506392824,-2.653304500000104,-0.03328040282699775
wildcat_strike-long_rides,wildcat_strike+long_rides,managers,traffic_speed_avg,0.09719194444444401,-0.14619644444444369,0.09983258725857017,-0.15016850810341992,0.2433883888888877,0.2500010953619901
wildcat_strike-long_rides,wildcat_strike+long_rides,drivers,drivers_accept,-0.12684283333333335,-0.06395861111111012,-0.14025298194944788,-0.07072047898918174,-0.06288422222222323,-0.06953250296026614
wildcat_strike-long_rides,wildcat_strike+long_rides,drivers,drivers_acceptance_rate,-0.08084491666666649,-0.1303601111111108,-0.3997591674962199,-0.6446002004969493,0.0495151944444443,0.2448410330007294
wildcat_strike-long_rides,wildcat_strike+long_rides,drivers,drivers_busy,31.823638805556584,212.76470375000054,0.03272479943461851,0.21878963306261107,-180.94106494444395,-0.18606483362799256
wildcat_strike-long_rides,wildcat_strike+long_rides,drivers,drivers_change_provider,-0.01981961111111097,0.04779597222222254,-0.07358476661454287,0.17745330326465086,-0.0676155833333335,-0.25103806987919375
wildcat_strike-long_rides,wildcat_strike+long_rides,drivers,drivers_change_zone,-0.1001384722222225,-0.11330866666666717,-0.1925219456203654,-0.2178423984131366,0.013170194444444672,0.025320452792771203
wildcat_strike-long_rides,wildcat_strike+long_rides,drivers,drivers_demand_pressure,0.0,0.0,,,0.0,
wildcat_strike-long_rides,wildcat_strike+long_rides,drivers,drivers_idle,-1370.860830194446,-1356.0080926666678,-0.41603220473663216,-0.41152465954754136,-14.852737527778118,-0.0045075451890908
wildcat_strike-long_rides,wildcat_strike+long_rides,drivers,drivers_idle_duration_avg,-112.12140144444447,-14.9007258611108,-0.944816830277121,-0.12556440069025387,-97.22067558333367,-0.8192524295868672
wildcat_strike-long_rides,wildcat_strike+long_rides,drivers,drivers_occupied_distance_avg,-189.18210194444418,533.4295120277775,-0.1701398551895574,0.4797368196960541,-722.6116139722217,-0.6498766748856115
wildcat_strike-long_rides,wildcat_strike+long_rides,drivers,drivers_occupied_duration_avg,-24.80054088888903,68.23502922222212,-0.20669444127461012,0.5686892597879825,-93.03557011111116,-0.7753837010625926
wildcat_strike-long_rides,wildcat_strike+long_rides,drivers,drivers_passengers_served,0.1729998611111112,0.24680980555555543,0.20089666117483412,0.2866087033993378,-0.07380994444444422,-0.08571204222450368
wildcat_strike-long_rides,wildcat_strike+long_rides,drivers,drivers_pickup,196.252123388889,273.01328469444445,0.68650386429843,0.9550198576763769,-76.76116130555545,-0.26851599337794685
wildcat_strike-long_rides,wildcat_strike+long_rides,drivers,drivers_pickup_accept,0.33112458333333317,0.40117574999999994,0.9115937620158001,1.1044462706167044,-0.07005116666666678,-0.1928525086009043
wildcat_strike-long_rides,wildcat_strike+long_rides,drivers,drivers_pickup_reject,0.06827305555555557,0.08137913888888892,0.8372644562446263,0.9979904944494183,-0.013106083333333352,-0.16072603820479203
wildcat_strike-long_rides,wildcat_strike+long_rides,drivers,drivers_reject,-0.012218027777777918,0.052878388888889294,-0.026946168901479786,0.11662029454783926,-0.06509641666666721,-0.14356646344931906
wildcat_strike-long_rides,wildcat_strike+long_rides,drivers,drivers_removed,0.007870249999999968,0.03187552777777786,0.0517893746319088,0.20975364819073847,-0.02400527777777789,-0.15796427355882967
wildcat_strike-long_rides,wildcat_strike+long_rides,drivers,drivers_shift_duration_avg,-340.5275136388891,236.08288080555621,-0.36444427936686785,0.25266403424093015,-576.6103944444453,-0.6171083136077979
wildcat_strike-long_rides,wildcat_strike+long_rides,drivers,drivers_starting,-0.13627311111111118,-0.23165211111111111,-0.8753805162816364,-1.4880686510256182,0.09537899999999994,0.6126881347439819
wildcat_strike-long_rides,wildcat_strike+long_rides,drivers,drivers_total_length_avg,-1510.545893944447,2106.6697608055547,-0.2526565152238756,0.35236522281541616,-3617.2156547500017,-0.6050217380392917
wildcat_strike-long_rides,wildcat_strike+long_rides,drivers,drivers_waiting,-0.08393958333333362,-0.02151333333333394,-0.07809168732779195,-0.02001454419154975,-0.06242624999999968,-0.0580771431362422
wildcat_strike-long_rides,wildcat_strike+long_rides,drivers,failed_requests,0.07051981560785603,0.07705630635578667,1.631771523776894,1.7830206354764446,-0.00653649074793064,-0.1512491116995507
wildcat_strike-long_rides,wildcat_strike+long_rides,drivers,passengers_accept,-0.3887730833333318,0.005078361111111818,-0.11384554199422431,0.0014871111142260168,-0.39385144444444364,-0.11533265310845033
wildcat_strike-long_rides,wildcat_strike+long_rides,drivers,passengers_acceptance_rate,-0.18639527777777798,-0.07965516666666606,-1.6031865910633112,-0.6851144333235725,-0.10674011111111192,-0.9180721577397387
wildcat_strike-long_rides,wildcat_strike+long_rides,drivers,passengers_arrivals,-0.34940722222222176,-0.29543499999999945,-0.4568790932735083,-0.38630590994313535,-0.05397222222222231,-0.07057318333037294
wildcat_strike-long_rides,wildcat_strike+long_rides,drivers,passengers_cancel,0.05737513888888891,0.041306,3.8699001004241804,2.7860515310940235,0.01606913888888891,1.083848569330157
wildcat_strike-long_rides,wildcat_strike+long_rides,drivers,passengers_change_provider,0.09939827777777888,0.07177291666666674,0.08716363832077595,0.06293860104444485,0.027625361111112134,0.0242250372763311
wildcat_strike-long_rides,wildcat_strike+long_rides,drivers,passengers_departures,-0.2860645833333333,-0.2857909722222223,-0.3871812779866272,-0.3868109521726558,-0.0002736111111110162,-0.00037032581397139497
wildcat_strike-long_rides,wildcat_strike+long_rides,drivers,passengers_drivers_ratio,0.09942463888888886,0.08477094444444452,1.421536835079022,1.2120237138289698,0.014653694444444337,0.20951312125005228
wildcat_strike-long_rides,wildcat_strike+long_rides,drivers,passengers_new,-0.0008799444444442805,0.025513277777777787,-0.0009598667323766167,0.02783055990340219,-0.026393222222222068,-0.02879042663577881
wildcat_strike-long_rides,wildcat_strike+long_rides,drivers,passengers_no_ratings_count,-0.07707450000000005,-0.056078694444444355,-0.41588830433023105,-0.3025964896503136,-0.02099580555555569,-0.11329181467991745
wildcat_strike-long_rides,wildcat_strike+long_rides,drivers,passengers_offers_discarded,-2.769523305555552,-0.5195883333333029,-0.1034674202740639,-0.019411450463932153,-2.249934972222249,-0.08405596981013175
wildcat_strike-long_rides,wildcat_strike+long_rides,drivers,passengers_pickup_accept,0.3494167777777777,0.4133656111111108,0.8782827301825965,1.0390224527831855,-0.06394883333333312,-0.160739722600589
wildcat_strike-long_rides,wildcat_strike+long_rides,drivers,passengers_pickup_reject,0.04990341666666667,0.06881874999999998,1.0098827905183612,1.3926675953714347,-0.018915333333333312,-0.38278480485307353
wildcat_strike-long_rides,wildcat_strike+long_rides,drivers,passengers_rating_avg,0.0335141944444457,0.004732000000001513,1.590222614427136,0.2245297413889868,0.028782194444444187,1.3656928730381492
wildcat_strike-long_rides,wildcat_strike+long_rides,drivers,passengers_ratings_count,-0.27330016666666657,-0.23942083333333342,-0.47165283810324043,-0.41318494942755735,-0.03387933333333315,-0.05846788867568309
wildcat_strike-long_rides,wildcat_strike+long_rides,drivers,passengers_reject,0.33647649999999985,0.25422638888888915,0.18704591460845804,0.14132341315761376,0.08225011111111069,0.04572250145084428
wildcat_strike-long_rides,wildcat_strike+long_rides,drivers,passengers_unassigned,7.459069138888886,6.567231361111105,0.9276723357194927,0.8167559171974309,0.8918377777777806,0.1109164185220618
wildcat_strike-long_rides,wildcat_strike+long_rides,drivers,rides_dispatched,-0.12684283333333335,-0.06395861111111012,-0.14025298194944788,-0.07072047898918174,-0.06288422222222323,-0.06953250296026614
wildcat_strike-long_rides,wildcat_strike+long_rides,drivers,rides_duration_avg,130.67005555555556,288.17619866666655,0.5591254726810695,1.233080162167906,-157.506143111111,-0.6739546894868365
wildcat_strike-long_rides,wildcat_strike+long_rides,drivers,rides_in_progress,78.88618975000009,397.94494466666583,0.09548789942382505,0.48169301842278633,-319.05875491666575,-0.38620511899896126
wildcat_strike-long_rides,wildcat_strike+long_rides,drivers,rides_length_avg,1593.225687916667,1680.8112800000026,1.377151310184102,1.4528584832516784,-87.58559208333554,-0.07570717306757646
wildcat_strike-long_rides,wildcat_strike+long_rides,drivers,rides_not_served,0.11403683333333331,0.15734191666666664,0.9138266641713899,1.2608491014613656,-0.04330508333333333,-0.3470224372899757
wildcat_strike-long_rides,wildcat_strike+long_rides,drivers,rides_offers_generated,-2.6407079444444435,-0.3624578888888834,-0.08942551323593048,-0.012274353477252628,-2.27825005555556,-0.07715115975867785
wildcat_strike-long_rides,wildcat_strike+long_rides,drivers,rides_offers_lyft,-0.23327297222222398,2.0972738611111055,-0.0208720445827269,0.1876530877721991,-2.3305468333333295,-0.208525132354926
wildcat_strike-long_rides,wildcat_strike+long_rides,drivers,rides_offers_price_lyft_avg,6.1525827222222205,6.50618436111111,11.493388151868011,12.153936911693346,-0.3536016388888896,-0.6605487598253355
wildcat_strike-long_rides,wildcat_strike+long_rides,drivers,rides_offers_price_no_surge_avg,5.8590738055555605,6.169092222222218,9.88121003385159,10.40404985309754,-0.31001841666665797,-0.5228398192459505
wildcat_strike-long_rides,wildcat_strike+long_rides,drivers,rides_offers_price_uber_avg,5.6596115277777805,5.925718166666673,9.052731165133062,9.478377316162119,-0.26610663888889263,-0.42564615102905634
wildcat_strike-long_rides,wildcat_strike+long_rides,drivers,rides_offers_radius_avg,1053.7344417222225,1186.7480549166667,2.2226082212597853,2.5031695643456686,-133.01361319444413,-0.2805613430858833
wildcat_strike-long_rides,wildcat_strike+long_rides,drivers,rides_offers_surge_lyft_avg,0.0,0.0,,,0.0,
wildcat_strike-long_rides,wildcat_strike+long_rides,drivers,rides_offers_surge_uber_avg,0.0,0.0,,,0.0,
wildcat_strike-long_rides,wildcat_strike+long_rides,drivers,rides_offers_uber,-2.4077311944444517,-2.4602404166666574,-0.12805829849284991,-0.13085106940867058,0.052509222222205665,0.0027927709158206693
wildcat_strike-long_rides,wildcat_strike+long_rides,drivers,rides_partial_acceptances,-0.24935188888889126,0.01606924999999837,-0.11565741619865069,0.00745343435548676,-0.26542113888888963,-0.12311085055413745
wildcat_strike-long_rides,wildcat_strike+long_rides,drivers,rides_waiting_duration_avg,112.52598966666687,119.45964658333344,0.48796647982668284,0.5180341305798489,-6.933656916666564,-0.030067650753166086
wildcat_strike-long_rides,wildcat_strike+long_rides,drivers,traffic_duration_avg,-61.83252374999995,-15.820521138888807,-0.407394022735293,-0.10423617471283719,-46.01200261111114,-0.3031578480224558
wildcat_strike-long_rides,wildcat_strike+long_rides,drivers,traffic_length_avg,-22.60908625000002,-17.144485666666696,-0.2835858070380944,-0.21504331268738086,-5.464600583333322,-0.06854249435071352
wildcat_strike-long_rides,wildcat_strike+long_rides,drivers,traffic_speed_avg,0.30013011111111165,0.20163005555555547,0.30828445379597746,0.2071082148861261,0.09850005555555619,0.10117623890985136
wildcat_strike-long_rides,wildcat_strike+long_rides,bank_tellers_drivers,drivers_accept,-0.1211949166666666,-0.12186613888888909,-0.1340079530937748,-0.134750138645323,0.0006712222222224895,0.0007421855515482023
wildcat_strike-long_rides,wildcat_strike+long_rides,bank_tellers_drivers,drivers_acceptance_rate,-0.05670586111111087,0.07286241666666693,-0.2803971945867634,0.3602875756372588,-0.1295682777777778,-0.6406847702240221
wildcat_strike-long_rides,wildcat_strike+long_rides,bank_tellers_drivers,drivers_busy,61.9430120555553,587.9643541666674,0.0636970730556515,0.6046139375315437,-526.0213421111121,-0.5409168644758922
wildcat_strike-long_rides,wildcat_strike+long_rides,bank_tellers_drivers,drivers_change_provider,0.016009000000000162,-0.017000333333333284,0.059437015293999675,-0.063117563391618,0.033009333333333446,0.12255457868561767
wildcat_strike-long_rides,wildcat_strike+long_rides,bank_tellers_drivers,drivers_change_zone,-0.0962730833333334,-0.16016630555555578,-0.1850905141939218,-0.3079288917046069,0.06389322222222238,0.1228383775106851
wildcat_strike-long_rides,wildcat_strike+long_rides,bank_tellers_drivers,drivers_demand_pressure,0.0,0.0,,,0.0,
wildcat_strike-long_rides,wildcat_strike+long_rides,bank_tellers_drivers,drivers_idle,-1384.580125472221,-1457.0151718611105,-0.4201957700936174,-0.4421785355105091,72.43504638888953,0.021982765416891703
wildcat_strike-long_rides,wildcat_strike+long_rides,bank_tellers_drivers,drivers_idle_duration_avg,-87.76451830555573,-34.76608533333331,-0.7395679408925389,-0.2929644307207459,-52.99843297222242,-0.44660351017179295
wildcat_strike-long_rides,wildcat_strike+long_rides,bank_tellers_drivers,drivers_occupied_distance_avg,-274.09739458333297,-765.1114781388878,-0.2465079441602684,-0.6880986877534878,491.01408355555486,0.4415907435932194
wildcat_strike-long_rides,wildcat_strike+long_rides,bank_tellers_drivers,drivers_occupied_duration_avg,-23.815152249999983,-92.60383008333338,-0.19848194481874576,-0.771785462450894,68.7886778333334,0.5733035176321482
wildcat_strike-long_rides,wildcat_strike+long_rides,bank_tellers_drivers,drivers_passengers_served,0.012153027777777492,-0.0457495555555556,0.014112743721524879,-0.053126822774965776,0.05790258333333309,0.06723956649649065
wildcat_strike-long_rides,wildcat_strike+long_rides,bank_tellers_drivers,drivers_pickup,156.06844897222243,189.24568850000037,0.5459385175781438,0.6619948575008521,-33.17723952777794,-0.11605633992270825
wildcat_strike-long_rides,wildcat_strike+long_rides,bank_tellers_drivers,drivers_pickup_accept,0.3063524166666667,0.34100080555555556,0.8433954048366953,0.9387832339644792,-0.03464838888888888,-0.09538782912778387
wildcat_strike-long_rides,wildcat_strike+long_rides,bank_tellers_drivers,drivers_pickup_reject,0.07202352777777779,0.08744986111111108,0.8832582536548542,1.0724386043082923,-0.015426333333333292,-0.18918035065343808
wildcat_strike-long_rides,wildcat_strike+long_rides,bank_tellers_drivers,drivers_reject,-0.03221738888888881,-0.09733794444444444,-0.07105362815949852,-0.21467332856235144,0.06512055555555563,0.14361970040285293
wildcat_strike-long_rides,wildcat_strike+long_rides,bank_tellers_drivers,drivers_removed,-0.007490388888888866,0.0073976944444446024,-0.049289737467723915,0.0486797711630169,-0.014888083333333468,-0.09796950863074082
wildcat_strike-long_rides,wildcat_strike+long_rides,bank_tellers_drivers,drivers_shift_duration_avg,-520.9951516388892,-882.8879474444439,-0.5575869643062608,-0.9448971048762188,361.89279580555467,0.38731014056995805
wildcat_strike-long_rides,wildcat_strike+long_rides,bank_tellers_drivers,drivers_starting,-0.1223144722222223,-0.2216984166666669,-0.7857141072775773,-1.424128889831036,0.0993839444444446,0.6384147825534587
wildcat_strike-long_rides,wildcat_strike+long_rides,bank_tellers_drivers,drivers_total_length_avg,-2972.226119916668,-6005.0768442499975,-0.49713967442232776,-1.0044195248897159,3032.8507243333297,0.5072798504673881
wildcat_strike-long_rides,wildcat_strike+long_rides,bank_tellers_drivers,drivers_waiting,-0.12960674999999977,-0.14378166666666692,-0.12057731757350769,-0.1337646973087046,0.014174916666667148,0.013187379735196916
wildcat_strike-long_rides,wildcat_strike+long_rides,bank_tellers_drivers,failed_requests,0.07704176114988129,0.06767358593270967,1.78268407117038,1.565912070033297,0.00936817521717162,0.21677200113708306
wildcat_strike-long_rides,wildcat_strike+long_rides,bank_tellers_drivers,passengers_accept,-0.4267967222222211,-0.5831019166666636,-0.12498011371092607,-0.1707514140938364,0.15630519444444246,0.04577130038291033
wildcat_strike-long_rides,wildcat_strike+long_rides,bank_tellers_drivers,passengers_acceptance_rate,-0.13974583333333346,-0.15344894444444446,-1.2019545174533297,-1.3198150354401377,0.013703111111111,0.11786051798680797
wildcat_strike-long_rides,wildcat_strike+long_rides,bank_tellers_drivers,passengers_arrivals,-0.37062036111111074,-0.36165672222222156,-0.484617042132724,-0.4728963364703143,-0.00896363888888918,-0.01172070566240968
wildcat_strike-long_rides,wildcat_strike+long_rides,bank_tellers_drivers,passengers_cancel,0.0416656388888889,0.025971499999999995,2.8103088418244226,1.7517536759746382,0.015694138888888903,1.0585551658497845
wildcat_strike-long_rides,wildcat_strike+long_rides,bank_tellers_drivers,passengers_change_provider,0.26333825000000033,0.18655136111111092,0.23092472517826174,0.16358930689413292,0.0767868888888894,0.06733541828412881
wildcat_strike-long_rides,wildcat_strike+long_rides,bank_tellers_drivers,passengers_departures,-0.29889816666666635,-0.33723569444444434,-0.4045512129091821,-0.4564401004704627,0.03833752777777799,0.05188888756128057
wildcat_strike-long_rides,wildcat_strike+long_rides,bank_tellers_drivers,passengers_drivers_ratio,0.09524925000000004,0.07398163888888892,1.3618386639549784,1.0577622003495475,0.021267611111111112,0.30407646360543095
wildcat_strike-long_rides,wildcat_strike+long_rides,bank_tellers_drivers,passengers_new,0.00027283333333283366,0.025457999999999537,0.00029761383437677943,0.027770261437670574,-0.025185166666666703,-0.027472647603293796
wildcat_strike-long_rides,wildcat_strike+long_rides,bank_tellers_drivers,passengers_no_ratings_count,-0.10954172222222225,-0.10729580555555562,-0.5910790353283274,-0.5789602350225584,-0.0022459166666666253,-0.01211880030576895
wildcat_strike-long_rides,wildcat_strike+long_rides,bank_tellers_drivers,passengers_offers_discarded,-2.3682639722222234,-3.9036442777777864,-0.088476657063078,-0.14583737290784726,1.535380305555563,0.05736071584476926
wildcat_strike-long_rides,wildcat_strike+long_rides,bank_tellers_drivers,passengers_pickup_accept,0.28693077777777776,0.34434297222222254,0.7212199382147405,0.8655293763680219,-0.057412194444444786,-0.14430943815328134
wildcat_strike-long_rides,wildcat_strike+long_rides,bank_tellers_drivers,passengers_pickup_reject,0.09143977777777781,0.08360594444444447,1.8504435991510486,1.6919123001827594,0.007833833333333345,0.1585312989682892
wildcat_strike-long_rides,wildcat_strike+long_rides,bank_tellers_drivers,passengers_rating_avg,0.03685244444444358,0.02441261111111004,1.7486199959129918,1.1583595222750827,0.012439833333333539,0.5902604736379091
wildcat_strike-long_rides,wildcat_strike+long_rides,bank_tellers_drivers,passengers_ratings_count,-0.2637964444444443,-0.25466211111111114,-0.45525161298389005,-0.4394878675994894,-0.009134333333333133,-0.015763745384400674
wildcat_strike-long_rides,wildcat_strike+long_rides,bank_tellers_drivers,passengers_reject,0.7610693055555569,0.6896246111111104,0.42307532424422867,0.38335950986704836,0.07144469444444645,0.0397158143771803
wildcat_strike-long_rides,wildcat_strike+long_rides,bank_tellers_drivers,passengers_unassigned,6.784426055555553,4.779791611111108,0.8437680692166003,0.5944549333929873,2.004634444444445,0.24931313582361303
wildcat_strike-long_rides,wildcat_strike+long_rides,bank_tellers_drivers,rides_dispatched,-0.1211949166666666,-0.12186613888888909,-0.1340079530937748,-0.134750138645323,0.0006712222222224895,0.0007421855515482023
wildcat_strike-long_rides,wildcat_strike+long_rides,bank_tellers_drivers,rides_duration_avg,120.41327697222232,134.08973361111134,0.515237635110257,0.5737579690177439,-13.676456638889022,-0.0585203339074869
wildcat_strike-long_rides,wildcat_strike+long_rides,bank_tellers_drivers,rides_in_progress,109.00583330555583,163.34908791666612,0.13194626436233906,0.19772613340043022,-54.3432546111103,-0.06577986903809116
wildcat_strike-long_rides,wildcat_strike+long_rides,bank_tellers_drivers,rides_length_avg,1419.0609292777772,1507.3859630833313,1.2266068974455155,1.3029532286338033,-88.32503380555409,-0.07634633118828771
wildcat_strike-long_rides,wildcat_strike+long_rides,bank_tellers_drivers,rides_not_served,0.14184783333333334,0.1424309166666668,1.1366882836534336,1.1413607835980484,-0.0005830833333334562,-0.004672499944614827
wildcat_strike-long_rides,wildcat_strike+long_rides,bank_tellers_drivers,rides_offers_generated,-2.2808611111110935,-4.079120472222229,-0.0772395811169096,-0.1381362306827938,1.7982593611111355,0.0608966495658842
wildcat_strike-long_rides,wildcat_strike+long_rides,bank_tellers_drivers,rides_offers_lyft,0.4297961944444424,1.3729299722222237,0.03845591388695013,0.12284258787548556,-0.9431337777777813,-0.08438667398853543
wildcat_strike-long_rides,wildcat_strike+long_rides,bank_tellers_drivers,rides_offers_price_lyft_avg,6.3312769444444434,6.262377916666669,11.82719952007248,11.698492064148947,0.06889902777777479,0.12870745592353217
wildcat_strike-long_rides,wildcat_strike+long_rides,bank_tellers_drivers,rides_offers_price_no_surge_avg,6.114498777777779,5.933807111111108,10.31197910797134,10.007246249339804,0.18069166666667158,0.3047328586315352
wildcat_strike-long_rides,wildcat_strike+long_rides,bank_tellers_drivers,rides_offers_price_uber_avg,5.956106055555555,5.687339944444439,9.526983724470675,9.097083661852324,0.26876611111111615,0.42990006261835134
wildcat_strike-long_rides,wildcat_strike+long_rides,bank_tellers_drivers,rides_offers_radius_avg,992.918932888889,1051.9772873055563,2.0943320213358803,2.2189019118730267,-59.05835441666727,-0.1245698905371464
wildcat_strike-long_rides,wildcat_strike+long_rides,bank_tellers_drivers,rides_offers_surge_lyft_avg,0.0,0.0,,,0.0,
wildcat_strike-long_rides,wildcat_strike+long_rides,bank_tellers_drivers,rides_offers_surge_uber_avg,0.0,0.0,,,0.0,
wildcat_strike-long_rides,wildcat_strike+long_rides,bank_tellers_drivers,rides_offers_uber,-2.711152861111117,-5.452787666666659,-0.14419617237547128,-0.2900135664011472,2.7416348055555417,0.14581739402567595
wildcat_strike-long_rides,wildcat_strike+long_rides,bank_tellers_drivers,rides_partial_acceptances,-0.27294027777777785,-0.3635461666666657,-0.1265984687141712,-0.1686243905869357,0.09060588888888788,0.04202592187276452
wildcat_strike-long_rides,wildcat_strike+long_rides,bank_tellers_drivers,rides_waiting_duration_avg,103.3845082222224,61.07486958333368,0.44832464655722704,0.26484982895717074,42.309638638888714,0.1834748176000563
wildcat_strike-long_rides,wildcat_strike+long_rides,bank_tellers_drivers,traffic_duration_avg,-54.81867502777766,2.1726237222226246,-0.3611820961874471,0.014314698226859948,-56.99129875000028,-0.37549679441430706
wildcat_strike-long_rides,wildcat_strike+long_rides,bank_tellers_drivers,traffic_length_avg,-21.31033838888925,24.85174019444503,-0.267295610421586,0.31171541925285623,-46.16207858333428,-0.5790110296744422
wildcat_strike-long_rides,wildcat_strike+long_rides,bank_tellers_drivers,traffic_speed_avg,0.24364163888888957,-0.053368333333331464,0.25026122600211603,-0.05481831673189494,0.29700997222222103,0.30507954273401094
wildcat_strike-long_rides,wildcat_strike+long_rides,students_drivers,drivers_accept,-0.1259584444444446,-0.07471769444444432,-0.1392750932062688,-0.0826170401183171,-0.05124075000000028,-0.0566580530879517
wildcat_strike-long_rides,wildcat_strike+long_rides,students_drivers,drivers_acceptance_rate,-0.009463666666666981,0.05365347222222283,-0.04679561392495535,0.2653038468364317,-0.06311713888888981,-0.31209946076138706
wildcat_strike-long_rides,wildcat_strike+long_rides,students_drivers,drivers_busy,-5.597865861111586,210.6213444722216,-0.005756382501890034,0.21658557956294033,-216.2192103333332,-0.22234196206483037
wildcat_strike-long_rides,wildcat_strike+long_rides,students_drivers,drivers_change_provider,-0.05129147222222208,-0.09063763888888898,-0.19043113367005698,-0.3365126321975676,0.039346166666666904,0.14608149852751062
wildcat_strike-long_rides,wildcat_strike+long_rides,students_drivers,drivers_change_zone,-0.15644900000000028,-0.25313866666666707,-0.3007821589640397,-0.4866735784650485,0.09668966666666678,0.1858914195010088
wildcat_strike-long_rides,wildcat_strike+long_rides,students_drivers,drivers_demand_pressure,0.0,0.0,,,0.0,
wildcat_strike-long_rides,wildcat_strike+long_rides,students_drivers,drivers_idle,-1233.9952708055544,-1069.30592088889,-0.3744959093148741,-0.32451558174744766,-164.68934991666447,-0.04998032756742643
wildcat_strike-long_rides,wildcat_strike+long_rides,students_drivers,drivers_idle_duration_avg,6.962835972222251,-64.67132930555567,0.05867394206871568,-0.5449678614172423,71.63416527777792,0.603641803485958
wildcat_strike-long_rides,wildcat_strike+long_rides,students_drivers,drivers_occupied_distance_avg,-16.675248805556294,-820.8849181666665,-0.014996790858473216,-0.7382582161243925,804.2096693611102,0.7232614252659193
wildcat_strike-long_rides,wildcat_strike+long_rides,students_drivers,drivers_occupied_duration_avg,-11.950682555555545,-96.38904491666676,-0.09960023310529645,-0.8033324705821049,84.43836236111122,0.7037322374768085
wildcat_strike-long_rides,wildcat_strike+long_rides,students_drivers,drivers_passengers_served,0.20647213888888905,0.050601333333333276,0.2397664545046293,0.05876096577402737,0.15587080555555577,0.18100548873060193
wildcat_strike-long_rides,wildcat_strike+long_rides,students_drivers,drivers_pickup,171.35817202777764,227.20773336111097,0.5994230546136586,0.7947887862685968,-55.84956133333333,-0.1953657316549382
wildcat_strike-long_rides,wildcat_strike+long_rides,students_drivers,drivers_pickup_accept,0.32462538888888914,0.3746803333333334,0.8937013269267424,1.0315037656773218,-0.05005494444444425,-0.1378024387505794
wildcat_strike-long_rides,wildcat_strike+long_rides,students_drivers,drivers_pickup_reject,0.062453555555555595,0.08096774999999998,0.7658972021578258,0.9929454398292923,-0.018514194444444382,-0.22704823767146654
wildcat_strike-long_rides,wildcat_strike+long_rides,students_drivers,drivers_reject,-0.0594905555555556,-0.061554861111111414,-0.13120305397884863,-0.13575576307200032,0.002064305555555812,0.004552709093151697
wildcat_strike-long_rides,wildcat_strike+long_rides,students_drivers,drivers_removed,0.013028222222222108,0.02002797222222208,0.08573088293947753,0.1317920214140753,-0.006999749999999971,-0.04606113847459778
wildcat_strike-long_rides,wildcat_strike+long_rides,students_drivers,drivers_shift_duration_avg,-100.01719922222219,-580.4501834722209,-0.10704185310996396,-0.6212177881409849,480.43298424999875,0.514175935031021
wildcat_strike-long_rides,wildcat_strike+long_rides,students_drivers,drivers_starting,-0.1260229722222222,-0.2198833333333332,-0.8095364785301381,-1.4124692999642403,0.09386036111111101,0.6029328214341022
wildcat_strike-long_rides,wildcat_strike+long_rides,students_drivers,drivers_total_length_avg,-692.0918544444467,-3750.7385554999964,-0.11576047894986664,-0.627355009038417,3058.64670105555,0.5115945300885504
wildcat_strike-long_rides,wildcat_strike+long_rides,students_drivers,drivers_waiting,-0.10803177777777773,-0.019715777777777443,-0.10050542874612424,-0.018342220588972266,-0.08831600000000028,-0.08216320815715197
wildcat_strike-long_rides,wildcat_strike+long_rides,students_drivers,failed_requests,0.06467919211340614,0.06952352093551417,1.496624217772255,1.6087180704800454,-0.004844328822108029,-0.11209385270779038
wildcat_strike-long_rides,wildcat_strike+long_rides,students_drivers,passengers_accept,-0.6521851666666656,-0.885370416666662,-0.19098126121066855,-0.25926556974276654,0.23318524999999646,0.06828430853209799
wildcat_strike-long_rides,wildcat_strike+long_rides,students_drivers,passengers_acceptance_rate,-0.1371039999999999,-0.10788047222222175,-1.179232097516952,-0.9278804085929653,-0.029223527777778147,-0.2513516889239866
wildcat_strike-long_rides,wildcat_strike+long_rides,students_drivers,passengers_arrivals,-0.3613748888888888,-0.28000433333333374,-0.47252781587429343,-0.36612902593245444,-0.08137055555555506,-0.10639878994183899
wildcat_strike-long_rides,wildcat_strike+long_rides,students_drivers,passengers_cancel,0.04216630555555555,0.020624666666666645,2.844078345848883,1.3911147083951598,0.021541638888888902,1.4529636374537231
wildcat_strike-long_rides,wildcat_strike+long_rides,students_drivers,passengers_change_provider,-0.007680861111111881,-0.043311694444444715,-0.006735446678239526,-0.037980586324197985,0.035630833333332834,0.03124513964595846
wildcat_strike-long_rides,wildcat_strike+long_rides,students_drivers,passengers_departures,-0.29256950000000037,-0.2838241944444442,-0.3959855204372277,-0.3841489675094636,-0.008745305555556193,-0.011836552927764088
wildcat_strike-long_rides,wildcat_strike+long_rides,students_drivers,passengers_drivers_ratio,0.08736099999999997,0.058012805555555574,1.2490553733679874,0.8294457080770476,0.029348194444444392,0.4196096652909398
wildcat_strike-long_rides,wildcat_strike+long_rides,students_drivers,passengers_new,-0.0018010555555556529,0.021143027777777323,-0.001964639156318266,0.023063375322995447,-0.022944083333332976,-0.02502801447931371
wildcat_strike-long_rides,wildcat_strike+long_rides,students_drivers,passengers_no_ratings_count,-0.09213441666666661,-0.07902419444444453,-0.4971505013714643,-0.4264087114228763,-0.013110222222222079,-0.07074178994858804
wildcat_strike-long_rides,wildcat_strike+long_rides,students_drivers,passengers_offers_discarded,-4.862129666666675,-6.637680472222215,-0.1816457051070316,-0.24797901995867033,1.7755508055555396,0.06633331485163874
wildcat_strike-long_rides,wildcat_strike+long_rides,students_drivers,passengers_pickup_accept,0.31863886111111117,0.37860644444444425,0.8009203526480984,0.9516529338006503,-0.059967583333333074,-0.15073258115255195
wildcat_strike-long_rides,wildcat_strike+long_rides,students_drivers,passengers_pickup_reject,0.068361,0.07690305555555554,1.3834042246798537,1.5562676371958433,-0.008542055555555539,-0.17286341251598958
wildcat_strike-long_rides,wildcat_strike+long_rides,students_drivers,passengers_rating_avg,0.04508124999999996,0.02308058333333385,2.1390704573095984,1.0951558340952563,0.022000666666666113,1.0439146232143421
wildcat_strike-long_rides,wildcat_strike+long_rides,students_drivers,passengers_ratings_count,-0.2703476944444443,-0.20286683333333322,-0.4665575543351535,-0.3501012050804349,-0.06748086111111107,-0.1164563492547186
wildcat_strike-long_rides,wildcat_strike+long_rides,students_drivers,passengers_reject,0.1276158888888892,-0.05260136111110825,0.07094115237109769,-0.02924088219735116,0.18021724999999744,0.10018203456844885
wildcat_strike-long_rides,wildcat_strike+long_rides,students_drivers,passengers_unassigned,6.41968972222222,4.108708555555552,0.7984064027720528,0.5109934217730894,2.310981166666668,0.2874129809989634
wildcat_strike-long_rides,wildcat_strike+long_rides,students_drivers,rides_dispatched,-0.1259584444444446,-0.07471769444444432,-0.1392750932062688,-0.0826170401183171,-0.05124075000000028,-0.0566580530879517
wildcat_strike-long_rides,wildcat_strike+long_rides,students_drivers,rides_duration_avg,84.58958050000001,139.56301836111106,0.3619512441459664,0.5971776646010262,-54.97343786111105,-0.23522642045505976
wildcat_strike-long_rides,wildcat_strike+long_rides,students_drivers,rides_in_progress,20.78277775000015,169.56890741666575,0.025156542581519753,0.20525492266928075,-148.7861296666656,-0.180098380087761
wildcat_strike-long_rides,wildcat_strike+long_rides,students_drivers,rides_length_avg,1409.1805180555557,1429.93167363889,1.2180664744765433,1.2360033438831566,-20.751155583334366,-0.01793686940661332
wildcat_strike-long_rides,wildcat_strike+long_rides,students_drivers,rides_not_served,0.11216241666666665,0.15758774999999992,0.898806149485925,1.262819070710559,-0.04542533333333326,-0.36401292122463413
wildcat_strike-long_rides,wildcat_strike+long_rides,students_drivers,rides_offers_generated,-4.982555833333336,-7.1211714444444425,-0.16873036397679037,-0.24115291227120944,2.1386156111111063,0.07242254829441908
wildcat_strike-long_rides,wildcat_strike+long_rides,students_drivers,rides_offers_lyft,-1.8166206111111123,-3.203064861111102,-0.16254170392655284,-0.28659347864264745,1.3864442499999896,0.1240517747160946
wildcat_strike-long_rides,wildcat_strike+long_rides,students_drivers,rides_offers_price_lyft_avg,6.245952638888891,5.966746638888889,11.6678086745018,11.146235365013416,0.27920600000000206,0.5215733094883834
wildcat_strike-long_rides,wildcat_strike+long_rides,students_drivers,rides_offers_price_no_surge_avg,5.983106555555565,5.726089722222227,10.090388770030701,9.65693505419014,0.25701683333333847,0.433453715840562
wildcat_strike-long_rides,wildcat_strike+long_rides,students_drivers,rides_offers_price_uber_avg,5.816868861111114,5.590023749999997,9.304269341459337,8.94142327032272,0.2268451111111176,0.3628460711366177
wildcat_strike-long_rides,wildcat_strike+long_rides,students_drivers,rides_offers_radius_avg,1079.8891260833336,1073.6507095833338,2.2777754571246867,2.264616965524203,6.2384164999998575,0.013158491600483657
wildcat_strike-long_rides,wildcat_strike+long_rides,students_drivers,rides_offers_surge_lyft_avg,0.0,0.0,,,0.0,
wildcat_strike-long_rides,wildcat_strike+long_rides,students_drivers,rides_offers_surge_uber_avg,0.0,0.0,,,0.0,
wildcat_strike-long_rides,wildcat_strike+long_rides,students_drivers,rides_offers_uber,-3.1658564166666636,-3.918042194444446,-0.16838016923419358,-0.20838614293881597,0.7521857777777825,0.04000597370462239
wildcat_strike-long_rides,wildcat_strike+long_rides,students_drivers,rides_partial_acceptances,-0.4676111111111094,-0.7507416388888872,-0.21689305478247167,-0.3482180887962683,0.2831305277777778,0.13132503401379664
wildcat_strike-long_rides,wildcat_strike+long_rides,students_drivers,rides_waiting_duration_avg,93.20275830555556,82.36430713888888,0.404171711932709,0.35717100677793867,10.838451166666687,0.04700070515477034
wildcat_strike-long_rides,wildcat_strike+long_rides,students_drivers,traffic_duration_avg,-46.524842722222274,20.3646521388888,-0.30653678168413706,0.1341759490524888,-66.88949486111107,-0.44071273073662587
wildcat_strike-long_rides,wildcat_strike+long_rides,students_drivers,traffic_length_avg,-14.160285750000185,48.261907583333596,-0.17761248808999644,0.6053491883696793,-62.42219333333378,-0.7829616764596757
wildcat_strike-long_rides,wildcat_strike+long_rides,students_drivers,traffic_speed_avg,0.24935208333333314,-0.00461447222222322,0.2561268195607571,-0.004739844473846011,0.25396655555555636,0.2608666640346031
wildcat_strike-long_rides,wildcat_strike+long_rides,managers_drivers,drivers_accept,-0.11079119444444485,-0.10382824999999984,-0.12250432276090616,-0.11480523802889459,-0.006962944444445007,-0.007699084732011571
wildcat_strike-long_rides,wildcat_strike+long_rides,managers_drivers,drivers_acceptance_rate,-0.052468249999999994,0.052761555555555395,-0.25944320069577964,0.26089352793396947,-0.10522980555555539,-0.5203367286297491
wildcat_strike-long_rides,wildcat_strike+long_rides,managers_drivers,drivers_busy,-50.77903558333219,-187.6337734444437,-0.05221696252591186,-0.19294706179413856,136.85473786111152,0.14073009926822672
wildcat_strike-long_rides,wildcat_strike+long_rides,managers_drivers,drivers_change_provider,-0.01752755555555552,0.027036833333333288,-0.06507499454194339,0.10038032833622552,-0.044564388888888806,-0.16545532287816891
wildcat_strike-long_rides,wildcat_strike+long_rides,managers_drivers,drivers_change_zone,-0.11194019444444447,-0.11476786111111137,-0.21521143222298866,-0.22064778326921278,0.002827666666666895,0.005436351046224114
wildcat_strike-long_rides,wildcat_strike+long_rides,managers_drivers,drivers_demand_pressure,0.0,0.0,,,0.0,
wildcat_strike-long_rides,wildcat_strike+long_rides,managers_drivers,drivers_idle,-1318.3566032777771,-610.5231625833339,-0.4000980932637441,-0.18528306577721548,-707.8334406944432,-0.21481502748652864
wildcat_strike-long_rides,wildcat_strike+long_rides,managers_drivers,drivers_idle_duration_avg,68.44094241666676,-48.530750916666875,0.5767333750937352,-0.4089555576485854,116.97169333333363,0.9856889327423206
wildcat_strike-long_rides,wildcat_strike+long_rides,managers_drivers,drivers_occupied_distance_avg,-530.1690077777785,-1217.592653333334,-0.4768045036088659,-1.0950350777836162,687.4236455555556,0.6182305741747502
wildcat_strike-long_rides,wildcat_strike+long_rides,managers_drivers,drivers_occupied_duration_avg,-49.59512644444442,-151.44069727777787,-0.4133392491843063,-1.2621478882378472,101.84557083333345,0.8488086390535409
wildcat_strike-long_rides,wildcat_strike+long_rides,managers_drivers,drivers_passengers_served,0.07014827777777732,-0.0276301388888891,0.08145991969131794,-0.03208559021333372,0.09777841666666642,0.11354550990465166
wildcat_strike-long_rides,wildcat_strike+long_rides,managers_drivers,drivers_pickup,167.7391659166667,138.9303262777778,0.5867635142362323,0.48598814734320467,28.808839638888912,0.10077536689302763
wildcat_strike-long_rides,wildcat_strike+long_rides,managers_drivers,drivers_pickup_accept,0.29407858333333325,0.2939301666666667,0.809605253135923,0.8091966585636008,0.00014841666666653985,0.0004085945723222295
wildcat_strike-long_rides,wildcat_strike+long_rides,managers_drivers,drivers_pickup_reject,0.08674086111111107,0.055977861111111055,1.063743805245221,0.6864827282674301,0.030763000000000013,0.377261076977791
wildcat_strike-long_rides,wildcat_strike+long_rides,managers_drivers,drivers_reject,-0.021231972222222284,-0.07933863888888881,-0.04682591331573972,-0.17497687865809744,0.05810666666666653,0.1281509653423577
wildcat_strike-long_rides,wildcat_strike+long_rides,managers_drivers,drivers_removed,-0.007615861111111011,0.0019021666666667603,-0.05011539458440517,0.012517013069767102,-0.009518027777777771,-0.06263240765417227
wildcat_strike-long_rides,wildcat_strike+long_rides,managers_drivers,drivers_shift_duration_avg,-330.8346494722218,-628.5530016666676,-0.3540706421283567,-0.6726990817523464,297.71835219444574,0.3186284396239897
wildcat_strike-long_rides,wildcat_strike+long_rides,managers_drivers,drivers_starting,-0.12182888888888888,-0.22366608333333338,-0.7825948551700608,-1.4367686325395757,0.1018371944444445,0.6541737773695149
wildcat_strike-long_rides,wildcat_strike+long_rides,managers_drivers,drivers_total_length_avg,-3033.6979983888887,-4571.034862055552,-0.5074215669893258,-0.7645591860820871,1537.3368636666637,0.2571376190927612
wildcat_strike-long_rides,wildcat_strike+long_rides,managers_drivers,drivers_waiting,-0.07971780555555563,-0.1668381944444448,-0.07416403201789555,-0.15521492480074134,0.08712038888888918,0.08105089278284579
wildcat_strike-long_rides,wildcat_strike+long_rides,managers_drivers,failed_requests,0.07259167741622055,0.04711749197634377,1.67971273109499,1.0902606737703795,0.025474185439876784,0.5894520573246105
wildcat_strike-long_rides,wildcat_strike+long_rides,managers_drivers,passengers_accept,-0.40632833333333274,-0.36282830555555456,-0.11898629642598271,-0.10624805797422522,-0.04350002777777817,-0.012738238451757491
wildcat_strike-long_rides,wildcat_strike+long_rides,managers_drivers,passengers_acceptance_rate,-0.1488871666666669,-0.12629974999999982,-1.280579165025745,-1.0863046964958465,-0.02258741666666708,-0.1942744685298985
wildcat_strike-long_rides,wildcat_strike+long_rides,managers_drivers,passengers_arrivals,-0.3419676944444443,-0.2833846111111109,-0.44715129004186155,-0.37054902113547633,-0.0585830833333334,-0.07660226890638522
wildcat_strike-long_rides,wildcat_strike+long_rides,managers_drivers,passengers_cancel,0.03461108333333332,0.02044483333333333,2.334485588380771,1.3789851162372404,0.014166249999999991,0.9555004721435307
wildcat_strike-long_rides,wildcat_strike+long_rides,managers_drivers,passengers_change_provider,0.21690261111111164,0.272254555555556,0.1902047114738583,0.23874354910536727,-0.055351944444444356,-0.04853883763150896
wildcat_strike-long_rides,wildcat_strike+long_rides,managers_drivers,passengers_departures,-0.2966991666666672,-0.27296783333333385,-0.4015749212607323,-0.36945515354513203,-0.023731333333333327,-0.03211976771560027
wildcat_strike-long_rides,wildcat_strike+long_rides,managers_drivers,passengers_drivers_ratio,0.08432188888888886,0.05517491666666666,1.2056032830348218,0.7888706188989474,0.029146972222222206,0.4167326641358744
wildcat_strike-long_rides,wildcat_strike+long_rides,managers_drivers,passengers_new,-0.0002777777777778212,0.028143527777777955,-0.0003030073654829678,0.0306997063464236,-0.028421305555555776,-0.031002713711906566
wildcat_strike-long_rides,wildcat_strike+long_rides,managers_drivers,passengers_no_ratings_count,-0.09104666666666672,-0.06293569444444447,-0.4912810827824996,-0.3395963547521623,-0.028110972222222252,-0.15168472803033728
wildcat_strike-long_rides,wildcat_strike+long_rides,managers_drivers,passengers_offers_discarded,-2.4266621388889007,-2.5160932222222243,-0.09065837102143876,-0.09399945266760228,0.08943108333332361,0.003341081646163521
wildcat_strike-long_rides,wildcat_strike+long_rides,managers_drivers,passengers_pickup_accept,0.3132823055555555,0.293403611111111,0.7874562875633352,0.7374898430778447,0.019878694444444456,0.04996644448549048
wildcat_strike-long_rides,wildcat_strike+long_rides,managers_drivers,passengers_pickup_reject,0.06750544444444442,0.056333972222222195,1.3660905638205347,1.1400163128862906,0.011171472222222228,0.22607425093424416
wildcat_strike-long_rides,wildcat_strike+long_rides,managers_drivers,passengers_rating_avg,0.02621225000000038,0.020006027777778712,1.2437509961372941,0.9492705501192109,0.006206222222221669,0.2944804460180832
wildcat_strike-long_rides,wildcat_strike+long_rides,managers_drivers,passengers_ratings_count,-0.2546105833333334,-0.22546205555555532,-0.4393989425800632,-0.38909532944803,-0.0291485277777781,-0.05030361313203319
wildcat_strike-long_rides,wildcat_strike+long_rides,managers_drivers,passengers_reject,0.5211719166666668,0.5047731111111107,0.2897173437703965,0.280601314616428,0.016398805555556173,0.009116029153968475
wildcat_strike-long_rides,wildcat_strike+long_rides,managers_drivers,passengers_unassigned,5.704203250000003,5.367480916666665,0.7094225102107679,0.6675448995282658,0.3367223333333378,0.041877610682502064
wildcat_strike-long_rides,wildcat_strike+long_rides,managers_drivers,rides_dispatched,-0.11079119444444485,-0.10382824999999984,-0.12250432276090616,-0.11480523802889459,-0.006962944444445007,-0.007699084732011571
wildcat_strike-long_rides,wildcat_strike+long_rides,managers_drivers,rides_duration_avg,143.75155413888888,55.76727158333313,0.6151000343179036,0.2386231639038974,87.98428255555575,0.37647687041400624
wildcat_strike-long_rides,wildcat_strike+long_rides,managers_drivers,rides_in_progress,105.05493533333356,-9.456495166665718,0.12716389435054173,-0.011446627885541433,114.51143049999928,0.13861052223608317
wildcat_strike-long_rides,wildcat_strike+long_rides,managers_drivers,rides_length_avg,1471.299544055555,1419.0845886111101,1.2717608748945548,1.2266273480835792,52.21495544444497,0.0451335268109756
wildcat_strike-long_rides,wildcat_strike+long_rides,managers_drivers,rides_not_served,0.1428523611111111,0.0964171388888887,1.1447380009368915,0.7726324015174872,0.046435222222222405,0.37210559941940424
wildcat_strike-long_rides,wildcat_strike+long_rides,managers_drivers,rides_offers_generated,-2.438759333333337,-2.49913422222221,-0.08258668115914305,-0.08463122964350248,0.0603748888888731,0.002044548484359421
wildcat_strike-long_rides,wildcat_strike+long_rides,managers_drivers,rides_offers_lyft,0.7194719722222231,2.8632774722222223,0.06437458629343099,0.2561910815626252,-2.143805499999999,-0.19181649526919423
wildcat_strike-long_rides,wildcat_strike+long_rides,managers_drivers,rides_offers_price_lyft_avg,6.412702249999999,6.01622872222222,11.979306803206486,11.238670821144535,0.3964735277777791,0.740635982061951
wildcat_strike-long_rides,wildcat_strike+long_rides,managers_drivers,rides_offers_price_no_surge_avg,6.271979277777774,5.87673225,10.577566801244707,9.910990644954516,0.3952470277777742,0.6665761562901906
wildcat_strike-long_rides,wildcat_strike+long_rides,managers_drivers,rides_offers_price_uber_avg,6.145823611111108,5.715913027777777,9.830443073106387,9.142787230146032,0.42991058333333143,0.6876558429603552
wildcat_strike-long_rides,wildcat_strike+long_rides,managers_drivers,rides_offers_radius_avg,959.9029500277777,1116.4493182777774,2.0246924688693753,2.354890696529217,-156.54636824999966,-0.33019822765984186
wildcat_strike-long_rides,wildcat_strike+long_rides,managers_drivers,rides_offers_surge_lyft_avg,0.0,0.0,,,0.0,
wildcat_strike-long_rides,wildcat_strike+long_rides,managers_drivers,rides_offers_surge_uber_avg,0.0,0.0,,,0.0,
wildcat_strike-long_rides,wildcat_strike+long_rides,managers_drivers,rides_offers_uber,-3.15815697222223,-5.362531805555562,-0.16797066432053487,-0.28521319166265374,2.2043748333333326,0.11724252734211887
wildcat_strike-long_rides,wildcat_strike+long_rides,managers_drivers,rides_partial_acceptances,-0.2747826388888903,-0.180010083333336,-0.1274530149811581,-0.08349445925919736,-0.0947725555555543,-0.04395855572196074
wildcat_strike-long_rides,wildcat_strike+long_rides,managers_drivers,rides_waiting_duration_avg,65.87807072222222,-7.301781249999522,0.2856788050771404,-0.03166401382988417,73.17985197222174,0.31734281890702454
wildcat_strike-long_rides,wildcat_strike+long_rides,managers_drivers,traffic_duration_avg,-28.831404194444417,-140.79824347222188,-0.18996057452501963,-0.9276729999592122,111.96683927777747,0.7377124254341925
wildcat_strike-long_rides,wildcat_strike+long_rides,managers_drivers,traffic_length_avg,-36.86836538888883,-107.73491472222304,-0.4624399693721978,-1.3513192174089688,70.8665493333342,0.888879248036771
wildcat_strike-long_rides,wildcat_strike+long_rides,managers_drivers,traffic_speed_avg,0.14039727777777689,0.6046582499999991,0.14421178179666375,0.6210864269645753,-0.4642609722222222,-0.47687464516791156
