scenario,personality,parts,metric,observed,expected,observed_z,expected_z,residual,residual_z
normal,bank_tellers_drivers,bank_tellers+drivers,drivers_accept,-0.041259000000001045,-0.12881400000000198,-0.04562100695941894,-0.14243254539544178,0.08755500000000094,0.09681153843602285
normal,bank_tellers_drivers,bank_tellers+drivers,drivers_acceptance_rate,-0.16777933333333284,-0.1175139999999999,-0.8296294854622367,-0.5810791914455663,-0.05026533333333294,-0.2485502940166704
normal,bank_tellers_drivers,bank_tellers+drivers,drivers_busy,-201.34045955555575,-415.79802033333317,-0.20704188472246732,-0.42757231201178414,214.45756077777742,0.22053042728931682
normal,bank_tellers_drivers,bank_tellers+drivers,drivers_change_provider,0.031685222222222365,0.02085177777777769,0.11763851819701356,0.07741691765162363,0.010833444444444673,0.040221600545389924
normal,bank_tellers_drivers,bank_tellers+drivers,drivers_change_zone,0.05679611111111105,0.05942499999999984,0.10919377510090467,0.11424796448962907,-0.002628888888888792,-0.0050541893887244005
normal,bank_tellers_drivers,bank_tellers+drivers,drivers_demand_pressure,0.0,0.0,,,0.0,
normal,bank_tellers_drivers,bank_tellers+drivers,drivers_idle,200.0968822222203,396.0091356666662,0.06072589225561914,0.12018182311320572,-195.91225344444592,-0.059455930857586575
normal,bank_tellers_drivers,bank_tellers+drivers,drivers_idle_duration_avg,-75.12672244444457,-145.59713100000022,-0.6330726413925521,-1.2269077806436846,70.47040855555565,0.5938351392511324
normal,bank_tellers_drivers,bank_tellers+drivers,drivers_occupied_distance_avg,82.42717011111108,-888.9002343333327,0.07413041002424126,-0.799427406678512,971.3274044444438,0.8735578167027532
normal,bank_tellers_drivers,bank_tellers+drivers,drivers_occupied_duration_avg,-6.388763999999924,-113.85631244444437,-0.05324569376657986,-0.9489094206342561,107.46754844444445,0.8956637268676763
normal,bank_tellers_drivers,bank_tellers+drivers,drivers_passengers_served,0.11922244444444452,-0.16981444444444493,0.1384474581202582,-0.1971975855300686,0.28903688888888945,0.33564504365032677
normal,bank_tellers_drivers,bank_tellers+drivers,drivers_pickup,6.1028642222222516,-52.34626866666713,0.02134825243924677,-0.1831109651234752,58.44913288888938,0.20445921756272195
normal,bank_tellers_drivers,bank_tellers+drivers,drivers_pickup_accept,0.03840655555555572,-0.05905577777777715,0.10573415030835437,-0.16258194450944466,0.09746233333333287,0.26831609481779906
normal,bank_tellers_drivers,bank_tellers+drivers,drivers_pickup_reject,0.019518666666666656,0.026835555555555557,0.23936655098128173,0.3290969863207823,-0.0073168888888889005,-0.08973043533950059
normal,bank_tellers_drivers,bank_tellers+drivers,drivers_reject,0.09124077777777795,0.011279444444444398,0.20122637248984301,0.02487617646995835,0.07996133333333355,0.17635019601988466
normal,bank_tellers_drivers,bank_tellers+drivers,drivers_removed,0.048816222222222316,0.02387199999999995,0.32123015416043876,0.15708725278268532,0.024944222222222368,0.16414290137775345
normal,bank_tellers_drivers,bank_tellers+drivers,drivers_shift_duration_avg,28.09987922222217,-504.5941407777791,0.030073459040078142,-0.5400340373186813,532.6940200000013,0.5701074963587595
normal,bank_tellers_drivers,bank_tellers+drivers,drivers_starting,-0.044334444444444454,-0.018483666666666676,-0.2847921248029167,-0.11873392731344984,-0.025850777777777778,-0.16605819748946687
normal,bank_tellers_drivers,bank_tellers+drivers,drivers_total_length_avg,887.5867259999977,-2602.578763666672,0.14845928882341902,-0.4353118191640106,3490.1654896666696,0.5837711079874297
normal,bank_tellers_drivers,bank_tellers+drivers,drivers_waiting,-0.003167333333333744,-0.12783377777777938,-0.0029466718145045702,-0.11892786463461619,0.12466644444444563,0.11598119282011161
normal,bank_tellers_drivers,bank_tellers+drivers,failed_requests,0.0064710780240816446,-0.022373405249550005,0.14973551415041633,-0.517702510442598,0.02884448327363165,0.6674380245930143
normal,bank_tellers_drivers,bank_tellers+drivers,passengers_accept,0.08720422222222268,-0.2649433333333331,0.02553626361669095,-0.07758411956526445,0.35214755555555577,0.1031203831819554
normal,bank_tellers_drivers,bank_tellers+drivers,passengers_acceptance_rate,-0.5712884444444442,-0.6420196666666658,-4.913654383748243,-5.522013932273801,0.07073122222222161,0.6083595485255575
normal,bank_tellers_drivers,bank_tellers+drivers,passengers_arrivals,-0.10575944444444474,-0.04059277777777881,-0.13828929687136518,-0.053078443503865,-0.06516666666666593,-0.08521085336750017
normal,bank_tellers_drivers,bank_tellers+drivers,passengers_cancel,-0.04094300000000004,-0.08527766666666675,-2.761567516525026,-5.751899815639197,0.04433466666666671,2.9903322991141708
normal,bank_tellers_drivers,bank_tellers+drivers,passengers_change_provider,0.6127037777777771,0.5497229999999993,0.5372878854439708,0.48205922496701203,0.06298077777777777,0.055228660476958735
normal,bank_tellers_drivers,bank_tellers+drivers,passengers_departures,-0.10035222222222151,-0.11931566666666615,-0.1358242296059523,-0.16149077863999672,0.018963444444444644,0.025666549034044417
normal,bank_tellers_drivers,bank_tellers+drivers,passengers_drivers_ratio,9.488888888892211e-05,-0.0180578888888889,0.0013566863536317825,-0.25818503849943075,0.018152777777777823,0.25954172485306254
normal,bank_tellers_drivers,bank_tellers+drivers,passengers_new,-0.000204000000000093,0.002055333333332854,-0.00022252860921075822,0.002242012098680702,-0.002259333333332947,-0.00246454070789146
normal,bank_tellers_drivers,bank_tellers+drivers,passengers_no_ratings_count,-0.021370222222222124,-0.03399777777777763,-0.11531213933480172,-0.183449495630798,0.012627555555555503,0.06813735629599627
normal,bank_tellers_drivers,bank_tellers+drivers,passengers_offers_discarded,2.6783146666666653,-0.15244544444445296,0.10005993041701475,-0.005695253344703905,2.8307601111111182,0.10575518376171865
normal,bank_tellers_drivers,bank_tellers+drivers,passengers_pickup_accept,-0.014555222222222053,-0.10944322222222191,-0.036585536599154686,-0.2750929495275853,0.09488799999999986,0.23850741292843058
normal,bank_tellers_drivers,bank_tellers+drivers,passengers_pickup_reject,0.07177799999999998,0.07624022222222218,1.452553187330064,1.5428540470846395,-0.004462222222222201,-0.09030085975457536
normal,bank_tellers_drivers,bank_tellers+drivers,passengers_rating_avg,0.006742555555557139,0.014587555555557685,0.319929048011335,0.6921682325413776,-0.007845000000000546,-0.3722391845300426
normal,bank_tellers_drivers,bank_tellers+drivers,passengers_ratings_count,-0.08583299999999983,-0.009778111111110599,-0.14812789376118943,-0.01687475684004637,-0.07605488888888923,-0.13125313692114304
normal,bank_tellers_drivers,bank_tellers+drivers,passengers_reject,2.0971846666666654,2.07237011111111,1.1658164064340326,1.1520220961642478,0.02481455555555545,0.013794310269784837
normal,bank_tellers_drivers,bank_tellers+drivers,passengers_unassigned,0.6846487777777774,-1.0032955555555674,0.08514865849912429,-0.12477824164234283,1.6879443333333448,0.20992690014146712
normal,bank_tellers_drivers,bank_tellers+drivers,rides_dispatched,-0.041259000000001045,-0.12881400000000198,-0.04562100695941894,-0.14243254539544178,0.08755500000000094,0.09681153843602285
normal,bank_tellers_drivers,bank_tellers+drivers,rides_duration_avg,-3.9621592222224535,-52.11271588888894,-0.016953724696481164,-0.22298564717209612,48.15055666666649,0.20603192247561497
normal,bank_tellers_drivers,bank_tellers+drivers,rides_in_progress,44.31698088888788,0.7194989999989048,0.053643551897950524,0.0008709185773221814,43.59748188888898,0.05277263332062834
normal,bank_tellers_drivers,bank_tellers+drivers,rides_length_avg,-156.64737255555428,-196.43598811111042,-0.13540274675954272,-0.16979520255429995,39.788615555556134,0.03439245579475722
normal,bank_tellers_drivers,bank_tellers+drivers,rides_not_served,0.0588332222222222,0.0229835555555557,0.4714561570526548,0.18417721090815356,0.0358496666666665,0.2872789461445012
normal,bank_tellers_drivers,bank_tellers+drivers,rides_offers_generated,2.9566103333333302,0.1693874444444532,0.10012330104630814,0.005736173584449403,2.787222888888877,0.09438712746185873
normal,bank_tellers_drivers,bank_tellers+drivers,rides_offers_lyft,0.994167333333337,0.12538833333334054,0.08895288942542667,0.011219091772852935,0.8687789999999964,0.07773379765257374
normal,bank_tellers_drivers,bank_tellers+drivers,rides_offers_price_lyft_avg,-0.2626781111111036,-0.6855554444444358,-0.4906982362211926,-1.2806580875649538,0.4228773333333322,0.7899598513437612
normal,bank_tellers_drivers,bank_tellers+drivers,rides_offers_price_no_surge_avg,-0.11913277777777509,-0.4806811111111102,-0.2009150316594693,-0.8106590181011831,0.36154833333333514,0.6097439864417138
normal,bank_tellers_drivers,bank_tellers+drivers,rides_offers_price_uber_avg,-0.03119855555555162,-0.354727666666669,-0.04990309578646523,-0.5673983430500875,0.3235291111111174,0.5174952472636223
normal,bank_tellers_drivers,bank_tellers+drivers,rides_offers_radius_avg,58.62483444444388,-9.421085555556374,0.12365548078057745,-0.019871593240084376,68.04592000000025,0.14352707402066184
normal,bank_tellers_drivers,bank_tellers+drivers,rides_offers_surge_lyft_avg,0.0,0.0,,,0.0,
normal,bank_tellers_drivers,bank_tellers+drivers,rides_offers_surge_uber_avg,0.0,0.0,,,0.0,
normal,bank_tellers_drivers,bank_tellers+drivers,rides_offers_uber,1.9647771111110899,0.04766588888887213,0.10449921251472495,0.002535171966597633,1.9171112222222177,0.10196404054812731
normal,bank_tellers_drivers,bank_tellers+drivers,rides_partial_acceptances,0.03405566666666715,-0.15249977777777435,0.015796112197667467,-0.07073429580677847,0.1865554444444415,0.08653040800444593
normal,bank_tellers_drivers,bank_tellers+drivers,rides_waiting_duration_avg,-36.77297188888883,-96.48225488888897,-0.15946518398586562,-0.41839317675264376,59.70928300000014,0.25892799276677814
normal,bank_tellers_drivers,bank_tellers+drivers,traffic_duration_avg,-18.377369666666823,4.029271555555397,-0.12108240294488958,0.026547535959351914,-22.40664122222222,-0.14762993890424148
normal,bank_tellers_drivers,bank_tellers+drivers,traffic_length_avg,-40.010996222223184,-43.72973711111172,-0.5018579932250601,-0.5485021664782368,3.718740888888533,0.04664417325317671
normal,bank_tellers_drivers,bank_tellers+drivers,traffic_speed_avg,-0.1241557777777782,-0.2648295555555551,-0.12752901065520597,-0.27202480477958657,0.1406737777777769,0.1444957941243806
boycott_tncs,bank_tellers_drivers,bank_tellers+drivers,drivers_accept,-0.05138872222222224,-0.07370411111111119,-0.056821669311800764,-0.08149629816373893,0.022315388888888954,0.02467462885193817
boycott_tncs,bank_tellers_drivers,bank_tellers+drivers,drivers_acceptance_rate,-0.3225087222222225,-0.5236612222222226,-1.594730053806627,-2.589382027675735,0.20115250000000007,0.9946519738691082
boycott_tncs,bank_tellers_drivers,bank_tellers+drivers,drivers_busy,67.11091666666653,489.8755921666657,0.06901131895094886,0.5037475632349748,-422.76467549999916,-0.43473624428402596
boycott_tncs,bank_tellers_drivers,bank_tellers+drivers,drivers_change_provider,0.026305333333333347,0.06035072222222243,0.09766446996358784,0.22406563806147317,-0.03404538888888908,-0.12640116809788532
boycott_tncs,bank_tellers_drivers,bank_tellers+drivers,drivers_change_zone,0.08132422222222202,0.12433416666666675,0.15635047290855952,0.23903955335601185,-0.043009944444444725,-0.08268908044745232
boycott_tncs,bank_tellers_drivers,bank_tellers+drivers,drivers_demand_pressure,0.0,0.0,,,0.0,
boycott_tncs,bank_tellers_drivers,bank_tellers+drivers,drivers_idle,-48.86848594444382,-578.7349161111124,-0.01483072789141135,-0.17563589082461734,529.8664301666686,0.160805162933206
boycott_tncs,bank_tellers_drivers,bank_tellers+drivers,drivers_idle_duration_avg,129.44608105555562,186.5999402777777,1.0908072358987213,1.5724274030815344,-57.15385922222208,-0.4816201671828131
boycott_tncs,bank_tellers_drivers,bank_tellers+drivers,drivers_occupied_distance_avg,255.87840766666613,792.1656868888895,0.23012280114810107,0.7124297376344383,-536.2872792222233,-0.4823069364863372
boycott_tncs,bank_tellers_drivers,bank_tellers+drivers,drivers_occupied_duration_avg,26.41941605555553,76.84742405555528,0.22018658644864478,0.6404672966496567,-50.42800799999975,-0.420280710201012
boycott_tncs,bank_tellers_drivers,bank_tellers+drivers,drivers_passengers_served,0.00244472222222214,0.09396305555555573,0.0028389417701839004,0.10911490918927792,-0.09151833333333359,-0.10627596741909402
boycott_tncs,bank_tellers_drivers,bank_tellers+drivers,drivers_pickup,-5.109918055555511,19.980636500000003,-0.017874856234986275,0.06989368538556585,-25.090554555555514,-0.08776854162055213
boycott_tncs,bank_tellers_drivers,bank_tellers+drivers,drivers_pickup_accept,0.0033047222222222228,0.02265616666666659,0.009097977965411619,0.06237295943603373,-0.019351444444444366,-0.05327498147062211
boycott_tncs,bank_tellers_drivers,bank_tellers+drivers,drivers_pickup_reject,0.013147611111111124,0.03222127777777779,0.16123531279338663,0.39514462035708514,-0.01907366666666667,-0.23390930756369852
boycott_tncs,bank_tellers_drivers,bank_tellers+drivers,drivers_reject,0.055101999999999984,0.09778677777777767,0.12152434302939322,0.21566320508158876,-0.04268477777777768,-0.09413886205219554
boycott_tncs,bank_tellers_drivers,bank_tellers+drivers,drivers_removed,0.01340811111111112,0.004435944444444506,0.08823070289248697,0.029190278412969353,0.008972166666666614,0.059040424479517614
boycott_tncs,bank_tellers_drivers,bank_tellers+drivers,drivers_shift_duration_avg,169.4458477777771,298.20054244444236,0.18134678524263464,0.31914449624537666,-128.75469466666527,-0.13779771100274202
boycott_tncs,bank_tellers_drivers,bank_tellers+drivers,drivers_starting,-0.07561111111111096,-0.09166733333333321,-0.48570472150669003,-0.5888454217066107,0.01605622222222225,0.10314070019992067
boycott_tncs,bank_tellers_drivers,bank_tellers+drivers,drivers_total_length_avg,216.60845688889094,959.2018823888939,0.0362303046236217,0.1604377635741483,-742.5934255000029,-0.1242074589505266
boycott_tncs,bank_tellers_drivers,bank_tellers+drivers,drivers_waiting,-0.05056494444444426,-0.06672205555555522,-0.04704219004306905,-0.06207366886276693,0.016157111111110956,0.01503147881969788
boycott_tncs,bank_tellers_drivers,bank_tellers+drivers,failed_requests,0.01076514382733143,0.03938656342167307,0.2490967254435804,0.9113732368262031,-0.02862141959434164,-0.6622765113826227
boycott_tncs,bank_tellers_drivers,bank_tellers+drivers,passengers_accept,0.12433316666666627,0.26409277777777795,0.0364088393817342,0.07733504893159779,-0.13975961111111168,-0.04092620954986359
boycott_tncs,bank_tellers_drivers,bank_tellers+drivers,passengers_acceptance_rate,-0.7526566111111113,-0.7904791666666664,-6.473602770382755,-6.7989147344482,0.03782255555555514,0.3253119640654454
boycott_tncs,bank_tellers_drivers,bank_tellers+drivers,passengers_arrivals,-0.10909200000000019,-0.2004445000000008,-0.14264689128748007,-0.2620979063604422,0.09135250000000061,0.11945101507296216
boycott_tncs,bank_tellers_drivers,bank_tellers+drivers,passengers_cancel,0.001806000000000002,0.002777500000000002,0.12181303116147313,0.1873398084446245,-0.0009715000000000001,-0.06552677728315137
boycott_tncs,bank_tellers_drivers,bank_tellers+drivers,passengers_change_provider,0.29494399999999965,0.333823722222222,0.2586402170705435,0.2927343494997438,-0.03887972222222236,-0.034094132429200286
boycott_tncs,bank_tellers_drivers,bank_tellers+drivers,passengers_departures,-0.05263905555555559,-0.12400883333333357,-0.07124564867318978,-0.1678428626576368,0.07136977777777798,0.09659721398444701
boycott_tncs,bank_tellers_drivers,bank_tellers+drivers,passengers_drivers_ratio,0.001024000000000011,0.0073046666666666815,0.014640774514129123,0.10443943121830163,-0.0062806666666666705,-0.0897986567041725
boycott_tncs,bank_tellers_drivers,bank_tellers+drivers,passengers_new,-0.001435166666666765,-0.0016757222222218981,-0.0015655178545041643,-0.0018279222330119123,0.00024055555555513308,0.0002624043785077481
boycott_tncs,bank_tellers_drivers,bank_tellers+drivers,passengers_no_ratings_count,0.022703888888889023,0.019242000000000148,0.12250850607791193,0.10382840955078995,0.0034618888888888755,0.018680096527121978
boycott_tncs,bank_tellers_drivers,bank_tellers+drivers,passengers_offers_discarded,1.704074333333331,2.694796055555557,0.06366300470249225,0.10067566337995697,-0.9907217222222258,-0.03701265867746471
boycott_tncs,bank_tellers_drivers,bank_tellers+drivers,passengers_pickup_accept,0.00384299999999993,0.03384233333333331,0.00965964071203886,0.08506499631981841,-0.029999333333333378,-0.07540535560777956
boycott_tncs,bank_tellers_drivers,bank_tellers+drivers,passengers_pickup_reject,0.012527666666666673,0.02113850000000002,0.2535192140554945,0.42777446502238275,-0.008610833333333345,-0.17425525096688826
boycott_tncs,bank_tellers_drivers,bank_tellers+drivers,passengers_rating_avg,-0.00975566666666694,0.012245166666667195,-0.46289884060506914,0.58102369081381,-0.022000833333334135,-1.0439225314188791
boycott_tncs,bank_tellers_drivers,bank_tellers+drivers,passengers_ratings_count,-0.13068499999999994,-0.21631544444444417,-0.22553206571110263,-0.37331039546061734,0.08563044444444423,0.14777832974951471
boycott_tncs,bank_tellers_drivers,bank_tellers+drivers,passengers_reject,1.0686201666666668,1.1170738888888887,0.5940415941178943,0.6209768207659356,-0.048453722222221884,-0.026935226648041377
boycott_tncs,bank_tellers_drivers,bank_tellers+drivers,passengers_unassigned,0.2880556111111119,0.5719360555555575,0.035825009341092756,0.07113075997287942,-0.2838804444444456,-0.03530575063178666
boycott_tncs,bank_tellers_drivers,bank_tellers+drivers,rides_dispatched,-0.05138872222222224,-0.07370411111111119,-0.056821669311800764,-0.08149629816373893,0.022315388888888954,0.02467462885193817
boycott_tncs,bank_tellers_drivers,bank_tellers+drivers,rides_duration_avg,22.10889105555566,72.15774472222233,0.09460196606892973,0.3087565315089299,-50.04885366666667,-0.21415456544000017
boycott_tncs,bank_tellers_drivers,bank_tellers+drivers,rides_in_progress,115.15822250000019,78.05272266666725,0.13939343252291472,0.09447902801960875,37.10549983333294,0.04491440450330597
boycott_tncs,bank_tellers_drivers,bank_tellers+drivers,rides_length_avg,-184.56411161111282,-189.654132499998,-0.1595333982158987,-0.16393310692581714,5.090020888885192,0.004399708709918432
boycott_tncs,bank_tellers_drivers,bank_tellers+drivers,rides_not_served,0.012250722222222232,0.04957477777777777,0.0981703568468989,0.397264221387867,-0.03732405555555554,-0.2990938645409681
boycott_tncs,bank_tellers_drivers,bank_tellers+drivers,rides_offers_generated,2.0602779999999967,3.292962833333341,0.0697697062434737,0.11151361590637011,-1.2326848333333444,-0.041743909662896414
boycott_tncs,bank_tellers_drivers,bank_tellers+drivers,rides_offers_lyft,0.8941571111111095,1.8068511666666645,0.08000449820348002,0.16166758517181457,-0.9126940555555549,-0.08166308696833455
boycott_tncs,bank_tellers_drivers,bank_tellers+drivers,rides_offers_price_lyft_avg,0.10946294444444149,-0.01160522222222582,0.20448324964445555,-0.0216792409969499,0.12106816666666731,0.22616249064140545
boycott_tncs,bank_tellers_drivers,bank_tellers+drivers,rides_offers_price_no_surge_avg,0.13406905555555682,0.023933055555556138,0.22610476347446512,0.04036261643812232,0.11013600000000068,0.1857421470363428
boycott_tncs,bank_tellers_drivers,bank_tellers+drivers,rides_offers_price_uber_avg,0.13961733333333015,0.009293666666660982,0.22332242742386255,0.014865519560611024,0.13032366666666917,0.20845690786325152
boycott_tncs,bank_tellers_drivers,bank_tellers+drivers,rides_offers_radius_avg,-44.33897422222208,-8.827720722222011,-0.09352277454979022,-0.01862002785078202,-35.511253500000066,-0.0749027466990082
boycott_tncs,bank_tellers_drivers,bank_tellers+drivers,rides_offers_surge_lyft_avg,0.0,0.0,,,0.0,
boycott_tncs,bank_tellers_drivers,bank_tellers+drivers,rides_offers_surge_uber_avg,0.0,0.0,,,0.0,
boycott_tncs,bank_tellers_drivers,bank_tellers+drivers,rides_offers_uber,1.1653704444444486,1.4855002777777848,0.061981734744208566,0.07900825408659122,-0.3201298333333362,-0.017026519342382654
boycott_tncs,bank_tellers_drivers,bank_tellers+drivers,rides_partial_acceptances,0.1211481666666665,0.24011966666666673,0.056192411440338486,0.11137521495785704,-0.11897150000000023,-0.05518280351751856
boycott_tncs,bank_tellers_drivers,bank_tellers+drivers,rides_waiting_duration_avg,-40.66567972222242,-22.55471361111097,-0.1763458259073668,-0.09780801961320619,-18.110966111111452,-0.07853780629416061
boycott_tncs,bank_tellers_drivers,bank_tellers+drivers,traffic_duration_avg,29.057271833333175,14.297771222221854,0.1914487416000796,0.09420327978072984,14.75950061111132,0.09724546181934976
boycott_tncs,bank_tellers_drivers,bank_tellers+drivers,traffic_length_avg,13.463532111111363,-40.31972177777743,0.16887310602005468,-0.5057303383900548,53.783253888888794,0.6746034444101094
boycott_tncs,bank_tellers_drivers,bank_tellers+drivers,traffic_speed_avg,-0.17538055555555498,-0.08577850000000087,-0.18014553280148252,-0.08810904684651447,-0.08960205555555412,-0.09203648595496805
flash_mob,bank_tellers_drivers,bank_tellers+drivers,drivers_accept,-0.020796111111110793,-0.032871333333332586,-0.022994729143430793,-0.036346574729521026,0.012075222222221793,0.013351845586090233
flash_mob,bank_tellers_drivers,bank_tellers+drivers,drivers_acceptance_rate,-0.14504766666666669,-0.16447655555555518,-0.7172267207969499,-0.8132980233331676,0.019428888888888496,0.09607130253621765
flash_mob,bank_tellers_drivers,bank_tellers+drivers,drivers_busy,36.24294511111066,18.070313111110863,0.03726924871564008,0.01858201621426797,18.172631999999794,0.01868723250137211
flash_mob,bank_tellers_drivers,bank_tellers+drivers,drivers_change_provider,0.06772266666666682,0.1389643333333338,0.25143564085308745,0.5159363611502122,-0.07124166666666698,-0.2645007202971248
flash_mob,bank_tellers_drivers,bank_tellers+drivers,drivers_change_zone,0.07740777777777819,0.22618522222222226,0.14882088425371012,0.4348540384774653,-0.14877744444444407,-0.2860331542237552
flash_mob,bank_tellers_drivers,bank_tellers+drivers,drivers_demand_pressure,0.0,0.0,,,0.0,
flash_mob,bank_tellers_drivers,bank_tellers+drivers,drivers_idle,-41.46493233333422,599.3210209999997,-0.012583879295351527,0.18188341239298,-640.785953333334,-0.19446729168833154
flash_mob,bank_tellers_drivers,bank_tellers+drivers,drivers_idle_duration_avg,-60.32747544444442,-33.61227155555525,-0.5083633757136298,-0.28324155299886417,-26.715203888889164,-0.2251218227147656
flash_mob,bank_tellers_drivers,bank_tellers+drivers,drivers_occupied_distance_avg,310.3755372222231,366.53715922222364,0.27913448690234804,0.32964312453814726,-56.161622000000534,-0.050508637635799214
flash_mob,bank_tellers_drivers,bank_tellers+drivers,drivers_occupied_duration_avg,34.01798855555569,39.50887922222222,0.2835151527250276,0.3292777263532131,-5.49089066666653,-0.04576257362818553
flash_mob,bank_tellers_drivers,bank_tellers+drivers,drivers_passengers_served,0.024352222222221886,0.10500066666666763,0.028279098637483013,0.12193237161570417,-0.08064844444444574,-0.09365327297822115
flash_mob,bank_tellers_drivers,bank_tellers+drivers,drivers_pickup,-110.42323800000008,-103.62742333333358,-0.38626832813997014,-0.3624960858367481,-6.795814666666502,-0.023772242303222058
flash_mob,bank_tellers_drivers,bank_tellers+drivers,drivers_pickup_accept,-0.0629258888888895,-0.015480666666667808,-0.17323645137717109,-0.042618639253897084,-0.047445222222221695,-0.130617812123274
flash_mob,bank_tellers_drivers,bank_tellers+drivers,drivers_pickup_reject,0.03885166666666662,0.020074444444444395,0.47645618467148154,0.24618231417098213,0.018777222222222223,0.2302738705004994
flash_mob,bank_tellers_drivers,bank_tellers+drivers,drivers_reject,0.09363088888888882,0.08096322222222163,0.20649762729992255,0.17855980527200932,0.012667666666667188,0.02793782202791323
flash_mob,bank_tellers_drivers,bank_tellers+drivers,drivers_removed,0.03001777777777781,0.02340555555555557,0.1975289144500782,0.15401786285500796,0.0066122222222222415,0.04351105159507024
flash_mob,bank_tellers_drivers,bank_tellers+drivers,drivers_shift_duration_avg,116.8501411111115,-39.584165666665285,0.12505704756742597,-0.042364338131058554,156.43430677777678,0.16742138569848453
flash_mob,bank_tellers_drivers,bank_tellers+drivers,drivers_starting,-0.07801799999999998,-0.0585187777777777,-0.5011659054556665,-0.37590833206643215,-0.01949922222222228,-0.12525757338923438
flash_mob,bank_tellers_drivers,bank_tellers+drivers,drivers_total_length_avg,1530.3892466666657,341.7507027777792,0.2559755486734733,0.05716181281567852,1188.6385438888865,0.19881373585779477
flash_mob,bank_tellers_drivers,bank_tellers+drivers,drivers_waiting,-0.021240444444445394,-0.11455566666666561,-0.019760666903385387,-0.10657481187909931,0.09331522222222022,0.08681414497571392
flash_mob,bank_tellers_drivers,bank_tellers+drivers,failed_requests,0.03747883747218597,0.04436710907437305,0.8672300005923792,1.0266190368739454,-0.006888271602187079,-0.1593890362815662
flash_mob,bank_tellers_drivers,bank_tellers+drivers,passengers_accept,0.10257388888889096,0.5114431111111131,0.03003700738458491,0.14976735962385215,-0.4088692222222221,-0.11973035223926724
flash_mob,bank_tellers_drivers,bank_tellers+drivers,passengers_acceptance_rate,-0.4785922222222223,-0.45816522222222167,-4.116373775137202,-3.9406810597096458,-0.02042700000000064,-0.17569271542755605
flash_mob,bank_tellers_drivers,bank_tellers+drivers,passengers_arrivals,0.0669441111111111,-0.009259999999999602,0.08753501026659732,-0.012108222539892993,0.0762041111111107,0.09964323280649032
flash_mob,bank_tellers_drivers,bank_tellers+drivers,passengers_cancel,0.001778333333333347,0.005333000000000004,0.11994694006025508,0.35970592202886875,-0.0035546666666666574,-0.23975898196861367
flash_mob,bank_tellers_drivers,bank_tellers+drivers,passengers_change_provider,0.5555741111111105,0.5826293333333337,0.48719014015051015,0.5109152152442487,-0.02705522222222312,-0.0237250750937385
flash_mob,bank_tellers_drivers,bank_tellers+drivers,passengers_departures,-0.0352782222222221,0.038092444444444595,-0.047748193802726435,0.05155717338293826,-0.0733706666666667,-0.0993053671856647
flash_mob,bank_tellers_drivers,bank_tellers+drivers,passengers_drivers_ratio,0.004273888888888883,0.0008050000000000557,0.06110648781314773,0.011509593245971318,0.003468888888888827,0.04959689456717641
flash_mob,bank_tellers_drivers,bank_tellers+drivers,passengers_new,0.0028326666666664835,0.0033508888888889032,0.00308994791024843,0.003655238451293582,-0.0005182222222224198,-0.0005652905410451518
flash_mob,bank_tellers_drivers,bank_tellers+drivers,passengers_no_ratings_count,0.023352444444444453,-0.0028504444444444887,0.1260080639117467,-0.015380787505433632,0.026202888888888942,0.14138885141718033
flash_mob,bank_tellers_drivers,bank_tellers+drivers,passengers_offers_discarded,2.6785745555555565,5.905592999999996,0.10006963968100163,0.22062875285174707,-3.2270184444444396,-0.12055911317074544
flash_mob,bank_tellers_drivers,bank_tellers+drivers,passengers_pickup_accept,-0.10903777777777779,-0.05592744444444442,-0.27407383746356695,-0.14057741849488856,-0.05311033333333337,-0.1334964189686784
flash_mob,bank_tellers_drivers,bank_tellers+drivers,passengers_pickup_reject,0.08464955555555559,0.05902100000000002,1.7130315936400518,1.1943930127533195,0.02562855555555557,0.5186385808867322
flash_mob,bank_tellers_drivers,bank_tellers+drivers,passengers_rating_avg,0.004100222222222172,0.005955000000000155,0.19455237430106231,0.2825601458095994,-0.0018547777777779828,-0.08800777150853706
flash_mob,bank_tellers_drivers,bank_tellers+drivers,passengers_ratings_count,0.042888222222222216,-0.004408777777777706,0.07401514598044612,-0.007608530125748261,0.04729699999999992,0.08162367610619438
flash_mob,bank_tellers_drivers,bank_tellers+drivers,passengers_reject,2.1169262222222214,2.2175569999999993,1.176790656685336,1.2327308958021983,-0.10063077777777796,-0.05594023911686241
flash_mob,bank_tellers_drivers,bank_tellers+drivers,passengers_unassigned,0.3970002222222213,2.187814777777774,0.04937427399753345,0.2720949768974872,-1.7908145555555528,-0.22272070289995374
flash_mob,bank_tellers_drivers,bank_tellers+drivers,rides_dispatched,-0.020796111111110793,-0.032871333333332586,-0.022994729143430793,-0.036346574729521026,0.012075222222221793,0.013351845586090233
flash_mob,bank_tellers_drivers,bank_tellers+drivers,rides_duration_avg,29.159513222222245,20.88528366666651,0.1247709472855714,0.08936625956540092,8.274229555555735,0.03540468772017048
flash_mob,bank_tellers_drivers,bank_tellers+drivers,rides_in_progress,-25.52722233333361,0.2742593333327932,-0.03089946220574024,0.0003319775960826804,-25.801481666666405,-0.03123143980182292
flash_mob,bank_tellers_drivers,bank_tellers+drivers,rides_length_avg,101.76208333333489,-41.572413444441736,0.08796103869805039,-0.03593433377125074,143.33449677777662,0.12389537246930113
flash_mob,bank_tellers_drivers,bank_tellers+drivers,rides_not_served,0.10364811111111105,0.11970299999999989,0.830577321868217,0.9592321181136606,-0.01605488888888884,-0.12865479624544363
flash_mob,bank_tellers_drivers,bank_tellers+drivers,rides_offers_generated,3.0977595555555695,6.673833333333349,0.10490320927759558,0.22600415632481216,-3.576073777777779,-0.12110094704721658
flash_mob,bank_tellers_drivers,bank_tellers+drivers,rides_offers_lyft,1.3359995555555528,0.33807344444444,0.11953824748927427,0.030249042302073176,0.9979261111111128,0.0892892051872011
flash_mob,bank_tellers_drivers,bank_tellers+drivers,rides_offers_price_lyft_avg,-0.5147492222222141,-1.1445545555555405,-0.9615819695529786,-2.138095554648193,0.6298053333333264,1.1765135850952144
flash_mob,bank_tellers_drivers,bank_tellers+drivers,rides_offers_price_no_surge_avg,-0.7344355555555531,-1.4927234444444402,-1.2386107807503157,-2.5174480415358604,0.7582878888888871,1.2788372607855447
flash_mob,bank_tellers_drivers,bank_tellers+drivers,rides_offers_price_uber_avg,-0.8735647777777764,-1.6867616666666763,-1.3972950351340652,-2.6980296850834957,0.8131968888888998,1.3007346499494306
flash_mob,bank_tellers_drivers,bank_tellers+drivers,rides_offers_radius_avg,3.477219888889067,14.83191244444447,0.007334388253971688,0.03128447664873587,-11.354692555555403,-0.02395008839476418
flash_mob,bank_tellers_drivers,bank_tellers+drivers,rides_offers_surge_lyft_avg,0.0,0.0,,,0.0,
flash_mob,bank_tellers_drivers,bank_tellers+drivers,rides_offers_surge_uber_avg,0.0,0.0,,,0.0,
flash_mob,bank_tellers_drivers,bank_tellers+drivers,rides_offers_uber,1.759537222222228,6.336777555555564,0.09358326350238783,0.33702971227208056,-4.577240333333336,-0.24344644876969274
flash_mob,bank_tellers_drivers,bank_tellers+drivers,rides_partial_acceptances,0.030814333333332833,0.46564755555555326,0.014292677673700209,0.21598229463892477,-0.43483322222222043,-0.20168961696522456
flash_mob,bank_tellers_drivers,bank_tellers+drivers,rides_waiting_duration_avg,23.421211333333304,58.86617966666654,0.1015655679319829,0.2552718937009921,-35.444968333333236,-0.15370632576900922
flash_mob,bank_tellers_drivers,bank_tellers+drivers,traffic_duration_avg,-22.212944888888956,-98.83700333333343,-0.14635373790774384,-0.6512042844291683,76.62405844444447,0.5048505465214245
flash_mob,bank_tellers_drivers,bank_tellers+drivers,traffic_length_avg,13.99156099999982,-40.59356544444472,0.1754961732656345,-0.5091651599637977,54.58512644444454,0.6846613332294322
flash_mob,bank_tellers_drivers,bank_tellers+drivers,traffic_speed_avg,0.25627311111110984,0.3495077777777782,0.2632358872257098,0.3590036800065647,-0.09323466666666835,-0.0957677927808549
long_rides,bank_tellers_drivers,bank_tellers+drivers,drivers_accept,-0.05675969444444462,-0.05561194444444473,-0.06276047444834908,-0.06149138138410451,-0.001147749999999892,-0.001269093064244567
long_rides,bank_tellers_drivers,bank_tellers+drivers,drivers_acceptance_rate,-0.18222722222222232,-0.1885267777777777,-0.9010709102597186,-0.93222073622674,0.006299555555555392,0.031149825967021316
long_rides,bank_tellers_drivers,bank_tellers+drivers,drivers_busy,321.277531416667,-114.30694672222126,0.33037525478148716,-0.11754381478258774,435.58447813888824,0.4479190695640749
long_rides,bank_tellers_drivers,bank_tellers+drivers,drivers_change_provider,0.029791888888889062,0.030583250000000395,0.11060909210606662,0.11354719832533079,-0.0007913611111113328,-0.002938106219264172
long_rides,bank_tellers_drivers,bank_tellers+drivers,drivers_change_zone,0.1361155277777779,0.12311555555555542,0.2616898945568823,0.23669670373129306,0.012999972222222489,0.024993190825589234
long_rides,bank_tellers_drivers,bank_tellers+drivers,drivers_demand_pressure,0.0,0.0,,,0.0,
long_rides,bank_tellers_drivers,bank_tellers+drivers,drivers_idle,-411.8492631388899,-0.18174369444568583,-0.12498902382273636,-5.5156021845415015e-05,-411.6675194444442,-0.12493386780089094
long_rides,bank_tellers_drivers,bank_tellers+drivers,drivers_idle_duration_avg,-13.534962138889,-181.4298170833332,-0.1140554779126835,-1.5288601684074508,167.8948549444442,1.4148046904947673
long_rides,bank_tellers_drivers,bank_tellers+drivers,drivers_occupied_distance_avg,-196.6097102777776,-294.1719072222231,-0.17681983280503613,-0.26456184375371256,97.56219694444553,0.08774201094867642
long_rides,bank_tellers_drivers,bank_tellers+drivers,drivers_occupied_duration_avg,-26.012229222222345,-42.56348855555564,-0.2167929808257978,-0.3547356698833247,16.55125933333329,0.13794268905752693
long_rides,bank_tellers_drivers,bank_tellers+drivers,drivers_passengers_served,0.05004177777777752,0.033014166666666345,0.05811118003355917,0.0383378102861193,0.017027611111111174,0.019773369747439866
long_rides,bank_tellers_drivers,bank_tellers+drivers,drivers_pickup,-43.72180372222215,-20.08822227777796,-0.15294197428847958,-0.0702700280763492,-23.63358144444419,-0.08267194621213038
long_rides,bank_tellers_drivers,bank_tellers+drivers,drivers_pickup_accept,-0.03329661111111126,-0.022828416666666795,-0.09166635312787866,-0.06284716773529897,-0.010468194444444467,-0.028819185392579688
long_rides,bank_tellers_drivers,bank_tellers+drivers,drivers_pickup_reject,0.024454083333333376,0.006264833333333386,0.29989187708734505,0.07682858532716955,0.01818924999999999,0.2230632917601755
long_rides,bank_tellers_drivers,bank_tellers+drivers,drivers_reject,0.11177777777777753,0.11298613888888909,0.24651956389477567,0.2491845359496938,-0.0012083611111115555,-0.002664972054918141
long_rides,bank_tellers_drivers,bank_tellers+drivers,drivers_removed,0.08056936111111118,0.06625491666666689,0.5301784347939262,0.43598369816154803,0.014314444444444296,0.0941947366323782
long_rides,bank_tellers_drivers,bank_tellers+drivers,drivers_shift_duration_avg,-166.72134966666545,-136.1620220277755,-0.17843093348037903,-0.14572528799441214,-30.559327638889954,-0.03270564548596688
long_rides,bank_tellers_drivers,bank_tellers+drivers,drivers_starting,-0.06763411111111117,-0.05876455555555571,-0.43446269495102663,-0.3774871400663937,-0.008869555555555464,-0.056975554884632906
long_rides,bank_tellers_drivers,bank_tellers+drivers,drivers_total_length_avg,-973.6558712777805,293.9023693888812,-0.16285536272051698,0.04915861792979452,-1267.5582406666617,-0.21201398065031152
long_rides,bank_tellers_drivers,bank_tellers+drivers,drivers_waiting,-0.02287513888888837,-0.03075019444444349,-0.021281475589377815,-0.028607892420531966,0.007875055555555122,0.007326416831154151
long_rides,bank_tellers_drivers,bank_tellers+drivers,failed_requests,0.05280440596041969,0.0639189169160142,1.221851265966283,1.4790320643236887,-0.011114510955594514,-0.2571807983574057
long_rides,bank_tellers_drivers,bank_tellers+drivers,passengers_accept,0.38946763888889,0.4594724722222221,0.11404893069847732,0.13454864771776315,-0.07000483333333207,-0.020499717019285824
long_rides,bank_tellers_drivers,bank_tellers+drivers,passengers_acceptance_rate,-0.7348658611111114,-0.737128611111111,-6.320584452617412,-6.340046375162752,0.002262749999999647,0.019461922545339405
long_rides,bank_tellers_drivers,bank_tellers+drivers,passengers_arrivals,-0.09059702777777767,-0.08686102777777771,-0.11846317211514538,-0.11357804042950374,-0.0037359999999999616,-0.004885131685641642
long_rides,bank_tellers_drivers,bank_tellers+drivers,passengers_cancel,0.031791333333333324,0.032722083333333304,2.1442960564773585,2.2070742839156416,-0.0009307499999999802,-0.0627782274382831
long_rides,bank_tellers_drivers,bank_tellers+drivers,passengers_change_provider,1.2616435555555552,1.138259361111111,1.1063515890289057,0.9981543894446278,0.12338419444444426,0.10819719958427798
long_rides,bank_tellers_drivers,bank_tellers+drivers,passengers_departures,-0.12170858333333312,-0.12330627777777758,-0.16472953165975113,-0.16689197123763946,0.001597694444444464,0.0021624395778883365
long_rides,bank_tellers_drivers,bank_tellers+drivers,passengers_drivers_ratio,0.026506416666666643,0.014153083333333372,0.37897897421310156,0.20235556812794,0.012353333333333272,0.17662340608516156
long_rides,bank_tellers_drivers,bank_tellers+drivers,passengers_new,0.0022500555555553525,0.005088111111111182,0.0024544202618845302,0.005550246515023827,-0.0028380555555558296,-0.003095826253139297
long_rides,bank_tellers_drivers,bank_tellers+drivers,passengers_no_ratings_count,0.07103277777777778,0.1068109722222223,0.3832876178485245,0.576344110196802,-0.03577819444444452,-0.1930564923482775
long_rides,bank_tellers_drivers,bank_tellers+drivers,passengers_offers_discarded,7.086004833333334,7.019393666666659,0.2647280991222704,0.2622395533271795,0.0666111666666751,0.0024885457950908907
long_rides,bank_tellers_drivers,bank_tellers+drivers,passengers_pickup_accept,-0.09644388888888877,-0.10766594444444455,-0.24241824500090536,-0.2706256414925032,0.011222055555555777,0.028207396491597814
long_rides,bank_tellers_drivers,bank_tellers+drivers,passengers_pickup_reject,0.08749038888888888,0.09139347222222227,1.7705208175388336,1.8495065253636305,-0.0039030833333333903,-0.07898570782479686
long_rides,bank_tellers_drivers,bank_tellers+drivers,passengers_rating_avg,-0.04106230555555612,-0.04676272222222355,-1.9483746507230826,-2.2188550142006607,0.005700416666667429,0.2704803634775781
long_rides,bank_tellers_drivers,bank_tellers+drivers,passengers_ratings_count,-0.16227766666666676,-0.1966253333333332,-0.2800536969209252,-0.33932982054406235,0.03434766666666644,0.05927612362313717
long_rides,bank_tellers_drivers,bank_tellers+drivers,passengers_reject,3.9021572777777775,3.681615166666666,2.169193322469758,2.046594862005333,0.22054211111111144,0.1225984604644248
long_rides,bank_tellers_drivers,bank_tellers+drivers,passengers_unassigned,1.9728239444444462,1.7755230555555634,0.24535691551167763,0.22081892383643936,0.19730088888888275,0.024537991675238263
long_rides,bank_tellers_drivers,bank_tellers+drivers,rides_dispatched,-0.05675969444444462,-0.05561194444444473,-0.06276047444834908,-0.06149138138410451,-0.001147749999999892,-0.001269093064244567
long_rides,bank_tellers_drivers,bank_tellers+drivers,rides_duration_avg,-6.648348694444621,47.54285580555552,-0.028447689032698814,0.20343162488047922,-54.19120450000014,-0.23187931391317804
long_rides,bank_tellers_drivers,bank_tellers+drivers,rides_in_progress,-168.50783761111097,-165.13398072222208,-0.20397054922957525,-0.19988665940934722,-3.373856888888895,-0.004083889820228032
long_rides,bank_tellers_drivers,bank_tellers+drivers,rides_length_avg,-160.47167549999995,-26.80919508333318,-0.1387083950744221,-0.02317331336922593,-133.66248041666677,-0.11553508170519616
long_rides,bank_tellers_drivers,bank_tellers+drivers,rides_not_served,0.10227791666666669,0.13479213888888902,0.8195973587998566,1.0801479402476115,-0.03251422222222233,-0.2605505814477549
long_rides,bank_tellers_drivers,bank_tellers+drivers,rides_offers_generated,7.883467388888874,7.8218609444444525,0.26696746939140364,0.264881215239492,0.06160644444442198,0.0020862541519116595
long_rides,bank_tellers_drivers,bank_tellers+drivers,rides_offers_lyft,3.268939583333335,3.9476065833333394,0.2924876039928719,0.3532111749487534,-0.6786670000000044,-0.060723570955881545
long_rides,bank_tellers_drivers,bank_tellers+drivers,rides_offers_price_lyft_avg,-0.22837080555555644,-0.16151202777777485,-0.4266101618308293,-0.3017140134890831,-0.0668587777777816,-0.12489614834174617
long_rides,bank_tellers_drivers,bank_tellers+drivers,rides_offers_price_no_surge_avg,-0.29771894444444413,-0.3348258888888864,-0.5020970069232982,-0.5646771217909978,0.03710694444444229,0.06258011486769965
long_rides,bank_tellers_drivers,bank_tellers+drivers,rides_offers_price_uber_avg,-0.34729013888889426,-0.4657638888888904,-0.5555017775040347,-0.7450043614907955,0.11847374999999616,0.1895025839867608
long_rides,bank_tellers_drivers,bank_tellers+drivers,rides_offers_radius_avg,-7.281446361110966,-1.1668400833334545,-0.015358520993597385,-0.002461178319153823,-6.114606277777511,-0.012897342674443563
long_rides,bank_tellers_drivers,bank_tellers+drivers,rides_offers_surge_lyft_avg,0.0,0.0,,,0.0,
long_rides,bank_tellers_drivers,bank_tellers+drivers,rides_offers_surge_uber_avg,0.0,0.0,,,0.0,
long_rides,bank_tellers_drivers,bank_tellers+drivers,rides_offers_uber,4.614689638888876,3.874138666666653,0.24543823853436694,0.2060510770153315,0.7405509722222234,0.03938716151903543
long_rides,bank_tellers_drivers,bank_tellers+drivers,rides_partial_acceptances,0.3344676388888894,0.40280000000000005,0.15513683529058545,0.1868315794695068,-0.06833236111111063,-0.03169474417892135
long_rides,bank_tellers_drivers,bank_tellers+drivers,rides_waiting_duration_avg,32.53606088888887,-7.48565888888902,0.14109191260088735,-0.03246139516759596,40.02171977777789,0.17355330776848332
long_rides,bank_tellers_drivers,bank_tellers+drivers,traffic_duration_avg,-31.08293063888891,-56.4714886388889,-0.20479513665943577,-0.3720719377307863,25.38855799999999,0.1672768010713505
long_rides,bank_tellers_drivers,bank_tellers+drivers,traffic_length_avg,-8.838771749999978,-30.050467472222408,-0.11086472899581476,-0.3769230642827146,21.21169572222243,0.2660583352868998
long_rides,bank_tellers_drivers,bank_tellers+drivers,traffic_speed_avg,0.15833447222222308,0.30962566666666724,0.1626363183133985,0.3180379975077248,-0.15129119444444417,-0.15540167919432632
underground_alarm,bank_tellers_drivers,bank_tellers+drivers,drivers_accept,-0.02255577777777784,-0.019469851851851683,-0.024940432268719157,-0.021528254364675814,-0.0030859259259261584,-0.0034121779040433425
underground_alarm,bank_tellers_drivers,bank_tellers+drivers,drivers_acceptance_rate,-0.07060222222222223,-0.13990733333333294,-0.34911144376967096,-0.6918089770634861,0.0693051111111107,0.34269753329381514
underground_alarm,bank_tellers_drivers,bank_tellers+drivers,drivers_busy,-234.0312206666672,-382.4534099259263,-0.24065836105512844,-0.39328347111350964,148.42218925925908,0.1526251100583812
underground_alarm,bank_tellers_drivers,bank_tellers+drivers,drivers_change_provider,0.030111259259259393,0.010407481481482073,0.11179482647974089,0.038640117183263295,0.01970377777777732,0.07315470929647759
underground_alarm,bank_tellers_drivers,bank_tellers+drivers,drivers_change_zone,0.03718496296296325,0.002789111111111131,0.07149022007809522,0.005362225783422034,0.03439585185185212,0.06612799429467318
underground_alarm,bank_tellers_drivers,bank_tellers+drivers,drivers_demand_pressure,0.0,0.0,,,0.0,
underground_alarm,bank_tellers_drivers,bank_tellers+drivers,drivers_idle,69.03898340740852,-383.29775088889073,0.02095211989949839,-0.11632414090515583,452.33673429629926,0.13727626080465422
underground_alarm,bank_tellers_drivers,bank_tellers+drivers,drivers_idle_duration_avg,43.3683599259258,-49.5975347407408,0.36545348017107604,-0.417945057407486,92.9658946666666,0.783398537578562
underground_alarm,bank_tellers_drivers,bank_tellers+drivers,drivers_occupied_distance_avg,230.18400911111075,295.56536785185335,0.20701468888751973,0.26581504470296113,-65.3813587407426,-0.05880035581544141
underground_alarm,bank_tellers_drivers,bank_tellers+drivers,drivers_occupied_duration_avg,28.436407037037043,32.8837421481482,0.23699673691435602,0.2740620352104875,-4.447335111111158,-0.03706529829613148
underground_alarm,bank_tellers_drivers,bank_tellers+drivers,drivers_passengers_served,0.03380170370370372,0.0361844444444448,0.03925234027635274,0.04201930584606897,-0.002382740740741074,-0.0027669655697162288
underground_alarm,bank_tellers_drivers,bank_tellers+drivers,drivers_pickup,-31.119852222222335,-0.1700597777778512,-0.1088594530241972,-0.0005948811793230133,-30.949792444444483,-0.10826457184487417
underground_alarm,bank_tellers_drivers,bank_tellers+drivers,drivers_pickup_accept,0.01992570370370328,0.01107370370370342,0.054855930711087464,0.030486166617672256,0.00885199999999986,0.024369764093415208
underground_alarm,bank_tellers_drivers,bank_tellers+drivers,drivers_pickup_reject,0.011827037037037136,0.03318511111111122,0.14504049442670905,0.40696455993906555,-0.021358074074074085,-0.2619240655123565
underground_alarm,bank_tellers_drivers,bank_tellers+drivers,drivers_reject,0.05045637037037065,0.10067888888888965,0.11127866975621645,0.2220415924857827,-0.050222518518519,-0.11076292272956625
underground_alarm,bank_tellers_drivers,bank_tellers+drivers,drivers_removed,0.038308518518518464,0.05443081481481482,0.2520852853656461,0.35817640608170104,-0.016122296296296357,-0.10609112071605492
underground_alarm,bank_tellers_drivers,bank_tellers+drivers,drivers_shift_duration_avg,117.43756074074054,-118.4307261481481,0.1256857242970048,-0.12674864413959513,235.86828688888863,0.25243436843659994
underground_alarm,bank_tellers_drivers,bank_tellers+drivers,drivers_starting,-0.06914829629629626,-0.037035851851851764,-0.4441893989085857,-0.23790799850874436,-0.0321124444444445,-0.20628140039984136
underground_alarm,bank_tellers_drivers,bank_tellers+drivers,drivers_total_length_avg,592.5281030370425,-135.48852829628595,0.09910727392375301,-0.022662045257533958,728.0166313333284,0.12176931918128697
underground_alarm,bank_tellers_drivers,bank_tellers+drivers,drivers_waiting,-0.028530814814815564,0.03501244444444307,-0.026543132348870412,0.03257320033719242,-0.06354325925925863,-0.05911633268606284
underground_alarm,bank_tellers_drivers,bank_tellers+drivers,failed_requests,0.03176497632185066,0.03013500650990944,0.7350158727537697,0.6972996890000878,0.0016299698119412176,0.03771618375368191
underground_alarm,bank_tellers_drivers,bank_tellers+drivers,passengers_accept,-0.06802466666666973,0.06786429629629609,-0.019919859109699567,0.019872897392138086,-0.13588896296296582,-0.03979275650183765
underground_alarm,bank_tellers_drivers,bank_tellers+drivers,passengers_acceptance_rate,-0.6670355555555556,-0.634265851851852,-5.737175700899782,-5.455323337485678,-0.03276970370370358,-0.2818523634141039
underground_alarm,bank_tellers_drivers,bank_tellers+drivers,passengers_arrivals,-0.029691037037036683,0.03097503703703719,-0.038823507978905034,0.04050244509998812,-0.06066607407407387,-0.07932595307889315
underground_alarm,bank_tellers_drivers,bank_tellers+drivers,passengers_cancel,0.006148444444444429,0.011555999999999955,0.4147068962932974,0.7794415216511503,-0.005407555555555527,-0.36473462535785295
underground_alarm,bank_tellers_drivers,bank_tellers+drivers,passengers_change_provider,0.820320296296297,0.7312086666666695,0.7193495019442576,0.6412063587343033,0.08911162962962749,0.0781431432099543
underground_alarm,bank_tellers_drivers,bank_tellers+drivers,passengers_departures,-0.08480251851851817,-0.10009977777777745,-0.11477809351262866,-0.13548255234733625,0.015297259259259288,0.02070445883470759
underground_alarm,bank_tellers_drivers,bank_tellers+drivers,passengers_drivers_ratio,-0.008833185185185166,0.013322962962962925,-0.12629362552523482,0.19048681308674964,-0.02215614814814809,-0.31678043861198446
underground_alarm,bank_tellers_drivers,bank_tellers+drivers,passengers_new,-0.0023825925925931024,-0.006062148148147983,-0.002598995176202726,-0.006612751942334947,0.003679555555554881,0.004013756766132221
underground_alarm,bank_tellers_drivers,bank_tellers+drivers,passengers_no_ratings_count,0.007962888888888908,0.02703777777777777,0.04296715979435537,0.1458938501431419,-0.019074888888888863,-0.10292669034878654
underground_alarm,bank_tellers_drivers,bank_tellers+drivers,passengers_offers_discarded,2.4282465925925862,3.1675302222222115,0.0907175650845236,0.1183366755123667,-0.7392836296296252,-0.02761911042784311
underground_alarm,bank_tellers_drivers,bank_tellers+drivers,passengers_pickup_accept,-0.10225888888888957,-0.06264074074074122,-0.25703464123835384,-0.15745174329730577,-0.03961814814814835,-0.09958289794104808
underground_alarm,bank_tellers_drivers,bank_tellers+drivers,passengers_pickup_reject,0.13319800000000004,0.10753133333333348,2.69549415483839,2.1760843290588365,0.02566666666666656,0.5194098257795536
underground_alarm,bank_tellers_drivers,bank_tellers+drivers,passengers_rating_avg,0.00541437037036907,-0.006659555555556196,0.2569076878788613,-0.31599076218388533,0.012073925925925266,0.5728984500627466
underground_alarm,bank_tellers_drivers,bank_tellers+drivers,passengers_ratings_count,-0.03982681481481509,-0.00039407407407376915,-0.06873186529348278,-0.0006800806517124822,-0.03943274074074132,-0.06805178464177031
underground_alarm,bank_tellers_drivers,bank_tellers+drivers,passengers_reject,3.205987629629628,3.140592222222221,1.7821954531965127,1.7458424128215946,0.06539540740740701,0.036353040374918155
underground_alarm,bank_tellers_drivers,bank_tellers+drivers,passengers_unassigned,-0.7052958518518508,-0.2954436296296308,-0.08771650162745895,-0.03674384522634831,-0.40985222222222006,-0.050972656401110636
underground_alarm,bank_tellers_drivers,bank_tellers+drivers,rides_dispatched,-0.02255577777777784,-0.019469851851851683,-0.024940432268719157,-0.021528254364675814,-0.0030859259259261584,-0.0034121779040433425
underground_alarm,bank_tellers_drivers,bank_tellers+drivers,rides_duration_avg,43.90312259259281,44.886413777777534,0.18785753222031706,0.19206494719662576,-0.9832911851847257,-0.004207414976308693
underground_alarm,bank_tellers_drivers,bank_tellers+drivers,rides_in_progress,11.373839999999745,-24.343814370369728,0.013767480637923102,-0.0294670043711945,35.71765437036947,0.0432344850091176
underground_alarm,bank_tellers_drivers,bank_tellers+drivers,rides_length_avg,100.47240014814906,-5.728579999998146,0.08684626324491071,-0.004951665989523346,106.20098014814721,0.09179792923443406
underground_alarm,bank_tellers_drivers,bank_tellers+drivers,rides_not_served,0.11107348148148144,0.0962334814814817,0.8900800389943442,0.7711606749616425,0.014839999999999742,0.11891936403270165
underground_alarm,bank_tellers_drivers,bank_tellers+drivers,rides_offers_generated,2.7951239259259353,3.588136296296284,0.09465468991367076,0.12150943482099882,-0.7930123703703487,-0.02685474490732806
underground_alarm,bank_tellers_drivers,bank_tellers+drivers,rides_offers_lyft,1.7653580740740722,2.56413622222221,0.157955000425208,0.22942548824483205,-0.7987781481481377,-0.07147048781962406
underground_alarm,bank_tellers_drivers,bank_tellers+drivers,rides_offers_price_lyft_avg,0.14781118518518,-0.3547202962962963,0.27612002978601424,-0.6626384779766819,0.5025314814814763,0.9387585077626961
underground_alarm,bank_tellers_drivers,bank_tellers+drivers,rides_offers_price_no_surge_avg,0.27478081481481453,-0.23481362962962393,0.4634123130320607,-0.3960084597298129,0.5095944444444385,0.8594207727618737
underground_alarm,bank_tellers_drivers,bank_tellers+drivers,rides_offers_price_uber_avg,0.34270066666666565,-0.1799400000000091,0.5481607686708729,-0.2878198331915767,0.5226406666666747,0.8359806018624496
underground_alarm,bank_tellers_drivers,bank_tellers+drivers,rides_offers_radius_avg,-78.01455148148125,6.555235851852558,-0.1645535882999488,0.01382674848590091,-84.5697873333338,-0.1783803367858497
underground_alarm,bank_tellers_drivers,bank_tellers+drivers,rides_offers_surge_lyft_avg,0.0,0.0,,,0.0,
underground_alarm,bank_tellers_drivers,bank_tellers+drivers,rides_offers_surge_uber_avg,0.0,0.0,,,0.0,
underground_alarm,bank_tellers_drivers,bank_tellers+drivers,rides_offers_uber,1.0289383703703834,1.022259925925951,0.05472541838045161,0.054370216672675276,0.00667844444443233,0.00035520170777633697
underground_alarm,bank_tellers_drivers,bank_tellers+drivers,rides_partial_acceptances,-0.094925777777779,-0.012653555555552032,-0.04402962511070965,-0.0058691255470430526,-0.08227222222222697,-0.0381604995636666
underground_alarm,bank_tellers_drivers,bank_tellers+drivers,rides_waiting_duration_avg,-21.853296148148047,12.002249481481726,-0.09476633820871577,0.05204749095590644,-33.85554562962977,-0.1468138291646222
underground_alarm,bank_tellers_drivers,bank_tellers+drivers,traffic_duration_avg,28.193907777777667,57.8521172592591,0.18576032174680107,0.38116844250601145,-29.658209481481435,-0.19540812075921038
underground_alarm,bank_tellers_drivers,bank_tellers+drivers,traffic_length_avg,16.712129407407247,33.4115941481482,0.20962026739690343,0.4190816818584109,-16.69946474074095,-0.20946141446150746
underground_alarm,bank_tellers_drivers,bank_tellers+drivers,traffic_speed_avg,-0.05557251851851941,-0.0019282222222241074,-0.057082388215310004,-0.0019806107836862485,-0.0536442962962953,-0.055101777431623755
wildcat_strike,bank_tellers_drivers,bank_tellers+drivers,drivers_accept,-0.019721499999999725,0.017963888888889556,-0.021806507398389324,0.01986307714724639,-0.03768538888888928,-0.04166958454563571
wildcat_strike,bank_tellers_drivers,bank_tellers+drivers,drivers_acceptance_rate,0.003618833333333793,-0.043203888888888375,0.01789428278596472,-0.21363310603723273,0.04682272222222217,0.23152738882319746
wildcat_strike,bank_tellers_drivers,bank_tellers+drivers,drivers_busy,-163.3876512222223,-176.2179756111118,-0.1680143540155767,-0.18120799899354165,12.830324388889494,0.013193644977964936
wildcat_strike,bank_tellers_drivers,bank_tellers+drivers,drivers_change_provider,-0.006843611111111203,0.024175055555555103,-0.0254084463912361,0.08975533429875733,-0.031018666666666306,-0.11516378068999343
wildcat_strike,bank_tellers_drivers,bank_tellers+drivers,drivers_change_zone,0.03331488888888856,0.05228744444444433,0.06404978111491272,0.10052560532002264,-0.01897255555555577,-0.03647582420510992
wildcat_strike,bank_tellers_drivers,bank_tellers+drivers,drivers_demand_pressure,0.0,0.0,,,0.0,
wildcat_strike,bank_tellers_drivers,bank_tellers+drivers,drivers_idle,152.4384694444434,139.98475761110876,0.04626240033472543,0.042482917343412606,12.453711833334637,0.003779482991312824
wildcat_strike,bank_tellers_drivers,bank_tellers+drivers,drivers_idle_duration_avg,-72.17625822222226,107.72291944444453,-0.6082098746203459,0.9077520079708278,-179.8991776666668,-1.5159618825911738
wildcat_strike,bank_tellers_drivers,bank_tellers+drivers,drivers_occupied_distance_avg,30.887007222222564,289.8354084444436,0.02777805554550289,0.2606618380634397,-258.94840122222104,-0.2328837825179368
wildcat_strike,bank_tellers_drivers,bank_tellers+drivers,drivers_occupied_duration_avg,-6.792185888888753,19.143425888889055,-0.05660792132022092,0.15954650892144637,-25.935611777777808,-0.21615443024166728
wildcat_strike,bank_tellers_drivers,bank_tellers+drivers,drivers_passengers_served,0.0474819444444452,-0.007083222222221686,0.055138565104693865,-0.008225415244060737,0.05456516666666689,0.0633639803487546
wildcat_strike,bank_tellers_drivers,bank_tellers+drivers,drivers_pickup,-17.118681888889114,-10.505691277778396,-0.059882364916533065,-0.03674965414274597,-6.6129906111107175,-0.023132710773787098
wildcat_strike,bank_tellers_drivers,bank_tellers+drivers,drivers_pickup_accept,-0.00028644444444458905,0.026806111111111086,-0.0007885882893113594,0.0737978540487645,-0.027092555555555675,-0.07458644233807586
wildcat_strike,bank_tellers_drivers,bank_tellers+drivers,drivers_pickup_reject,0.005009388888888799,0.02496227777777771,0.06143248211236774,0.30612410357452763,-0.01995288888888891,-0.2446916214621599
wildcat_strike,bank_tellers_drivers,bank_tellers+drivers,drivers_reject,-0.002666166666666303,0.04027844444444484,-0.005880079717133502,0.08883183004894693,-0.04294461111111114,-0.09471190976608043
wildcat_strike,bank_tellers_drivers,bank_tellers+drivers,drivers_removed,0.023518500000000053,-0.007953499999999947,0.15476108221219848,-0.05233719273655671,0.031472,0.20709827494875518
wildcat_strike,bank_tellers_drivers,bank_tellers+drivers,drivers_shift_duration_avg,-258.6226581111109,70.94666577777843,-0.27678688061370105,0.07592956647339655,-329.56932388888936,-0.3527164470870976
wildcat_strike,bank_tellers_drivers,bank_tellers+drivers,drivers_starting,-0.03470277777777789,-0.03487838888888889,-0.22292098037410393,-0.2240490572474924,0.00017561111111100147,0.0011280768733884783
wildcat_strike,bank_tellers_drivers,bank_tellers+drivers,drivers_total_length_avg,-1137.5470820555565,-168.970258333331,-0.19026808970678977,-0.0282622572529051,-968.5768237222255,-0.16200583245388467
wildcat_strike,bank_tellers_drivers,bank_tellers+drivers,drivers_waiting,-0.03874961111111164,-0.0015735000000001165,-0.03605000638311229,-0.0014638775310848347,-0.03717611111111152,-0.034586128852027456
wildcat_strike,bank_tellers_drivers,bank_tellers+drivers,failed_requests,0.0306630030624995,0.04111776420196345,0.7095171023858489,0.9514318233506901,-0.010454761139463947,-0.24191472096484123
wildcat_strike,bank_tellers_drivers,bank_tellers+drivers,passengers_accept,-0.0019073888888865298,0.1819637777777796,-0.0005585461832574024,0.05328497725925724,-0.18387116666666614,-0.05384352344251464
wildcat_strike,bank_tellers_drivers,bank_tellers+drivers,passengers_acceptance_rate,-0.752727388888889,-0.7681587777777779,-6.474211530355816,-6.606936972990925,0.015431388888888842,0.13272544263510966
wildcat_strike,bank_tellers_drivers,bank_tellers+drivers,passengers_arrivals,-0.09574972222222211,-0.11250016666666696,-0.12520074997836422,-0.14710335353942916,0.016750444444444845,0.021902603561064937
wildcat_strike,bank_tellers_drivers,bank_tellers+drivers,passengers_cancel,0.00011183333333333878,-0.004472000000000004,0.0075430549934802915,-0.3016322676379337,0.0045838333333333425,0.309175322631414
wildcat_strike,bank_tellers_drivers,bank_tellers+drivers,passengers_change_provider,0.7866390000000005,0.763230722222223,0.6898139365986617,0.6692869143649768,0.023408277777777542,0.020527022233684966
wildcat_strike,bank_tellers_drivers,bank_tellers+drivers,passengers_departures,-0.10527788888888923,-0.05456461111111066,-0.1424909965741452,-0.07385184008684453,-0.050713277777778565,-0.06863915648730068
wildcat_strike,bank_tellers_drivers,bank_tellers+drivers,passengers_drivers_ratio,0.0008601666666667174,0.004578611111111103,0.012298345909411479,0.06546329381412411,-0.0037184444444443854,-0.05316494790471263
wildcat_strike,bank_tellers_drivers,bank_tellers+drivers,passengers_new,-0.0011113333333336861,0.00045316666666606054,-0.001212271867824453,0.000494326216048175,-0.0015644999999997466,-0.001706598083872628
wildcat_strike,bank_tellers_drivers,bank_tellers+drivers,passengers_no_ratings_count,0.028647944444444406,0.03654644444444449,0.15458219044621294,0.19720191255602046,-0.007898500000000086,-0.04261972210980752
wildcat_strike,bank_tellers_drivers,bank_tellers+drivers,passengers_offers_discarded,2.7646847777777595,3.807859888888885,0.10328665631873327,0.14225893628628783,-1.0431751111111254,-0.03897227996755456
wildcat_strike,bank_tellers_drivers,bank_tellers+drivers,passengers_pickup_accept,-0.08220377777777754,-0.04360122222222218,-0.2066247615159068,-0.10959462432277872,-0.03860255555555536,-0.09703013719312809
wildcat_strike,bank_tellers_drivers,bank_tellers+drivers,passengers_pickup_reject,0.08697216666666666,0.09558288888888891,1.760033685818332,1.9342866882578362,-0.008610722222222256,-0.17425300243950415
wildcat_strike,bank_tellers_drivers,bank_tellers+drivers,passengers_rating_avg,-0.0077816111111115305,-0.01620716666666766,-0.3692314307622528,-0.7690175275388704,0.00842555555555613,0.39978609677661764
wildcat_strike,bank_tellers_drivers,bank_tellers+drivers,passengers_ratings_count,-0.12496294444444445,-0.15157394444444416,-0.21565712207137258,-0.2615815495162828,0.026610999999999718,0.04592442744491024
wildcat_strike,bank_tellers_drivers,bank_tellers+drivers,passengers_reject,2.8075274444444442,2.9081575555555554,1.5606930606876206,1.616632929207201,-0.1006301111111112,-0.05593986851958044
wildcat_strike,bank_tellers_drivers,bank_tellers+drivers,passengers_unassigned,0.6558149999999969,1.054305666666668,0.08156264830392787,0.13112228646062085,-0.398490666666671,-0.04955963815669298
wildcat_strike,bank_tellers_drivers,bank_tellers+drivers,rides_dispatched,-0.019721499999999725,0.017963888888889556,-0.021806507398389324,0.01986307714724639,-0.03768538888888928,-0.04166958454563571
wildcat_strike,bank_tellers_drivers,bank_tellers+drivers,rides_duration_avg,-31.745514500000127,-42.99265633333334,-0.1358362153046599,-0.18396172858417198,11.247141833333217,0.04812551327951209
wildcat_strike,bank_tellers_drivers,bank_tellers+drivers,rides_in_progress,-97.28140716666712,-32.807610833333456,-0.11775441623910948,-0.039712018713507886,-64.47379633333367,-0.0780423975256016
wildcat_strike,bank_tellers_drivers,bank_tellers+drivers,rides_length_avg,-13.144365444445612,-99.38937550000082,-0.0113617174457105,-0.08591011915404477,86.24501005555521,0.07454840170833427
wildcat_strike,bank_tellers_drivers,bank_tellers+drivers,rides_not_served,0.08635155555555568,0.12060238888888891,0.6919725114488792,0.9664393118255717,-0.03425083333333323,-0.2744668003766926
wildcat_strike,bank_tellers_drivers,bank_tellers+drivers,rides_offers_generated,2.910953611111097,4.124898166666654,0.09857717178730277,0.13968645657167433,-1.2139445555555568,-0.041109284784371564
wildcat_strike,bank_tellers_drivers,bank_tellers+drivers,rides_offers_lyft,0.7447967777777862,2.1507687777777846,0.06664051734223272,0.1924395329183283,-1.4059719999999984,-0.12579901557609557
wildcat_strike,bank_tellers_drivers,bank_tellers+drivers,rides_offers_price_lyft_avg,0.09261477777777571,0.011391833333327384,0.17300987855950517,0.021280617940888064,0.08122294444444833,0.1517292606186171
wildcat_strike,bank_tellers_drivers,bank_tellers+drivers,rides_offers_price_no_surge_avg,0.11961522222221888,0.1281446666666639,0.20172866450374136,0.21611340086731373,-0.008529444444445033,-0.014384736363572376
wildcat_strike,bank_tellers_drivers,bank_tellers+drivers,rides_offers_price_uber_avg,0.1451899999999995,0.19255599999999617,0.2322360874796197,0.3079995320664296,-0.04736599999999669,-0.07576344458680989
wildcat_strike,bank_tellers_drivers,bank_tellers+drivers,rides_offers_radius_avg,-45.0833891111115,-31.44518311111142,-0.09509294497087814,-0.06632631499407661,-13.638206000000082,-0.02876662997680153
wildcat_strike,bank_tellers_drivers,bank_tellers+drivers,rides_offers_surge_lyft_avg,0.0,0.0,,,0.0,
wildcat_strike,bank_tellers_drivers,bank_tellers+drivers,rides_offers_surge_uber_avg,0.0,0.0,,,0.0,
wildcat_strike,bank_tellers_drivers,bank_tellers+drivers,rides_offers_uber,2.1659996111111113,1.974768444444436,0.1152014915016556,0.10503061450398996,0.19123116666667528,0.01017087699766564
wildcat_strike,bank_tellers_drivers,bank_tellers+drivers,rides_partial_acceptances,0.019176166666666994,0.12219499999999961,0.00889452211147937,0.0566779663686105,-0.10301883333333262,-0.04778344425713113
wildcat_strike,bank_tellers_drivers,bank_tellers+drivers,rides_waiting_duration_avg,-22.68142288888862,11.413554888888939,-0.09835749161004619,0.04949462980008404,-34.09497777777756,-0.1478521214101302
wildcat_strike,bank_tellers_drivers,bank_tellers+drivers,traffic_duration_avg,-11.224150055555356,-2.472963944444359,-0.07395220776375415,-0.01629354049140727,-8.751186111110997,-0.05765866727234688
wildcat_strike,bank_tellers_drivers,bank_tellers+drivers,traffic_length_avg,-12.763987333334171,25.08092072222007,-0.16009871469031983,0.31459003100000293,-37.84490805555424,-0.47468874569032277
wildcat_strike,bank_tellers_drivers,bank_tellers+drivers,traffic_speed_avg,-0.11435572222222135,-0.12599033333333232,-0.11746269387369321,-0.12941340990894498,0.01163461111111097,0.011950716035251774
boycott_tncs-long_rides,bank_tellers_drivers,bank_tellers+drivers,drivers_accept,-0.04485197222222248,-0.036564500000000555,-0.049593837390475404,-0.04043019241783991,-0.008287472222221925,-0.009163644972635492
boycott_tncs-long_rides,bank_tellers_drivers,bank_tellers+drivers,drivers_acceptance_rate,-0.28852224999999976,-0.21823333333333284,-1.4266749131512464,-1.0791126919329093,-0.07028891666666692,-0.34756222121833713
boycott_tncs-long_rides,bank_tellers_drivers,bank_tellers+drivers,drivers_busy,3.686191388888801,237.03468330555552,0.0037905745039421013,0.24374687375059773,-233.34849191666672,-0.23995629924665562
boycott_tncs-long_rides,bank_tellers_drivers,bank_tellers+drivers,drivers_change_provider,0.07167183333333327,0.09980641666666656,0.26609781085528655,0.370553783112993,-0.028134583333333296,-0.10445597225770642
boycott_tncs-long_rides,bank_tellers_drivers,bank_tellers+drivers,drivers_change_zone,0.13149125000000006,0.11356988888888897,0.25279945579633123,0.2183446130899275,0.01792136111111109,0.03445484270640373
boycott_tncs-long_rides,bank_tellers_drivers,bank_tellers+drivers,drivers_demand_pressure,0.0,0.0,,,0.0,
boycott_tncs-long_rides,bank_tellers_drivers,bank_tellers+drivers,drivers_idle,-184.3816421111096,-552.9054075833319,-0.055956592668538835,-0.16779708826830536,368.5237654722223,0.11184049559976653
boycott_tncs-long_rides,bank_tellers_drivers,bank_tellers+drivers,drivers_idle_duration_avg,126.82438850000028,117.88811088888929,1.0687149393488222,0.9934113364841202,8.936277611110995,0.07530360286470206
boycott_tncs-long_rides,bank_tellers_drivers,bank_tellers+drivers,drivers_occupied_distance_avg,243.05782261111108,-364.4852737222209,0.2185926803682923,-0.32779777289944656,607.543096333332,0.5463904532677388
boycott_tncs-long_rides,bank_tellers_drivers,bank_tellers+drivers,drivers_occupied_duration_avg,23.42748658333346,-55.839550250000116,0.19525103389902126,-0.46538197258109537,79.26703683333358,0.6606330064801167
boycott_tncs-long_rides,bank_tellers_drivers,bank_tellers+drivers,drivers_passengers_served,0.14856905555555544,0.08290663888888927,0.1725263073814835,0.096275608749236,0.06566241666666617,0.0762506986322475
boycott_tncs-long_rides,bank_tellers_drivers,bank_tellers+drivers,drivers_pickup,-20.39604827777771,4.308863277777959,-0.07134682528436004,0.01507270973607025,-24.704911555555668,-0.08641953502043029
boycott_tncs-long_rides,bank_tellers_drivers,bank_tellers+drivers,drivers_pickup_accept,-0.013000361111111192,0.035171472222222167,-0.0357902997522587,0.09682788984112897,-0.04817183333333336,-0.13261818959338767
boycott_tncs-long_rides,bank_tellers_drivers,bank_tellers+drivers,drivers_pickup_reject,0.008189611111111092,0.013518666666666637,0.10043303669365972,0.165785740856562,-0.005329055555555545,-0.06535270416290229
boycott_tncs-long_rides,bank_tellers_drivers,bank_tellers+drivers,drivers_reject,0.12275919444444439,0.08975461111111105,0.2707384569648769,0.19794871600189562,0.03300458333333334,0.0727897409629813
boycott_tncs-long_rides,bank_tellers_drivers,bank_tellers+drivers,drivers_removed,0.08100883333333331,0.09323088888888886,0.5330703367737843,0.6134963224716556,-0.012222055555555555,-0.0804259856978713
boycott_tncs-long_rides,bank_tellers_drivers,bank_tellers+drivers,drivers_shift_duration_avg,354.3717920277777,-24.882269444445228,0.37926090315998445,-0.02662986217997472,379.25406147222293,0.40589076533995916
boycott_tncs-long_rides,bank_tellers_drivers,bank_tellers+drivers,drivers_starting,-0.0738286944444444,-0.07136108333333335,-0.4742549732095122,-0.4584037266149772,-0.0024676111111110455,-0.015851246594535018
boycott_tncs-long_rides,bank_tellers_drivers,bank_tellers+drivers,drivers_total_length_avg,1531.3064266944384,-1228.5717413333296,0.2561289577890645,-0.20549303143465003,2759.878168027768,0.46162198922371456
boycott_tncs-long_rides,bank_tellers_drivers,bank_tellers+drivers,drivers_waiting,-0.042963222222222264,-0.0893801666666667,-0.039970063981004736,-0.0831532365477858,0.04641694444444444,0.04318317256678106
boycott_tncs-long_rides,bank_tellers_drivers,bank_tellers+drivers,failed_requests,0.025440857849277798,0.0350970749030213,0.5886808838207269,0.8121179401982842,-0.009656217053743504,-0.22343705637755729
boycott_tncs-long_rides,bank_tellers_drivers,bank_tellers+drivers,passengers_accept,0.48266197222222207,0.37990783333333145,0.14133929580851978,0.11124950529715955,0.10275413888889062,0.030089790511360237
boycott_tncs-long_rides,bank_tellers_drivers,bank_tellers+drivers,passengers_acceptance_rate,-0.7921457222222223,-0.8483088611111111,-6.81324878599598,-7.296308186706975,0.0561631388888888,0.48305940071099496
boycott_tncs-long_rides,bank_tellers_drivers,bank_tellers+drivers,passengers_arrivals,-0.03866688888888903,-0.06050480555555504,-0.0505601831092877,-0.0791150810366788,0.021837916666666013,0.028554897927391104
boycott_tncs-long_rides,bank_tellers_drivers,bank_tellers+drivers,passengers_cancel,0.01640283333333334,0.01820900000000001,1.1063559512568013,1.2281802239309327,-0.0018061666666666712,-0.12182427267413143
boycott_tncs-long_rides,bank_tellers_drivers,bank_tellers+drivers,passengers_change_provider,0.7496159444444441,0.6912183611111109,0.6573479392381325,0.606138341383189,0.058397583333333225,0.0512095978549435
boycott_tncs-long_rides,bank_tellers_drivers,bank_tellers+drivers,passengers_departures,-0.06015325000000038,-0.060009777777778606,-0.08141592342072837,-0.0812217373467023,-0.00014347222222177436,-0.0001941860740260759
boycott_tncs-long_rides,bank_tellers_drivers,bank_tellers+drivers,passengers_drivers_ratio,0.010393305555555551,0.012082361111111106,0.14859965146028575,0.17274914514263506,-0.0016890555555555548,-0.02414949368234931
boycott_tncs-long_rides,bank_tellers_drivers,bank_tellers+drivers,passengers_new,0.000782444444444419,0.0010697499999996474,0.0008535111470922626,0.0011669116652108904,-0.0002873055555552284,-0.0003134005181186278
boycott_tncs-long_rides,bank_tellers_drivers,bank_tellers+drivers,passengers_no_ratings_count,0.05625916666666675,0.05223608333333335,0.3035703044201633,0.2818620441566619,0.004023083333333399,0.021708260263501422
boycott_tncs-long_rides,bank_tellers_drivers,bank_tellers+drivers,passengers_offers_discarded,5.892467777777767,5.0373791111111,0.22013840388767314,0.18819289966746525,0.855088666666667,0.03194550422020789
boycott_tncs-long_rides,bank_tellers_drivers,bank_tellers+drivers,passengers_pickup_accept,-0.045467277777777704,-0.007750055555555357,-0.1142850813135075,-0.019480289400209946,-0.037717222222222346,-0.09480479191329755
boycott_tncs-long_rides,bank_tellers_drivers,bank_tellers+drivers,passengers_pickup_reject,0.04037474999999999,0.056194166666666684,0.817053579093239,1.1371871033049619,-0.015819416666666697,-0.3201335242117229
boycott_tncs-long_rides,bank_tellers_drivers,bank_tellers+drivers,passengers_rating_avg,-0.04557005555555449,-0.04084266666666636,-2.1622639029939017,-1.9379529552621009,-0.004727388888888129,-0.22431094773180082
boycott_tncs-long_rides,bank_tellers_drivers,bank_tellers+drivers,passengers_ratings_count,-0.09560644444444466,-0.11347763888888895,-0.1649945970145723,-0.1958361427143872,0.017871194444444294,0.0308415456998149
boycott_tncs-long_rides,bank_tellers_drivers,bank_tellers+drivers,passengers_reject,2.4704485555555546,2.27366136111111,1.3733122805516373,1.2639190814185814,0.1967871944444446,0.1093931991330559
boycott_tncs-long_rides,bank_tellers_drivers,bank_tellers+drivers,passengers_unassigned,1.5112547222222208,1.242218416666665,0.18795229966722596,0.15449269052285447,0.2690363055555558,0.03345960914437149
boycott_tncs-long_rides,bank_tellers_drivers,bank_tellers+drivers,rides_dispatched,-0.04485197222222248,-0.036564500000000555,-0.049593837390475404,-0.04043019241783991,-0.008287472222221925,-0.009163644972635492
boycott_tncs-long_rides,bank_tellers_drivers,bank_tellers+drivers,rides_duration_avg,-1.7867876111110945,12.907322083333383,-0.0076455042694798525,0.05522927598222602,-14.694109694444478,-0.06287478025170587
boycott_tncs-long_rides,bank_tellers_drivers,bank_tellers+drivers,rides_in_progress,-36.96324972222283,50.898157777777215,-0.04474221765608015,0.06160974672683267,-87.86140750000004,-0.10635196438291282
boycott_tncs-long_rides,bank_tellers_drivers,bank_tellers+drivers,rides_length_avg,-77.55467000000044,-210.50324586110946,-0.06703665162532996,-0.18195464900814218,132.94857586110902,0.11491799738281222
boycott_tncs-long_rides,bank_tellers_drivers,bank_tellers+drivers,rides_not_served,0.035898444444444455,0.05643533333333334,0.287669823658806,0.45224083214108135,-0.020536888888888882,-0.16457100848227535
boycott_tncs-long_rides,bank_tellers_drivers,bank_tellers+drivers,rides_offers_generated,6.574694472222234,5.571370222222242,0.22264689617980504,0.1886701036355692,1.0033242499999915,0.033976792544235856
boycott_tncs-long_rides,bank_tellers_drivers,bank_tellers+drivers,rides_offers_lyft,2.212634249999997,1.594537305555555,0.19797493156332596,0.1426708521494375,0.6180969444444422,0.05530407941388846
boycott_tncs-long_rides,bank_tellers_drivers,bank_tellers+drivers,rides_offers_price_lyft_avg,-0.11345586111111672,0.24084133333333568,-0.2119422539650973,0.44990584474639367,-0.3542971944444524,-0.661848098711491
boycott_tncs-long_rides,bank_tellers_drivers,bank_tellers+drivers,rides_offers_price_no_surge_avg,-0.15039980555555132,0.3089515833333323,-0.2536462446224341,0.5210406263039365,-0.4593513888888836,-0.7746868709263707
boycott_tncs-long_rides,bank_tellers_drivers,bank_tellers+drivers,rides_offers_price_uber_avg,-0.16030072222222103,0.3681909999999995,-0.25640617500548296,0.5889333789187192,-0.5284917222222205,-0.8453395539242021
boycott_tncs-long_rides,bank_tellers_drivers,bank_tellers+drivers,rides_offers_radius_avg,-4.635845333333236,8.097467750000192,-0.009778239699098148,0.017079728705765088,-12.733313083333428,-0.026857968404863236
boycott_tncs-long_rides,bank_tellers_drivers,bank_tellers+drivers,rides_offers_surge_lyft_avg,0.0,0.0,,,0.0,
boycott_tncs-long_rides,bank_tellers_drivers,bank_tellers+drivers,rides_offers_surge_uber_avg,0.0,0.0,,,0.0,
boycott_tncs-long_rides,bank_tellers_drivers,bank_tellers+drivers,rides_offers_uber,4.36231027777778,3.976861138888893,0.2320151157068801,0.2115145045940045,0.38544913888888743,0.0205006111128756
boycott_tncs-long_rides,bank_tellers_drivers,bank_tellers+drivers,rides_partial_acceptances,0.4038980277777777,0.32709291666666784,0.18734088002567256,0.1517162022197649,0.07680511111110988,0.03562467780590767
boycott_tncs-long_rides,bank_tellers_drivers,bank_tellers+drivers,rides_waiting_duration_avg,50.4763806944444,92.04952441666649,0.21888971494339005,0.399170738532297,-41.573143722222085,-0.18028102358890696
boycott_tncs-long_rides,bank_tellers_drivers,bank_tellers+drivers,traffic_duration_avg,-7.463815194444351,-20.48142219444412,-0.04917660662391271,-0.1349453082793586,13.01760699999977,0.0857687016554459
boycott_tncs-long_rides,bank_tellers_drivers,bank_tellers+drivers,traffic_length_avg,-17.52721236111074,-27.992429361110226,-0.2198438542625158,-0.3511090887774063,10.465216999999484,0.13126523451489053
boycott_tncs-long_rides,bank_tellers_drivers,bank_tellers+drivers,traffic_speed_avg,-0.007356249999999953,0.05574186111111157,-0.007556114595902955,0.057256331737565724,-0.06309811111111152,-0.06481244633346868
flash_mob-boycott_tncs,bank_tellers_drivers,bank_tellers+drivers,drivers_accept,-0.029425277777777925,-0.027942999999999607,-0.03253619337072658,-0.03089720539681022,-0.001482277777778318,-0.0016389879739163588
flash_mob-boycott_tncs,bank_tellers_drivers,bank_tellers+drivers,drivers_acceptance_rate,-0.30393461111111164,-0.35704255555555653,-1.502885427070541,-1.7654917668863426,0.05310794444444489,0.2626063398158016
flash_mob-boycott_tncs,bank_tellers_drivers,bank_tellers+drivers,drivers_busy,85.48095583333361,230.72096083333327,0.08790154866378425,0.23725436348639622,-145.24000499999966,-0.14935281482261198
flash_mob-boycott_tncs,bank_tellers_drivers,bank_tellers+drivers,drivers_change_provider,0.025629388888888938,0.04440794444444468,0.0951548740936187,0.16487448767065524,-0.018778555555555743,-0.06971961357703654
flash_mob-boycott_tncs,bank_tellers_drivers,bank_tellers+drivers,drivers_change_zone,0.0993518888888889,0.11742533333333371,0.1910096941313485,0.22575692575262268,-0.01807344444444481,-0.03474723162127419
flash_mob-boycott_tncs,bank_tellers_drivers,bank_tellers+drivers,drivers_demand_pressure,0.0,0.0,,,0.0,
flash_mob-boycott_tncs,bank_tellers_drivers,bank_tellers+drivers,drivers_idle,52.87888766666401,-255.43074661111314,0.01604781443559264,-0.07751874904403844,308.30963427777715,0.09356656347963108
flash_mob-boycott_tncs,bank_tellers_drivers,bank_tellers+drivers,drivers_idle_duration_avg,44.30573433333325,120.47529800000007,0.37335248165500257,1.0152128649538184,-76.16956366666682,-0.6418603832988158
flash_mob-boycott_tncs,bank_tellers_drivers,bank_tellers+drivers,drivers_occupied_distance_avg,-232.38198738888968,-560.0921450000014,-0.20899142824101796,-0.5037157081122461,327.71015761111175,0.2947242798712281
flash_mob-boycott_tncs,bank_tellers_drivers,bank_tellers+drivers,drivers_occupied_duration_avg,-25.312020611111052,-48.83491072222216,-0.21095725214964783,-0.40700340495184034,23.52289011111111,0.1960461528021925
flash_mob-boycott_tncs,bank_tellers_drivers,bank_tellers+drivers,drivers_passengers_served,-0.015463444444444363,-0.1196671111111105,-0.017956976029918248,-0.13896382875833382,0.10420366666666614,0.12100685272841558
flash_mob-boycott_tncs,bank_tellers_drivers,bank_tellers+drivers,drivers_pickup,-3.2517456111111187,-35.52167311111123,-0.011374837067722798,-0.12425733508524225,32.26992750000011,0.11288249801751946
flash_mob-boycott_tncs,bank_tellers_drivers,bank_tellers+drivers,drivers_pickup_accept,-0.017324222222222407,-0.04086127777777793,-0.04769399103676775,-0.11249205829190838,0.02353705555555552,0.06479806725514063
flash_mob-boycott_tncs,bank_tellers_drivers,bank_tellers+drivers,drivers_pickup_reject,0.002694944444444458,0.017000555555555547,0.033049365910555906,0.2084857750580129,-0.014305611111111088,-0.175436409147457
flash_mob-boycott_tncs,bank_tellers_drivers,bank_tellers+drivers,drivers_reject,0.0757306111111109,0.10158183333333337,0.1670195775560274,0.22403298536449964,-0.02585122222222247,-0.05701340780847225
flash_mob-boycott_tncs,bank_tellers_drivers,bank_tellers+drivers,drivers_removed,0.029194222222222205,0.031620222222222216,0.1921095914048307,0.20807363611205243,-0.0024260000000000115,-0.015964044707221736
flash_mob-boycott_tncs,bank_tellers_drivers,bank_tellers+drivers,drivers_shift_duration_avg,-54.63371149999966,-154.91848622222142,-0.05847088067564846,-0.165799102306122,100.28477472222175,0.10732822163047354
flash_mob-boycott_tncs,bank_tellers_drivers,bank_tellers+drivers,drivers_starting,-0.07466572222222206,-0.06952744444444425,-0.4796318065574766,-0.4466249410266665,-0.005138277777777811,-0.033006865530810114
flash_mob-boycott_tncs,bank_tellers_drivers,bank_tellers+drivers,drivers_total_length_avg,-933.3811475000039,-2547.404085166665,-0.1561189428592668,-0.42608320714083825,1614.0229376666612,0.26996426428157144
flash_mob-boycott_tncs,bank_tellers_drivers,bank_tellers+drivers,drivers_waiting,-0.016499999999999515,-0.004481166666665981,-0.015350479353604823,-0.004168973114952748,-0.012018833333333534,-0.011181506238652075
flash_mob-boycott_tncs,bank_tellers_drivers,bank_tellers+drivers,failed_requests,0.030480788779104484,0.03258297620582465,0.7053008111731379,0.7539437287842505,-0.0021021874267201646,-0.04864291761111261
flash_mob-boycott_tncs,bank_tellers_drivers,bank_tellers+drivers,passengers_accept,0.24478672222222286,0.4138426666666666,0.07168160106517671,0.12118674030374259,-0.16905594444444372,-0.04950513923856588
flash_mob-boycott_tncs,bank_tellers_drivers,bank_tellers+drivers,passengers_acceptance_rate,-0.7616591111111115,-0.7732947222222235,-6.551033311854169,-6.651111253390871,0.011635611111111999,0.10007794153670257
flash_mob-boycott_tncs,bank_tellers_drivers,bank_tellers+drivers,passengers_arrivals,-0.015925777777777483,-0.03522199999999942,-0.020824283094408258,-0.046055703488134155,0.019296222222221937,0.025231420393725897
flash_mob-boycott_tncs,bank_tellers_drivers,bank_tellers+drivers,passengers_cancel,0.014721833333333337,0.017721666666666663,0.9929740545887855,1.1953100409191055,-0.0029998333333333266,-0.20233598633032002
flash_mob-boycott_tncs,bank_tellers_drivers,bank_tellers+drivers,passengers_change_provider,0.4539817777777775,0.4576112222222213,0.39810250607069736,0.4012852129538902,-0.0036294444444437968,-0.003182706883192832
flash_mob-boycott_tncs,bank_tellers_drivers,bank_tellers+drivers,passengers_departures,-0.012092611111110818,-0.012378999999999696,-0.01636704750248477,-0.016754667719951377,0.0002863888888888777,0.00038762021746660547
flash_mob-boycott_tncs,bank_tellers_drivers,bank_tellers+drivers,passengers_drivers_ratio,0.004156444444444449,0.009352277777777751,0.05942731044103046,0.13371542005658504,-0.005195833333333302,-0.07428810961555458
flash_mob-boycott_tncs,bank_tellers_drivers,bank_tellers+drivers,passengers_new,-0.0016574999999998674,0.00011105555555590563,-0.0018080449498364417,0.00012114234472045344,-0.001768555555555773,-0.0019291872945568951
flash_mob-boycott_tncs,bank_tellers_drivers,bank_tellers+drivers,passengers_no_ratings_count,0.04407411111111109,0.0492488888888889,0.23782064541271336,0.265743363760361,-0.005174777777777806,-0.027922718347647646
flash_mob-boycott_tncs,bank_tellers_drivers,bank_tellers+drivers,passengers_offers_discarded,3.495842611111108,4.368685555555551,0.13060219277817475,0.16321098418459648,-0.872842944444443,-0.03260879140642173
flash_mob-boycott_tncs,bank_tellers_drivers,bank_tellers+drivers,passengers_pickup_accept,-0.039981388888888914,-0.061602888888888985,-0.1004959281381672,-0.15484303239404873,0.02162150000000007,0.05434710425588153
flash_mob-boycott_tncs,bank_tellers_drivers,bank_tellers+drivers,passengers_pickup_reject,0.02552783333333332,0.03786133333333333,0.5166002908128393,0.7661902032642222,-0.012333500000000011,-0.24958991245138284
flash_mob-boycott_tncs,bank_tellers_drivers,bank_tellers+drivers,passengers_rating_avg,-0.018368888888889323,-0.04603377777777773,-0.8715895756179282,-2.1842671639051607,0.027664888888888406,1.3126775882872326
flash_mob-boycott_tncs,bank_tellers_drivers,bank_tellers+drivers,passengers_ratings_count,-0.058565333333333136,-0.08372272222222188,-0.10107021162127194,-0.14448604269605958,0.025157388888888743,0.043415831074787636
flash_mob-boycott_tncs,bank_tellers_drivers,bank_tellers+drivers,passengers_reject,1.3942495000000004,1.33367588888889,0.7750576129978928,0.7413849895266706,0.06057361111111037,0.03367262347122213
flash_mob-boycott_tncs,bank_tellers_drivers,bank_tellers+drivers,passengers_unassigned,0.7011111111111141,0.9711851111111116,0.08719605220608276,0.12078471772613784,-0.2700739999999975,-0.033588665520055086
flash_mob-boycott_tncs,bank_tellers_drivers,bank_tellers+drivers,rides_dispatched,-0.029425277777777925,-0.027942999999999607,-0.03253619337072658,-0.03089720539681022,-0.001482277777778318,-0.0016389879739163588
flash_mob-boycott_tncs,bank_tellers_drivers,bank_tellers+drivers,rides_duration_avg,35.77558544444446,46.29074077777773,0.15308052818239237,0.19807393674159512,-10.515155333333269,-0.04499340855920275
flash_mob-boycott_tncs,bank_tellers_drivers,bank_tellers+drivers,rides_in_progress,35.195824277777774,154.6060454999997,0.04260283503900706,0.1871431054003882,-119.41022122222194,-0.14454027036138115
flash_mob-boycott_tncs,bank_tellers_drivers,bank_tellers+drivers,rides_length_avg,-28.27250677777647,-130.22514627777582,-0.02443816971223745,-0.11256392121687633,101.95263949999935,0.08812575150463889
flash_mob-boycott_tncs,bank_tellers_drivers,bank_tellers+drivers,rides_not_served,0.024092666666666707,0.028528333333333433,0.19306499985525105,0.22860992297257376,-0.004435666666666727,-0.03554492311732271
flash_mob-boycott_tncs,bank_tellers_drivers,bank_tellers+drivers,rides_offers_generated,3.8760462777777818,4.942259000000014,0.1312592816050387,0.1673657431711476,-1.0662127222222324,-0.036106461566108916
flash_mob-boycott_tncs,bank_tellers_drivers,bank_tellers+drivers,rides_offers_lyft,0.5842591666666657,2.710870277777776,0.05227645216830533,0.24255448351669973,-2.12661111111111,-0.19027803134839438
flash_mob-boycott_tncs,bank_tellers_drivers,bank_tellers+drivers,rides_offers_price_lyft_avg,-0.10248111111111413,-0.01593555555555426,-0.19144077234110307,-0.029768559592724952,-0.08654555555555987,-0.16167221274837812
flash_mob-boycott_tncs,bank_tellers_drivers,bank_tellers+drivers,rides_offers_price_no_surge_avg,-0.1726477222222229,-0.1065138888888768,-0.2911669082451659,-0.17963352955809458,-0.0661338333333461,-0.1115333786870713
flash_mob-boycott_tncs,bank_tellers_drivers,bank_tellers+drivers,rides_offers_price_uber_avg,-0.1905817777777692,-0.15305972222221698,-0.3048416999519223,-0.2448239619781334,-0.037522055555552214,-0.0600177379737889
flash_mob-boycott_tncs,bank_tellers_drivers,bank_tellers+drivers,rides_offers_radius_avg,3.1345873333332293,19.654370555555488,0.006611684406876206,0.041456332687642664,-16.51978322222226,-0.03484464828076646
flash_mob-boycott_tncs,bank_tellers_drivers,bank_tellers+drivers,rides_offers_surge_lyft_avg,0.0,0.0,,,0.0,
flash_mob-boycott_tncs,bank_tellers_drivers,bank_tellers+drivers,rides_offers_surge_uber_avg,0.0,0.0,,,0.0,
flash_mob-boycott_tncs,bank_tellers_drivers,bank_tellers+drivers,rides_offers_uber,3.292388777777788,2.2311476111111155,0.1751099565566161,0.11866647216455624,1.0612411666666723,0.05644348439205986
flash_mob-boycott_tncs,bank_tellers_drivers,bank_tellers+drivers,rides_partial_acceptances,0.19984294444444428,0.34189922222222124,0.09269357734953428,0.15858384237133435,-0.14205627777777696,-0.06589026502180008
flash_mob-boycott_tncs,bank_tellers_drivers,bank_tellers+drivers,rides_waiting_duration_avg,38.36949044444441,72.95345394444428,0.1663884515957768,0.31636104883789173,-34.58396349999987,-0.14997259724211492
flash_mob-boycott_tncs,bank_tellers_drivers,bank_tellers+drivers,traffic_duration_avg,31.554244222222337,59.796768833333886,0.20790046578137686,0.3939811077432256,-28.24252461111155,-0.18608064196184873
flash_mob-boycott_tncs,bank_tellers_drivers,bank_tellers+drivers,traffic_length_avg,37.10565838888988,28.15126916666759,0.46541633587218345,0.35310141672691636,8.95438922222229,0.11231491914526709
flash_mob-boycott_tncs,bank_tellers_drivers,bank_tellers+drivers,traffic_speed_avg,-0.042154333333333405,-0.17765811111111063,-0.04329963954196239,-0.18248496808118533,0.13550377777777722,0.13918532853922294
flash_mob-long_rides,bank_tellers_drivers,bank_tellers+drivers,drivers_accept,-0.038230944444444415,-0.06070344444444453,-0.04227281762924727,-0.06712116778062083,0.022472500000000117,0.024848350151373558
flash_mob-long_rides,bank_tellers_drivers,bank_tellers+drivers,drivers_acceptance_rate,-0.20178158333333363,-0.21748141666666698,-0.997762643531322,-1.0753946402224694,0.015699833333333357,0.0776319966911474
flash_mob-long_rides,bank_tellers_drivers,bank_tellers+drivers,drivers_busy,-23.157325250000213,-340.1904930555547,-0.023813078978138835,-0.34982378108386486,317.0331678055545,0.326010702105726
flash_mob-long_rides,bank_tellers_drivers,bank_tellers+drivers,drivers_change_provider,0.056662138888888824,0.02017588888888866,0.21037094232803955,0.07490752804415649,0.036486250000000164,0.13546341428388306
flash_mob-long_rides,bank_tellers_drivers,bank_tellers+drivers,drivers_change_zone,0.12218055555555551,0.13163886111111123,0.23489911270398478,0.253083246607951,-0.009458305555555713,-0.018184133903966226
flash_mob-long_rides,bank_tellers_drivers,bank_tellers+drivers,drivers_demand_pressure,0.0,0.0,,,0.0,
flash_mob-long_rides,bank_tellers_drivers,bank_tellers+drivers,drivers_idle,133.9680766944457,357.07945913889034,0.04065696027189783,0.10836734946365424,-223.11138244444464,-0.06771038919175641
flash_mob-long_rides,bank_tellers_drivers,bank_tellers+drivers,drivers_idle_duration_avg,8.47236266666664,192.0594143611114,0.07139431666526697,1.618432919708539,-183.58705169444477,-1.547038603043272
flash_mob-long_rides,bank_tellers_drivers,bank_tellers+drivers,drivers_occupied_distance_avg,182.3952828611118,935.2491877499997,0.16403616776792707,0.8411110762299532,-752.8539048888879,-0.6770749084620261
flash_mob-long_rides,bank_tellers_drivers,bank_tellers+drivers,drivers_occupied_duration_avg,18.37584219444443,96.52120058333333,0.1531492580080273,0.8044338917892188,-78.1453583888889,-0.6512846337811915
flash_mob-long_rides,bank_tellers_drivers,bank_tellers+drivers,drivers_passengers_served,-0.004907388888888864,0.16076391666666634,-0.005698721585857575,0.18668763019976903,-0.1656713055555552,-0.1923863517856266
flash_mob-long_rides,bank_tellers_drivers,bank_tellers+drivers,drivers_pickup,-96.65545633333363,-86.86869872222246,-0.3381076501622117,-0.30387287703995425,-9.78675761111117,-0.03423477312225748
flash_mob-long_rides,bank_tellers_drivers,bank_tellers+drivers,drivers_pickup_accept,-0.06735638888888884,-0.06457894444444423,-0.18543372202966338,-0.1777873521817552,-0.00277744444444461,-0.007646369847908174
flash_mob-long_rides,bank_tellers_drivers,bank_tellers+drivers,drivers_pickup_reject,0.0011809166666666981,0.011287333333333371,0.014482134170519856,0.13842185513573663,-0.010106416666666673,-0.12393972096521677
flash_mob-long_rides,bank_tellers_drivers,bank_tellers+drivers,drivers_reject,0.137861,0.1342311666666669,0.30404463457542713,0.29603924255445696,0.00362983333333311,0.00800539202097017
flash_mob-long_rides,bank_tellers_drivers,bank_tellers+drivers,drivers_removed,0.0625416944444444,0.07426827777777772,0.4115492193637703,0.4887148008131905,-0.011726583333333318,-0.0771655814494202
flash_mob-long_rides,bank_tellers_drivers,bank_tellers+drivers,drivers_shift_duration_avg,16.465296055555427,636.2839299166662,0.01762172721788474,0.6809729875662994,-619.8186338611108,-0.6633512603484146
flash_mob-long_rides,bank_tellers_drivers,bank_tellers+drivers,drivers_starting,-0.07013002777777777,-0.06770936111111103,-0.4504957685518861,-0.4349460799953173,-0.0024206666666667376,-0.015549688556568797
flash_mob-long_rides,bank_tellers_drivers,bank_tellers+drivers,drivers_total_length_avg,120.06900758333359,3274.8592297500036,0.020082949590613297,0.5477586110785264,-3154.79022216667,-0.5276756614879131
flash_mob-long_rides,bank_tellers_drivers,bank_tellers+drivers,drivers_waiting,-0.0034026944444445206,-0.0002638055555563845,-0.0031656358070347272,-0.00024542677175361585,-0.003138888888888136,-0.0029202090352811114
flash_mob-long_rides,bank_tellers_drivers,bank_tellers+drivers,failed_requests,0.036707764188501746,0.057388185200658415,0.8493879881563612,1.3279162119822223,-0.02068042101215667,-0.47852822382586113
flash_mob-long_rides,bank_tellers_drivers,bank_tellers+drivers,passengers_accept,0.40013461111111326,0.4789818888888906,0.11717257090438925,0.14026164640420694,-0.07884727777777734,-0.023089075499817688
flash_mob-long_rides,bank_tellers_drivers,bank_tellers+drivers,passengers_acceptance_rate,-0.7250639722222219,-0.7356049999999992,-6.236278363852144,-6.326941789400435,0.010541027777777323,0.09066342554829099
flash_mob-long_rides,bank_tellers_drivers,bank_tellers+drivers,passengers_arrivals,0.024958333333333416,-0.05500891666666696,0.03263510304803924,-0.07192874780544933,0.07996725000000038,0.10456385085348857
flash_mob-long_rides,bank_tellers_drivers,bank_tellers+drivers,passengers_cancel,0.03484758333333335,0.048666666666666705,2.350437294842395,3.2825216961194323,-0.013819083333333357,-0.9320844012770375
flash_mob-long_rides,bank_tellers_drivers,bank_tellers+drivers,passengers_change_provider,1.3486805277777778,1.2806991388888904,1.1826754382637386,1.123061677078636,0.06798138888888738,0.05961376118510264
flash_mob-long_rides,bank_tellers_drivers,bank_tellers+drivers,passengers_departures,-0.055800472222222286,-0.13460611111111098,-0.07552454727358707,-0.18218601379284072,0.0788056388888887,0.10666146651925365
flash_mob-long_rides,bank_tellers_drivers,bank_tellers+drivers,passengers_drivers_ratio,0.00126405555555556,0.0058315555555555065,0.01807300035373141,0.08337743159717206,-0.004567499999999947,-0.06530443124344065
flash_mob-long_rides,bank_tellers_drivers,bank_tellers+drivers,passengers_new,-0.0002083888888892993,-0.002791583333333847,-0.0002273161255857347,-0.003045133120894266,0.0025831944444445476,0.0028178169953085317
flash_mob-long_rides,bank_tellers_drivers,bank_tellers+drivers,passengers_no_ratings_count,0.07566247222222222,0.054153722222222145,0.4082691068243477,0.29220948184120954,0.021508750000000076,0.11605962498313815
flash_mob-long_rides,bank_tellers_drivers,bank_tellers+drivers,passengers_offers_discarded,7.424675472222219,7.639105972222211,0.27738059323853603,0.2853915641585393,-0.21443049999999175,-0.008010970920003246
flash_mob-long_rides,bank_tellers_drivers,bank_tellers+drivers,passengers_pickup_accept,-0.16861052777777785,-0.1698456388888887,-0.42381397829836376,-0.4269185137063206,0.0012351111111108537,0.0031045354079568543
flash_mob-long_rides,bank_tellers_drivers,bank_tellers+drivers,passengers_pickup_reject,0.10229619444444452,0.11643555555555554,2.0701421506870337,2.3562768165840366,-0.014139361111111026,-0.286134665897003
flash_mob-long_rides,bank_tellers_drivers,bank_tellers+drivers,passengers_rating_avg,-0.029423527777778347,-0.022657444444444508,-1.39612364384914,-1.0750782209731269,-0.006766083333333839,-0.3210454228760131
flash_mob-long_rides,bank_tellers_drivers,bank_tellers+drivers,passengers_ratings_count,-0.051384444444444455,-0.10868113888888908,-0.08867765926443702,-0.1875584937632201,0.05729669444444463,0.09888083449878307
flash_mob-long_rides,bank_tellers_drivers,bank_tellers+drivers,passengers_reject,4.222212944444443,4.092717444444443,2.3471109627723834,2.2751249422473854,0.12949549999999999,0.07198602052499803
flash_mob-long_rides,bank_tellers_drivers,bank_tellers+drivers,passengers_unassigned,0.7380091111111078,2.1144766111111153,0.09178499664486174,0.26297402800932884,-1.3764675000000075,-0.17118903136446711
flash_mob-long_rides,bank_tellers_drivers,bank_tellers+drivers,rides_dispatched,-0.038230944444444415,-0.06070344444444453,-0.04227281762924727,-0.06712116778062083,0.022472500000000117,0.024848350151373558
flash_mob-long_rides,bank_tellers_drivers,bank_tellers+drivers,rides_duration_avg,12.864730305555668,-32.07054744444463,0.055047029577102495,-0.13722700218331235,44.935277750000296,0.19227403176041485
flash_mob-long_rides,bank_tellers_drivers,bank_tellers+drivers,rides_in_progress,-176.2876202777784,-375.37752741666736,-0.21338759810933755,-0.4543762564464183,199.08990713888898,0.24098865833708077
flash_mob-long_rides,bank_tellers_drivers,bank_tellers+drivers,rides_length_avg,131.78125769444523,-66.47595977777746,0.11390899171913575,-0.05746044380154398,198.2572174722227,0.17136943552067974
flash_mob-long_rides,bank_tellers_drivers,bank_tellers+drivers,rides_not_served,0.06048602777777767,0.09614341666666648,0.4847008056737044,0.7704389464913225,-0.03565738888888881,-0.2857381408176181
flash_mob-long_rides,bank_tellers_drivers,bank_tellers+drivers,rides_offers_generated,8.157643194444447,8.519689361111105,0.2762522190284332,0.28851262985401527,-0.36204616666665856,-0.012260410825582047
flash_mob-long_rides,bank_tellers_drivers,bank_tellers+drivers,rides_offers_lyft,4.067740944444438,3.817893805555549,0.3639601687869233,0.3416051545215423,0.24984713888888876,0.022355014265381
flash_mob-long_rides,bank_tellers_drivers,bank_tellers+drivers,rides_offers_price_lyft_avg,0.31406055555554957,0.6298793333333137,0.5866836792220321,1.1766518214687,-0.3158187777777641,-0.5899681422466679
flash_mob-long_rides,bank_tellers_drivers,bank_tellers+drivers,rides_offers_price_no_surge_avg,0.29270613888888874,0.5751896944444432,0.49364301125826077,0.9700458414985852,-0.2824835555555545,-0.4764028302403244
flash_mob-long_rides,bank_tellers_drivers,bank_tellers+drivers,rides_offers_price_uber_avg,0.25487172222222654,0.5248059722222287,0.407675539486759,0.8394440779311853,-0.26993425000000215,-0.43176853844442625
flash_mob-long_rides,bank_tellers_drivers,bank_tellers+drivers,rides_offers_radius_avg,-123.33298180555562,-97.68134672222163,-0.26014229815387685,-0.20603612797708054,-25.651635083333986,-0.05410617017679631
flash_mob-long_rides,bank_tellers_drivers,bank_tellers+drivers,rides_offers_surge_lyft_avg,0.0,0.0,,,0.0,
flash_mob-long_rides,bank_tellers_drivers,bank_tellers+drivers,rides_offers_surge_uber_avg,0.0,0.0,,,0.0,
flash_mob-long_rides,bank_tellers_drivers,bank_tellers+drivers,rides_offers_uber,4.089782555555551,4.701384444444443,0.2175203762274744,0.25004921392615104,-0.6116018888888917,-0.03252883769867665
flash_mob-long_rides,bank_tellers_drivers,bank_tellers+drivers,rides_partial_acceptances,0.30080455555555563,0.40548511111111196,0.13952281585418927,0.18807702025883188,-0.10468055555555633,-0.048554204404642615
flash_mob-long_rides,bank_tellers_drivers,bank_tellers+drivers,rides_waiting_duration_avg,7.178133694444341,3.3330688333334137,0.031127818924136907,0.014453779704045773,3.8450648611109273,0.016674039220091134
flash_mob-long_rides,bank_tellers_drivers,bank_tellers+drivers,traffic_duration_avg,15.581350361111163,42.24369238888892,0.1026603576610617,0.2783296998693467,-26.662342027777754,-0.175669342208285
flash_mob-long_rides,bank_tellers_drivers,bank_tellers+drivers,traffic_length_avg,16.83275613888918,41.26229363888933,0.21113328869371367,0.5175530188367189,-24.42953750000015,-0.3064197301430052
flash_mob-long_rides,bank_tellers_drivers,bank_tellers+drivers,traffic_speed_avg,0.07308499999999984,-0.18743472222222213,0.07507067259018785,-0.192527203447729,0.26051972222222197,0.26759787603791685
flash_mob-wildcat_strike,bank_tellers_drivers,bank_tellers+drivers,drivers_accept,-0.008186111111110339,-0.021370444444444026,-0.009051567705725586,-0.02362978246505809,0.013184333333333687,0.014578214759332506
flash_mob-wildcat_strike,bank_tellers_drivers,bank_tellers+drivers,drivers_acceptance_rate,0.017658777777777912,0.12285149999999989,0.08731851790448908,0.607471878141115,-0.10519272222222198,-0.520153360236626
flash_mob-wildcat_strike,bank_tellers_drivers,bank_tellers+drivers,drivers_busy,-180.01463738888924,1.1047821666666096,-0.18511217211334077,0.0011360666529685592,-181.11941955555585,-0.18624823876630933
flash_mob-wildcat_strike,bank_tellers_drivers,bank_tellers+drivers,drivers_change_provider,-0.034407777777777704,-0.08980611111111125,-0.12774661840279186,-0.33342539818887496,0.05539833333333355,0.2056787797860831
flash_mob-wildcat_strike,bank_tellers_drivers,bank_tellers+drivers,drivers_change_zone,0.04787966666666699,-0.014082611111111198,0.09205140020376376,-0.027074626068885027,0.061962277777778185,0.11912602627264879
flash_mob-wildcat_strike,bank_tellers_drivers,bank_tellers+drivers,drivers_demand_pressure,0.0,0.0,,,0.0,
flash_mob-wildcat_strike,bank_tellers_drivers,bank_tellers+drivers,drivers_idle,184.55584866666595,-33.19036727777802,0.05600946130100052,-0.010072694011276091,217.74621594444397,0.06608215531227661
flash_mob-wildcat_strike,bank_tellers_drivers,bank_tellers+drivers,drivers_idle_duration_avg,-17.221573277777907,-6.3421573333337165,-0.14512155634049584,-0.053443650468178006,-10.87941594444419,-0.09167790587231783
flash_mob-wildcat_strike,bank_tellers_drivers,bank_tellers+drivers,drivers_occupied_distance_avg,-426.24409683333397,-830.3770277777785,-0.38334022175059623,-0.7467948913070812,404.1329309444445,0.363454669556485
flash_mob-wildcat_strike,bank_tellers_drivers,bank_tellers+drivers,drivers_occupied_duration_avg,-54.148636277777825,-97.77487194444456,-0.45128943644255903,-0.8148823292925701,43.62623566666673,0.36359289285001106
flash_mob-wildcat_strike,bank_tellers_drivers,bank_tellers+drivers,drivers_passengers_served,-0.16812966666666718,-0.5428148888888895,-0.19524113176066515,-0.6303455859061527,0.37468522222222234,0.4351044541454876
flash_mob-wildcat_strike,bank_tellers_drivers,bank_tellers+drivers,drivers_pickup,-93.4470428333334,-120.32520488888917,-0.32688439189634927,-0.42090611149738744,26.878162055555777,0.09402171960103817
flash_mob-wildcat_strike,bank_tellers_drivers,bank_tellers+drivers,drivers_pickup_accept,-0.04681494444444456,-0.04195405555555576,-0.12888264258444088,-0.11550050120322478,-0.0048608888888888035,-0.0133821413812161
flash_mob-wildcat_strike,bank_tellers_drivers,bank_tellers+drivers,drivers_pickup_reject,0.0007317777777777201,-0.018906777777777828,0.008974133620025304,-0.23186267095615598,0.019638555555555548,0.24083680457618128
flash_mob-wildcat_strike,bank_tellers_drivers,bank_tellers+drivers,drivers_reject,-0.027444333333333626,-0.11228688888888949,-0.06052692421714362,-0.2476423796420597,0.08484255555555587,0.1871154554249161
flash_mob-wildcat_strike,bank_tellers_drivers,bank_tellers+drivers,drivers_removed,-0.003296055555555455,-0.07278649999999981,-0.02168935624335261,-0.47896411380139575,0.06949044444444435,0.45727475755804314
flash_mob-wildcat_strike,bank_tellers_drivers,bank_tellers+drivers,drivers_shift_duration_avg,-223.34180016666596,-365.4085251666661,-0.23902809069505976,-0.3910727952810775,142.06672500000013,0.15204470458601776
flash_mob-wildcat_strike,bank_tellers_drivers,bank_tellers+drivers,drivers_starting,-0.035056222222222266,-0.0324922222222222,-0.22519140905759033,-0.20872098708332337,-0.0025640000000000662,-0.016470421974266958
flash_mob-wildcat_strike,bank_tellers_drivers,bank_tellers+drivers,drivers_total_length_avg,-1656.584303333333,-3145.421937277777,-0.2770831518146276,-0.5261087059765706,1488.837633944444,0.24902555416194294
flash_mob-wildcat_strike,bank_tellers_drivers,bank_tellers+drivers,drivers_waiting,-0.015527944444445385,-0.06012072222222464,-0.014446144884750826,-0.05593223667855135,0.04459277777777926,0.04148609179380053
flash_mob-wildcat_strike,bank_tellers_drivers,bank_tellers+drivers,failed_requests,0.01674604665122159,0.0003164306053447252,0.3874899817273299,0.007321948399925837,0.016429616045876866,0.38016803332740406
flash_mob-wildcat_strike,bank_tellers_drivers,bank_tellers+drivers,passengers_accept,-0.03628777777777792,-0.40441772222222205,-0.010626254506758179,-0.11842680667010862,0.36812994444444413,0.10780055216335044
flash_mob-wildcat_strike,bank_tellers_drivers,bank_tellers+drivers,passengers_acceptance_rate,-0.6743713888888889,-0.6770396111111114,-5.80027123515627,-5.823220626040218,0.002668222222222516,0.022949390883947984
flash_mob-wildcat_strike,bank_tellers_drivers,bank_tellers+drivers,passengers_arrivals,-0.006213166666666714,0.00704566666666695,-0.00812423376646318,0.009212796969969027,-0.013258833333333664,-0.017337030736432207
flash_mob-wildcat_strike,bank_tellers_drivers,bank_tellers+drivers,passengers_cancel,-0.010860999999999996,-0.032666333333333325,-0.7325644138675297,-2.203313997931561,0.02180533333333333,1.4707495840640314
flash_mob-wildcat_strike,bank_tellers_drivers,bank_tellers+drivers,passengers_change_provider,0.8539445000000003,0.696324555555556,0.7488350020552956,0.6106160294850513,0.15761994444444438,0.1382189725702443
flash_mob-wildcat_strike,bank_tellers_drivers,bank_tellers+drivers,passengers_departures,-0.022935499999999776,0.02983405555555607,-0.031042627150088903,0.040379650017927426,-0.05276955555555585,-0.07142227716801633
flash_mob-wildcat_strike,bank_tellers_drivers,bank_tellers+drivers,passengers_drivers_ratio,-0.009670111111111157,-0.009455055555555647,-0.13825968389096824,-0.13518489883540283,-0.00021505555555551004,-0.00307478505556541
flash_mob-wildcat_strike,bank_tellers_drivers,bank_tellers+drivers,passengers_new,-0.0009623333333337314,-8.233333333418358e-05,-0.0010497387169794638,-8.981138313006519e-05,-0.0008799999999995478,-0.0009599273338493986
flash_mob-wildcat_strike,bank_tellers_drivers,bank_tellers+drivers,passengers_no_ratings_count,0.01757349999999991,0.028841611111111,0.09482530689329509,0.1556272014628949,-0.01126811111111109,-0.06080189456959982
flash_mob-wildcat_strike,bank_tellers_drivers,bank_tellers+drivers,passengers_offers_discarded,2.799565000000001,-0.14077766666667912,0.10458975660486626,-0.005259353468152719,2.9403426666666803,0.10984911007301898
flash_mob-wildcat_strike,bank_tellers_drivers,bank_tellers+drivers,passengers_pickup_accept,-0.15087044444444442,-0.18477738888888884,-0.3792230776474054,-0.4644504783698622,0.03390694444444442,0.08522740072245677
flash_mob-wildcat_strike,bank_tellers_drivers,bank_tellers+drivers,passengers_pickup_reject,0.10424083333333342,0.12385938888888887,2.1094953148356805,2.5065110495041583,-0.019618555555555445,-0.3970157346684777
flash_mob-wildcat_strike,bank_tellers_drivers,bank_tellers+drivers,passengers_rating_avg,-0.007983888888888124,0.008276222222222351,-0.3788293549238976,0.3927003455690568,-0.016260111111110476,-0.7715297004929544
flash_mob-wildcat_strike,bank_tellers_drivers,bank_tellers+drivers,passengers_ratings_count,-0.024148111111111037,-0.021046444444443813,-0.041674051206413154,-0.03632129235512397,-0.0031016666666672243,-0.005352758851289184
flash_mob-wildcat_strike,bank_tellers_drivers,bank_tellers+drivers,passengers_reject,3.014592777777777,2.7765275000000003,1.6757998353272712,1.5434603179509883,0.23806527777777653,0.1323395173762829
flash_mob-wildcat_strike,bank_tellers_drivers,bank_tellers+drivers,passengers_unassigned,-0.17427816666666018,-1.0882312222222161,-0.021674693038259585,-0.1353415528029469,0.913953055555556,0.11366685976468732
flash_mob-wildcat_strike,bank_tellers_drivers,bank_tellers+drivers,rides_dispatched,-0.008186111111110339,-0.021370444444444026,-0.009051567705725586,-0.02362978246505809,0.013184333333333687,0.014578214759332506
flash_mob-wildcat_strike,bank_tellers_drivers,bank_tellers+drivers,rides_duration_avg,-50.4423256111113,-28.090123722222415,-0.2158381966743254,-0.12019512532601492,-22.352201888888885,-0.09564307134831049
flash_mob-wildcat_strike,bank_tellers_drivers,bank_tellers+drivers,rides_in_progress,-209.04363927777786,-121.12350088888843,-0.2530371674155652,-0.14661411214552605,-87.92013838888943,-0.10642305527003915
flash_mob-wildcat_strike,bank_tellers_drivers,bank_tellers+drivers,rides_length_avg,14.950481666667656,71.53815683333323,0.012922886927625069,0.06183610216579285,-56.587675166665576,-0.04891321523816778
flash_mob-wildcat_strike,bank_tellers_drivers,bank_tellers+drivers,rides_not_served,0.057472499999999926,0.03294494444444429,0.4605520990141211,0.2640021456486571,0.024527555555555636,0.196549953365464
flash_mob-wildcat_strike,bank_tellers_drivers,bank_tellers+drivers,rides_offers_generated,2.9968705555555744,-0.1849537777777357,0.10148668204525244,-0.006263315311901288,3.18182433333331,0.10774999735715372
flash_mob-wildcat_strike,bank_tellers_drivers,bank_tellers+drivers,rides_offers_lyft,0.32849966666665864,-0.07064833333333809,0.02939243077653128,-0.00632124308693615,0.3991479999999967,0.03571367386346743
flash_mob-wildcat_strike,bank_tellers_drivers,bank_tellers+drivers,rides_offers_price_lyft_avg,-0.23974644444444593,0.08368105555554806,-0.4478605275923917,0.15632115745216096,-0.323427499999994,-0.6041816850445527
flash_mob-wildcat_strike,bank_tellers_drivers,bank_tellers+drivers,rides_offers_price_no_surge_avg,-0.26958499999998864,0.26884372222223973,-0.454649675935117,0.45339952588436694,-0.5384287222222284,-0.9080492018194839
flash_mob-wildcat_strike,bank_tellers_drivers,bank_tellers+drivers,rides_offers_price_uber_avg,-0.27857733333333456,0.38047855555556964,-0.4455934289816081,0.6085877203121628,-0.6590558888889042,-1.054181149293771
flash_mob-wildcat_strike,bank_tellers_drivers,bank_tellers+drivers,rides_offers_radius_avg,-52.064572833333386,-10.586788833333685,-0.10981813162205686,-0.022330373731782822,-41.4777839999997,-0.08748775789027405
flash_mob-wildcat_strike,bank_tellers_drivers,bank_tellers+drivers,rides_offers_surge_lyft_avg,0.0,0.0,,,0.0,
flash_mob-wildcat_strike,bank_tellers_drivers,bank_tellers+drivers,rides_offers_surge_uber_avg,0.0,0.0,,,0.0,
flash_mob-wildcat_strike,bank_tellers_drivers,bank_tellers+drivers,rides_offers_uber,2.668999499999984,-0.11371305555558564,0.14195419133036885,-0.006047975971932018,2.7827125555555696,0.14800216730230087
flash_mob-wildcat_strike,bank_tellers_drivers,bank_tellers+drivers,rides_partial_acceptances,-0.0007221666666676896,-0.26972200000000157,-0.0003349640987432012,-0.12510572809750392,0.2689998333333339,0.12477076399876072
flash_mob-wildcat_strike,bank_tellers_drivers,bank_tellers+drivers,rides_waiting_duration_avg,16.889073666666604,7.123714666666956,0.07323909657733156,0.03089183200681421,9.765358999999648,0.04234726457051735
flash_mob-wildcat_strike,bank_tellers_drivers,bank_tellers+drivers,traffic_duration_avg,-32.798235388888884,-28.82956649999994,-0.21609671162255448,-0.18994846656488978,-3.968668888888942,-0.026148245057664693
flash_mob-wildcat_strike,bank_tellers_drivers,bank_tellers+drivers,traffic_length_avg,-7.041504333333705,1.8410005000000638,-0.08832160075158618,0.023091672382383563,-8.882504833333769,-0.11141327313396975
flash_mob-wildcat_strike,bank_tellers_drivers,bank_tellers+drivers,traffic_speed_avg,0.17897716666666685,0.25284833333333356,0.18383986153044893,0.25971806043157153,-0.07387116666666671,-0.0758781989011226
underground_alarm-flash_mob,bank_tellers_drivers,bank_tellers+drivers,drivers_accept,-0.05759259259259286,-0.06801170370370357,-0.0636814287180395,-0.07520207489247245,0.010419111111110713,0.01152064617443295
underground_alarm-flash_mob,bank_tellers_drivers,bank_tellers+drivers,drivers_acceptance_rate,-0.1412621481481482,-0.13520814814814863,-0.6985082188317121,-0.6685726075427492,-0.00605399999999956,-0.029935611288962938
underground_alarm-flash_mob,bank_tellers_drivers,bank_tellers+drivers,drivers_busy,54.97783355555612,-174.72117437036968,0.056534659265340625,-0.17966881233119744,229.6990079259258,0.23620347159653807
underground_alarm-flash_mob,bank_tellers_drivers,bank_tellers+drivers,drivers_change_provider,-6.111111111095635e-05,-0.007543407407407332,-0.00022688875293491728,-0.028006597629017152,0.007482296296296376,0.027779708876082235
underground_alarm-flash_mob,bank_tellers_drivers,bank_tellers+drivers,drivers_change_zone,0.030271333333332873,0.053653851851851675,0.05819837132049385,0.10315260178548061,-0.023382518518518802,-0.044954230464986755
underground_alarm-flash_mob,bank_tellers_drivers,bank_tellers+drivers,drivers_demand_pressure,0.0,0.0,,,0.0,
underground_alarm-flash_mob,bank_tellers_drivers,bank_tellers+drivers,drivers_idle,182.69233281481593,225.24855866666985,0.05544391694279104,0.06835898466991078,-42.556225851853924,-0.012915067727119735
underground_alarm-flash_mob,bank_tellers_drivers,bank_tellers+drivers,drivers_idle_duration_avg,67.40088274074071,70.18445037037043,0.5679690725284092,0.5914254466979013,-2.783567629629715,-0.02345637416949209
underground_alarm-flash_mob,bank_tellers_drivers,bank_tellers+drivers,drivers_occupied_distance_avg,-48.74211466666566,-238.52892911111076,-0.04383594560892784,-0.21451964557092407,189.7868144444451,0.17068369996199623
underground_alarm-flash_mob,bank_tellers_drivers,bank_tellers+drivers,drivers_occupied_duration_avg,-11.47986422222209,-33.52098940740717,-0.09567630528508507,-0.2793730268858877,22.04112518518508,0.18369672160080264
underground_alarm-flash_mob,bank_tellers_drivers,bank_tellers+drivers,drivers_passengers_served,0.059617629629629576,0.12123540740740735,0.06923116968318307,0.1407850180219283,-0.06161777777777777,-0.07155384833874523
underground_alarm-flash_mob,bank_tellers_drivers,bank_tellers+drivers,drivers_pickup,-40.69384962962954,-71.09196933333351,-0.14234997584490625,-0.24868475726608147,30.39811970370397,0.10633478142117522
underground_alarm-flash_mob,bank_tellers_drivers,bank_tellers+drivers,drivers_pickup_accept,-0.022333407407406858,-0.02122244444444421,-0.061484395607845174,-0.058425888454216396,-0.0011109629629626472,-0.0030585071536287783
underground_alarm-flash_mob,bank_tellers_drivers,bank_tellers+drivers,drivers_pickup_reject,0.011295851851851835,-0.012555851851851818,0.13852632171801177,-0.15397829184420264,0.023851703703703653,0.2925046135622144
underground_alarm-flash_mob,bank_tellers_drivers,bank_tellers+drivers,drivers_reject,0.1191849629629631,0.0966911111111115,0.26285569168191103,0.21324677424703087,0.0224938518518516,0.04960891743488016
underground_alarm-flash_mob,bank_tellers_drivers,bank_tellers+drivers,drivers_removed,0.03777837037037035,0.009175037037037037,0.24859669973560192,0.060375392188653676,0.028603333333333314,0.18822130754694824
underground_alarm-flash_mob,bank_tellers_drivers,bank_tellers+drivers,drivers_shift_duration_avg,43.48741103703696,-152.636722370371,0.04654172582874004,-0.16335708000435034,196.12413340740795,0.2098988058330904
underground_alarm-flash_mob,bank_tellers_drivers,bank_tellers+drivers,drivers_starting,-0.05164259259259257,-0.067605111111111,-0.3317376333249348,-0.43427640702697967,0.01596251851851843,0.1025387737020449
underground_alarm-flash_mob,bank_tellers_drivers,bank_tellers+drivers,drivers_total_length_avg,-263.39085044444073,-1544.4645239259153,-0.0440552085718971,-0.2583298038585612,1281.0736734814745,0.2142745952866641
underground_alarm-flash_mob,bank_tellers_drivers,bank_tellers+drivers,drivers_waiting,0.03521022222222214,0.014136296296295203,0.032757199348974225,0.013151449965619767,0.02107392592592694,0.019605749383354458
underground_alarm-flash_mob,bank_tellers_drivers,bank_tellers+drivers,failed_requests,0.039937394438072094,0.024940639772400963,0.9241190212447442,0.5771062419063892,0.01499675466567113,0.34701277933835506
underground_alarm-flash_mob,bank_tellers_drivers,bank_tellers+drivers,passengers_accept,-0.14991333333333579,-0.1002966666666687,-0.043899553279673195,-0.02937016184088788,-0.049616666666667086,-0.014529391438785316
underground_alarm-flash_mob,bank_tellers_drivers,bank_tellers+drivers,passengers_acceptance_rate,-0.6517419259259261,-0.6124204444444441,-5.605635126249915,-5.267430893806791,-0.03932148148148196,-0.3382042324431236
underground_alarm-flash_mob,bank_tellers_drivers,bank_tellers+drivers,passengers_arrivals,-0.00240725925925922,0.06271629629629638,-0.003147692313426542,0.08200678967963886,-0.0651235555555556,-0.0851544819930654
underground_alarm-flash_mob,bank_tellers_drivers,bank_tellers+drivers,passengers_cancel,0.018172370370370394,-0.005483629629629644,1.22570958926011,-0.3698657513577259,0.023656000000000038,1.595575340617836
underground_alarm-flash_mob,bank_tellers_drivers,bank_tellers+drivers,passengers_change_provider,1.164764814814815,0.8820984444444435,1.02139736539762,0.7735235609088503,0.28266637037037157,0.24787380448876972
underground_alarm-flash_mob,bank_tellers_drivers,bank_tellers+drivers,passengers_departures,-0.09293785185185222,-0.05212311111111112,-0.1257890642526771,-0.07054733073728038,-0.040814740740741096,-0.055241733515396726
underground_alarm-flash_mob,bank_tellers_drivers,bank_tellers+drivers,passengers_drivers_ratio,-0.0002810370370370241,-0.0036605185185186184,-0.004018163954470688,-0.052336744369555155,0.0033794814814815943,0.04831858041508447
underground_alarm-flash_mob,bank_tellers_drivers,bank_tellers+drivers,passengers_new,0.001814370370370355,0.00038214814814896414,0.0019791633093702915,0.0004168573329412599,0.001432222222221391,0.0015623059764290315
underground_alarm-flash_mob,bank_tellers_drivers,bank_tellers+drivers,passengers_no_ratings_count,0.00577844444444453,0.01609874074074069,0.031180059055413635,0.08686761495071196,-0.01032029629629616,-0.05568755589529833
underground_alarm-flash_mob,bank_tellers_drivers,bank_tellers+drivers,passengers_offers_discarded,3.021864666666673,2.1482214814815137,0.11289471399289264,0.0802560261617418,0.8736431851851592,0.03263868783115084
underground_alarm-flash_mob,bank_tellers_drivers,bank_tellers+drivers,passengers_pickup_accept,-0.14228274074074077,-0.15350414814814806,-0.3576373029091217,-0.3858430702364618,0.011221407407407291,0.028205767327340092
underground_alarm-flash_mob,bank_tellers_drivers,bank_tellers+drivers,passengers_pickup_reject,0.13066666666666674,0.11998866666666688,2.6442682039686516,2.428180225280053,0.010677999999999854,0.21608797868859853
underground_alarm-flash_mob,bank_tellers_drivers,bank_tellers+drivers,passengers_rating_avg,-0.005198666666666796,-0.0008068148148137055,-0.24667271391248288,-0.03828273916290498,-0.00439185185185309,-0.2083899747495779
underground_alarm-flash_mob,bank_tellers_drivers,bank_tellers+drivers,passengers_ratings_count,-0.007432962962962586,0.045220444444445285,-0.012827573871454806,0.07804002179232433,-0.05265340740740787,-0.09086759566377914
underground_alarm-flash_mob,bank_tellers_drivers,bank_tellers+drivers,passengers_reject,3.5821109629629646,3.202110666666665,1.9912808808234521,1.7800402652909368,0.3800002962962994,0.21124061553251527
underground_alarm-flash_mob,bank_tellers_drivers,bank_tellers+drivers,passengers_unassigned,1.2605063703703792,1.2051237777777786,0.15676713367547307,0.1498792904242665,0.05538259259260059,0.00688784325120656
underground_alarm-flash_mob,bank_tellers_drivers,bank_tellers+drivers,rides_dispatched,-0.05759259259259286,-0.06801170370370357,-0.0636814287180395,-0.07520207489247245,0.010419111111110713,0.01152064617443295
underground_alarm-flash_mob,bank_tellers_drivers,bank_tellers+drivers,rides_duration_avg,49.97466303703709,-3.7647279259259676,0.21383711037591696,-0.01610893384983708,53.73939096296306,0.22994604422575404
underground_alarm-flash_mob,bank_tellers_drivers,bank_tellers+drivers,rides_in_progress,137.20579022222182,-31.25567859259354,0.16608094190664013,-0.03783348014818995,168.46146881481536,0.20391442205483007
underground_alarm-flash_mob,bank_tellers_drivers,bank_tellers+drivers,rides_length_avg,42.59195496296252,174.7272499259252,0.036815604358755506,0.15103061856540861,-132.1352949629627,-0.11421501420665311
underground_alarm-flash_mob,bank_tellers_drivers,bank_tellers+drivers,rides_not_served,0.13196259259259263,0.10150511111111138,1.0574735570901548,0.8134045323047367,0.030457481481481252,0.24406902478541803
underground_alarm-flash_mob,bank_tellers_drivers,bank_tellers+drivers,rides_offers_generated,3.4185919259259663,2.691987185185212,0.11576794706256441,0.09116204469570038,0.7266047407407541,0.024605902366864024
underground_alarm-flash_mob,bank_tellers_drivers,bank_tellers+drivers,rides_offers_lyft,2.6136544444444425,1.8635423703703822,0.23385611958644853,0.1667400173523641,0.7501120740740603,0.06711610223408443
underground_alarm-flash_mob,bank_tellers_drivers,bank_tellers+drivers,rides_offers_price_lyft_avg,0.13044970370370734,-0.2882871111111136,0.24368775628933836,-0.5385373617510631,0.41873681481482095,0.7822251180404015
underground_alarm-flash_mob,bank_tellers_drivers,bank_tellers+drivers,rides_offers_price_no_surge_avg,0.29229155555555764,-0.28727081481481775,0.4929438248118817,-0.4844764466167606,0.5795623703703754,0.9774202714286423
underground_alarm-flash_mob,bank_tellers_drivers,bank_tellers+drivers,rides_offers_price_uber_avg,0.37773422222221953,-0.2871539259259315,0.604198070638789,-0.4593119654346104,0.664888148148151,1.0635100360733993
underground_alarm-flash_mob,bank_tellers_drivers,bank_tellers+drivers,rides_offers_radius_avg,35.11506703703799,71.32256785185291,0.07406708331470034,0.15043840211751902,-36.20750081481492,-0.07637131880281868
underground_alarm-flash_mob,bank_tellers_drivers,bank_tellers+drivers,rides_offers_surge_lyft_avg,0.0,0.0,,,0.0,
underground_alarm-flash_mob,bank_tellers_drivers,bank_tellers+drivers,rides_offers_surge_uber_avg,0.0,0.0,,,0.0,
underground_alarm-flash_mob,bank_tellers_drivers,bank_tellers+drivers,rides_offers_uber,0.8042721481481152,0.828777703703679,0.04277625469765167,0.044079614373062445,-0.024505555555563774,-0.001303359675410773
underground_alarm-flash_mob,bank_tellers_drivers,bank_tellers+drivers,rides_partial_acceptances,-0.21196288888888937,-0.13028422222222247,-0.09831519692162552,-0.060430007491891834,-0.0816786666666669,-0.037885189429733686
underground_alarm-flash_mob,bank_tellers_drivers,bank_tellers+drivers,rides_waiting_duration_avg,-19.83473481481451,-22.88025237036993,-0.08601289137337725,-0.09921971128437748,3.0455175555554206,0.013206819911000228
underground_alarm-flash_mob,bank_tellers_drivers,bank_tellers+drivers,traffic_duration_avg,40.32132733333333,15.424364814814794,0.2656638731223259,0.10162603188332771,24.896962518518535,0.16403784123899823
underground_alarm-flash_mob,bank_tellers_drivers,bank_tellers+drivers,traffic_length_avg,21.9854911851844,41.55994940740675,0.27576405308637475,0.521286515644205,-19.574458222222347,-0.24552246255783028
underground_alarm-flash_mob,bank_tellers_drivers,bank_tellers+drivers,traffic_speed_avg,-0.1631931851851851,-0.018497037037037867,-0.1676270393923097,-0.018999589673613593,-0.14469614814814724,-0.1486274497186961
underground_alarm-long_rides,bank_tellers_drivers,bank_tellers+drivers,drivers_accept,-0.056680749999999946,0.00240702777777857,-0.06267318379541474,0.0026615049080575826,-0.059087777777778516,-0.06533468870347232
underground_alarm-long_rides,bank_tellers_drivers,bank_tellers+drivers,drivers_acceptance_rate,-0.19526044444444435,-0.1989869444444443,-0.9655171399074132,-0.9839438091291388,0.003726499999999966,0.018426669221725644
underground_alarm-long_rides,bank_tellers_drivers,bank_tellers+drivers,drivers_busy,-323.2960695277784,-310.3399905555557,-0.33245095251174545,-0.3191279919158303,-12.956078972222713,-0.013322960595915145
underground_alarm-long_rides,bank_tellers_drivers,bank_tellers+drivers,drivers_change_provider,0.05433347222222218,0.10303683333333336,0.20172524326618113,0.3825474319869179,-0.048703361111111176,-0.18082218872073674
underground_alarm-long_rides,bank_tellers_drivers,bank_tellers+drivers,drivers_change_zone,0.13366663888888874,0.16281447222222223,0.25698176547287965,0.3130201437247319,-0.029147833333333484,-0.05603837825185226
underground_alarm-long_rides,bank_tellers_drivers,bank_tellers+drivers,drivers_demand_pressure,0.0,0.0,,,0.0,
underground_alarm-long_rides,bank_tellers_drivers,bank_tellers+drivers,drivers_idle,224.8429728055553,239.68099361110944,0.06823589647868603,0.07273897540084556,-14.838020805554152,-0.004503078922159537
underground_alarm-long_rides,bank_tellers_drivers,bank_tellers+drivers,drivers_idle_duration_avg,-71.21978538888902,-63.94974505555558,-0.6001499358486756,-0.5388872654286097,-7.270040333333441,-0.061262670420065946
underground_alarm-long_rides,bank_tellers_drivers,bank_tellers+drivers,drivers_occupied_distance_avg,-244.44225772222126,33.152125194444125,-0.21983776426842147,0.029815176604101795,-277.5943829166654,-0.24965294087252327
underground_alarm-long_rides,bank_tellers_drivers,bank_tellers+drivers,drivers_occupied_duration_avg,-46.52541002777775,-15.940207277777631,-0.387755399120025,-0.13285001532195673,-30.58520275000012,-0.25490538379806826
underground_alarm-long_rides,bank_tellers_drivers,bank_tellers+drivers,drivers_passengers_served,-0.059074194444444394,-0.12541205555555512,-0.06860010377615028,-0.14563516450456646,0.06633786111111073,0.07703506072841618
underground_alarm-long_rides,bank_tellers_drivers,bank_tellers+drivers,drivers_pickup,-134.56814280555545,-183.69902397222154,-0.4707289197804779,-0.6425922310908349,49.130881166666086,0.17186331131035698
underground_alarm-long_rides,bank_tellers_drivers,bank_tellers+drivers,drivers_pickup_accept,-0.07064358333333343,-0.08198611111111109,-0.19448344561080896,-0.22570969122394216,0.011342527777777667,0.031226245613133197
underground_alarm-long_rides,bank_tellers_drivers,bank_tellers+drivers,drivers_pickup_reject,0.015911472222222278,0.016374527777777648,0.19512983606468096,0.20080850321643362,-0.0004630555555553695,-0.005678667151752664
underground_alarm-long_rides,bank_tellers_drivers,bank_tellers+drivers,drivers_reject,0.14519027777777782,0.17909833333333336,0.32020894198394917,0.39499123980967343,-0.03390805555555554,-0.07478229782572426
underground_alarm-long_rides,bank_tellers_drivers,bank_tellers+drivers,drivers_removed,0.08090730555555548,0.0856024999999998,0.5324022436231372,0.5632984901277571,-0.004695194444444328,-0.030896246504619973
underground_alarm-long_rides,bank_tellers_drivers,bank_tellers+drivers,drivers_shift_duration_avg,-218.54976955555549,-88.54418241666644,-0.233899494406003,-0.09476303517486245,-130.00558713888904,-0.13913645923114054
underground_alarm-long_rides,bank_tellers_drivers,bank_tellers+drivers,drivers_starting,-0.06693022222222228,-0.06165697222222222,-0.42994110874860947,-0.3960672192494666,-0.005273250000000063,-0.033873889499142884
underground_alarm-long_rides,bank_tellers_drivers,bank_tellers+drivers,drivers_total_length_avg,-1040.9369817222178,60.23411200000919,-0.17410891746084672,0.010074861608995664,-1101.171093722227,-0.1841837790698424
underground_alarm-long_rides,bank_tellers_drivers,bank_tellers+drivers,drivers_waiting,-0.01950466666666628,0.02042583333333292,-0.01814581714943114,0.019002808052333904,-0.0399304999999992,-0.03714862520176504
underground_alarm-long_rides,bank_tellers_drivers,bank_tellers+drivers,failed_requests,0.04000344925155333,0.011386525089763788,0.9256474762288929,0.26347498552134363,0.028616924161789542,0.6621724907075492
underground_alarm-long_rides,bank_tellers_drivers,bank_tellers+drivers,passengers_accept,0.32892141666666674,0.5595329999999983,0.09631900601981379,0.163849660327533,-0.23061158333333154,-0.06753065430771922
underground_alarm-long_rides,bank_tellers_drivers,bank_tellers+drivers,passengers_acceptance_rate,-0.6993965277777774,-0.6663348333333328,-6.015512563072283,-5.7311487860330494,-0.03306169444444462,-0.28436377703923377
underground_alarm-long_rides,bank_tellers_drivers,bank_tellers+drivers,passengers_arrivals,-0.06906958333333324,0.036185388888889,-0.09031424252027201,0.04731541483361319,-0.10525497222222224,-0.13762965735388522
underground_alarm-long_rides,bank_tellers_drivers,bank_tellers+drivers,passengers_cancel,0.04094399999999998,0.007430166666666585,2.7616349656009698,0.5011578758037629,0.033513833333333395,2.260477089797207
underground_alarm-long_rides,bank_tellers_drivers,bank_tellers+drivers,passengers_change_provider,1.6494257777777772,1.502203527777778,1.4464028466630783,1.3173017471404107,0.1472222499999991,0.12910109952266757
underground_alarm-long_rides,bank_tellers_drivers,bank_tellers+drivers,passengers_departures,-0.10173652777777797,0.032800972222222446,-0.1376978526454734,0.04439529771990515,-0.13453750000000042,-0.18209315036537854
underground_alarm-long_rides,bank_tellers_drivers,bank_tellers+drivers,passengers_drivers_ratio,-0.014672388888888888,-0.032757388888888794,-0.20978040752522784,-0.4683530706971231,0.018084999999999907,0.2585726631718953
underground_alarm-long_rides,bank_tellers_drivers,bank_tellers+drivers,passengers_new,0.0013839999999998298,0.003929999999999545,0.0015097038977819174,0.0042869482068518625,-0.002545999999999715,-0.002777244309069945
underground_alarm-long_rides,bank_tellers_drivers,bank_tellers+drivers,passengers_no_ratings_count,0.062462999999999935,0.08755522222222206,0.3370457304734923,0.47244150666246915,-0.025092222222222127,-0.13539577618897686
underground_alarm-long_rides,bank_tellers_drivers,bank_tellers+drivers,passengers_offers_discarded,8.358212805555553,9.29760680555556,0.31225688383185646,0.34735197532502504,-0.9393940000000072,-0.035095091493168584
underground_alarm-long_rides,bank_tellers_drivers,bank_tellers+drivers,passengers_pickup_accept,-0.19329122222222228,-0.2057595277777775,-0.48585057493040934,-0.517190505181407,0.012468305555555226,0.03133993025099763
underground_alarm-long_rides,bank_tellers_drivers,bank_tellers+drivers,passengers_pickup_reject,0.13870808333333326,0.140773361111111,2.8070003142227065,2.8487948169788853,-0.0020652777777777354,-0.0417945027561788
underground_alarm-long_rides,bank_tellers_drivers,bank_tellers+drivers,passengers_rating_avg,-0.02733475000000052,-0.02469674999999949,-1.2970127532609388,-1.1718416928669853,-0.0026380000000010284,-0.12517106039395354
underground_alarm-long_rides,bank_tellers_drivers,bank_tellers+drivers,passengers_ratings_count,-0.13078263888888864,-0.052277944444444335,-0.22570056783686154,-0.09021963348269349,-0.0785046944444443,-0.13548093435416805
underground_alarm-long_rides,bank_tellers_drivers,bank_tellers+drivers,passengers_reject,4.917379722222222,4.487504666666666,2.733551340495224,2.494585549619039,0.4298750555555557,0.23896579087618486
underground_alarm-long_rides,bank_tellers_drivers,bank_tellers+drivers,passengers_unassigned,0.011764027777779518,-2.056554861111117,0.001463073062184711,-0.2557703938679964,2.0683188888888964,0.2572334669301811
underground_alarm-long_rides,bank_tellers_drivers,bank_tellers+drivers,rides_dispatched,-0.056680749999999946,0.00240702777777857,-0.06267318379541474,0.0026615049080575826,-0.059087777777778516,-0.06533468870347232
underground_alarm-long_rides,bank_tellers_drivers,bank_tellers+drivers,rides_duration_avg,-105.81870627777789,-129.5434809444448,-0.45278877333075673,-0.554304960749168,23.724774666666917,0.10151618741841129
underground_alarm-long_rides,bank_tellers_drivers,bank_tellers+drivers,rides_in_progress,-352.9209860000001,-398.39802719444515,-0.427193704278576,-0.4822414528063,45.477041194445064,0.05504774852772398
underground_alarm-long_rides,bank_tellers_drivers,bank_tellers+drivers,rides_length_avg,-117.30479730555544,-2.9135671666663256,-0.10139583897336446,-0.002518427157756062,-114.39123013888911,-0.0988774118156084
underground_alarm-long_rides,bank_tellers_drivers,bank_tellers+drivers,rides_not_served,0.07865700000000003,0.047407166666667055,0.6303126965445001,0.3798942123040726,0.031249833333332977,0.25041848424042745
underground_alarm-long_rides,bank_tellers_drivers,bank_tellers+drivers,rides_offers_generated,9.122981416666676,10.00805980555559,0.30894264439338015,0.3389151331522887,-0.885078388888914,-0.029972488758908566
underground_alarm-long_rides,bank_tellers_drivers,bank_tellers+drivers,rides_offers_lyft,2.99285177777778,2.7715598055555475,0.26778471222016703,0.2479846648078078,0.2212919722222324,0.019800047412359245
underground_alarm-long_rides,bank_tellers_drivers,bank_tellers+drivers,rides_offers_price_lyft_avg,-0.020475111111107225,-0.5926958611111104,-0.038248717664958715,-1.1071908977593108,0.5722207500000032,1.0689421800943522
underground_alarm-long_rides,bank_tellers_drivers,bank_tellers+drivers,rides_offers_price_no_surge_avg,-0.06979974999999783,-0.6998095833333409,-0.11771587335294076,-1.180214775595104,0.630009833333343,1.0624989022421634
underground_alarm-long_rides,bank_tellers_drivers,bank_tellers+drivers,rides_offers_price_uber_avg,-0.08868475000000231,-0.7410179722222239,-0.14185411777056833,-1.185282144920252,0.6523332222222216,1.0434280271496836
underground_alarm-long_rides,bank_tellers_drivers,bank_tellers+drivers,rides_offers_radius_avg,-158.4178906666666,-168.15552127777755,-0.33414576979650923,-0.35468504135763707,9.737630611110944,0.020539271561127836
underground_alarm-long_rides,bank_tellers_drivers,bank_tellers+drivers,rides_offers_surge_lyft_avg,0.0,0.0,,,0.0,
underground_alarm-long_rides,bank_tellers_drivers,bank_tellers+drivers,rides_offers_surge_uber_avg,0.0,0.0,,,0.0,
underground_alarm-long_rides,bank_tellers_drivers,bank_tellers+drivers,rides_offers_uber,6.130190194444438,7.2374863888888825,0.32604209620635816,0.3849350768328277,-1.1072961944444444,-0.05889298062646953
underground_alarm-long_rides,bank_tellers_drivers,bank_tellers+drivers,rides_partial_acceptances,0.23997236111111064,0.3771019722222224,0.11130688990917485,0.1749120086676859,-0.13712961111111177,-0.06360511875851103
underground_alarm-long_rides,bank_tellers_drivers,bank_tellers+drivers,rides_waiting_duration_avg,-7.710710722222302,41.34423319444409,-0.033437327494123315,0.1792883581187699,-49.05494391666639,-0.2127256856128932
underground_alarm-long_rides,bank_tellers_drivers,bank_tellers+drivers,traffic_duration_avg,-28.511525805555607,-88.6381110000001,-0.18785300175049746,-0.5840071602761887,60.12658519444449,0.39615415852569125
underground_alarm-long_rides,bank_tellers_drivers,bank_tellers+drivers,traffic_length_avg,-40.44565125000054,-45.18731216666674,-0.5073098719729421,-0.5667845328630423,4.741660916666206,0.05947466089010023
underground_alarm-long_rides,bank_tellers_drivers,bank_tellers+drivers,traffic_speed_avg,0.08499802777777798,0.526580222222222,0.0873073696944281,0.540887069233261,-0.441582194444444,-0.4535796995388329
underground_alarm-wildcat_strike,bank_tellers_drivers,bank_tellers+drivers,drivers_accept,0.0798703333333326,0.08288927777777655,0.08831442916335791,0.09165254413245735,-0.0030189444444439495,-0.0033381149690994427
underground_alarm-wildcat_strike,bank_tellers_drivers,bank_tellers+drivers,drivers_acceptance_rate,-0.07851033333333324,-0.06431427777777743,-0.38821520000557563,-0.31801903202611176,-0.014196055555555809,-0.07019616797946387
underground_alarm-wildcat_strike,bank_tellers_drivers,bank_tellers+drivers,drivers_busy,-270.3671696111114,-437.85822849999977,-0.27802324722477206,-0.4502572064750171,167.49105888888835,0.17223395925024504
underground_alarm-wildcat_strike,bank_tellers_drivers,bank_tellers+drivers,drivers_change_provider,0.001240722222222379,0.013408833333333758,0.0046064604720992,0.04978331138160056,-0.01216811111111138,-0.04517685090950136
underground_alarm-wildcat_strike,bank_tellers_drivers,bank_tellers+drivers,drivers_change_zone,0.060314388888888626,0.07587016666666613,0.11595786554466041,0.14586473886673174,-0.015555777777777502,-0.02990687332207133
underground_alarm-wildcat_strike,bank_tellers_drivers,bank_tellers+drivers,drivers_demand_pressure,0.0,0.0,,,0.0,
underground_alarm-wildcat_strike,bank_tellers_drivers,bank_tellers+drivers,drivers_idle,356.8511684444429,551.919884388888,0.1082980672441613,0.16749799927373146,-195.0687159444451,-0.05919993202957016
underground_alarm-wildcat_strike,bank_tellers_drivers,bank_tellers+drivers,drivers_idle_duration_avg,48.581948999999895,151.30368622222193,0.4093869900975896,1.2749953834331698,-102.72173722222203,-0.8656083933355802
underground_alarm-wildcat_strike,bank_tellers_drivers,bank_tellers+drivers,drivers_occupied_distance_avg,20.65938283333344,462.23662266666724,0.01857989930041691,0.4157098966312995,-441.5772398333338,-0.39712999733088256
underground_alarm-wildcat_strike,bank_tellers_drivers,bank_tellers+drivers,drivers_occupied_duration_avg,-0.8800751111109548,48.71405005555562,-0.007334784922060543,0.4059961193413919,-49.59412516666657,-0.4133309042634524
underground_alarm-wildcat_strike,bank_tellers_drivers,bank_tellers+drivers,drivers_passengers_served,-0.02324055555555571,0.20285233333333252,-0.026988172042292563,0.23556294332523958,-0.22609288888888823,-0.2625511153675322
underground_alarm-wildcat_strike,bank_tellers_drivers,bank_tellers+drivers,drivers_pickup,-21.617294444444497,32.769868833333476,-0.07561883110115858,0.11463132830444464,-54.38716327777797,-0.19025015940560322
underground_alarm-wildcat_strike,bank_tellers_drivers,bank_tellers+drivers,drivers_pickup_accept,0.04079666666666659,0.06505572222222122,0.1123141823841365,0.1790999326120996,-0.02425905555555463,-0.06678575022796311
underground_alarm-wildcat_strike,bank_tellers_drivers,bank_tellers+drivers,drivers_pickup_reject,0.03114894444444455,0.03646277777777773,0.381994094458685,0.44716012138108396,-0.005313833333333184,-0.06516602692239898
underground_alarm-wildcat_strike,bank_tellers_drivers,bank_tellers+drivers,drivers_reject,0.10080600000000017,0.10754672222222283,0.22232192884869945,0.23718821028311637,-0.0067407222222226615,-0.014866281434416928
underground_alarm-wildcat_strike,bank_tellers_drivers,bank_tellers+drivers,drivers_removed,0.007601388888888949,0.00675938888888894,0.050020161607255254,0.044479466783066926,0.0008420000000000094,0.0055406948241883275
underground_alarm-wildcat_strike,bank_tellers_drivers,bank_tellers+drivers,drivers_shift_duration_avg,112.99924772222221,322.9397801111122,0.12093568876432889,0.34562128088803035,-209.94053238889,-0.22468559212370146
underground_alarm-wildcat_strike,bank_tellers_drivers,bank_tellers+drivers,drivers_starting,-0.029389222222222178,-0.02112983333333332,-0.1887881792104101,-0.135732165072513,-0.008259388888888858,-0.053056014137897095
underground_alarm-wildcat_strike,bank_tellers_drivers,bank_tellers+drivers,drivers_total_length_avg,316.65517777777495,1019.334380944445,0.052964291959388676,0.17049562914291802,-702.67920316667,-0.11753133718352934
underground_alarm-wildcat_strike,bank_tellers_drivers,bank_tellers+drivers,drivers_waiting,0.1567863888888894,0.15236111111111272,0.1458634076100136,0.14174642972142393,0.004425277777776682,0.004116977888589668
underground_alarm-wildcat_strike,bank_tellers_drivers,bank_tellers+drivers,failed_requests,0.050650839828233124,0.06691161437342893,1.1720194866460758,1.5482806641419904,-0.01626077454519581,-0.3762611774959146
underground_alarm-wildcat_strike,bank_tellers_drivers,bank_tellers+drivers,passengers_accept,0.23461988888889174,0.40866638888889284,0.06870441797093035,0.11967095596993352,-0.1740465000000011,-0.050966537999003164
underground_alarm-wildcat_strike,bank_tellers_drivers,bank_tellers+drivers,passengers_acceptance_rate,-0.7232178888888887,-0.7740912777777778,-6.220400193110535,-6.657962431172447,0.05087338888888904,0.4375622380619113
underground_alarm-wildcat_strike,bank_tellers_drivers,bank_tellers+drivers,passengers_arrivals,-0.06807427777777786,-0.08294455555555547,-0.08901279747039546,-0.1084569262569359,0.014870277777777607,0.019444128786540435
underground_alarm-wildcat_strike,bank_tellers_drivers,bank_tellers+drivers,passengers_cancel,0.0022776666666666917,0.0089717222222222,0.15362651198345412,0.6051343735479696,-0.006694055555555509,-0.4515078615645155
underground_alarm-wildcat_strike,bank_tellers_drivers,bank_tellers+drivers,passengers_change_provider,1.121166944444444,1.2602963333333341,0.9831658276941704,1.105170192397689,-0.13912938888889004,-0.12200436470351872
underground_alarm-wildcat_strike,bank_tellers_drivers,bank_tellers+drivers,passengers_departures,-0.12329644444444443,-0.15509288888888828,-0.16687866206625435,-0.20991435649573684,0.03179644444444385,0.04303569442948249
underground_alarm-wildcat_strike,bank_tellers_drivers,bank_tellers+drivers,passengers_drivers_ratio,-0.04284761111111113,-0.05375538888888909,-0.6126193483856098,-0.7685747340249398,0.01090777777777796,0.15595538563932998
underground_alarm-wildcat_strike,bank_tellers_drivers,bank_tellers+drivers,passengers_new,0.0006664999999999033,-0.0015094999999991643,0.0007270358727396139,-0.0016466026255063753,0.0021759999999990676,0.002373638498245989
underground_alarm-wildcat_strike,bank_tellers_drivers,bank_tellers+drivers,passengers_no_ratings_count,0.017240833333333372,0.01168672222222239,0.09303026215207541,0.06306068917967024,0.005554111111110982,0.02996957297240517
underground_alarm-wildcat_strike,bank_tellers_drivers,bank_tellers+drivers,passengers_offers_discarded,5.447139166666645,6.9550933888888835,0.20350124381269882,0.2598373406968591,-1.5079542222222386,-0.056336096884160275
underground_alarm-wildcat_strike,bank_tellers_drivers,bank_tellers+drivers,passengers_pickup_accept,-0.10432388888888888,-0.08800044444444421,-0.2622251585608504,-0.22119507567865804,-0.016323444444444668,-0.04103008288219234
underground_alarm-wildcat_strike,bank_tellers_drivers,bank_tellers+drivers,passengers_pickup_reject,0.17560227777777768,0.18926955555555539,3.553618773001899,3.8302000081747423,-0.013667277777777709,-0.27658123517284317
underground_alarm-wildcat_strike,bank_tellers_drivers,bank_tellers+drivers,passengers_rating_avg,0.0017806666666668747,0.0006141666666659162,0.08449125658634299,0.029141733481866022,0.0011665000000009584,0.055349523104476966
underground_alarm-wildcat_strike,bank_tellers_drivers,bank_tellers+drivers,passengers_ratings_count,-0.08622238888888911,-0.097945611111111,-0.14879988886756088,-0.16903145733041436,0.011723222222221885,0.020231568462853483
underground_alarm-wildcat_strike,bank_tellers_drivers,bank_tellers+drivers,passengers_reject,3.631638944444445,3.8358337222222234,2.018813283814194,2.1323243283231434,-0.2041947777777784,-0.11351104450894933
underground_alarm-wildcat_strike,bank_tellers_drivers,bank_tellers+drivers,passengers_unassigned,-2.1355927777777737,-2.1649821666666753,-0.26560021142288265,-0.2692553220711795,0.029389388888901635,0.0036551106482968776
underground_alarm-wildcat_strike,bank_tellers_drivers,bank_tellers+drivers,rides_dispatched,0.0798703333333326,0.08288927777777655,0.08831442916335791,0.09165254413245735,-0.0030189444444439495,-0.0033381149690994427
underground_alarm-wildcat_strike,bank_tellers_drivers,bank_tellers+drivers,rides_duration_avg,3.101384500000222,50.092368166667256,0.013270546699898772,0.21434076009093123,-46.990983666667034,-0.20107021339103245
underground_alarm-wildcat_strike,bank_tellers_drivers,bank_tellers+drivers,rides_in_progress,-98.97013877777817,-128.5713798888887,-0.11979854379485325,-0.15562940776478046,29.60124111111054,0.03583086396992721
underground_alarm-wildcat_strike,bank_tellers_drivers,bank_tellers+drivers,rides_length_avg,-168.8719275555577,29.381915722218764,-0.14596939909408183,0.02539711984275317,-198.25384327777647,-0.171366518936835
underground_alarm-wildcat_strike,bank_tellers_drivers,bank_tellers+drivers,rides_not_served,0.17582444444444467,0.22623172222222265,1.408957622286847,1.8128930276745288,-0.05040727777777798,-0.4039354053876818
underground_alarm-wildcat_strike,bank_tellers_drivers,bank_tellers+drivers,rides_offers_generated,5.990212611111119,7.548360666666696,0.2028538741923056,0.25561934182334983,-1.5581480555555771,-0.05276546763104423
underground_alarm-wildcat_strike,bank_tellers_drivers,bank_tellers+drivers,rides_offers_lyft,0.9830929999999967,0.2451026666666678,0.08796201604281612,0.021930503723931016,0.7379903333333289,0.0660315123188851
underground_alarm-wildcat_strike,bank_tellers_drivers,bank_tellers+drivers,rides_offers_price_lyft_avg,0.18101761111110903,0.05220477777778143,0.3381515959646333,0.09752161026862893,0.1288128333333276,0.24062998569600436
underground_alarm-wildcat_strike,bank_tellers_drivers,bank_tellers+drivers,rides_offers_price_no_surge_avg,0.1866091111111139,0.034306666666672925,0.3147125095729056,0.05785750276320118,0.15230244444444097,0.2568550068097044
underground_alarm-wildcat_strike,bank_tellers_drivers,bank_tellers+drivers,rides_offers_price_uber_avg,0.21708644444444758,0.0686546666666672,0.3472367690794167,0.10981535349462297,0.14843177777778038,0.23742141558479374
underground_alarm-wildcat_strike,bank_tellers_drivers,bank_tellers+drivers,rides_offers_radius_avg,-19.2809986111115,-42.54174983333314,-0.04066879123464373,-0.08973194685731727,23.260751222221643,0.049063155622673535
underground_alarm-wildcat_strike,bank_tellers_drivers,bank_tellers+drivers,rides_offers_surge_lyft_avg,0.0,0.0,,,0.0,
underground_alarm-wildcat_strike,bank_tellers_drivers,bank_tellers+drivers,rides_offers_surge_uber_avg,0.0,0.0,,,0.0,
underground_alarm-wildcat_strike,bank_tellers_drivers,bank_tellers+drivers,rides_offers_uber,5.008166500000009,7.304332944444468,0.2663658144392118,0.3884903973703976,-2.2961664444444594,-0.12212458293118578
underground_alarm-wildcat_strike,bank_tellers_drivers,bank_tellers+drivers,rides_partial_acceptances,0.05612927777777621,0.21975944444444373,0.02603456211942555,0.10193148984333848,-0.16363016666666752,-0.07589692772391293
underground_alarm-wildcat_strike,bank_tellers_drivers,bank_tellers+drivers,rides_waiting_duration_avg,-63.48154994444451,-42.774004722222344,-0.27528634542201674,-0.18548853090936787,-20.707545222222166,-0.08979781451264887
underground_alarm-wildcat_strike,bank_tellers_drivers,bank_tellers+drivers,traffic_duration_avg,-8.588394833333496,29.692579166666746,-0.05658608945249048,0.19563457123314545,-38.28097400000024,-0.2522206606856359
underground_alarm-wildcat_strike,bank_tellers_drivers,bank_tellers+drivers,traffic_length_avg,3.5729664444443188,46.71540049999976,0.04481572415018642,0.5859513474101687,-43.14243405555544,-0.5411356232599823
underground_alarm-wildcat_strike,bank_tellers_drivers,bank_tellers+drivers,traffic_speed_avg,-0.03022922222222224,-0.0795746666666668,-0.031050530807969934,-0.08173665933921724,0.04934544444444455,0.05068612853124731
wildcat_strike-boycott_tncs,bank_tellers_drivers,bank_tellers+drivers,drivers_accept,-0.0030274444444442494,-0.009351111111111088,-0.0033475136108301606,-0.010339734484071056,0.006323666666666838,0.006992220873240895
wildcat_strike-boycott_tncs,bank_tellers_drivers,bank_tellers+drivers,drivers_acceptance_rate,-0.054467611111111314,-0.24606700000000004,-0.2693295728544356,-1.2167436509814684,0.19159938888888872,0.9474140781270328
wildcat_strike-boycott_tncs,bank_tellers_drivers,bank_tellers+drivers,drivers_busy,-14.042722388888706,-110.14813861111088,-0.014440374857829619,-0.1132672403105513,96.10541622222217,0.09882686545272168
wildcat_strike-boycott_tncs,bank_tellers_drivers,bank_tellers+drivers,drivers_change_provider,-0.003249166666666692,0.0037968333333332493,-0.012063262468575198,0.014096598219882177,-0.007045999999999941,-0.026159860688457375
wildcat_strike-boycott_tncs,bank_tellers_drivers,bank_tellers+drivers,drivers_change_zone,0.06287966666666644,0.09588988888888872,0.12088975893063593,0.18435380093718579,-0.033010222222222274,-0.06346404200654986
wildcat_strike-boycott_tncs,bank_tellers_drivers,bank_tellers+drivers,drivers_demand_pressure,0.0,0.0,,,0.0,
wildcat_strike-boycott_tncs,bank_tellers_drivers,bank_tellers+drivers,drivers_idle,-345.44465455555655,-281.99608955555414,-0.10483639045171891,-0.0855808644326537,-63.44856500000242,-0.019255526019065217
wildcat_strike-boycott_tncs,bank_tellers_drivers,bank_tellers+drivers,drivers_idle_duration_avg,9.779366611111186,274.10264161111104,0.08240808663282895,2.3097890829157826,-264.32327499999985,-2.2273809962829536
wildcat_strike-boycott_tncs,bank_tellers_drivers,bank_tellers+drivers,drivers_occupied_distance_avg,86.33573461111155,805.7975437777777,0.07764555543807332,0.7246894711568056,-719.4618091666662,-0.6470439157187323
wildcat_strike-boycott_tncs,bank_tellers_drivers,bank_tellers+drivers,drivers_occupied_duration_avg,16.016038999999978,116.01876733333347,0.13348201748375882,0.96693190679869,-100.0027283333335,-0.8334498893149311
wildcat_strike-boycott_tncs,bank_tellers_drivers,bank_tellers+drivers,drivers_passengers_served,0.06768577777777796,0.05996388888888915,0.07860033341786322,0.06963326439377615,0.007721888888888806,0.008967069024087074
wildcat_strike-boycott_tncs,bank_tellers_drivers,bank_tellers+drivers,drivers_pickup,37.51790472222228,-17.417187666666564,0.13124029502166457,-0.060926559325342335,54.93509238888885,0.1921668543470069
wildcat_strike-boycott_tncs,bank_tellers_drivers,bank_tellers+drivers,drivers_pickup_accept,0.03939838888888891,0.007629666666666646,0.10846469079110584,0.021004651692054073,0.03176872222222227,0.08746003909905176
wildcat_strike-boycott_tncs,bank_tellers_drivers,bank_tellers+drivers,drivers_pickup_reject,0.013028611111111102,-0.016915500000000028,0.15977596005924607,-0.20744269894411566,0.02994411111111113,0.3672186590033617
wildcat_strike-boycott_tncs,bank_tellers_drivers,bank_tellers+drivers,drivers_reject,0.030184888888888817,0.08192522222222198,0.06657106441939395,0.1806814418368222,-0.051740333333333166,-0.11411037741742824
wildcat_strike-boycott_tncs,bank_tellers_drivers,bank_tellers+drivers,drivers_removed,0.0056210555555555874,0.0035276666666667067,0.03698878078757878,0.023213449455417506,0.0020933888888888808,0.013775331332161272
wildcat_strike-boycott_tncs,bank_tellers_drivers,bank_tellers+drivers,drivers_shift_duration_avg,-27.80556088888943,703.5914518888885,-0.029758469417801525,0.7530078169373815,-731.397012777778,-0.782766286355183
wildcat_strike-boycott_tncs,bank_tellers_drivers,bank_tellers+drivers,drivers_starting,-0.03738955555555562,-0.03332483333333336,-0.24018009260151482,-0.21406944899458066,-0.004064722222222261,-0.02611064360693416
wildcat_strike-boycott_tncs,bank_tellers_drivers,bank_tellers+drivers,drivers_total_length_avg,-308.539840166668,2914.99072988889,-0.05160690657380901,0.487566384229776,-3223.530570055558,-0.539173290803585
wildcat_strike-boycott_tncs,bank_tellers_drivers,bank_tellers+drivers,drivers_waiting,0.012342777777777814,0.038898555555555214,0.01148288214811614,0.036188574178219274,-0.0265557777777774,-0.024705692030103133
wildcat_strike-boycott_tncs,bank_tellers_drivers,bank_tellers+drivers,failed_requests,0.042764426419760276,-0.020003776095221776,0.9895342558814529,-0.4628712074589643,0.06276820251498205,1.4524054633404173
wildcat_strike-boycott_tncs,bank_tellers_drivers,bank_tellers+drivers,passengers_accept,0.10625016666666554,0.03597211111110976,0.03111354239710075,0.010533816927365554,0.07027805555555577,0.020579725469735195
wildcat_strike-boycott_tncs,bank_tellers_drivers,bank_tellers+drivers,passengers_acceptance_rate,-0.7225625555555557,-0.679725277777778,-6.21476366827363,-5.846320056666345,-0.04283727777777768,-0.3684436116072849
wildcat_strike-boycott_tncs,bank_tellers_drivers,bank_tellers+drivers,passengers_arrivals,-0.10225005555555589,0.039945611111110946,-0.13370047811913022,0.05223221909561278,-0.14219566666666683,-0.18593269721474298
wildcat_strike-boycott_tncs,bank_tellers_drivers,bank_tellers+drivers,passengers_cancel,-0.0011941666666666559,-0.019500333333333335,-0.08054543819416271,-1.3152794640046763,0.01830616666666668,1.2347340258105137
wildcat_strike-boycott_tncs,bank_tellers_drivers,bank_tellers+drivers,passengers_change_provider,0.34085222222222233,0.2905742777777778,0.2988977322628459,0.25480835100751653,0.050277944444444556,0.04408938125532935
wildcat_strike-boycott_tncs,bank_tellers_drivers,bank_tellers+drivers,passengers_departures,-0.06008344444444447,0.010296666666666399,-0.08132144334250346,0.013936281494716776,-0.07038011111111087,-0.09525772483722024
wildcat_strike-boycott_tncs,bank_tellers_drivers,bank_tellers+drivers,passengers_drivers_ratio,0.0048685555555555565,0.0030605555555555525,0.06960881259609253,0.04375869509458352,0.001808000000000004,0.025850117501509007
wildcat_strike-boycott_tncs,bank_tellers_drivers,bank_tellers+drivers,passengers_new,0.0008059444444445951,0.0015839444444443185,0.0008791455702123099,0.0017278085994565716,-0.0007779999999997234,-0.0008486630292442617
wildcat_strike-boycott_tncs,bank_tellers_drivers,bank_tellers+drivers,passengers_no_ratings_count,-0.002972555555555645,0.0176113888888888,-0.016039690034024792,0.09502975253683421,-0.020583944444444446,-0.111069442570859
wildcat_strike-boycott_tncs,bank_tellers_drivers,bank_tellers+drivers,passengers_offers_discarded,1.8534353888888973,0.9739907777777859,0.069243027472745,0.03638760249651747,0.8794446111111114,0.032855424976227524
wildcat_strike-boycott_tncs,bank_tellers_drivers,bank_tellers+drivers,passengers_pickup_accept,0.014443333333333475,-0.030130666666666528,0.03630429630086353,-0.07573547083377818,0.044574,0.11203976713464171
wildcat_strike-boycott_tncs,bank_tellers_drivers,bank_tellers+drivers,passengers_pickup_reject,0.037888500000000006,0.02055650000000002,0.7667399682096903,0.4159966785832775,0.017331999999999986,0.35074328962641277
wildcat_strike-boycott_tncs,bank_tellers_drivers,bank_tellers+drivers,passengers_rating_avg,0.0013472777777767675,-0.009311166666666537,0.0639272888891061,-0.4418076592763577,0.010658444444443305,0.5057349481654638
wildcat_strike-boycott_tncs,bank_tellers_drivers,bank_tellers+drivers,passengers_ratings_count,-0.10021361111111138,0.023499333333333094,-0.17294550044961599,0.04055441090791127,-0.12371294444444447,-0.21349991135752727
wildcat_strike-boycott_tncs,bank_tellers_drivers,bank_tellers+drivers,passengers_reject,1.066490611111111,0.8329172777777778,0.5928577828662958,0.46301531909399796,0.2335733333333332,0.1298424637722978
wildcat_strike-boycott_tncs,bank_tellers_drivers,bank_tellers+drivers,passengers_unassigned,0.3263612777777798,0.05987038888889096,0.040589023001013524,0.007445983200695366,0.26649088888888883,0.03314303980031816
wildcat_strike-boycott_tncs,bank_tellers_drivers,bank_tellers+drivers,rides_dispatched,-0.0030274444444442494,-0.009351111111111088,-0.0033475136108301606,-0.010339734484071056,0.006323666666666838,0.006992220873240895
wildcat_strike-boycott_tncs,bank_tellers_drivers,bank_tellers+drivers,rides_duration_avg,1.9939878888886824,2.0795970000000352,0.008532095713552429,0.008898409437935823,-0.08560911111135283,-0.0003663137243833936
wildcat_strike-boycott_tncs,bank_tellers_drivers,bank_tellers+drivers,rides_in_progress,22.835740444444127,-145.97096383333337,0.02764155416477891,-0.17669075864215034,168.8067042777775,0.20433231280692926
wildcat_strike-boycott_tncs,bank_tellers_drivers,bank_tellers+drivers,rides_length_avg,-76.18572922222211,170.55674277778235,-0.0658533675495208,0.14742571850212424,-246.74247200000445,-0.21327908605164503
wildcat_strike-boycott_tncs,bank_tellers_drivers,bank_tellers+drivers,rides_not_served,0.057777666666666755,-0.0069918333333332805,0.4629975320278677,-0.05602859659182294,0.06476950000000004,0.5190261286196907
wildcat_strike-boycott_tncs,bank_tellers_drivers,bank_tellers+drivers,rides_offers_generated,1.9623888888888956,1.0134257777777762,0.06645476790667823,0.03431887289730774,0.9489631111111194,0.03213589500937049
wildcat_strike-boycott_tncs,bank_tellers_drivers,bank_tellers+drivers,rides_offers_lyft,1.1008793333333315,1.4696198333333328,0.09850092064522029,0.13149389056427802,-0.36874050000000125,-0.03299296991905773
wildcat_strike-boycott_tncs,bank_tellers_drivers,bank_tellers+drivers,rides_offers_price_lyft_avg,0.40524177777777837,0.5600900555555626,0.7570155912785178,1.0462813259301178,-0.1548482777777842,-0.2892657346516
wildcat_strike-boycott_tncs,bank_tellers_drivers,bank_tellers+drivers,rides_offers_price_no_surge_avg,0.3466278333333328,0.5440684444444521,0.5845808635313469,0.9175604798234464,-0.19744061111111932,-0.3329796162920995
wildcat_strike-boycott_tncs,bank_tellers_drivers,bank_tellers+drivers,rides_offers_price_uber_avg,0.2951183333333347,0.4823123888888894,0.47205129194049267,0.7714742209415584,-0.18719405555555468,-0.2994229290010657
wildcat_strike-boycott_tncs,bank_tellers_drivers,bank_tellers+drivers,rides_offers_radius_avg,-37.4796453888888,-81.93292916666667,-0.07905461250283899,-0.17281849652754738,44.45328377777787,0.0937638840247084
wildcat_strike-boycott_tncs,bank_tellers_drivers,bank_tellers+drivers,rides_offers_surge_lyft_avg,0.0,0.0,,,0.0,
wildcat_strike-boycott_tncs,bank_tellers_drivers,bank_tellers+drivers,rides_offers_surge_uber_avg,0.0,0.0,,,0.0,
wildcat_strike-boycott_tncs,bank_tellers_drivers,bank_tellers+drivers,rides_offers_uber,0.8616478333333326,-0.45635200000000964,0.045827854741972956,-0.024271671509117257,1.3179998333333423,0.07009952625109021
wildcat_strike-boycott_tncs,bank_tellers_drivers,bank_tellers+drivers,rides_partial_acceptances,0.0778609444444438,-0.03615766666666609,0.0361144072232943,-0.01677108732190953,0.11401861111110989,0.05288549454520383
wildcat_strike-boycott_tncs,bank_tellers_drivers,bank_tellers+drivers,rides_waiting_duration_avg,-7.809903000000077,54.59030405555552,-0.033867472625542225,0.23672965313673358,-62.4002070555556,-0.2705971257622758
wildcat_strike-boycott_tncs,bank_tellers_drivers,bank_tellers+drivers,traffic_duration_avg,43.26248233333331,4.25610016666667,0.2850421694341923,0.028042034562153623,39.00638216666664,0.25700013487203865
wildcat_strike-boycott_tncs,bank_tellers_drivers,bank_tellers+drivers,traffic_length_avg,27.919125944443294,-2.7729071111129997,0.35018964389828644,-0.03478057858028877,30.692033055556294,0.3849702224785752
wildcat_strike-boycott_tncs,bank_tellers_drivers,bank_tellers+drivers,traffic_speed_avg,-0.20796805555555498,0.059032666666666955,-0.21361841428239858,0.06063654637010413,-0.26700072222222193,-0.2742549606525027
wildcat_strike-long_rides,bank_tellers_drivers,bank_tellers+drivers,drivers_accept,-0.018736333333333022,-0.011926388888888528,-0.02071718639312531,-0.013187277212261726,-0.006809944444444493,-0.007529909180863582
wildcat_strike-long_rides,bank_tellers_drivers,bank_tellers+drivers,drivers_acceptance_rate,-0.12606613888888907,-0.09168344444444454,-0.6233675141193407,-0.45335314742688004,-0.03438269444444453,-0.17001436669246062
wildcat_strike-long_rides,bank_tellers_drivers,bank_tellers+drivers,drivers_busy,-105.58391819444432,-154.58543019444323,-0.10857377333704088,-0.15896287754950533,49.00151199999891,0.05038910421246445
wildcat_strike-long_rides,bank_tellers_drivers,bank_tellers+drivers,drivers_change_provider,0.04505519444444461,0.02454583333333371,0.16727754895799593,0.09113193024157086,0.020509361111110902,0.07614561871642507
wildcat_strike-long_rides,bank_tellers_drivers,bank_tellers+drivers,drivers_change_zone,0.07734261111111129,0.060046333333333424,0.14869559760635181,0.11544251339333825,0.01729627777777787,0.03325308421301357
wildcat_strike-long_rides,bank_tellers_drivers,bank_tellers+drivers,drivers_demand_pressure,0.0,0.0,,,0.0,
wildcat_strike-long_rides,bank_tellers_drivers,bank_tellers+drivers,drivers_idle,106.6714444722229,575.1600766944448,0.03237291142086637,0.17455098979649128,-468.4886322222219,-0.1421780783756249
wildcat_strike-long_rides,bank_tellers_drivers,bank_tellers+drivers,drivers_idle_duration_avg,-45.622481027777894,-0.10760775000005651,-0.3844483511508857,-0.0009067815061042372,-45.51487327777784,-0.3835415696447815
wildcat_strike-long_rides,bank_tellers_drivers,bank_tellers+drivers,drivers_occupied_distance_avg,-24.903625638889025,-284.34239024999897,-0.022396935102982435,-0.2557217231659381,259.43876461110995,0.23332478806295567
wildcat_strike-long_rides,bank_tellers_drivers,bank_tellers+drivers,drivers_occupied_duration_avg,8.094881916666736,-51.439643888888895,0.06746494370608574,-0.4287119583646746,59.53452580555563,0.4961769020707603
wildcat_strike-long_rides,bank_tellers_drivers,bank_tellers+drivers,drivers_passengers_served,-0.06810613888888906,-0.0927170833333335,-0.07908847914912326,-0.10766801982327856,0.02461094444444445,0.0285795406741553
wildcat_strike-long_rides,bank_tellers_drivers,bank_tellers+drivers,drivers_pickup,-64.51933005555543,-97.26767863888881,-0.2256931983218089,-0.34024924726351025,32.74834858333338,0.11455604894170135
wildcat_strike-long_rides,bank_tellers_drivers,bank_tellers+drivers,drivers_pickup_accept,-0.041934833333333366,-0.06251369444444443,-0.11544758197356922,-0.1721016703817189,0.02057886111111107,0.05665408840814967
wildcat_strike-long_rides,bank_tellers_drivers,bank_tellers+drivers,drivers_pickup_reject,0.007088111111111073,-0.002532444444444504,0.08692482630159637,-0.031056552303011936,0.009620555555555577,0.1179813786046083
wildcat_strike-long_rides,bank_tellers_drivers,bank_tellers+drivers,drivers_reject,0.0701483055555554,0.05344386111111077,0.15470811853043462,0.11786741153645741,0.016704444444444633,0.03684070699397721
wildcat_strike-long_rides,bank_tellers_drivers,bank_tellers+drivers,drivers_removed,0.044287194444444455,0.05014313888888888,0.2914273503992291,0.3299617934800688,-0.0058559444444444275,-0.0385344430808397
wildcat_strike-long_rides,bank_tellers_drivers,bank_tellers+drivers,drivers_shift_duration_avg,-106.68120897222252,127.50004741666726,-0.11417390598017085,0.13645494428178317,-234.18125638888978,-0.25062885026195403
wildcat_strike-long_rides,bank_tellers_drivers,bank_tellers+drivers,drivers_starting,-0.04349497222222226,-0.04218516666666666,-0.2793995890245724,-0.2709857628918737,-0.0013098055555555987,-0.008413826132698699
wildcat_strike-long_rides,bank_tellers_drivers,bank_tellers+drivers,drivers_total_length_avg,-416.49987930556017,745.354714249992,-0.06966448918789203,0.12466931687612554,-1161.8545935555521,-0.19433380606401757
wildcat_strike-long_rides,bank_tellers_drivers,bank_tellers+drivers,drivers_waiting,-0.01832911111111102,-0.007425722222222486,-0.01705216010188162,-0.006908387615626312,-0.010903388888888532,-0.01014377248625531
wildcat_strike-long_rides,bank_tellers_drivers,bank_tellers+drivers,failed_requests,0.0379792189265899,0.02390127822716584,0.8788084229306167,0.5530562559867651,0.014077940699424057,0.32575216694385156
wildcat_strike-long_rides,bank_tellers_drivers,bank_tellers+drivers,passengers_accept,0.08989811111110946,-0.043823194444446045,0.026325122860746647,-0.012832872277756521,0.1337213055555555,0.03915799513850317
wildcat_strike-long_rides,bank_tellers_drivers,bank_tellers+drivers,passengers_acceptance_rate,-0.7023532222222224,-0.6975735833333339,-6.040943104788349,-5.9998334100141815,-0.004779638888888549,-0.04110969477416759
wildcat_strike-long_rides,bank_tellers_drivers,bank_tellers+drivers,passengers_arrivals,-0.07601377777777718,-0.03323141666666585,-0.09939435609409701,-0.043452849710142155,-0.04278236111111133,-0.055941506383954856
wildcat_strike-long_rides,bank_tellers_drivers,bank_tellers+drivers,passengers_cancel,0.00790197222222222,0.0006525555555555451,0.5329807245529622,0.04401426922673313,0.007249416666666675,0.48896645532622907
wildcat_strike-long_rides,bank_tellers_drivers,bank_tellers+drivers,passengers_change_provider,1.0880280555555548,0.9398659999999994,0.9541059064355621,0.8241806792381727,0.1481620555555554,0.12992522719738941
wildcat_strike-long_rides,bank_tellers_drivers,bank_tellers+drivers,passengers_departures,-0.10116199999999975,-0.08296749999999964,-0.1369202436291913,-0.11229444172025965,-0.018194500000000113,-0.024625801908931655
wildcat_strike-long_rides,bank_tellers_drivers,bank_tellers+drivers,passengers_drivers_ratio,-0.005013777777777728,-0.039770777777777766,-0.0716851463949163,-0.5686279196249755,0.03475700000000004,0.4969427732300592
wildcat_strike-long_rides,bank_tellers_drivers,bank_tellers+drivers,passengers_new,-1.8500000000365446e-05,0.00026880555555530705,-2.0180290541561147e-05,0.0002932202275775511,-0.0002873055555556725,-0.00031340051811911226
wildcat_strike-long_rides,bank_tellers_drivers,bank_tellers+drivers,passengers_no_ratings_count,0.06807869444444437,0.07671774999999992,0.3673476025600668,0.41396330770268414,-0.008639055555555553,-0.046615705142617314
wildcat_strike-long_rides,bank_tellers_drivers,bank_tellers+drivers,passengers_offers_discarded,4.705888999999999,3.382856277777776,0.17580866496027675,0.1263811037507689,1.323032722222223,0.049427561209507864
wildcat_strike-long_rides,bank_tellers_drivers,bank_tellers+drivers,passengers_pickup_accept,-0.14522666666666662,-0.16424002777777758,-0.3650370600590829,-0.4128284306189546,0.01901336111111096,0.047791370559871704
wildcat_strike-long_rides,bank_tellers_drivers,bank_tellers+drivers,passengers_pickup_reject,0.11034250000000004,0.09900938888888894,2.2329731961460015,2.003627899999408,0.0113331111111111,0.22934529614659338
wildcat_strike-long_rides,bank_tellers_drivers,bank_tellers+drivers,passengers_rating_avg,-0.036508166666666675,-0.04290916666666611,-1.7322842815405912,-2.0360067825191037,0.006400999999999435,0.3037225009785125
wildcat_strike-long_rides,bank_tellers_drivers,bank_tellers+drivers,passengers_ratings_count,-0.14418561111111106,-0.11153702777777785,-0.24883099605698128,-0.19248709705015024,-0.0326485833333332,-0.05634389900683104
wildcat_strike-long_rides,bank_tellers_drivers,bank_tellers+drivers,passengers_reject,3.6177173055555567,3.292448638888888,2.011074301511356,1.830258775760997,0.32526866666666887,0.1808155257503592
wildcat_strike-long_rides,bank_tellers_drivers,bank_tellers+drivers,passengers_unassigned,-0.006805388888892594,-1.9171945277777844,-0.0008463751828125532,-0.23843837515054586,1.9103891388888918,0.2375919999677333
wildcat_strike-long_rides,bank_tellers_drivers,bank_tellers+drivers,rides_dispatched,-0.018736333333333022,-0.011926388888888528,-0.02071718639312531,-0.013187277212261726,-0.006809944444444493,-0.007529909180863582
wildcat_strike-long_rides,bank_tellers_drivers,bank_tellers+drivers,rides_duration_avg,-29.369349916666806,-105.06672119444443,-0.12566881972060123,-0.44957109646224735,75.69737127777762,0.3239022767416461
wildcat_strike-long_rides,bank_tellers_drivers,bank_tellers+drivers,rides_in_progress,-129.89962038888825,-325.43251827777704,-0.1572371783476486,-0.3939202498311873,195.53289788888878,0.23668307148353868
wildcat_strike-long_rides,bank_tellers_drivers,bank_tellers+drivers,rides_length_avg,-149.6932447500003,19.476936111109353,-0.1293917426116437,0.01683546046690984,-169.17018086110966,-0.14622720307855355
wildcat_strike-long_rides,bank_tellers_drivers,bank_tellers+drivers,rides_not_served,0.08603716666666661,0.05429158333333328,0.6894531767638632,0.43506203250192266,0.03174558333333333,0.25439114426194054
wildcat_strike-long_rides,bank_tellers_drivers,bank_tellers+drivers,rides_offers_generated,5.060170916666678,3.5623373888889063,0.17135873818853753,0.12063577495994351,1.4978335277777717,0.050722963228594015
wildcat_strike-long_rides,bank_tellers_drivers,bank_tellers+drivers,rides_offers_lyft,1.1724952222222242,1.641670861111109,0.10490873553899466,0.14688811599927942,-0.4691756388888848,-0.041979380460284765
wildcat_strike-long_rides,bank_tellers_drivers,bank_tellers+drivers,rides_offers_price_lyft_avg,0.14865399999999696,0.040614861111109235,0.2776944576716969,0.07587096095403423,0.10803913888888772,0.2018234967176627
wildcat_strike-long_rides,bank_tellers_drivers,bank_tellers+drivers,rides_offers_price_no_surge_avg,0.1944017777777738,-0.006901583333338124,0.32785468504508486,-0.011639381367440776,0.2013033611111119,0.33949406641252566
wildcat_strike-long_rides,bank_tellers_drivers,bank_tellers+drivers,rides_offers_price_uber_avg,0.24391986111110953,-0.04555033333333114,0.39015768443430343,-0.07285922719695137,0.28947019444444066,0.4630169116312548
wildcat_strike-long_rides,bank_tellers_drivers,bank_tellers+drivers,rides_offers_radius_avg,-51.367175944444625,-63.265906361110865,-0.10834713475856651,-0.13344474474406964,11.89873041666624,0.02509760998550313
wildcat_strike-long_rides,bank_tellers_drivers,bank_tellers+drivers,rides_offers_surge_lyft_avg,0.0,0.0,,,0.0,
wildcat_strike-long_rides,bank_tellers_drivers,bank_tellers+drivers,rides_offers_surge_uber_avg,0.0,0.0,,,0.0,
wildcat_strike-long_rides,bank_tellers_drivers,bank_tellers+drivers,rides_offers_uber,3.887597277777772,1.9209863888888705,0.2067668906588743,0.10217014630065185,1.9666108888889013,0.10459674435822244
wildcat_strike-long_rides,bank_tellers_drivers,bank_tellers+drivers,rides_partial_acceptances,0.03841147222222219,-0.08582419444444689,0.01781647473939138,-0.03980801838320276,0.12423566666666908,0.05762449312259414
wildcat_strike-long_rides,bank_tellers_drivers,bank_tellers+drivers,rides_waiting_duration_avg,-9.06831597222208,-47.42444136111101,-0.039324552808017665,-0.20565504713426577,38.35612538888893,0.1663304943262481
wildcat_strike-long_rides,bank_tellers_drivers,bank_tellers+drivers,traffic_duration_avg,-34.81291186111116,-56.30428933333326,-0.22937074772444954,-0.3709703168756476,21.491377472222098,0.14159956915119803
wildcat_strike-long_rides,bank_tellers_drivers,bank_tellers+drivers,traffic_length_avg,-27.032685749999928,-27.288935222221426,-0.3390710230414959,-0.3422851606045749,0.25624947222149785,0.0032141375630790336
wildcat_strike-long_rides,bank_tellers_drivers,bank_tellers+drivers,traffic_speed_avg,0.18724333333333387,0.3395371666666689,0.19233061464544224,0.34876217378440993,-0.15229383333333502,-0.1564315591389677
normal,students_drivers,students+drivers,drivers_accept,-0.1073513333333338,-0.0820917777777792,-0.11870079073905812,-0.09077073039363637,-0.02525955555555459,-0.027930060345421753
normal,students_drivers,students+drivers,drivers_acceptance_rate,-0.23222677777777756,0.018329999999999735,-1.1483069954483747,0.0906375544973117,-0.2505567777777773,-1.2389445499456864
normal,students_drivers,students+drivers,drivers_busy,-228.20132322222116,-358.19433822222254,-0.23466337645391494,-0.3683374471586651,129.99301500000138,0.13367407070475018
normal,students_drivers,students+drivers,drivers_change_provider,0.06186899999999995,0.01981444444444469,0.22970258599690335,0.07356558420179611,0.04205455555555526,0.15613700179510726
normal,students_drivers,students+drivers,drivers_change_zone,0.12470344444444459,0.03259199999999973,0.23974951102437317,0.06265998584174959,0.09211144444444486,0.17708952518262358
normal,students_drivers,students+drivers,drivers_demand_pressure,0.0,0.0,,,0.0,
normal,students_drivers,students+drivers,drivers_idle,119.3310282222219,335.11563577777724,0.03621487292604197,0.10170171451654315,-215.78460755555534,-0.0654868415905012
normal,students_drivers,students+drivers,drivers_idle_duration_avg,7.798995777777577,-129.79974500000026,0.0657200353828575,-1.093787466636731,137.59874077777783,1.1595075020195886
normal,students_drivers,students+drivers,drivers_occupied_distance_avg,316.09910544444574,-1101.6541394444444,0.28428194566555853,-0.9907664299506362,1417.75324488889,1.2750483756161948
normal,students_drivers,students+drivers,drivers_occupied_duration_avg,33.20708455555564,-141.53839133333327,0.2767568586233676,-1.1796193819569942,174.7454758888889,1.4563762405803617
normal,students_drivers,students+drivers,drivers_passengers_served,-0.016721666666666746,0.018833666666666193,-0.019418090748953256,0.02187065773759743,-0.03555533333333294,-0.04128874848655069
normal,students_drivers,students+drivers,drivers_pickup,-13.719342666666648,15.856962777777653,-0.04799123491590314,0.055468781865914016,-29.5763054444443,-0.10346001678181715
normal,students_drivers,students+drivers,drivers_pickup_accept,-0.002704222222222219,0.01881511111111145,-0.007444787348816939,0.05179844319579626,-0.021519333333333668,-0.0592432305446132
normal,students_drivers,students+drivers,drivers_pickup_reject,0.022185333333333362,0.06387211111111107,0.2720691332589353,0.7832936133219415,-0.04168677777777771,-0.5112244800630061
normal,students_drivers,students+drivers,drivers_reject,0.09633311111111098,-0.05129533333333347,0.2124572255046152,-0.11312895509794721,0.14762844444444445,0.3255861806025624
normal,students_drivers,students+drivers,drivers_removed,0.02764866666666671,0.05452066666666666,0.18193922125380732,0.3587676669967832,-0.02687199999999995,-0.17682844574297588
normal,students_drivers,students+drivers,drivers_shift_duration_avg,137.88775255555493,-698.3901442222232,0.14757222427235686,-0.7474411982401522,836.2778967777781,0.895013422512509
normal,students_drivers,students+drivers,drivers_starting,-0.05264888888888902,-0.01957533333333339,-0.3382018004977679,-0.12574648997150045,-0.033073555555555634,-0.21245531052626743
normal,students_drivers,students+drivers,drivers_total_length_avg,989.272802888885,-4260.517875111116,0.16546747767522904,-0.7126215785233164,5249.790678000001,0.8780890561985455
normal,students_drivers,students+drivers,drivers_waiting,-0.08535333333333339,-0.13872255555555757,-0.0794069443087711,-0.12905804393545134,0.05336922222222418,0.04965109962668024
normal,students_drivers,students+drivers,failed_requests,-0.013198561959024385,-0.015388319646699428,-0.30540405379536617,-0.3560732764517228,0.0021897576876750424,0.05066922265635665
normal,students_drivers,students+drivers,passengers_accept,0.21164866666666704,-0.21286888888889166,0.06197768879066786,-0.062335009979294115,0.4245175555555587,0.12431269876996198
normal,students_drivers,students+drivers,passengers_acceptance_rate,-0.2523707777777777,-0.2667573333333326,-2.1706421521682344,-2.2943809787803042,0.014386555555554903,0.12373882661206981
normal,students_drivers,students+drivers,passengers_arrivals,-0.12159266666666735,-0.15181466666666754,-0.15899255585519442,-0.19851034220515815,0.030222000000000193,0.039517786349963724
normal,students_drivers,students+drivers,passengers_cancel,-0.04200000000000004,-0.09561066666666676,-2.8328611898017018,-6.448851117406363,0.05361066666666672,3.6159899276046614
normal,students_drivers,students+drivers,passengers_change_provider,0.5354265555555542,0.4412411111111103,0.46952248750346554,0.3869300503086197,0.09418544444444388,0.08259243719484582
normal,students_drivers,students+drivers,passengers_departures,-0.13172233333333327,-0.13351922222222212,-0.17828289250316898,-0.1807149367929344,0.001796888888888848,0.002432044289765428
normal,students_drivers,students+drivers,passengers_drivers_ratio,0.0012048888888888942,-0.011378777777777765,0.01722705716484539,-0.1626895700105719,0.01258366666666666,0.1799166271754173
normal,students_drivers,students+drivers,passengers_new,0.00022188888888852176,0.003092111111110629,0.0002420422835473564,0.003372956789609152,-0.0028702222222221074,-0.0031309145060617956
normal,students_drivers,students+drivers,passengers_no_ratings_count,-0.020758666666666592,-0.011312111111110967,-0.11201223076577146,-0.061039315316934954,-0.009446555555555625,-0.05097291544883651
normal,students_drivers,students+drivers,passengers_offers_discarded,2.784110555555543,-0.5755010000000169,0.10401238955573208,-0.02150030791064286,3.35961155555556,0.12551269746637495
normal,students_drivers,students+drivers,passengers_pickup_accept,0.0007967777777779794,0.0453144444444451,0.0020027548947884888,0.11390092438173122,-0.04451766666666712,-0.11189816948694273
normal,students_drivers,students+drivers,passengers_pickup_reject,0.018611333333333313,0.03705533333333336,0.3766328339295547,0.7498793856183141,-0.018444000000000044,-0.3732465516887594
normal,students_drivers,students+drivers,passengers_rating_avg,0.01539588888888943,0.01535511111111365,0.7305230242339001,0.7285881502063408,4.0777777775780066e-05,0.001934874027559319
normal,students_drivers,students+drivers,passengers_ratings_count,-0.10092577777777745,-0.14163066666666602,-0.17417453530031646,-0.24442175323391213,0.04070488888888857,0.07024721793359567
normal,students_drivers,students+drivers,passengers_reject,0.758073555555554,0.5882773333333322,0.4214099990322486,0.3270209713212005,0.1697962222222218,0.09438902771104807
normal,students_drivers,students+drivers,passengers_unassigned,0.6042597777777736,-0.34253688888890466,0.0751508089005259,-0.04260075753004656,0.9467966666666783,0.11775156643057247
normal,students_drivers,students+drivers,rides_dispatched,-0.1073513333333338,-0.0820917777777792,-0.11870079073905812,-0.09077073039363637,-0.02525955555555459,-0.027930060345421753
normal,students_drivers,students+drivers,rides_duration_avg,-6.371985555555625,-28.64604111111123,-0.02726515589604426,-0.12257384607816102,22.274055555555606,0.09530869018211677
normal,students_drivers,students+drivers,rides_in_progress,45.05007355555472,33.73346222222062,0.05453092494822548,0.04083271683042342,11.316611333334095,0.013698208117802056
normal,students_drivers,students+drivers,rides_length_avg,-124.53519333333406,-185.85604044444517,-0.10764564365472487,-0.16065011476081884,61.32084711111111,0.053004471106093964
normal,students_drivers,students+drivers,rides_not_served,0.0049080000000000235,0.053113888888889016,0.039329935220519724,0.4256246555236099,-0.04820588888888899,-0.3862947203030902
normal,students_drivers,students+drivers,rides_offers_generated,3.2189811111111197,-0.3547608888888618,0.10900828263249608,-0.012013700580431153,3.5737419999999815,0.12102198321292723
normal,students_drivers,students+drivers,rides_offers_lyft,1.8288889999999967,0.034611000000005276,0.1636394151504793,0.003096811122913476,1.7942779999999914,0.16054260402756582
normal,students_drivers,students+drivers,rides_offers_price_lyft_avg,0.04692644444444838,-0.3213803333333267,0.0876613716446404,-0.6003574567206342,0.3683067777777751,0.6880188283652746
normal,students_drivers,students+drivers,rides_offers_price_no_surge_avg,0.14519244444445079,-0.10959144444444036,0.2448641349292424,-0.18482376505342762,0.25478388888889114,0.42968789998267
normal,students_drivers,students+drivers,rides_offers_price_uber_avg,0.19200466666666927,0.014852111111107291,0.30711765661888546,0.023756430713245794,0.17715255555556197,0.28336122590563967
normal,students_drivers,students+drivers,rides_offers_radius_avg,33.748732888888526,134.50627311111043,0.07118511857062157,0.28370976271702447,-100.7575402222219,-0.2125246441464029
normal,students_drivers,students+drivers,rides_offers_surge_lyft_avg,0.0,0.0,,,0.0,
normal,students_drivers,students+drivers,rides_offers_surge_uber_avg,0.0,0.0,,,0.0,
normal,students_drivers,students+drivers,rides_offers_uber,1.3901849999999882,-0.3852597777777902,0.07393878772723947,-0.02049053969720269,1.7754447777777784,0.09442932742444216
normal,students_drivers,students+drivers,rides_partial_acceptances,0.22194466666666823,-0.08331466666666287,0.10294506610766338,-0.03864401878428026,0.3052593333333311,0.14158908489194363
normal,students_drivers,students+drivers,rides_waiting_duration_avg,-44.75947377777777,-75.89200700000015,-0.1940984738097962,-0.32910401954671376,31.132533222222378,0.13500554573691756
normal,students_drivers,students+drivers,traffic_duration_avg,2.218944444444219,-8.775532000000226,0.014619890126161331,-0.05781907427193422,10.994476444444444,0.07243896439809555
normal,students_drivers,students+drivers,traffic_length_avg,-38.77518422222283,-48.21580844444452,-0.48635720122080733,-0.6047709667926963,9.440624222221686,0.11841376557188893
normal,students_drivers,students+drivers,traffic_speed_avg,-0.1700648888888887,-0.2614806666666665,-0.17468544287972182,-0.26858492872678946,0.09141577777777776,0.09389948584706764
boycott_tncs,students_drivers,students+drivers,drivers_accept,-0.037073277777778024,-0.0803141111111112,-0.04099275948298407,-0.08880512426232959,0.04324083333333317,0.047812364779345515
boycott_tncs,students_drivers,students+drivers,drivers_acceptance_rate,-0.3100053888888894,-0.5726609444444448,-1.5329040005388666,-2.831674171334757,0.2626555555555554,1.2987701707958905
boycott_tncs,students_drivers,students+drivers,drivers_busy,21.20801083333299,653.6195051111104,0.021808565172844352,0.6721282673551763,-632.4114942777774,-0.6503197021823319
boycott_tncs,students_drivers,students+drivers,drivers_change_provider,0.026860944444444423,0.05898988888888895,0.09972730125277676,0.21901323805860445,-0.03212894444444453,-0.11928593680582769
boycott_tncs,students_drivers,students+drivers,drivers_change_zone,0.08652777777777765,0.11210205555555552,0.166354606359648,0.2155226194753987,-0.025574277777777876,-0.0491680131157507
boycott_tncs,students_drivers,students+drivers,drivers_demand_pressure,0.0,0.0,,,0.0,
boycott_tncs,students_drivers,students+drivers,drivers_idle,91.08040749999964,-739.1683083888911,0.027641305306798352,-0.22432460993641362,830.2487158888907,0.251965915243212
boycott_tncs,students_drivers,students+drivers,drivers_idle_duration_avg,31.52488544444452,216.7195970555556,0.2656517128465241,1.826237632700502,-185.19471161111107,-1.560585919853978
boycott_tncs,students_drivers,students+drivers,drivers_occupied_distance_avg,163.52484727777846,354.4866023333343,0.1470651480757204,0.318805524242157,-190.96175505555584,-0.17174037616643661
boycott_tncs,students_drivers,students+drivers,drivers_occupied_duration_avg,23.99686161111117,27.005395166666517,0.19999635996950849,0.22507029545774715,-3.0085335555553456,-0.025073935488238663
boycott_tncs,students_drivers,students+drivers,drivers_passengers_served,0.026722166666666602,0.06325016666666694,0.03103120446578192,0.07344946533757109,-0.03652800000000034,-0.04241826087178917
boycott_tncs,students_drivers,students+drivers,drivers_pickup,1.1119194999999422,34.47455516666673,0.0038895733730540394,0.12059444215535065,-33.36263566666679,-0.1167048687822966
boycott_tncs,students_drivers,students+drivers,drivers_pickup_accept,-0.00969455555555554,0.03095249999999994,-0.026689339344713056,0.0852129601334664,-0.04064705555555548,-0.11190229947817945
boycott_tncs,students_drivers,students+drivers,drivers_pickup_reject,0.012916555555555542,0.033711722222222226,0.15840177029978714,0.41342263863510326,-0.020795166666666684,-0.2550208683353161
boycott_tncs,students_drivers,students+drivers,drivers_reject,0.05538855555555555,0.1164263888888889,0.12215632509230043,0.2567718126566526,-0.06103783333333335,-0.13461548756435218
boycott_tncs,students_drivers,students+drivers,drivers_removed,0.01912988888888892,0.0033155000000000823,0.12588227595482504,0.02181730841994839,0.015814388888888836,0.10406496753487665
boycott_tncs,students_drivers,students+drivers,drivers_shift_duration_avg,108.83918877777751,196.99829055555347,0.11648345033011065,0.21083435893570152,-88.15910177777596,-0.09435090860559087
boycott_tncs,students_drivers,students+drivers,drivers_starting,-0.0806943888888888,-0.09917633333333314,-0.518358282353965,-0.637081146591465,0.018481944444444343,0.1187228642375
boycott_tncs,students_drivers,students+drivers,drivers_total_length_avg,594.1403433888918,-148.31150222221913,0.0993769400296519,-0.024806838024123035,742.4518456111109,0.12418377805377494
boycott_tncs,students_drivers,students+drivers,drivers_waiting,-0.040046000000000026,-0.055286777777777685,-0.03725607855724104,-0.05143506307909934,0.015240777777777659,0.014178984521858298
boycott_tncs,students_drivers,students+drivers,failed_requests,0.007418548024618707,0.04544139988037155,0.17165920401237653,1.05147725765024,-0.03802285185575284,-0.8798180536378635
boycott_tncs,students_drivers,students+drivers,passengers_accept,0.10054616666666583,0.36030544444444423,0.029443223644662203,0.10550928128704327,-0.2597592777777784,-0.07606605764238107
boycott_tncs,students_drivers,students+drivers,passengers_acceptance_rate,-0.24966611111111114,-0.20866044444444398,-2.147379302459857,-1.794689385948195,-0.04100566666666716,-0.35268991651166215
boycott_tncs,students_drivers,students+drivers,passengers_arrivals,-0.04865722222222235,-0.2638425555555566,-0.0636233774124968,-0.3449961531491249,0.21518533333333423,0.2813727757366281
boycott_tncs,students_drivers,students+drivers,passengers_cancel,0.004027333333333341,0.008444000000000007,0.27163991186654124,0.5695399973020374,-0.004416666666666666,-0.2979000854354962
boycott_tncs,students_drivers,students+drivers,passengers_change_provider,0.20607377777777725,0.25035094444444406,0.1807087671455982,0.2195359885772441,-0.04427716666666681,-0.03882722143164591
boycott_tncs,students_drivers,students+drivers,passengers_departures,-0.03295355555555557,-0.14564761111111113,-0.04460181545555415,-0.19713040862520603,0.11269405555555556,0.1525285931696519
boycott_tncs,students_drivers,students+drivers,passengers_drivers_ratio,-0.0003548333333333181,0.009342611111111121,-0.005073276194755727,0.1335772096200915,-0.009697444444444439,-0.13865048581484724
boycott_tncs,students_drivers,students+drivers,passengers_new,-0.0011572222222220319,-0.0009259999999995383,-0.001262328684601639,-0.0010101053535733601,-0.00023122222222249356,-0.0002522233310282788
boycott_tncs,students_drivers,students+drivers,passengers_no_ratings_count,0.016306222222222277,-0.02646133333333328,0.08798716968688672,-0.1427833985341065,0.04276755555555556,0.2307705682209932
boycott_tncs,students_drivers,students+drivers,passengers_offers_discarded,1.218500166666665,2.992999444444443,0.045522299305304714,0.1118163298272925,-1.7744992777777782,-0.06629403052198779
boycott_tncs,students_drivers,students+drivers,passengers_pickup_accept,0.00559283333333338,0.050463222222222326,0.014057965277729928,0.12684272595327917,-0.044870388888888946,-0.11278476067554924
boycott_tncs,students_drivers,students+drivers,passengers_pickup_reject,-0.002361833333333327,0.014111666666666675,-0.0477958223449485,0.2855742204464614,-0.016473500000000002,-0.3333700427914099
boycott_tncs,students_drivers,students+drivers,passengers_rating_avg,-0.0005540555555549886,0.01253272222222268,-0.026289507735387407,0.5946679795973727,-0.01308677777777767,-0.6209574873327601
boycott_tncs,students_drivers,students+drivers,passengers_ratings_count,-0.06313922222222224,-0.23471338888888882,-0.10896368531331174,-0.40506098975524724,0.17157416666666658,0.2960973044419355
boycott_tncs,students_drivers,students+drivers,passengers_reject,0.24829644444444376,0.31649977777777716,0.13802698121604096,0.17594093616587808,-0.0682033333333334,-0.037913954949837125
boycott_tncs,students_drivers,students+drivers,passengers_unassigned,0.21987955555555594,0.7221487222222258,0.027346063842702384,0.08981246579255214,-0.5022691666666699,-0.06246640194984976
boycott_tncs,students_drivers,students+drivers,rides_dispatched,-0.037073277777778024,-0.0803141111111112,-0.04099275948298407,-0.08880512426232959,0.04324083333333317,0.047812364779345515
boycott_tncs,students_drivers,students+drivers,rides_duration_avg,36.217881000000034,58.79586544444453,0.15497307127892151,0.25158224597479273,-22.577984444444496,-0.09660917469587121
boycott_tncs,students_drivers,students+drivers,rides_in_progress,22.511518722222263,66.4169915555558,0.027249099524737936,0.08039454091760012,-43.90547283333353,-0.05314544139286219
boycott_tncs,students_drivers,students+drivers,rides_length_avg,-53.362319777777884,-158.425457166667,-0.04612528479409854,-0.13693968629697512,105.06313738888912,0.09081440150287658
boycott_tncs,students_drivers,students+drivers,rides_not_served,0.00815827777777775,0.05370411111111109,0.0653758224350047,0.43035436248483755,-0.04554583333333334,-0.3649785400498329
boycott_tncs,students_drivers,students+drivers,rides_offers_generated,1.4504446111111164,3.6105001666666823,0.049118174556856964,0.12226676983414259,-2.160055555555566,-0.07314859527728562
boycott_tncs,students_drivers,students+drivers,rides_offers_lyft,1.283036888888887,1.6480087222222224,0.11479942528730191,0.14745519463856674,-0.3649718333333354,-0.032655769351264824
boycott_tncs,students_drivers,students+drivers,rides_offers_price_lyft_avg,-0.1724679999999985,0.04455027777777687,-0.32218041711439177,0.08322255187632657,-0.21701827777777538,-0.40540296899071837
boycott_tncs,students_drivers,students+drivers,rides_offers_price_no_surge_avg,-0.07464577777777848,0.09962316666666382,-0.12588860165288562,0.16801246523593957,-0.1742689444444423,-0.2939010668888252
boycott_tncs,students_drivers,students+drivers,rides_offers_price_uber_avg,-0.044424055555559505,0.11443688888887849,-0.0710577095681551,0.18304549444791787,-0.158860944444438,-0.254103204016073
boycott_tncs,students_drivers,students+drivers,rides_offers_radius_avg,-19.730210999999827,-0.7364012777775315,-0.04161630050178233,-0.0015532675684961778,-18.993809722222295,-0.040063032933286155
boycott_tncs,students_drivers,students+drivers,rides_offers_surge_lyft_avg,0.0,0.0,,,0.0,
boycott_tncs,students_drivers,students+drivers,rides_offers_surge_uber_avg,0.0,0.0,,,0.0,
boycott_tncs,students_drivers,students+drivers,rides_offers_uber,0.16670361111110665,1.9621945000000025,0.00886634722379287,0.1043618530016208,-1.7954908888888959,-0.09549550577782794
boycott_tncs,students_drivers,students+drivers,rides_partial_acceptances,0.0819534444444443,0.32502699999999995,0.03801264018997519,0.15075796370465583,-0.24307355555555565,-0.11274532351468064
boycott_tncs,students_drivers,students+drivers,rides_waiting_duration_avg,-3.7114849444444644,-4.615818166666713,-0.01609477284879002,-0.02001639398134187,0.9043332222222489,0.003921621132551848
boycott_tncs,students_drivers,students+drivers,traffic_duration_avg,13.153023277777493,13.927069944444156,0.08666091466571793,0.09176085182165807,-0.7740466666666634,-0.005099937155940135
boycott_tncs,students_drivers,students+drivers,traffic_length_avg,7.4782314999993105,-45.96448394444451,0.09379947034104491,-0.5765325997849567,53.44271544444382,0.6703320701260016
boycott_tncs,students_drivers,students+drivers,traffic_speed_avg,-0.01904766666666724,-0.22184033333333453,-0.019565179557233553,-0.22786759295293058,0.2027926666666673,0.20830241339569702
flash_mob,students_drivers,students+drivers,drivers_accept,-0.03753711111111091,-0.06748244444444396,-0.04150563046211564,-0.07461686099126255,0.029945333333333046,0.03311123052914691
flash_mob,students_drivers,students+drivers,drivers_acceptance_rate,-0.122014888888889,-0.20686922222222215,-0.6033350322504237,-1.0229198255855654,0.08485433333333314,0.41958479333514165
flash_mob,students_drivers,students+drivers,drivers_busy,-132.60104322222242,-37.69393166666623,-0.1363559513348529,-0.03876132334302662,-94.90711155555618,-0.09759462799182628
flash_mob,students_drivers,students+drivers,drivers_change_provider,0.03714777777777778,0.15368611111111163,0.1379194850344092,0.5705942742573792,-0.11653833333333385,-0.43267478922297
flash_mob,students_drivers,students+drivers,drivers_change_zone,0.11183300000000007,0.20225922222222237,0.21500534476682762,0.3888549337508543,-0.0904262222222223,-0.17384958898402667
flash_mob,students_drivers,students+drivers,drivers_demand_pressure,0.0,0.0,,,0.0,
flash_mob,students_drivers,students+drivers,drivers_idle,376.4507433333347,634.0237027777803,0.11424619427013358,0.19241506731540997,-257.5729594444456,-0.0781688730452764
flash_mob,students_drivers,students+drivers,drivers_idle_duration_avg,-81.93592488888885,3.0119298888890853,-0.6904519551309984,0.025380721378577664,-84.94785477777793,-0.7158326765095762
flash_mob,students_drivers,students+drivers,drivers_occupied_distance_avg,-326.5613909999993,656.3918604444461,-0.29369114310589794,0.5903223134523481,-982.9532514444454,-0.884013456558246
flash_mob,students_drivers,students+drivers,drivers_occupied_duration_avg,-40.998758333333285,79.89245255555556,-0.3416947833769887,0.665845390913512,-120.89121088888885,-1.0075401742905008
flash_mob,students_drivers,students+drivers,drivers_passengers_served,-0.07248144444444415,0.12368500000000093,-0.08416931720347397,0.14362961552582218,-0.1961664444444451,-0.22779893272929613
flash_mob,students_drivers,students+drivers,drivers_pickup,-102.02506755555555,-76.27324111111125,-0.356890931536095,-0.2668092138885273,-25.751826444444305,-0.09008171764756773
flash_mob,students_drivers,students+drivers,drivers_pickup_accept,-0.0691292222222224,-0.06675888888889014,-0.19031437387221672,-0.1837887904835965,-0.002370333333332253,-0.006525583388620221
flash_mob,students_drivers,students+drivers,drivers_pickup_reject,0.020185444444444423,0.012611666666666632,0.24754355915828974,0.1546627750593752,0.00757377777777779,0.09288078409891454
flash_mob,students_drivers,students+drivers,drivers_reject,0.07374133333333321,0.09909333333333259,0.16263233798128596,0.21854473942735148,-0.025351999999999375,-0.05591240144606552
flash_mob,students_drivers,students+drivers,drivers_removed,0.0024626666666665575,0.01238822222222219,0.016205325954513378,0.08151942844128268,-0.009925555555555632,-0.0653141024867693
flash_mob,students_drivers,students+drivers,drivers_shift_duration_avg,-381.8823061111111,367.4959890000014,-0.40870360331943356,0.39330687100763106,-749.3782951111125,-0.8020104743270646
flash_mob,students_drivers,students+drivers,drivers_starting,-0.060629000000000044,-0.07522177777777772,-0.38946381196482394,-0.4832037525953615,0.014592777777777677,0.09373994063053759
flash_mob,students_drivers,students+drivers,drivers_total_length_avg,-1981.8728951111152,2989.4669387777794,-0.3314914835112208,0.500023403563241,-4971.339833888895,-0.8315148870744619
flash_mob,students_drivers,students+drivers,drivers_waiting,-0.04125911111111069,-0.13494377777777666,-0.03838467474298247,-0.12554252573789448,0.09368466666666597,0.08715785099491202
flash_mob,students_drivers,students+drivers,failed_requests,0.008892735436856314,0.026444503481383413,0.2057707089739933,0.6119044323838709,-0.0175517680445271,-0.40613372340987763
flash_mob,students_drivers,students+drivers,passengers_accept,0.28079611111111014,0.3807215555555583,0.082226334151601,0.11148778991971595,-0.09992544444444817,-0.029261455768114952
flash_mob,students_drivers,students+drivers,passengers_acceptance_rate,-0.08640744444444426,-0.13099644444444358,-0.7431908037205448,-1.1267009857442831,0.044588999999999324,0.3835101820237383
flash_mob,students_drivers,students+drivers,passengers_arrivals,0.08979622222222239,-0.021315777777777267,0.11741605204194386,-0.027872157769356802,0.11111199999999966,0.14528820981130067
flash_mob,students_drivers,students+drivers,passengers_cancel,-0.001944666666666664,0.002221333333333325,-0.13116596969288175,0.1498268807050671,-0.004165999999999989,-0.28099285039794886
flash_mob,students_drivers,students+drivers,passengers_change_provider,0.3436849999999998,0.3498145555555565,0.30138183181854794,0.30675691854496095,-0.0061295555555567205,-0.005375086726413014
flash_mob,students_drivers,students+drivers,passengers_departures,0.034666555555555645,0.001424888888889253,0.04692031822672135,0.0019285515688820254,0.03324166666666639,0.04499176665783933
flash_mob,students_drivers,students+drivers,passengers_drivers_ratio,-0.005979444444444426,-0.001461888888888846,-0.08549189241296087,-0.02090154842473839,-0.00451755555555558,-0.06459034398822248
flash_mob,students_drivers,students+drivers,passengers_new,0.001018111111111164,0.00416533333333291,0.0011105825959680578,0.0045436560468890275,-0.003147222222221746,-0.00343307345092097
flash_mob,students_drivers,students+drivers,passengers_no_ratings_count,-0.003722000000000003,-0.021646777777777737,-0.02008363685417512,-0.11680441266843514,0.017924777777777734,0.09672077581426002
flash_mob,students_drivers,students+drivers,passengers_offers_discarded,2.8646112222222087,3.9266666666666623,0.10701983718891653,0.1466974729770902,-1.0620554444444537,-0.03967763578817368
flash_mob,students_drivers,students+drivers,passengers_pickup_accept,-0.05285222222222252,-0.04513111111111123,-0.1328476392140294,-0.11344010363477683,-0.0077211111111112896,-0.019407535579252566
flash_mob,students_drivers,students+drivers,passengers_pickup_reject,0.003723555555555591,-0.009405111111111086,0.07535264970356992,-0.1903288489737498,0.013128666666666677,0.2656814986773197
flash_mob,students_drivers,students+drivers,passengers_rating_avg,-0.0006106666666658711,0.019794777777778272,-0.02897566118793715,0.9392469009500419,-0.020405444444444143,-0.9682225621379791
flash_mob,students_drivers,students+drivers,passengers_ratings_count,0.09296333333333306,0.0008696666666667685,0.16043319892915348,0.0015008434006461777,0.0920936666666663,0.1589323555285073
flash_mob,students_drivers,students+drivers,passengers_reject,0.44368622222222154,0.5892423333333339,0.24664336212106053,0.3275574108871062,-0.14555611111111233,-0.08091404876604569
flash_mob,students_drivers,students+drivers,passengers_unassigned,0.5358328888888906,2.02125922222222,0.06664066766713547,0.2513807324827619,-1.4854263333333293,-0.1847400648156264
flash_mob,students_drivers,students+drivers,rides_dispatched,-0.03753711111111091,-0.06748244444444396,-0.04150563046211564,-0.07461686099126255,0.029945333333333046,0.03311123052914691
flash_mob,students_drivers,students+drivers,rides_duration_avg,-27.66828022222228,-3.1144920000002685,-0.11839009474473738,-0.013326632519270548,-24.55378822222201,-0.10506346222546684
flash_mob,students_drivers,students+drivers,rides_in_progress,-149.51088877777784,-57.676185444444855,-0.18097566577398455,-0.06981421985676556,-91.83470333333298,-0.11116144591721899
flash_mob,students_drivers,students+drivers,rides_length_avg,82.76182822222381,28.83848400000079,0.07153761142183426,0.024927388709289768,53.92334422222302,0.046610222712544495
flash_mob,students_drivers,students+drivers,rides_not_served,0.02705533333333321,0.07290677777777765,0.21680613434587573,0.5842336689357801,-0.045851444444444445,-0.3674275345899044
flash_mob,students_drivers,students+drivers,rides_offers_generated,3.290648444444443,4.517907111111128,0.1114352409332298,0.15299539769755577,-1.2272586666666854,-0.041560156764325965
flash_mob,students_drivers,students+drivers,rides_offers_lyft,1.1156105555555484,-0.47783366666667604,0.09981899330512217,-0.04275405546894541,1.5934442222222245,0.14257304877406757
flash_mob,students_drivers,students+drivers,rides_offers_price_lyft_avg,-0.6550054444444378,-0.9811186666666529,-1.223588882014683,-1.8327876549005082,0.32611322222221517,0.6091987728858252
flash_mob,students_drivers,students+drivers,rides_offers_price_no_surge_avg,-0.7440488888888872,-1.3031092222222185,-1.254823473907045,-2.1976674725649383,0.5590603333333313,0.9428439986578934
flash_mob,students_drivers,students+drivers,rides_offers_price_uber_avg,-0.8038132222222316,-1.4830200000000033,-1.2857251724862442,-2.3721383184380986,0.6792067777777717,1.0864131459518545
flash_mob,students_drivers,students+drivers,rides_offers_radius_avg,-23.832989555555514,59.3256100000001,-0.05027015956392189,0.12513360415717648,-83.15859955555561,-0.17540376372109837
flash_mob,students_drivers,students+drivers,rides_offers_surge_lyft_avg,0.0,0.0,,,0.0,
flash_mob,students_drivers,students+drivers,rides_offers_surge_uber_avg,0.0,0.0,,,0.0,
flash_mob,students_drivers,students+drivers,rides_offers_uber,2.1746298888888873,4.99368522222224,0.11566050399038053,0.2655956089459648,-2.8190553333333526,-0.14993510495558426
flash_mob,students_drivers,students+drivers,rides_partial_acceptances,0.243055666666665,0.351388666666665,0.11273702607335392,0.16298535154175034,-0.10833300000000001,-0.050248325468396415
flash_mob,students_drivers,students+drivers,rides_waiting_duration_avg,26.218025444444265,26.28064911111096,0.11369389082495349,0.11396545697840577,-0.0626236666666955,-0.0002715661534522795
flash_mob,students_drivers,students+drivers,traffic_duration_avg,-66.43572533333327,-140.98453177777787,-0.4377229935869095,-0.9289003919139032,74.54880644444461,0.49117739832699364
flash_mob,students_drivers,students+drivers,traffic_length_avg,-20.982634444444102,-45.59545866666667,-0.2631852192926635,-0.5719039151022185,24.61282422222257,0.308718695809555
flash_mob,students_drivers,students+drivers,traffic_speed_avg,0.29663566666666696,0.3011825555555552,0.3046950675365055,0.30936549248118217,-0.004546888888888212,-0.004670424944676677
long_rides,students_drivers,students+drivers,drivers_accept,-0.04984269444444456,-0.06739902777777784,-0.05511219152490703,-0.0745246253013402,0.017556333333333285,0.019412433776433168
long_rides,students_drivers,students+drivers,drivers_acceptance_rate,-0.20296749999999997,-0.1493896944444446,-1.0036267235370089,-0.7386970306353128,-0.05357780555555536,-0.2649296929016961
long_rides,students_drivers,students+drivers,drivers_busy,-42.122163694444225,74.49474447222246,-0.04331495109893507,0.0766042370792927,-116.61690816666669,-0.11991918817822778
long_rides,students_drivers,students+drivers,drivers_change_provider,0.03067630555555556,0.027055722222222633,0.11389268801729932,0.10045045758713457,0.0036205833333329274,0.01344223043016475
long_rides,students_drivers,students+drivers,drivers_change_zone,0.13164316666666687,0.1331567777777778,0.25309152428499315,0.2560015282980064,-0.001513611111110924,-0.002910004013013223
long_rides,students_drivers,students+drivers,drivers_demand_pressure,0.0,0.0,,,0.0,
long_rides,students_drivers,students+drivers,drivers_idle,-189.4815933055561,-91.51159305555666,-0.05750433835704453,-0.02777216255603753,-97.97000024999943,-0.029732175801006996
long_rides,students_drivers,students+drivers,drivers_idle_duration_avg,-147.57609180555562,-71.12255986111086,-1.243583949969609,-0.5993306425309506,-76.45353194444476,-0.6442533074386585
long_rides,students_drivers,students+drivers,drivers_occupied_distance_avg,-611.6110434999991,41.62225011111059,-0.5500489385829024,0.03743273562235555,-653.2332936111097,-0.587481674205258
long_rides,students_drivers,students+drivers,drivers_occupied_duration_avg,-70.95694597222234,-0.322575166666752,-0.5913744530004157,-0.002688429020236416,-70.63437080555559,-0.5886860239801792
long_rides,students_drivers,students+drivers,drivers_passengers_served,-0.004907305555555741,0.06284277777777758,-0.005698624814748733,0.07297638364229138,-0.06775008333333332,-0.07867500845704012
long_rides,students_drivers,students+drivers,drivers_pickup,2.1712987500000054,23.781866472222077,0.007595357220505604,0.08319065776963744,-21.610567722222072,-0.07559530054913183
long_rides,students_drivers,students+drivers,drivers_pickup_accept,-0.020189611111111283,-0.007379416666666749,-0.055582474007634906,-0.020315707559160408,-0.012810194444444534,-0.0352667664484745
long_rides,students_drivers,students+drivers,drivers_pickup_reject,0.02328261111111113,0.021514638888888993,0.285525564562392,0.26384409316420776,0.0017679722222221361,0.021681471398184216
long_rides,students_drivers,students+drivers,drivers_reject,0.12338894444444426,0.07576813888888889,0.2721273349551993,0.16710234294639115,0.04762080555555537,0.10502499200880816
long_rides,students_drivers,students+drivers,drivers_removed,0.07806030555555549,0.06505058333333347,0.5136678515038214,0.428058705920933,0.01300972222222202,0.08560914558288846
long_rides,students_drivers,students+drivers,drivers_shift_duration_avg,-412.0545302222208,205.23891494444615,-0.44099495727073207,0.2196537591211673,-617.293445166667,-0.6606487163918994
long_rides,students_drivers,students+drivers,drivers_starting,-0.06636127777777778,-0.05590791666666678,-0.42628636807781556,-0.35913688736432636,-0.010453361111111004,-0.0671494807134892
long_rides,students_drivers,students+drivers,drivers_total_length_avg,-1902.1393613333348,2072.384476694431,-0.31815511493643056,0.34663060697772247,-3974.523838027766,-0.6647857219141531
long_rides,students_drivers,students+drivers,drivers_waiting,-0.009703638888888477,-0.07883344444444429,-0.009027606570831745,-0.07334128250412306,0.06912980555555581,0.0643136759332913
long_rides,students_drivers,students+drivers,failed_requests,0.03634974051983536,0.04664441342396758,0.8411036098956945,1.079314018512945,-0.010294672904132218,-0.2382104086172505
long_rides,students_drivers,students+drivers,passengers_accept,0.48920386111111114,0.4905788055555558,0.14325497597813436,0.14365760492082671,-0.0013749444444446368,-0.00040262894269235683
long_rides,students_drivers,students+drivers,passengers_acceptance_rate,-0.19308405555555574,-0.1936985,-1.660716797685391,-1.666001637011958,0.000614444444444251,0.005284839326566981
long_rides,students_drivers,students+drivers,passengers_arrivals,-0.0515508055555558,-0.08607438888888863,-0.06740697902564238,-0.11254944445485973,0.03452358333333283,0.04514246542921735
long_rides,students_drivers,students+drivers,passengers_cancel,0.028430416666666652,0.03208349999999997,1.9176053329736036,2.164002428166732,-0.0036530833333333207,-0.24639709519312825
long_rides,students_drivers,students+drivers,passengers_change_provider,0.7206521388888891,0.7097221388888886,0.6319492026777083,0.622364543987987,0.01093000000000055,0.009584658689721248
long_rides,students_drivers,students+drivers,passengers_departures,-0.07544949999999995,-0.08851450000000005,-0.10211901624820274,-0.11980216785666642,0.013065000000000104,0.017683151608463676
long_rides,students_drivers,students+drivers,passengers_drivers_ratio,0.019471361111111085,0.01928369444444447,0.27839434327241885,0.27571115445358674,0.0001876666666666138,0.0026831888188321162
long_rides,students_drivers,students+drivers,passengers_new,0.0005463333333328713,0.00457433333333368,0.0005959548864313039,0.004989804091826919,-0.004028000000000809,-0.0043938492053956155
long_rides,students_drivers,students+drivers,passengers_no_ratings_count,0.028958555555555543,0.02454238888888899,0.1562582250400947,0.1324289161682935,0.0044161666666665544,0.023829308871801208
long_rides,students_drivers,students+drivers,passengers_offers_discarded,5.391217722222223,5.451180861111098,0.20141205843445803,0.2036522386416157,-0.05996313888887528,-0.0022401802071576604
long_rides,students_drivers,students+drivers,passengers_pickup_accept,-0.022272749999999952,-0.012522749999999805,-0.055984065227443924,-0.03147678004857793,-0.009750000000000147,-0.024507285178865995
long_rides,students_drivers,students+drivers,passengers_pickup_reject,0.025527722222222243,0.027166416666666665,0.5165980422854557,0.5497598862813571,-0.0016386944444444218,-0.033161843995901386
long_rides,students_drivers,students+drivers,passengers_rating_avg,-0.037486027777777764,-0.04229791666666749,-1.7786830352160035,-2.0070034426155394,0.004811888888889726,0.22832040739953596
long_rides,students_drivers,students+drivers,passengers_ratings_count,-0.08023616666666644,-0.1127685277777779,-0.13846905469697063,-0.19461238104543077,0.03253236111111146,0.05614332634846014
long_rides,students_drivers,students+drivers,passengers_reject,0.9018562222222224,0.8617633333333332,0.5013381972615752,0.47905072377823377,0.04009288888888918,0.02228747348334148
long_rides,students_drivers,students+drivers,passengers_unassigned,1.8875695000000015,2.170736027777785,0.23475395847567046,0.2699709204490683,-0.2831665277777837,-0.035216961973397826
long_rides,students_drivers,students+drivers,rides_dispatched,-0.04984269444444456,-0.06739902777777784,-0.05511219152490703,-0.0745246253013402,0.017556333333333285,0.019412433776433168
long_rides,students_drivers,students+drivers,rides_duration_avg,0.6443331666666836,61.76976230555556,0.002757043951997329,0.2643072844780978,-61.125429138888876,-0.2615502405261005
long_rides,students_drivers,students+drivers,rides_in_progress,-156.1678053333335,-47.054365250000046,-0.18903353978899481,-0.056957022651026534,-109.11344008333344,-0.13207651713796828
long_rides,students_drivers,students+drivers,rides_length_avg,-27.067442972221215,-74.56702563888939,-0.023396537499511885,-0.06445419367384642,47.499582666668175,0.04105765617433453
long_rides,students_drivers,students+drivers,rides_not_served,0.06697700000000001,0.09089433333333347,0.5367157846912668,0.7283757624108221,-0.023917333333333457,-0.19165997771955534
long_rides,students_drivers,students+drivers,rides_offers_generated,6.054962722222214,6.14649997222223,0.20504658616197835,0.20814642368042804,-0.091537250000016,-0.003099837518449694
long_rides,students_drivers,students+drivers,rides_offers_lyft,2.704546194444447,2.61299991666667,0.24198863764085443,0.2337975558667507,0.09154627777777691,0.008191081774103742
long_rides,students_drivers,students+drivers,rides_offers_price_lyft_avg,-0.1714899999999986,-0.0672793333333388,-0.3203534553131425,-0.12568177097498365,-0.10421066666665979,-0.19467168433815887
long_rides,students_drivers,students+drivers,rides_offers_price_no_surge_avg,-0.21678469444444204,-0.1665174444444446,-0.3656030234503518,-0.2808283181713144,-0.05026724999999743,-0.08477470527903741
long_rides,students_drivers,students+drivers,rides_offers_price_uber_avg,-0.2556285000000038,-0.234910805555554,-0.4088860299489293,-0.3757474095248141,-0.02071769444444982,-0.033138620424115195
long_rides,students_drivers,students+drivers,rides_offers_radius_avg,16.614090916666555,54.07851100000016,0.035043568472325703,0.11406606672705974,-37.46442008333361,-0.07902249825473404
long_rides,students_drivers,students+drivers,rides_offers_surge_lyft_avg,0.0,0.0,,,0.0,
long_rides,students_drivers,students+drivers,rides_offers_surge_uber_avg,0.0,0.0,,,0.0,
long_rides,students_drivers,students+drivers,rides_offers_uber,3.3505646388888835,3.5338796944444226,0.1782041149927542,0.18795396337978776,-0.18331505555553917,-0.00974984838703355
long_rides,students_drivers,students+drivers,rides_partial_acceptances,0.4159765833333333,0.4829345833333347,0.19294330210152819,0.22400057344740582,-0.0669580000000014,-0.03105727134587763
long_rides,students_drivers,students+drivers,rides_waiting_duration_avg,48.44246347222213,38.00784575,0.2100696776335501,0.16482018733061646,10.434617722222129,0.045249490302933654
long_rides,students_drivers,students+drivers,traffic_duration_avg,1.9309594999999717,0.447030416666621,0.0127224526953571,0.0029453353783064767,1.4839290833333507,0.009777117317050624
long_rides,students_drivers,students+drivers,traffic_length_avg,8.414346416665921,9.142369638888795,0.10554116132262095,0.11467275782916034,-0.7280232222228733,-0.009131596506539386
long_rides,students_drivers,students+drivers,traffic_speed_avg,0.09652911111111084,0.10105263888888949,0.09915174516855829,0.10379817429571492,-0.0045235277777786465,-0.004646429127156626
underground_alarm,students_drivers,students+drivers,drivers_accept,-0.03823466666666686,-0.061495111111110834,-0.042276933374319,-0.06799653147119798,0.023260444444443973,0.02571959809687898
underground_alarm,students_drivers,students+drivers,drivers_acceptance_rate,-0.13293629629629633,-0.12041281481481447,-0.6573388325273599,-0.5954131513885763,-0.012523481481481857,-0.061925681138783606
underground_alarm,students_drivers,students+drivers,drivers_busy,-142.93618540740727,-345.08068600000024,-0.14698375719969903,-0.35485245125830206,202.14450059259298,0.20786869405860303
underground_alarm,students_drivers,students+drivers,drivers_change_provider,0.008420148148148288,-0.03740762962962896,0.031261694937799234,-0.1388842435135555,0.045827777777777245,0.17014593845135473
underground_alarm,students_drivers,students+drivers,drivers_change_zone,0.04038296296296284,-0.0013219259259256155,0.0776385581586638,-0.0025414782708131495,0.04170488888888846,0.08018003642947695
underground_alarm,students_drivers,students+drivers,drivers_demand_pressure,0.0,0.0,,,0.0,
underground_alarm,students_drivers,students+drivers,drivers_idle,4.812561925926275,-528.5482432592607,0.0014605280889021278,-0.16040511633966076,533.360805185187,0.16186564442856288
underground_alarm,students_drivers,students+drivers,drivers_idle_duration_avg,88.12654777777777,-90.14501711111109,0.7426186656783972,-0.7596277627193088,178.27156488888886,1.502246428397706
underground_alarm,students_drivers,students+drivers,drivers_occupied_distance_avg,626.8643832592597,-486.66841948148203,0.5637669435692295,-0.437682495145476,1113.5328027407418,1.0014494387147055
underground_alarm,students_drivers,students+drivers,drivers_occupied_duration_avg,68.41105251851866,-49.18905585185172,0.5701562857307767,-0.40995494661485715,117.60010837037038,0.9801112323456338
underground_alarm,students_drivers,students+drivers,drivers_passengers_served,0.09654259259259224,-0.25635911111111076,0.11211040510926959,-0.29769786607454496,0.352901703703703,0.4098082711838146
underground_alarm,students_drivers,students+drivers,drivers_pickup,-12.162339925925835,10.82067896296303,-0.042544728759515066,0.037851503434114774,-22.983018888888864,-0.08039623219362985
underground_alarm,students_drivers,students+drivers,drivers_pickup_accept,0.0034197037037035916,-0.01650622222222231,0.009414524686922287,-0.04544201780716807,0.019925925925925903,0.05485654249409036
underground_alarm,students_drivers,students+drivers,drivers_pickup_reject,0.012222148148148149,0.014049629629629579,0.14988592703418008,0.17229718835006783,-0.00182748148148143,-0.02241126131588775
underground_alarm,students_drivers,students+drivers,drivers_reject,0.08854311111111124,0.05312325925926009,0.19527682130514984,0.11716034229359581,0.03541985185185115,0.07811647901155402
underground_alarm,students_drivers,students+drivers,drivers_removed,0.0423445925925926,0.01370266666666664,0.278644257731754,0.09016899557906932,0.02864192592592596,0.18847526215268467
underground_alarm,students_drivers,students+drivers,drivers_shift_duration_avg,472.59648148148153,-501.7993888888891,0.5057890397293471,-0.5370429975425655,974.3958703703706,1.0428320372719124
underground_alarm,students_drivers,students+drivers,drivers_starting,-0.06867903703703704,-0.04372718518518509,-0.4411750081069744,-0.28089126043170676,-0.024951851851851947,-0.16028374767526765
underground_alarm,students_drivers,students+drivers,drivers_total_length_avg,2813.171017037035,-2863.6356939259167,0.470535843195985,-0.4789766522146037,5676.806710962952,0.9495124954105887
underground_alarm,students_drivers,students+drivers,drivers_waiting,0.012778074074073498,0.0018519999999995207,0.011887852257751762,0.0017229750159314869,0.010926074074073977,0.010164877241820275
underground_alarm,students_drivers,students+drivers,failed_requests,0.01423772984378216,0.000832228567193033,0.3294495585681028,0.01925709625746599,0.013405501276589127,0.31019246231063685
underground_alarm,students_drivers,students+drivers,passengers_accept,0.14969170370370044,0.0329998518518515,0.04383465283674262,0.009663441685807267,0.11669185185184894,0.034171211150935354
underground_alarm,students_drivers,students+drivers,passengers_acceptance_rate,-0.19249948148148177,-0.15570214814814864,-1.6556888735436863,-1.339194850249713,-0.036797333333333127,-0.31649402329397325
underground_alarm,students_drivers,students+drivers,passengers_arrivals,0.03254274074074015,0.08080244444444462,0.04255234848239102,0.10565593726789609,-0.04825970370370447,-0.06310358878550507
underground_alarm,students_drivers,students+drivers,passengers_cancel,0.012740666666666664,0.00911111111111107,0.8593461936238136,0.6145360253008951,0.003629555555555594,0.24481016832291846
underground_alarm,students_drivers,students+drivers,passengers_change_provider,0.4209505925925936,0.3053812592592622,0.36913703158607214,0.26779278501712733,0.11556933333333141,0.1013442465689448
underground_alarm,students_drivers,students+drivers,passengers_departures,-0.05742000000000003,-0.03838355555555539,-0.07771653772353439,-0.05195118501039181,-0.019036444444444633,-0.025765352713142578
underground_alarm,students_drivers,students+drivers,passengers_drivers_ratio,0.0026334074074074176,0.019453555555555446,0.037651488335633726,0.2781397660028984,-0.01682014814814803,-0.2404882776672647
underground_alarm,students_drivers,students+drivers,passengers_new,-0.005074370370370396,-0.007666592592592725,-0.00553525775067789,-0.008362922485364618,0.002592222222222329,0.0028276647346867287
underground_alarm,students_drivers,students+drivers,passengers_no_ratings_count,0.0037524444444443916,0.026247259259259192,0.02024791282581623,0.14162827065565464,-0.0224948148148148,-0.12138035782983841
underground_alarm,students_drivers,students+drivers,passengers_offers_discarded,2.1929131851851764,1.004246666666674,0.0819256764154858,0.037517940979372034,1.1886665185185024,0.04440773543611377
underground_alarm,students_drivers,students+drivers,passengers_pickup_accept,-0.015690370370370577,-0.011109851851852648,-0.03943880833114823,-0.027925364884953972,-0.004580518518517929,-0.01151344344619426
underground_alarm,students_drivers,students+drivers,passengers_pickup_reject,0.03169111111111117,0.008679703703703745,0.6413249805577719,0.1756489631906077,0.023011407407407425,0.4656760173671642
underground_alarm,students_drivers,students+drivers,passengers_rating_avg,0.011307259259258906,-0.007889777777778662,0.5365207094883385,-0.37436385546505746,0.019197037037037568,0.910884564953396
underground_alarm,students_drivers,students+drivers,passengers_ratings_count,0.024779111111111085,0.05395237037037037,0.04276301117476236,0.09310930512025195,-0.029173259259259288,-0.05034629394548959
underground_alarm,students_drivers,students+drivers,passengers_reject,0.740715851851852,0.549345481481482,0.41176092230694505,0.30537891359345326,0.19137037037036997,0.1063820087134918
underground_alarm,students_drivers,students+drivers,passengers_unassigned,0.40060511111111197,-0.2694805185185061,0.04982260818418566,-0.03351485519038927,0.670085629629618,0.08333746337457493
underground_alarm,students_drivers,students+drivers,rides_dispatched,-0.03823466666666686,-0.061495111111110834,-0.042276933374319,-0.06799653147119798,0.023260444444443973,0.02571959809687898
underground_alarm,students_drivers,students+drivers,rides_duration_avg,77.01444837037047,87.48146740740731,0.32953793174173374,0.37432536939730876,-10.467019037036835,-0.044787437655575024
underground_alarm,students_drivers,students+drivers,rides_in_progress,58.69539577777732,116.32214881481468,0.07104792443939784,0.1408023087690355,-57.62675303703736,-0.06975438432963765
underground_alarm,students_drivers,students+drivers,rides_length_avg,137.8649648148148,65.89994807407493,0.11916762224156274,0.056962551206382134,71.96501674073988,0.06220507103518061
underground_alarm,students_drivers,students+drivers,rides_not_served,0.037690592592592664,-0.010939629629629577,0.3020310849815939,-0.0876640025814604,0.04863022222222224,0.3896950875630543
underground_alarm,students_drivers,students+drivers,rides_offers_generated,2.5681239999999974,1.263346222222225,0.08696751461541344,0.04278223366373227,1.3047777777777725,0.044185280951681165
underground_alarm,students_drivers,students+drivers,rides_offers_lyft,1.835419925925919,2.347197481481466,0.16422376821887713,0.21001494520023128,-0.5117775555555468,-0.045791176981354154
underground_alarm,students_drivers,students+drivers,rides_offers_price_lyft_avg,-0.07026896296295959,-0.15344244444444755,-0.131266575814657,-0.28663955489809373,0.08317348148148795,0.15537297908343672
underground_alarm,students_drivers,students+drivers,rides_offers_price_no_surge_avg,0.01505451851851447,-0.02694866666666229,0.0253891424441349,-0.04544838387477795,0.04200318518517676,0.07083752631891285
underground_alarm,students_drivers,students+drivers,rides_offers_price_uber_avg,0.05608407407406801,0.020317555555546818,0.08970828523230784,0.032498585366554256,0.035766518518521195,0.05720969986575358
underground_alarm,students_drivers,students+drivers,rides_offers_radius_avg,-19.375813999999536,-34.09393007407334,-0.04086878228979046,-0.07191323190864016,14.718116074073805,0.031044449618849695
underground_alarm,students_drivers,students+drivers,rides_offers_surge_lyft_avg,0.0,0.0,,,0.0,
underground_alarm,students_drivers,students+drivers,rides_offers_surge_uber_avg,0.0,0.0,,,0.0,
underground_alarm,students_drivers,students+drivers,rides_offers_uber,0.7315435555555609,-1.085159703703681,0.03890809041059505,-0.057715622728127,1.816703259259242,0.09662371313872205
underground_alarm,students_drivers,students+drivers,rides_partial_acceptances,0.1005682222222255,0.04277807407407774,0.04664677210084095,0.019841844950157644,0.05779014814814776,0.026804927150683305
underground_alarm,students_drivers,students+drivers,rides_waiting_duration_avg,27.25932081481494,14.35562874074094,0.11820944530125524,0.062252868364624514,12.903692074074002,0.055956576936630725
underground_alarm,students_drivers,students+drivers,traffic_duration_avg,30.481189407407214,33.21152903703694,0.20083046295583298,0.21881976660524846,-2.730339629629725,-0.017989303649415478
underground_alarm,students_drivers,students+drivers,traffic_length_avg,24.548357925925302,7.373899185184655,0.3079100949461645,0.09249082994002625,17.174458740740647,0.21541926500613826
underground_alarm,students_drivers,students+drivers,traffic_speed_avg,-0.02193044444444503,-0.05716651851851928,-0.02252628055888678,-0.05871969617328701,0.03523607407407425,0.03619341561440023
wildcat_strike,students_drivers,students+drivers,drivers_accept,0.010648555555555994,0.027963888888889787,0.011774348072124068,0.03092030271243673,-0.017315333333333793,-0.019145954640312664
wildcat_strike,students_drivers,students+drivers,drivers_acceptance_rate,-0.0028813333333328472,0.011035611111111177,-0.014247518113741364,0.05456851082894118,-0.013916944444444024,-0.06881602894268254
wildcat_strike,students_drivers,students+drivers,drivers_busy,-158.7728477222222,-238.66272083333342,-0.16326887158063558,-0.24542101296183272,79.88987311111123,0.08215214138119714
wildcat_strike,students_drivers,students+drivers,drivers_change_provider,-0.007639222222222353,0.01688755555555521,-0.028362331691953735,0.0626988505111996,-0.024526777777777564,-0.09106118220315333
wildcat_strike,students_drivers,students+drivers,drivers_change_zone,0.023194222222221894,0.04992627777777736,0.04459222005568331,0.09598612723020414,-0.026732055555555467,-0.05139390717452083
wildcat_strike,students_drivers,students+drivers,drivers_demand_pressure,0.0,0.0,,,0.0,
wildcat_strike,students_drivers,students+drivers,drivers_idle,140.47682249999798,237.51398466666524,0.0426322504019471,0.07208132621503197,-97.03716216666726,-0.02944907581308487
wildcat_strike,students_drivers,students+drivers,drivers_idle_duration_avg,-37.63831861111112,19.117811888888923,-0.3171679664094354,0.1611006480296655,-56.75613050000004,-0.4782686144391009
wildcat_strike,students_drivers,students+drivers,drivers_occupied_distance_avg,-181.79365827777747,223.22376511110997,-0.1634951000959068,0.20075503274630668,-405.01742338888744,-0.36425013284221347
wildcat_strike,students_drivers,students+drivers,drivers_occupied_duration_avg,-30.921050722222162,17.58669561111128,-0.25770443198345466,0.14657229612414802,-48.50774633333344,-0.4042767281076027
wildcat_strike,students_drivers,students+drivers,drivers_passengers_served,-0.09262933333333301,0.013870444444445074,-0.10756611984541169,0.016107099508654306,-0.10649977777777808,-0.123673219354066
wildcat_strike,students_drivers,students+drivers,drivers_pickup,-27.032916277777986,-31.197398222222546,-0.09456306086011604,-0.10913071443906373,4.16448194444456,0.014567653578947695
wildcat_strike,students_drivers,students+drivers,drivers_pickup_accept,-0.03596316666666666,-0.0242863888888889,-0.09900744325789126,-0.06686099953718619,-0.011676777777777758,-0.032146443720705076
wildcat_strike,students_drivers,students+drivers,drivers_pickup_reject,0.001435611111111068,0.015314277777777663,0.01760557142993352,0.18780616089397817,-0.013878666666666595,-0.17020058946404465
wildcat_strike,students_drivers,students+drivers,drivers_reject,0.008547000000000082,0.004797055555556096,0.018849924864292322,0.010579634584306476,0.0037499444444439867,0.008270290279985847
wildcat_strike,students_drivers,students+drivers,drivers_removed,0.003620166666666702,0.010287333333333426,0.02382213623835977,0.06769474412672152,-0.006667166666666724,-0.04387260788836175
wildcat_strike,students_drivers,students+drivers,drivers_shift_duration_avg,-199.2024206111114,-114.48169522222133,-0.21319329487349034,-0.12252225516262977,-84.72072538889006,-0.09067103971086057
wildcat_strike,students_drivers,students+drivers,drivers_starting,-0.030063944444444518,-0.03698027777777779,-0.193122406868529,-0.2375510061332266,0.006916333333333274,0.04442859926469761
wildcat_strike,students_drivers,students+drivers,drivers_total_length_avg,-1175.163382499999,-725.663992166661,-0.19655985708969906,-0.12137581269081066,-449.49939033333794,-0.0751840443988884
wildcat_strike,students_drivers,students+drivers,drivers_waiting,0.0039262222222227194,-0.02352783333333308,0.0036526904945391563,-0.02188869817081185,0.0274540555555558,0.025541388665351005
wildcat_strike,students_drivers,students+drivers,failed_requests,0.002889832259570402,0.0028547864930262568,0.06686838229811676,0.06605745159186437,3.504576654414504e-05,0.0008109307062523913
wildcat_strike,students_drivers,students+drivers,passengers_accept,-0.012120611111107849,0.2702408888888925,-0.003549313469477483,0.07913541802012708,-0.2823615000000004,-0.08268473148960456
wildcat_strike,students_drivers,students+drivers,passengers_acceptance_rate,-0.21495599999999992,-0.21831788888888903,-1.848837486534704,-1.8777531074215026,0.0033618888888891085,0.028915620886798665
wildcat_strike,students_drivers,students+drivers,passengers_arrivals,0.031722111111110785,0.009509444444444348,0.041479306778462,0.012434391961564387,0.022212666666666436,0.02904491481689761
wildcat_strike,students_drivers,students+drivers,passengers_cancel,-0.000582833333333331,-0.0076665,-0.039311569764827414,-0.5170983407527316,0.007083666666666669,0.47778677098790423
wildcat_strike,students_drivers,students+drivers,passengers_change_provider,0.5018049444444448,0.4526285000000012,0.44003926087048184,0.3969157992443141,0.04917644444444358,0.04312346162616776
wildcat_strike,students_drivers,students+drivers,passengers_departures,0.03805561111111144,0.037601444444444354,0.05150732038503736,0.05089261713037341,0.0004541666666670885,0.0006147032546639508
wildcat_strike,students_drivers,students+drivers,passengers_drivers_ratio,-0.004108500000000015,-0.0038091111111110687,-0.05874181844853424,-0.05446126648148472,-0.0002993888888889462,-0.004280551967049517
wildcat_strike,students_drivers,students+drivers,passengers_new,0.0008051666666664126,-5.622222222312345e-05,0.000878297149588516,-6.132869077472652e-05,0.000861388888889536,0.0009396258403632426
wildcat_strike,students_drivers,students+drivers,passengers_no_ratings_count,0.02176838888888888,0.025953555555555563,0.1174606172339883,0.14004346718227742,-0.004185166666666684,-0.022582849948289116
wildcat_strike,students_drivers,students+drivers,passengers_offers_discarded,1.3334628888888886,3.097526777777773,0.04981722481546619,0.11572139663298864,-1.7640638888888844,-0.06590417181752245
wildcat_strike,students_drivers,students+drivers,passengers_pickup_accept,-0.03558383333333337,-0.009398555555555577,-0.08944237448792058,-0.02362390577122178,-0.026185277777777793,-0.0658184687166988
wildcat_strike,students_drivers,students+drivers,passengers_pickup_reject,0.0012508333333333121,0.0007772222222222069,0.02531279702906175,0.01572844905336762,0.0004736111111111052,0.00958434797569413
wildcat_strike,students_drivers,students+drivers,passengers_rating_avg,-0.004627333333333539,-0.021040777777777464,-0.21956338898006886,-0.9983686375879133,0.016413444444443925,0.7788052486078444
wildcat_strike,students_drivers,students+drivers,passengers_ratings_count,0.006861166666666696,-0.01808377777777781,0.01184078579424952,-0.03120841533521647,0.024944944444444506,0.04304920112946599
wildcat_strike,students_drivers,students+drivers,passengers_reject,0.5343333333333327,0.6723144999999988,0.29703372163916153,0.37373688966994123,-0.13798116666666616,-0.0767031680307797
wildcat_strike,students_drivers,students+drivers,passengers_unassigned,0.023185555555556903,0.394573888888889,0.0028835499546504273,0.049072514854582056,-0.3713883333333321,-0.04618896489993163
wildcat_strike,students_drivers,students+drivers,rides_dispatched,0.010648555555555994,0.027963888888889787,0.011774348072124068,0.03092030271243673,-0.017315333333333793,-0.019145954640312664
wildcat_strike,students_drivers,students+drivers,rides_duration_avg,-24.932653500000015,-35.74797516666695,-0.10668459284043014,-0.15296238627491726,10.815321666666932,0.046277793434487124
wildcat_strike,students_drivers,students+drivers,rides_in_progress,-11.949129666666977,-14.787749611111394,-0.014463840824723552,-0.017899852332144243,2.8386199444444173,0.0034360115074206915
wildcat_strike,students_drivers,students+drivers,rides_length_avg,-33.55162983333412,-17.720611277779426,-0.029001334421244186,-0.015317329631038157,-15.831018555554692,-0.013684004790206029
wildcat_strike,students_drivers,students+drivers,rides_not_served,0.008444111111111152,0.015212611111111218,0.06766632905355968,0.12190525866645474,-0.006768500000000066,-0.05423892961289506
wildcat_strike,students_drivers,students+drivers,rides_offers_generated,1.3622969444444237,3.295333444444452,0.04613312263212507,0.11159389480117932,-1.9330365000000285,-0.06546077216905424
wildcat_strike,students_drivers,students+drivers,rides_offers_lyft,-0.8951200555555445,0.9616952222222253,-0.08009065743223026,0.08604745488515457,-1.8568152777777698,-0.16613811231738485
wildcat_strike,students_drivers,students+drivers,rides_offers_price_lyft_avg,-0.1335042222222249,-0.09662927777778307,-0.24939377740850038,-0.18050920182241836,-0.03687494444444184,-0.06888457558608202
wildcat_strike,students_drivers,students+drivers,rides_offers_price_no_surge_avg,-0.08791755555555625,0.003255888888883618,-0.14827118772314102,0.0054909910722471394,-0.09117344444443987,-0.15376217879538817
wildcat_strike,students_drivers,students+drivers,rides_offers_price_uber_avg,-0.028442000000001855,0.07526288888888999,-0.045493896274507895,0.12038541805888295,-0.10370488888889184,-0.16587931433339084
wildcat_strike,students_drivers,students+drivers,rides_offers_radius_avg,-96.67196238888891,-34.58601083333406,-0.20390706601531208,-0.07295116205285095,-62.08595155555486,-0.13095590396246115
wildcat_strike,students_drivers,students+drivers,rides_offers_surge_lyft_avg,0.0,0.0,,,0.0,
wildcat_strike,students_drivers,students+drivers,rides_offers_surge_uber_avg,0.0,0.0,,,0.0,
wildcat_strike,students_drivers,students+drivers,rides_offers_uber,2.256731166666661,2.333481222222211,0.12002716666459008,0.12410921766195784,-0.07675005555555003,-0.0040820509973677616
wildcat_strike,students_drivers,students+drivers,rides_partial_acceptances,-0.032065166666667366,0.2353524444444437,-0.014872854355229503,0.10916402414986287,-0.26741761111111106,-0.12403687850509237
wildcat_strike,students_drivers,students+drivers,rides_waiting_duration_avg,-3.996119166666631,7.032689555555635,-0.017329082894561604,0.030497103614054444,-11.028808722222266,-0.047826186508616045
wildcat_strike,students_drivers,students+drivers,traffic_duration_avg,-11.494595888888853,-28.304393888888853,-0.07573408579964352,-0.18648827814469865,16.809798,0.11075419234505512
wildcat_strike,students_drivers,students+drivers,traffic_length_avg,11.070797888888592,-16.205712888890957,0.13886103662752403,-0.20326828414942189,27.27651077777955,0.3421293207769459
wildcat_strike,students_drivers,students+drivers,traffic_speed_avg,0.021884611111111063,0.13017738888888974,0.02247920196327302,0.13371422507933806,-0.10829277777777868,-0.11123502311606503
boycott_tncs-long_rides,students_drivers,students+drivers,drivers_accept,-0.041485861111111744,-0.05063833333333445,-0.045871852407171,-0.05599194739119631,0.009152472222222707,0.010120094984025309
boycott_tncs-long_rides,students_drivers,students+drivers,drivers_acceptance_rate,-0.28175574999999986,-0.31055794444444396,-1.393216156331494,-1.5356362582736929,0.028802194444444096,0.1424201019421989
boycott_tncs-long_rides,students_drivers,students+drivers,drivers_busy,-71.02181808333353,118.73431236111082,-0.07303296667171943,0.1220965516157837,-189.75613044444435,-0.19512951828750313
boycott_tncs-long_rides,students_drivers,students+drivers,drivers_change_provider,0.0580835833333333,0.10119527777777781,0.2156483747213193,0.375710242548458,-0.043111694444444515,-0.16006186782713866
boycott_tncs-long_rides,students_drivers,students+drivers,drivers_change_zone,0.11343527777777784,0.15956038888888902,0.21808581552253778,0.3067639822251451,-0.04612511111111117,-0.08867816670260734
boycott_tncs-long_rides,students_drivers,students+drivers,drivers_demand_pressure,0.0,0.0,,,0.0,
boycott_tncs-long_rides,students_drivers,students+drivers,drivers_idle,-141.53445313888733,-368.8143837777752,-0.04295322274049713,-0.11192869315544315,227.2799306388879,0.06897547041494603
boycott_tncs-long_rides,students_drivers,students+drivers,drivers_idle_duration_avg,2.6843240555557486,62.80445497222263,0.022620075319549793,0.5292362145824548,-60.12013091666688,-0.506616139262905
boycott_tncs-long_rides,students_drivers,students+drivers,drivers_occupied_distance_avg,-220.03305549999914,-312.20826613888676,-0.19788548607351553,-0.28078274130526426,92.17521063888762,0.08289725523174873
boycott_tncs-long_rides,students_drivers,students+drivers,drivers_occupied_duration_avg,-32.20493627777773,-43.537610277777844,-0.2684046827866535,-0.3628542647966471,11.332674000000111,0.0944495820099936
boycott_tncs-long_rides,students_drivers,students+drivers,drivers_passengers_served,0.0955692222222222,0.15790219444444453,0.11098007554577785,0.18336444579972522,-0.06233297222222234,-0.07238437025394737
boycott_tncs-long_rides,students_drivers,students+drivers,drivers_pickup,-3.962981444444438,-5.179327694444339,-0.013862790520553975,-0.01811765608088815,1.2163462499999014,0.004254865560334175
boycott_tncs-long_rides,students_drivers,students+drivers,drivers_pickup_accept,-0.01062508333333334,0.014851583333333307,-0.02925110419184538,0.04088675804869357,-0.025476666666666647,-0.07013786224053895
boycott_tncs-long_rides,students_drivers,students+drivers,drivers_pickup_reject,0.011403111111111086,0.010643722222222221,0.13984169224962398,0.13052895064226508,0.000759388888888865,0.009312741607358899
boycott_tncs-long_rides,students_drivers,students+drivers,drivers_reject,0.10631019444444434,0.12189827777777762,0.23446111823868737,0.268839753971887,-0.01558808333333328,-0.0343786357331996
boycott_tncs-long_rides,students_drivers,students+drivers,drivers_removed,0.07802269444444443,0.1002400555555556,0.5134203554365233,0.6596194263574906,-0.022217361111111167,-0.1461990709209673
boycott_tncs-long_rides,students_drivers,students+drivers,drivers_shift_duration_avg,-63.56309419444369,-12.39736488888866,-0.0680274137337044,-0.013268087106084445,-51.16572930555503,-0.05475932662761995
boycott_tncs-long_rides,students_drivers,students+drivers,drivers_starting,-0.06213413888888897,-0.0707591666666666,-0.39913240503419967,-0.4545371815707707,0.008625027777777627,0.055404776536571054
boycott_tncs-long_rides,students_drivers,students+drivers,drivers_total_length_avg,-651.3511810833334,-674.6885091111108,-0.10894612355652325,-0.11284956535049469,23.337328027777403,0.0039034417939714378
boycott_tncs-long_rides,students_drivers,students+drivers,drivers_waiting,-0.04087544444444435,-0.0770701111111114,-0.038027737334174694,-0.07170079693279878,0.03619466666666704,0.033673059598624086
boycott_tncs-long_rides,students_drivers,students+drivers,failed_requests,0.016738624157700527,0.02317655935570842,0.3873182312277194,0.5362868471759996,-0.006437935198007894,-0.1489686159482802
boycott_tncs-long_rides,students_drivers,students+drivers,passengers_accept,0.45140777777777785,0.6362501944444441,0.13218704001032225,0.18631497738837444,-0.18484241666666623,-0.05412793737805219
boycott_tncs-long_rides,students_drivers,students+drivers,passengers_acceptance_rate,-0.2508063611111113,-0.2794749722222223,-2.1571865976459486,-2.403765445917722,0.028668611111110964,0.24657884827177323
boycott_tncs-long_rides,students_drivers,students+drivers,passengers_arrivals,-0.02454177777777744,-0.028704027777777696,-0.03209042190690524,-0.03753291102857639,0.004162250000000256,0.005442489121671154
boycott_tncs-long_rides,students_drivers,students+drivers,passengers_cancel,0.013763833333333336,0.020584083333333343,0.9283578398309277,1.388377400062953,-0.006820250000000007,-0.4600195602320253
boycott_tncs-long_rides,students_drivers,students+drivers,passengers_change_provider,0.4752968055555551,0.5319499444444444,0.4167939302437915,0.4664738021515097,-0.05665313888888934,-0.049679871907718165
boycott_tncs-long_rides,students_drivers,students+drivers,passengers_departures,-0.04952327777777832,-0.04959780555555615,-0.06702852117049424,-0.06712939265870606,7.452777777783304e-05,0.00010087148821182057
boycott_tncs-long_rides,students_drivers,students+drivers,passengers_drivers_ratio,0.009237777777777775,0.0127945,0.13207834126569892,0.18293104445412395,-0.003556722222222225,-0.050852703188425025
boycott_tncs-long_rides,students_drivers,students+drivers,passengers_new,0.0006992777777776737,0.001199333333332886,0.0007627907418665905,0.0013082646012085692,-0.0005000555555552122,-0.0005454738593419787
boycott_tncs-long_rides,students_drivers,students+drivers,passengers_no_ratings_count,0.018694277777777768,0.03633277777777777,0.10087294092959813,0.19604898301782153,-0.0176385,-0.0951760420882234
boycott_tncs-long_rides,students_drivers,students+drivers,passengers_offers_discarded,4.438361055555546,5.873934944444429,0.16581401129285145,0.21944603041981922,-1.4355738888888823,-0.05363201912696777
boycott_tncs-long_rides,students_drivers,students+drivers,passengers_pickup_accept,-0.010435416666666697,0.006194694444444593,-0.026230126380542368,0.015570783932916742,-0.01663011111111129,-0.04180091031345911
boycott_tncs-long_rides,students_drivers,students+drivers,passengers_pickup_reject,0.011375250000000003,0.01919433333333334,0.2301980501571,0.3884308571151195,-0.007819083333333338,-0.1582328069580195
boycott_tncs-long_rides,students_drivers,students+drivers,passengers_rating_avg,-0.05287811111111029,-0.037966583333331805,-2.5090254887810466,-1.8014850247788852,-0.014911527777778488,-0.7075404640021614
boycott_tncs-long_rides,students_drivers,students+drivers,passengers_ratings_count,-0.04393558333333347,-0.06508813888888909,-0.07582264886856942,-0.11232706444429214,0.02115255555555562,0.03650441557572272
boycott_tncs-long_rides,students_drivers,students+drivers,passengers_reject,0.6653101111111108,0.7659068333333332,0.36984317844197917,0.4257644862143455,-0.10059672222222238,-0.05592130777236631
boycott_tncs-long_rides,students_drivers,students+drivers,passengers_unassigned,1.317398472222223,1.6861163888888857,0.16384271214594598,0.2096995616544814,-0.36871791666666276,-0.04585684950853541
boycott_tncs-long_rides,students_drivers,students+drivers,rides_dispatched,-0.041485861111111744,-0.05063833333333445,-0.045871852407171,-0.05599194739119631,0.009152472222222707,0.010120094984025309
boycott_tncs-long_rides,students_drivers,students+drivers,rides_duration_avg,-20.035767444444446,27.29964383333322,-0.08573125568267734,0.11681273262983871,-47.335411277777666,-0.20254398831251605
boycott_tncs-long_rides,students_drivers,students+drivers,rides_in_progress,-67.47903675000043,-23.513707861111925,-0.08168009501816036,-0.02846220077859772,-43.96532888888851,-0.053217894239562635
boycott_tncs-long_rides,students_drivers,students+drivers,rides_length_avg,-80.44695805555511,27.925737833335006,-0.06953668555984764,0.024138429813621333,-108.37269588889012,-0.09367511537346898
boycott_tncs-long_rides,students_drivers,students+drivers,rides_not_served,0.020560111111111112,0.027305722222222245,0.1647570982328207,0.21881260923991477,-0.006745611111111133,-0.054055511007094076
boycott_tncs-long_rides,students_drivers,students+drivers,rides_offers_generated,4.920115638888902,6.535717333333338,0.16661587553194285,0.2213269657963862,-1.615601694444436,-0.054711090264443346
boycott_tncs-long_rides,students_drivers,students+drivers,rides_offers_lyft,1.1958749166666642,1.7944771111111102,0.10700062822645962,0.16056041944762328,-0.598602194444446,-0.053559791221163666
boycott_tncs-long_rides,students_drivers,students+drivers,rides_offers_price_lyft_avg,-0.06130041666666841,0.16413936111111127,-0.11451280127880772,0.3066220274350492,-0.22543977777777968,-0.4211348287138569
boycott_tncs-long_rides,students_drivers,students+drivers,rides_offers_price_no_surge_avg,-0.09615638888888256,0.14819316666666893,-0.16216581429761812,0.2499247925544917,-0.2443495555555515,-0.41209060685210985
boycott_tncs-long_rides,students_drivers,students+drivers,rides_offers_price_uber_avg,-0.09172219444444707,0.16021663888888327,-0.14671260811917744,0.25627168100206255,-0.25193883333333034,-0.40298428912123996
boycott_tncs-long_rides,students_drivers,students+drivers,rides_offers_radius_avg,10.22794136111122,20.871187111111453,0.021573468281642652,0.04402292477485153,-10.643245750000233,-0.022449456493208876
boycott_tncs-long_rides,students_drivers,students+drivers,rides_offers_surge_lyft_avg,0.0,0.0,,,0.0,
boycott_tncs-long_rides,students_drivers,students+drivers,rides_offers_surge_uber_avg,0.0,0.0,,,0.0,
boycott_tncs-long_rides,students_drivers,students+drivers,rides_offers_uber,3.7239720833333365,4.741324055555566,0.19806427300809,0.25217345381354295,-1.0173519722222295,-0.05410918080545293
boycott_tncs-long_rides,students_drivers,students+drivers,rides_partial_acceptances,0.3858843055555554,0.5645327222222232,0.17898553698966774,0.26184841150694704,-0.17864841666666775,-0.0828628745172793
boycott_tncs-long_rides,students_drivers,students+drivers,rides_waiting_duration_avg,3.293729027777772,111.17038913888871,0.014283183502306802,0.48208794794662013,-107.87666011111094,-0.46780476444431335
boycott_tncs-long_rides,students_drivers,students+drivers,traffic_duration_avg,-23.928836027777606,-43.690342111110795,-0.15765917639306345,-0.28786119582134345,19.761506083333188,0.13020201942828
boycott_tncs-long_rides,students_drivers,students+drivers,traffic_length_avg,-25.062596972221854,-55.404005999998844,-0.3143601961728122,-0.6949325408784747,30.34140902777699,0.3805723447056625
boycott_tncs-long_rides,students_drivers,students+drivers,traffic_speed_avg,0.12410675000000015,0.17304236111111138,0.12747865082414075,0.17774381111316037,-0.04893561111111122,-0.05026516028901962
flash_mob-boycott_tncs,students_drivers,students+drivers,drivers_accept,-0.02920294444444438,-0.027581944444444284,-0.03229035438899362,-0.030497978124876198,-0.0016210000000000946,-0.0017923762641174242
flash_mob-boycott_tncs,students_drivers,students+drivers,drivers_acceptance_rate,-0.31237994444444483,-0.3000547777777789,-1.544645621301199,-1.4837005604480402,-0.012325166666665943,-0.06094506085315876
flash_mob-boycott_tncs,students_drivers,students+drivers,drivers_busy,41.68249594444433,360.4571736111111,0.04286283313013439,0.37066436001446357,-318.7746776666668,-0.3278015268843292
flash_mob-boycott_tncs,students_drivers,students+drivers,drivers_change_provider,0.045935333333333495,0.03374072222222252,0.17054526265652376,0.12527002453325092,0.012194611111110976,0.04527523812327283
flash_mob-boycott_tncs,students_drivers,students+drivers,drivers_change_zone,0.10012933333333329,0.11855522222222248,0.1925043755832886,0.22792920182590817,-0.018425888888889186,-0.035424826242619584
flash_mob-boycott_tncs,students_drivers,students+drivers,drivers_demand_pressure,0.0,0.0,,,0.0,
flash_mob-boycott_tncs,students_drivers,students+drivers,drivers_idle,-18.36431938888927,-270.0709178888919,-0.005573248659211886,-0.08196178410657814,251.70659850000266,0.07638853544736626
flash_mob-boycott_tncs,students_drivers,students+drivers,drivers_idle_duration_avg,-5.587077666666687,-58.108067888888854,-0.04708079763119721,-0.4896610264322385,52.52099022222217,0.4425802288010413
flash_mob-boycott_tncs,students_drivers,students+drivers,drivers_occupied_distance_avg,-455.6756090555564,-919.8695248333352,-0.4098092860861279,-0.8272794632252835,464.1939157777788,0.4174701771391556
flash_mob-boycott_tncs,students_drivers,students+drivers,drivers_occupied_duration_avg,-52.34038155555561,-102.82264983333312,-0.43621895063475374,-0.8569518807227805,50.48226827777751,0.42073293008802676
flash_mob-boycott_tncs,students_drivers,students+drivers,drivers_passengers_served,-0.09598183333333332,-0.059287277777777314,-0.111459221563893,-0.06884754750207958,-0.03669455555555601,-0.04261167406181342
flash_mob-boycott_tncs,students_drivers,students+drivers,drivers_pickup,-39.46908616666667,-5.645822888888915,-0.13806566627588612,-0.01974948939883013,-33.823263277777755,-0.11831617687705599
flash_mob-boycott_tncs,students_drivers,students+drivers,drivers_pickup_accept,-0.030472611111111214,-0.01596333333333344,-0.08389181474109525,-0.043947431933788236,-0.014509277777777774,-0.03994438280730701
flash_mob-boycott_tncs,students_drivers,students+drivers,drivers_pickup_reject,-0.004064444444444426,0.013445222222222247,-0.049844185821522724,0.16488505723633232,-0.017509666666666673,-0.21472924305785504
flash_mob-boycott_tncs,students_drivers,students+drivers,drivers_reject,0.07729605555555552,0.08973888888888892,0.17047207669689607,0.19791404153043346,-0.012442833333333403,-0.02744196483353739
flash_mob-boycott_tncs,students_drivers,students+drivers,drivers_removed,0.02224038888888885,0.04664761111111104,0.14635060285581922,0.3069598306936795,-0.02440722222222219,-0.16060922783786027
flash_mob-boycott_tncs,students_drivers,students+drivers,drivers_shift_duration_avg,-276.2510284444438,-678.078807833333,-0.2956533700021523,-0.7257033061264568,401.8277793888892,0.43004993612430453
flash_mob-boycott_tncs,students_drivers,students+drivers,drivers_starting,-0.07145355555555555,-0.06451794444444436,-0.45899774241875946,-0.4144453080781148,-0.006935611111111184,-0.04455243434064465
flash_mob-boycott_tncs,students_drivers,students+drivers,drivers_total_length_avg,-2122.230361777776,-4845.430968944442,-0.35496791581017484,-0.810455152855073,2723.2006071666656,0.45548723704489813
flash_mob-boycott_tncs,students_drivers,students+drivers,drivers_waiting,-0.028397888888888723,-0.005416444444444002,-0.02641946709544624,-0.005039092037235616,-0.02298144444444472,-0.021380375058210624
flash_mob-boycott_tncs,students_drivers,students+drivers,failed_requests,-0.004629813516565551,0.02117940303878213,-0.10713014195526926,0.4900742645366256,-0.02580921655534768,-0.5972044064918949
flash_mob-boycott_tncs,students_drivers,students+drivers,passengers_accept,0.28345350000000114,0.5280280555555548,0.08300450499550645,0.15462397668445946,-0.24457455555555363,-0.07161947168895301
flash_mob-boycott_tncs,students_drivers,students+drivers,passengers_acceptance_rate,-0.281572222222223,-0.28194311111111214,-2.4218039022466273,-2.424993919185524,0.0003708888888891426,0.003190016938896534
flash_mob-boycott_tncs,students_drivers,students+drivers,passengers_arrivals,0.03934266666666697,-0.027564222222221657,0.05144381893227366,-0.03604252017340582,0.06690688888888863,0.08748633910567949
flash_mob-boycott_tncs,students_drivers,students+drivers,passengers_cancel,0.012721666666666666,0.012943499999999997,0.8580646611808084,0.8730271145285307,-0.00022183333333333083,-0.014962453347722282
flash_mob-boycott_tncs,students_drivers,students+drivers,passengers_change_provider,0.3259720555555554,0.38558277777777716,0.2858491212156214,0.3381225362886092,-0.059610722222221746,-0.05227341507298783
flash_mob-boycott_tncs,students_drivers,students+drivers,passengers_departures,0.004648444444444788,0.0018430555555557504,0.006291553605406591,0.002494529721524183,0.0028053888888890377,0.0037970238838824083
flash_mob-boycott_tncs,students_drivers,students+drivers,passengers_drivers_ratio,0.004893555555555554,0.011296111111111076,0.06996625338012882,0.16150763248469138,-0.0064025555555555225,-0.09154137910456256
flash_mob-boycott_tncs,students_drivers,students+drivers,passengers_new,0.00011111111111139493,-0.002685444444443963,0.00012120294619347779,-0.002929354006542157,0.002796555555555358,0.0030505569527356346
flash_mob-boycott_tncs,students_drivers,students+drivers,passengers_no_ratings_count,0.027426333333333386,0.03442516666666662,0.14799046719726638,0.18575565448086673,-0.006998833333333232,-0.03776518728360034
flash_mob-boycott_tncs,students_drivers,students+drivers,passengers_offers_discarded,3.0691111666666657,4.763222444444445,0.114659809618617,0.1779506016539285,-1.694111277777779,-0.0632907920353115
flash_mob-boycott_tncs,students_drivers,students+drivers,passengers_pickup_accept,-0.0314537222222222,-0.018612111111111274,-0.07906106055762283,-0.04678280151597308,-0.012841611111110929,-0.03227825904164974
flash_mob-boycott_tncs,students_drivers,students+drivers,passengers_pickup_reject,-0.00283283333333334,0.016251500000000002,-0.057327329927111204,0.32887748507752446,-0.019084333333333342,-0.38620481500463566
flash_mob-boycott_tncs,students_drivers,students+drivers,passengers_rating_avg,-0.031534222222221686,-0.05855338888888806,-1.4962744633254468,-2.778313031417289,0.027019166666666372,1.2820385680918422
flash_mob-boycott_tncs,students_drivers,students+drivers,passengers_ratings_count,0.010721666666666962,-0.05978777777777733,0.018503115362889955,-0.10317986782338054,0.07050944444444429,0.1216829831862705
flash_mob-boycott_tncs,students_drivers,students+drivers,passengers_reject,0.45587016666666713,0.5447872222222228,0.2534163671664351,0.3028449958542631,-0.08891705555555562,-0.04942862868782799
flash_mob-boycott_tncs,students_drivers,students+drivers,passengers_unassigned,0.6622867222222215,1.220092222222224,0.08236752590436705,0.1517408915920946,-0.5578055000000024,-0.06937336568772756
flash_mob-boycott_tncs,students_drivers,students+drivers,rides_dispatched,-0.02920294444444438,-0.027581944444444284,-0.03229035438899362,-0.030497978124876198,-0.0016210000000000946,-0.0017923762641174242
flash_mob-boycott_tncs,students_drivers,students+drivers,rides_duration_avg,7.551089722222287,53.01984022222223,0.03231043709474568,0.22686715100630733,-45.46875049999994,-0.19455671391156165
flash_mob-boycott_tncs,students_drivers,students+drivers,rides_in_progress,-3.02312044444443,87.88771227777761,-0.0036593403973503302,0.10638380503820052,-90.91083272222204,-0.11004314543555085
flash_mob-boycott_tncs,students_drivers,students+drivers,rides_length_avg,19.558146611112534,24.139029500001016,0.016905657142326454,0.02086527750250399,-4.580882888888482,-0.003959620360177538
flash_mob-boycott_tncs,students_drivers,students+drivers,rides_not_served,-0.017869611111111128,0.018213000000000035,-0.14319695342621774,0.14594867770401865,-0.03608261111111116,-0.2891456311302364
flash_mob-boycott_tncs,students_drivers,students+drivers,rides_offers_generated,3.383870166666668,5.41995305555556,0.11459212178860724,0.18354247948069616,-2.0360828888888918,-0.06895035769208892
flash_mob-boycott_tncs,students_drivers,students+drivers,rides_offers_lyft,1.193009,1.7153881666666635,0.10674420100359205,0.15348395465738285,-0.5223791666666635,-0.046739753653790794
flash_mob-boycott_tncs,students_drivers,students+drivers,rides_offers_price_lyft_avg,0.14250988888889182,-0.13594527777777543,0.2662168949900804,-0.2539538134562698,0.27845516666666725,0.5201707084463502
flash_mob-boycott_tncs,students_drivers,students+drivers,rides_offers_price_no_surge_avg,0.1583160555555594,-0.10908294444443101,0.26699684089865566,-0.18396619003917497,0.2673989999999904,0.45096303093783063
flash_mob-boycott_tncs,students_drivers,students+drivers,rides_offers_price_uber_avg,0.16917766666667333,-0.08520705555554642,0.2706051339320864,-0.1362914333485692,0.25438472222221975,0.4068965672806556
flash_mob-boycott_tncs,students_drivers,students+drivers,rides_offers_radius_avg,-4.217506166666681,56.02148094444442,-0.008895850328216076,0.1181643108398026,-60.2389871111111,-0.12706016116801866
flash_mob-boycott_tncs,students_drivers,students+drivers,rides_offers_surge_lyft_avg,0.0,0.0,,,0.0,
flash_mob-boycott_tncs,students_drivers,students+drivers,rides_offers_surge_uber_avg,0.0,0.0,,,0.0,
flash_mob-boycott_tncs,students_drivers,students+drivers,rides_offers_uber,2.1916665555555603,3.704286777777785,0.11656662114762716,0.19701728456495637,-1.5126202222222247,-0.08045066341732922
flash_mob-boycott_tncs,students_drivers,students+drivers,rides_partial_acceptances,0.2360652777777772,0.46737111111111007,0.10949465914878342,0.21678173507275827,-0.23130583333333288,-0.10728707592397485
flash_mob-boycott_tncs,students_drivers,students+drivers,rides_waiting_duration_avg,34.256141722222196,80.4221642777776,0.14855100531133913,0.34874894696700653,-46.1660225555554,-0.2001979416556674
flash_mob-boycott_tncs,students_drivers,students+drivers,traffic_duration_avg,0.5164677777779616,3.277245500000504,0.0034028351560229098,0.021592685317754684,-2.7607777222225423,-0.018189850161731774
flash_mob-boycott_tncs,students_drivers,students+drivers,traffic_length_avg,25.863265444445005,6.279688166667711,0.32440298217285934,0.0787661392857941,19.583577277777295,0.24563684288706525
flash_mob-boycott_tncs,students_drivers,students+drivers,traffic_speed_avg,0.11238022222222277,0.02928916666666659,0.11543352080532338,0.03008493454570399,0.08309105555555618,0.08534858625961939
flash_mob-long_rides,students_drivers,students+drivers,drivers_accept,-0.059842027777777584,-0.05964333333333327,-0.06616867994172576,-0.06594897901264868,-0.00019869444444431394,-0.00021970092907708239
flash_mob-long_rides,students_drivers,students+drivers,drivers_acceptance_rate,-0.19840569444444456,-0.2430872500000001,-0.981069664090866,-1.202009485514291,0.04468155555555553,0.22093982142342505
flash_mob-long_rides,students_drivers,students+drivers,drivers_busy,-186.3224075277776,-209.18068908333225,-0.19159856148999355,-0.21510412865332357,22.85828155555464,0.02350556716333002
flash_mob-long_rides,students_drivers,students+drivers,drivers_change_provider,0.02758372222222205,0.04113444444444425,0.1024107764124951,0.15272088222590968,-0.0135507222222222,-0.05031010581341458
flash_mob-long_rides,students_drivers,students+drivers,drivers_change_zone,0.0911529166666667,0.09524055555555577,0.1752467006556076,0.183105420430521,-0.004087638888889078,-0.007858719774913397
flash_mob-long_rides,students_drivers,students+drivers,drivers_demand_pressure,0.0,0.0,,,0.0,
flash_mob-long_rides,students_drivers,students+drivers,drivers_idle,-163.86319319444374,162.8856452222244,-0.04972960350045118,0.04943293484586533,-326.74883841666815,-0.0991625383463165
flash_mob-long_rides,students_drivers,students+drivers,drivers_idle_duration_avg,-88.08437469444436,168.6389088611112,-0.7422632844719125,1.4210746323082302,-256.72328355555555,-2.1633379167801428
flash_mob-long_rides,students_drivers,students+drivers,drivers_occupied_distance_avg,136.68241752777885,837.177313416666,0.12292456044263689,0.7529106897994127,-700.4948958888872,-0.6299861293567758
flash_mob-long_rides,students_drivers,students+drivers,drivers_occupied_duration_avg,5.370729361111103,102.21912111111101,0.04476111668311811,0.8519219084898456,-96.8483917499999,-0.8071607918067275
flash_mob-long_rides,students_drivers,students+drivers,drivers_passengers_served,0.08420383333333348,0.08225025000000041,0.09778198009028588,0.09551337498001154,0.0019535833333330643,0.002268605110274338
flash_mob-long_rides,students_drivers,students+drivers,drivers_pickup,-10.72867230555562,-48.72036011111163,-0.037529657612726086,-0.17042727950521036,37.99168780555601,0.13289762189248427
flash_mob-long_rides,students_drivers,students+drivers,drivers_pickup_accept,-0.0017729166666666796,-0.0523288055555553,-0.0048808812611784574,-0.14406243184354922,0.05055588888888862,0.13918155058237075
flash_mob-long_rides,students_drivers,students+drivers,drivers_pickup_reject,0.01517161111111115,0.011328888888888944,0.18605657274212564,0.13893147037623027,0.0038427222222222057,0.04712510236589537
flash_mob-long_rides,students_drivers,students+drivers,drivers_reject,0.11886125000000036,0.1540326388888893,0.2621417610595353,0.3397102690656608,-0.03517138888888893,-0.07756850800612552
flash_mob-long_rides,students_drivers,students+drivers,drivers_removed,0.08256950000000002,0.07131930555555549,0.5433401440449047,0.4693093909220485,0.011250194444444528,0.07403075312285623
flash_mob-long_rides,students_drivers,students+drivers,drivers_shift_duration_avg,-78.5137181111113,514.924452944444,-0.08402808663431766,0.5510898933726722,-593.4381710555554,-0.6351179800069899
flash_mob-long_rides,students_drivers,students+drivers,drivers_starting,-0.052231861111111166,-0.07293138888888884,-0.3355229301877086,-0.46849093220332905,0.02069952777777767,0.13296800201562042
flash_mob-long_rides,students_drivers,students+drivers,drivers_total_length_avg,244.2627745000027,2489.3099386666727,0.04085581355157138,0.41636627985750657,-2245.04716416667,-0.3755104663059352
flash_mob-long_rides,students_drivers,students+drivers,drivers_waiting,-0.011518305555556108,0.0027272777777773705,-0.01071584918903521,0.0025372740132919985,-0.014245583333333478,-0.01325312320232721
flash_mob-long_rides,students_drivers,students+drivers,failed_requests,0.03206651075524308,0.027032525644377137,0.7419931357770317,0.6255107898686736,0.005033985110865946,0.11648234590835815
flash_mob-long_rides,students_drivers,students+drivers,passengers_accept,0.3900002222222234,0.4595515277777782,0.11420488861027661,0.13457179778384482,-0.06955130555555478,-0.020366909173568204
flash_mob-long_rides,students_drivers,students+drivers,passengers_acceptance_rate,-0.2382303333333331,-0.22605316666666608,-2.049020128288228,-1.944284265073827,-0.012177166666667016,-0.10473586321440109
flash_mob-long_rides,students_drivers,students+drivers,passengers_arrivals,-0.06355986111111123,-0.008698444444444675,-0.08310982105162615,-0.011373941801753412,-0.05486141666666655,-0.07173587924987274
flash_mob-long_rides,students_drivers,students+drivers,passengers_cancel,0.048153083333333346,0.047264000000000014,3.247880974863978,3.18791312559018,0.000889083333333332,0.059967849273797835
flash_mob-long_rides,students_drivers,students+drivers,passengers_change_provider,0.8225326388888892,0.7139213611111126,0.7212895338431348,0.6260468963907599,0.10861127777777657,0.09524263745237482
flash_mob-long_rides,students_drivers,students+drivers,passengers_departures,-0.07325905555555545,-0.04499513888888873,-0.09915430433078762,-0.060899798133646627,-0.028263916666666722,-0.03825450619714099
flash_mob-long_rides,students_drivers,students+drivers,passengers_drivers_ratio,0.027398777777777744,0.007894277777777736,0.39173762442106563,0.11286947353158483,0.019504500000000008,0.2788681508894808
flash_mob-long_rides,students_drivers,students+drivers,passengers_new,-0.00010188888888951197,-0.0018191388888890714,-0.00011114310165981497,-0.001984364935811297,0.0017172499999995594,0.0018732218341514823
flash_mob-long_rides,students_drivers,students+drivers,passengers_no_ratings_count,-0.000495138888888913,0.029514805555555523,-0.0026717328417046327,0.15925970891976543,-0.030009944444444436,-0.16193144176147006
flash_mob-long_rides,students_drivers,students+drivers,passengers_offers_discarded,4.761064499999989,4.896378833333316,0.17786998238478763,0.18292522960658186,-0.13531433333332643,-0.005055247221794235
flash_mob-long_rides,students_drivers,students+drivers,passengers_pickup_accept,-0.015453138888888773,-0.062151111111111046,-0.03884251093934522,-0.15622102607008848,0.04669797222222227,0.11737851513074325
flash_mob-long_rides,students_drivers,students+drivers,passengers_pickup_reject,0.029069583333333343,0.021222027777777736,0.5882737875838038,0.42946479548354954,0.007847555555555608,0.15880899210025423
flash_mob-long_rides,students_drivers,students+drivers,passengers_rating_avg,-0.029852972222223606,-0.019028638888889837,-1.4165004507071708,-0.9028942030231378,-0.010824333333333769,-0.513606247684033
flash_mob-long_rides,students_drivers,students+drivers,passengers_ratings_count,-0.06347244444444455,-0.038588555555555626,-0.1095387497516072,-0.06659491638100862,-0.024883888888888928,-0.04294383337059858
flash_mob-long_rides,students_drivers,students+drivers,passengers_reject,1.1028704444444433,1.0061388333333339,0.6130811839036235,0.5593084756407073,0.0967316111111094,0.05377270826291625
flash_mob-long_rides,students_drivers,students+drivers,passengers_unassigned,2.344800777777774,1.5657083333333297,0.2916190712024977,0.1947246069976991,0.7790924444444443,0.09689446420479858
flash_mob-long_rides,students_drivers,students+drivers,rides_dispatched,-0.059842027777777584,-0.05964333333333327,-0.06616867994172576,-0.06594897901264868,-0.00019869444444431394,-0.00021970092907708239
flash_mob-long_rides,students_drivers,students+drivers,rides_duration_avg,-21.59493886111113,20.319040194444142,-0.09240281062790295,0.08694335442686062,-41.913979055555274,-0.17934616505476358
flash_mob-long_rides,students_drivers,students+drivers,rides_in_progress,-196.72524502777833,-158.81463372222288,-0.23812634975616648,-0.19223739693802633,-37.91061130555545,-0.04588895281814015
flash_mob-long_rides,students_drivers,students+drivers,rides_length_avg,-108.98344024999915,63.588177083332994,-0.09420303015884297,0.05496430420792403,-172.57161733333214,-0.149167334366767
flash_mob-long_rides,students_drivers,students+drivers,rides_not_served,0.03083299999999989,0.01994411111111094,0.24707821773721972,0.15982082274466936,0.010888888888888948,0.08725739499255036
flash_mob-long_rides,students_drivers,students+drivers,rides_offers_generated,5.372087888888913,5.58468927777777,0.18192156297446405,0.18912114305527356,-0.2126013888888565,-0.007199580080809509
flash_mob-long_rides,students_drivers,students+drivers,rides_offers_lyft,2.6178011388888933,3.090190194444446,0.2342271441011663,0.27649404426547264,-0.4723890555555528,-0.04226690016430634
flash_mob-long_rides,students_drivers,students+drivers,rides_offers_price_lyft_avg,0.23912602777776826,0.5326357499999794,0.44670155259149336,0.9949950605621434,-0.29350972222221117,-0.54829350797065
flash_mob-long_rides,students_drivers,students+drivers,rides_offers_price_no_surge_avg,0.192221361111109,0.42125369444444516,0.3241774562270767,0.7104358761268093,-0.22903233333333617,-0.38625841989973253
flash_mob-long_rides,students_drivers,students+drivers,rides_offers_price_uber_avg,0.14456750000000085,0.3220541111111146,0.231240378653559,0.5151359371938304,-0.17748661111111375,-0.28389555854027143
flash_mob-long_rides,students_drivers,students+drivers,rides_offers_radius_avg,-10.122318944444032,-14.169147194444122,-0.02135068230982784,-0.02988652718908976,4.04682825000009,0.008535844879261921
flash_mob-long_rides,students_drivers,students+drivers,rides_offers_surge_lyft_avg,0.0,0.0,,,0.0,
flash_mob-long_rides,students_drivers,students+drivers,rides_offers_surge_uber_avg,0.0,0.0,,,0.0,
flash_mob-long_rides,students_drivers,students+drivers,rides_offers_uber,2.754171388888892,2.4940190277777674,0.1464841684290176,0.1326476285404878,0.2601523611111247,0.013836539888529786
flash_mob-long_rides,students_drivers,students+drivers,rides_partial_acceptances,0.3313376111111124,0.36570277777777793,0.15368502785884386,0.1696246960988289,-0.03436516666666556,-0.01593966823998505
flash_mob-long_rides,students_drivers,students+drivers,rides_waiting_duration_avg,19.74897866666663,30.321611638888953,0.08564101172264788,0.13148900212235465,-10.572632972222323,-0.04584799039970677
flash_mob-long_rides,students_drivers,students+drivers,traffic_duration_avg,15.399192999999968,68.75282402777782,0.10146018313132751,0.4529895895618872,-53.35363102777785,-0.35152940643055963
flash_mob-long_rides,students_drivers,students+drivers,traffic_length_avg,11.59053572222183,75.70710305555622,0.1453801091492646,0.9495943215540644,-64.11656733333439,-0.8042142124047998
flash_mob-long_rides,students_drivers,students+drivers,traffic_speed_avg,-0.02736241666666661,-0.08494808333333292,-0.028105835983575744,-0.08725606829145027,0.05758566666666631,0.05915023230787453
flash_mob-wildcat_strike,students_drivers,students+drivers,drivers_accept,-0.038240944444444036,-0.047445611111110786,-0.04228387485481205,-0.0524616824133841,0.00920466666666675,0.010177807558572054
flash_mob-wildcat_strike,students_drivers,students+drivers,drivers_acceptance_rate,-0.03033027777777786,-0.0017425555555556915,-0.14997611593027727,-0.008616528866954437,-0.028587722222222167,-0.14135958706332283
flash_mob-wildcat_strike,students_drivers,students+drivers,drivers_busy,-61.29046916666675,212.5420152222223,-0.06302605189142074,0.21856063858927438,-273.83248438888904,-0.2815866904806951
flash_mob-wildcat_strike,students_drivers,students+drivers,drivers_change_provider,-0.018935333333333415,-0.04222277777777794,-0.07030168635956702,-0.15676156465318958,0.023287444444444527,0.08645987829362256
flash_mob-wildcat_strike,students_drivers,students+drivers,drivers_change_zone,0.014527944444444385,0.0457415000000001,0.02793080489686478,0.08794065238035159,-0.031213555555555716,-0.06000984748348681
flash_mob-wildcat_strike,students_drivers,students+drivers,drivers_demand_pressure,0.0,0.0,,,0.0,
flash_mob-wildcat_strike,students_drivers,students+drivers,drivers_idle,134.97789522222138,-195.4582624444447,0.04096342247377928,-0.05931815255617117,330.4361576666661,0.10028157502995044
flash_mob-wildcat_strike,students_drivers,students+drivers,drivers_idle_duration_avg,-34.16209894444455,-131.96118211111138,-0.2878748002119518,-1.1120013146073635,97.79908316666683,0.8241265143954117
flash_mob-wildcat_strike,students_drivers,students+drivers,drivers_occupied_distance_avg,-546.0645582222223,-777.5751382222224,-0.49110007714874643,-0.6993078100748644,231.51058000000012,0.208207732926118
flash_mob-wildcat_strike,students_drivers,students+drivers,drivers_occupied_duration_avg,-63.93835255555564,-90.06504438888902,-0.5328795898725911,-0.7506265331767246,26.126691833333382,0.21774694330413347
flash_mob-wildcat_strike,students_drivers,students+drivers,drivers_passengers_served,-0.1767407777777783,-0.29915766666666777,-0.20524081303275973,-0.347397830334602,0.12241688888888946,0.14215701730184224
flash_mob-wildcat_strike,students_drivers,students+drivers,drivers_pickup,-46.47593977777774,-70.3299350000002,-0.16257613779353336,-0.2460191070528364,23.853995222222466,0.08344296925930303
flash_mob-wildcat_strike,students_drivers,students+drivers,drivers_pickup_accept,-0.015250222222222387,-0.02318616666666662,-0.04198422028103521,-0.06383206189530971,0.007935944444444232,0.0218478416142745
flash_mob-wildcat_strike,students_drivers,students+drivers,drivers_pickup_reject,-0.0006940555555555727,-0.00861100000000009,-0.008511528341556884,-0.10560072599732767,0.007916944444444518,0.09708919765577079
flash_mob-wildcat_strike,students_drivers,students+drivers,drivers_reject,-0.0028794444444444345,-0.04093538888888948,-0.006350451787607458,-0.09028068384768284,0.038055944444445045,0.08393023206007538
flash_mob-wildcat_strike,students_drivers,students+drivers,drivers_removed,-0.009471888888888724,-0.029971333333333128,-0.06232879541799491,-0.19722329153683954,0.020499444444444404,0.13489449611884463
flash_mob-wildcat_strike,students_drivers,students+drivers,drivers_shift_duration_avg,-268.8422143333328,-562.0337587222216,-0.2877242018393992,-0.601507895760174,293.1915443888888,0.3137836939207749
flash_mob-wildcat_strike,students_drivers,students+drivers,drivers_starting,-0.022769611111111088,-0.04695533333333335,-0.14626564086971464,-0.3016279851569209,0.02418572222222226,0.15536234428720627
flash_mob-wildcat_strike,students_drivers,students+drivers,drivers_total_length_avg,-1974.0028982222211,-3366.847444111114,-0.33017513423858896,-0.5631447186938703,1392.8445458888928,0.23296958445528132
flash_mob-wildcat_strike,students_drivers,students+drivers,drivers_waiting,-0.03823111111111199,-0.06819561111111216,-0.035567629198576596,-0.06344456487076496,0.02996450000000017,0.02787693567218836
flash_mob-wildcat_strike,students_drivers,students+drivers,failed_requests,-0.002500158221694304,-0.018469442860100216,-0.05785164008062099,-0.4273679767786941,0.01596928463840591,0.3695163366980731
flash_mob-wildcat_strike,students_drivers,students+drivers,passengers_accept,-0.10091699999999904,-0.04171399999999892,-0.029551815837981915,-0.012215230792290269,-0.05920300000000012,-0.017336585045691646
flash_mob-wildcat_strike,students_drivers,students+drivers,passengers_acceptance_rate,-0.16752027777777823,-0.20409655555555606,-1.4408426343543006,-1.7554353578580033,0.03657627777777783,0.3145927235037027
flash_mob-wildcat_strike,students_drivers,students+drivers,passengers_arrivals,-0.005120777777777752,0.029471777777778208,-0.00669584415882013,0.0385368082051433,-0.03459255555555596,-0.04523265236396343
flash_mob-wildcat_strike,students_drivers,students+drivers,passengers_cancel,-0.010694666666666658,-0.012083333333333321,-0.7213453842349019,-0.8150096677008848,0.001388666666666663,0.09366428346598288
flash_mob-wildcat_strike,students_drivers,students+drivers,passengers_change_provider,0.3696391666666665,0.46785250000000067,0.3241413770222197,0.41026592219877944,-0.09821333333333415,-0.08612454517655976
flash_mob-wildcat_strike,students_drivers,students+drivers,passengers_departures,-0.008129166666666743,0.04742650000000048,-0.011002624310534725,0.06419058475000418,-0.055555666666667225,-0.0751932090605389
flash_mob-wildcat_strike,students_drivers,students+drivers,passengers_drivers_ratio,-0.00504277777777784,0.014175777777777676,-0.07209977770440007,0.20268004492855762,-0.019218555555555517,-0.2747798226329577
flash_mob-wildcat_strike,students_drivers,students+drivers,passengers_new,-0.0001850555555558131,-0.0014900000000004354,-0.00020186350688500244,-0.0016253315084508607,0.0013049444444446223,0.0014234680015658583
flash_mob-wildcat_strike,students_drivers,students+drivers,passengers_no_ratings_count,0.015573833333333287,0.008627777777777679,0.08403525338369507,0.046554851087428475,0.006946055555555608,0.03748040229626659
flash_mob-wildcat_strike,students_drivers,students+drivers,passengers_offers_discarded,0.41457377777776117,1.063888888888897,0.015488181382656202,0.03974613196818481,-0.6493151111111359,-0.024257950585528605
flash_mob-wildcat_strike,students_drivers,students+drivers,passengers_pickup_accept,-0.041962555555555614,-0.04869338888888897,-0.10547572470092242,-0.12239413003337526,0.0067308333333333525,0.01691840533245284
flash_mob-wildcat_strike,students_drivers,students+drivers,passengers_pickup_reject,0.025601388888888854,0.016924722222222188,0.5180888159412634,0.3425013124991615,0.008676666666666666,0.17558750344210194
flash_mob-wildcat_strike,students_drivers,students+drivers,passengers_rating_avg,0.006406222222222091,0.00853494444444447,0.3039702913853438,0.4049765149788408,-0.002128722222222379,-0.10100622359349698
flash_mob-wildcat_strike,students_drivers,students+drivers,passengers_ratings_count,-0.02143549999999994,0.0222495000000007,-0.03699271220530535,0.038397487822162735,-0.04368500000000064,-0.07539020002746809
flash_mob-wildcat_strike,students_drivers,students+drivers,passengers_reject,0.47749088888888913,0.595296055555556,0.2654352385067841,0.33092265039073,-0.11780516666666685,-0.06548741188394591
flash_mob-wildcat_strike,students_drivers,students+drivers,passengers_unassigned,0.09536111111111722,0.7342870555555621,0.01185990678381535,0.09132209062983515,-0.6389259444444448,-0.0794621838460198
flash_mob-wildcat_strike,students_drivers,students+drivers,rides_dispatched,-0.038240944444444036,-0.047445611111110786,-0.04228387485481205,-0.0524616824133841,0.00920466666666675,0.010177807558572054
flash_mob-wildcat_strike,students_drivers,students+drivers,rides_duration_avg,2.6992660555554266,-29.780098166666903,0.011549917865939313,-0.1274263747201595,32.47936422222233,0.1389762925860988
flash_mob-wildcat_strike,students_drivers,students+drivers,rides_in_progress,-14.429444777777917,-112.90532477777788,-0.01746614174228251,-0.13666640930385085,98.47587999999996,0.11920026756156835
flash_mob-wildcat_strike,students_drivers,students+drivers,rides_length_avg,-0.025135055555438157,95.97610633333443,-2.1726221810410007e-05,0.08295975992965127,-96.00124138888987,-0.08298148615146167
flash_mob-wildcat_strike,students_drivers,students+drivers,rides_not_served,0.003268777777777787,-0.04073144444444454,0.02619413574781465,-0.32639875131177554,0.04400022222222233,0.3525928870595902
flash_mob-wildcat_strike,students_drivers,students+drivers,rides_offers_generated,0.4238980555555827,1.2657035555555893,0.01435497676201597,0.04286206291696256,-0.8418055000000066,-0.02850708615494659
flash_mob-wildcat_strike,students_drivers,students+drivers,rides_offers_lyft,0.47345372222222437,0.9410000555555484,0.042362160965079,0.08419575969218404,-0.46754633333332407,-0.04183359872710504
flash_mob-wildcat_strike,students_drivers,students+drivers,rides_offers_price_lyft_avg,0.16823577777778453,-0.1952248333333344,0.31427437587269064,-0.3646915267436384,0.36346061111111894,0.678965902616329
flash_mob-wildcat_strike,students_drivers,students+drivers,rides_offers_price_no_surge_avg,0.1323091111111161,-0.1093787777777564,0.22313665259541465,-0.18446510700090224,0.2416878888888725,0.4076017595963169
flash_mob-wildcat_strike,students_drivers,students+drivers,rides_offers_price_uber_avg,0.10945855555555539,-0.06597716666665576,0.17508248972651602,-0.10553260589334648,0.17543572222221115,0.28061509561986253
flash_mob-wildcat_strike,students_drivers,students+drivers,rides_offers_radius_avg,-33.95576638888906,-3.798959222222493,-0.07162180768408102,-0.008013022698339617,-30.156807166666567,-0.0636087849857414
flash_mob-wildcat_strike,students_drivers,students+drivers,rides_offers_surge_lyft_avg,0.0,0.0,,,0.0,
flash_mob-wildcat_strike,students_drivers,students+drivers,rides_offers_surge_uber_avg,0.0,0.0,,,0.0,
flash_mob-wildcat_strike,students_drivers,students+drivers,rides_offers_uber,-0.04937966666667393,0.3261012222221922,-0.002626321454848868,0.017344115385707813,-0.3754808888888661,-0.01997043684055668
flash_mob-wildcat_strike,students_drivers,students+drivers,rides_partial_acceptances,-0.05866694444444498,0.04625877777777454,-0.027211613438941074,0.021456307141386653,-0.10492572222221952,-0.04866792058032773
flash_mob-wildcat_strike,students_drivers,students+drivers,rides_waiting_duration_avg,1.1240380555558431,29.048349611111462,0.004874366311157112,0.12596752933698252,-27.92431155555562,-0.1210931630258254
flash_mob-wildcat_strike,students_drivers,students+drivers,traffic_duration_avg,-1.9710081666668202,-9.18788061111104,-0.012986320097641363,-0.06053590271854516,7.2168724444442205,0.0475495826209038
flash_mob-wildcat_strike,students_drivers,students+drivers,traffic_length_avg,-4.301865999999791,-19.781163055555226,-0.053958312507197376,-0.24811516163161007,15.479297055555435,0.1941568491244127
flash_mob-wildcat_strike,students_drivers,students+drivers,traffic_speed_avg,0.024393944444445204,0.15593683333333352,0.025056712274367954,0.1601735371131887,-0.13154288888888832,-0.13511682483882076
underground_alarm-flash_mob,students_drivers,students+drivers,drivers_accept,-0.11151881481481496,-0.10602451851851802,-0.12330886901700709,-0.11723370166999272,-0.005494296296296941,-0.006075167347014368
underground_alarm-flash_mob,students_drivers,students+drivers,drivers_acceptance_rate,-0.2163171851851855,-0.1669819259259262,-1.0696377883757555,-0.8256864926992591,-0.0493352592592593,-0.24395129567649643
underground_alarm-flash_mob,students_drivers,students+drivers,drivers_busy,92.01327170370405,-151.84442148148128,0.09461884230853629,-0.15614425077560665,243.85769318518533,0.2507630930841429
underground_alarm-flash_mob,students_drivers,students+drivers,drivers_change_provider,0.03081400000000012,0.01844444444444482,0.11440390963016395,0.06847915088598806,0.0123695555555553,0.045924758744175884
underground_alarm-flash_mob,students_drivers,students+drivers,drivers_change_zone,0.04718444444444447,0.07572703703703665,0.09071479568114063,0.14558956395981845,-0.028542592592592175,-0.05487476827867782
underground_alarm-flash_mob,students_drivers,students+drivers,drivers_demand_pressure,0.0,0.0,,,0.0,
underground_alarm-flash_mob,students_drivers,students+drivers,drivers_idle,-127.70120377777494,122.4842272592623,-0.03875507431899844,0.03717181349831526,-250.18543103703723,-0.0759268878173137
underground_alarm-flash_mob,students_drivers,students+drivers,drivers_idle_duration_avg,46.272311851851896,69.6407725185187,0.3899243003586931,0.5868440199759659,-23.368460666666806,-0.19691971961727284
underground_alarm-flash_mob,students_drivers,students+drivers,drivers_occupied_distance_avg,212.68053829629662,363.3323162222223,0.19127304124147726,0.3267608670818599,-150.65177792592567,-0.13548782584038266
underground_alarm-flash_mob,students_drivers,students+drivers,drivers_occupied_duration_avg,16.980678222222366,34.786380074074316,0.14152158266752293,0.2899191362636087,-17.80570185185195,-0.14839755359608578
underground_alarm-flash_mob,students_drivers,students+drivers,drivers_passengers_served,0.20004970370370367,0.23671666666666624,0.2323083803938828,0.2748880124662427,-0.03666696296296257,-0.04257963207235993
underground_alarm-flash_mob,students_drivers,students+drivers,drivers_pickup,-40.94002088888874,13.068253777777727,-0.14321110039144566,0.045713679746024555,-54.008274666666466,-0.18892478013747022
underground_alarm-flash_mob,students_drivers,students+drivers,drivers_pickup_accept,-0.034987037037037094,-0.015605555555554762,-0.09632013544059964,-0.042962461300899285,-0.019381481481482332,-0.053357674139700356
underground_alarm-flash_mob,students_drivers,students+drivers,drivers_pickup_reject,-0.012568370370370396,0.015653407407407394,-0.15413181229989575,0.19196506637488683,-0.02822177777777779,-0.34609687867478256
underground_alarm-flash_mob,students_drivers,students+drivers,drivers_reject,0.1427897777777778,0.10153155555555626,0.3149147750672844,0.22392210057060213,0.04125822222222153,0.09099267449668225
underground_alarm-flash_mob,students_drivers,students+drivers,drivers_removed,0.04088985185185179,0.015384370370370215,0.2690714851750339,0.10123527468468524,0.025505481481481573,0.16783621049034864
underground_alarm-flash_mob,students_drivers,students+drivers,drivers_shift_duration_avg,234.95196237036998,98.11964422222218,0.25145368636116616,0.10501102436093274,136.8323181481478,0.14644266200023343
underground_alarm-flash_mob,students_drivers,students+drivers,drivers_starting,-0.059346074074073996,-0.07598762962962963,-0.38122265308739467,-0.4881233716163344,0.01664155555555563,0.10690071852893973
underground_alarm-flash_mob,students_drivers,students+drivers,drivers_total_length_avg,1475.9129791851883,480.52370511111803,0.24686375408355002,0.08037322487356693,995.3892740740703,0.16649052920998308
underground_alarm-flash_mob,students_drivers,students+drivers,drivers_waiting,-0.03440740740740722,-0.044173259259259634,-0.03201031497081756,-0.04109580025701322,0.009765851851852414,0.009085485286195655
underground_alarm-flash_mob,students_drivers,students+drivers,failed_requests,0.007162212589311712,0.017838217163493875,0.16572780926519132,0.4127619244525488,-0.010676004574182163,-0.24703411518735746
underground_alarm-flash_mob,students_drivers,students+drivers,passengers_accept,0.01871622222222058,0.13316037037036743,0.005480725272192122,0.0389937348722475,-0.11444414814814685,-0.03351300960005538
underground_alarm-flash_mob,students_drivers,students+drivers,passengers_acceptance_rate,-0.18359177777777802,-0.16976711111111076,-1.5790736754270882,-1.4601676575807325,-0.013824666666667262,-0.11890601784635568
underground_alarm-flash_mob,students_drivers,students+drivers,passengers_arrivals,0.0009997777777777106,0.07111103703703714,0.0013072928535391715,0.09298361355151787,-0.07011125925925943,-0.0916763206979787
underground_alarm-flash_mob,students_drivers,students+drivers,passengers_cancel,0.017171629629629606,0.020700444444444452,1.1582105510339675,1.39622584948364,-0.0035288148148148457,-0.2380152984496724
underground_alarm-flash_mob,students_drivers,students+drivers,passengers_change_provider,0.5986422962962963,0.6035802222222206,0.5249571900485615,0.5292873213052045,-0.004937925925924347,-0.004330131256643055
underground_alarm-flash_mob,students_drivers,students+drivers,passengers_departures,-0.0640613333333333,-0.03846837037037032,-0.08670541672970927,-0.05206597974663489,-0.025592962962962984,-0.03463943698307438
underground_alarm-flash_mob,students_drivers,students+drivers,passengers_drivers_ratio,0.02296955555555552,0.009372740740740737,0.32841023786977197,0.13400799195759291,0.013596814814814784,0.19440224591217906
underground_alarm-flash_mob,students_drivers,students+drivers,passengers_new,0.0009500740740744362,0.003962148148148437,0.0010363659919161118,0.004322016259284563,-0.0030120740740740004,-0.0032856502673684514
underground_alarm-flash_mob,students_drivers,students+drivers,passengers_no_ratings_count,-0.008678666666666612,-0.0029745925925925842,-0.046829443769953405,-0.016050681735289812,-0.005704074074074028,-0.030778762034663593
underground_alarm-flash_mob,students_drivers,students+drivers,passengers_offers_discarded,1.6031731111111327,2.258764888888905,0.05989340682805347,0.08438584921461306,-0.6555917777777722,-0.024492442386559593
underground_alarm-flash_mob,students_drivers,students+drivers,passengers_pickup_accept,-0.07257970370370348,0.004643629629629942,-0.18243399967838267,0.011672077497268847,-0.07722333333333342,-0.1941060771756515
underground_alarm-flash_mob,students_drivers,students+drivers,passengers_pickup_reject,0.024643037037037074,-0.003888592592592388,0.4986948924968797,-0.07869246237841887,0.028531629629629462,0.5773873548752986
underground_alarm-flash_mob,students_drivers,students+drivers,passengers_rating_avg,-0.01608133333333228,-0.009006296296296235,-0.7630468331618845,-0.4273417959170197,-0.007075037037036047,-0.3357050372448648
underground_alarm-flash_mob,students_drivers,students+drivers,passengers_ratings_count,0.00794992592592636,0.07050481481481552,0.013719732305348148,0.12167499351696143,-0.06255488888888916,-0.10795526121161328
underground_alarm-flash_mob,students_drivers,students+drivers,passengers_reject,0.7400982222222225,0.6745920740740736,0.4114175845137758,0.37500298381254504,0.06550614814814892,0.03641460070123076
underground_alarm-flash_mob,students_drivers,students+drivers,passengers_unassigned,1.9959637777777672,2.0024939259259256,0.24823477906767616,0.2490469230058001,-0.006530148148158332,-0.0008121439381239548
underground_alarm-flash_mob,students_drivers,students+drivers,rides_dispatched,-0.11151881481481496,-0.10602451851851802,-0.12330886901700709,-0.11723370166999272,-0.005494296296296941,-0.006075167347014368
underground_alarm-flash_mob,students_drivers,students+drivers,rides_duration_avg,-4.948954222222255,-22.26858000000027,-0.02117613218279027,-0.09528526076996072,17.319625777778015,0.07410912858717045
underground_alarm-flash_mob,students_drivers,students+drivers,rides_in_progress,-8.395049037037097,-56.5055677037044,-0.010161798923830984,-0.06839724396471382,48.1105186666673,0.058235445040882836
underground_alarm-flash_mob,students_drivers,students+drivers,rides_length_avg,-31.87239888888871,73.04077400000006,-0.02754984194733823,0.06313493334550238,-104.91317288888877,-0.09068477529284061
underground_alarm-flash_mob,students_drivers,students+drivers,rides_not_served,0.010530370370370412,0.04822111111111138,0.0843844304227275,0.38641670257976474,-0.03769074074074097,-0.3020322721570372
underground_alarm-flash_mob,students_drivers,students+drivers,rides_offers_generated,1.9597404444444635,2.817962666666702,0.06636508040290924,0.09542810604122934,-0.8582222222222384,-0.029063025638320097
underground_alarm-flash_mob,students_drivers,students+drivers,rides_offers_lyft,1.4475677037037045,1.7072095555555649,0.12952078142784879,0.1527521753427479,-0.2596418518518604,-0.023231393914899118
underground_alarm-flash_mob,students_drivers,students+drivers,rides_offers_price_lyft_avg,-0.18382185185185662,-0.1271139259259222,-0.3433900834031334,-0.23745632625102542,-0.05670792592593443,-0.10593375715210795
underground_alarm-flash_mob,students_drivers,students+drivers,rides_offers_price_no_surge_avg,-0.2757177037037053,-0.01444933333333509,-0.4649923572842313,-0.024368509811300898,-0.2612683703703702,-0.4406238474729304
underground_alarm-flash_mob,students_drivers,students+drivers,rides_offers_price_uber_avg,-0.32264607407407553,0.03865525925925439,-0.5160828010443083,0.061830333844477,-0.3613013333333299,-0.5779131348887853
underground_alarm-flash_mob,students_drivers,students+drivers,rides_offers_radius_avg,12.906891185185941,76.45328814814911,0.02722409112130167,0.16126046568497193,-63.54639696296317,-0.13403637456367026
underground_alarm-flash_mob,students_drivers,students+drivers,rides_offers_surge_lyft_avg,0.0,0.0,,,0.0,
underground_alarm-flash_mob,students_drivers,students+drivers,rides_offers_surge_uber_avg,0.0,0.0,,,0.0,
underground_alarm-flash_mob,students_drivers,students+drivers,rides_offers_uber,0.5124692592592481,1.111778148148133,0.027256340542521684,0.059131359132567896,-0.5993088888888849,-0.03187501859004621
underground_alarm-flash_mob,students_drivers,students+drivers,rides_partial_acceptances,-0.010852296296296693,0.13749437037036838,-0.0050336436392954265,0.06377430582041033,-0.14834666666666507,-0.06880794945970575
underground_alarm-flash_mob,students_drivers,students+drivers,rides_waiting_duration_avg,7.7187557777780285,-1.4830203703701272,0.03347221470063594,-0.006431085225595143,9.201776148148156,0.03990329992623108
underground_alarm-flash_mob,students_drivers,students+drivers,traffic_duration_avg,22.755502962962737,43.73639340740726,0.14992847338608392,0.2881646125624463,-20.980890444444526,-0.13823613917636238
underground_alarm-flash_mob,students_drivers,students+drivers,traffic_length_avg,13.992547851852123,11.189225185185023,0.17550855135008542,0.14034647040508613,2.8033226666671,0.035162080944999285
underground_alarm-flash_mob,students_drivers,students+drivers,traffic_speed_avg,-0.013003629629629643,-0.12694162962962974,-0.01335692990914683,-0.1303905523156714,0.1139380000000001,0.11703362240652457
underground_alarm-long_rides,students_drivers,students+drivers,drivers_accept,-0.04914847222222196,-0.08674563888888809,-0.05434457435455876,-0.09591660959909608,0.037597166666666126,0.04157203524453732
underground_alarm-long_rides,students_drivers,students+drivers,drivers_acceptance_rate,-0.1886699444444444,-0.18996722222222195,-0.9329286618433359,-0.9393433964467982,0.0012972777777775502,0.006414734603462313
underground_alarm-long_rides,students_drivers,students+drivers,drivers_busy,-100.9498224166673,-62.22097986111112,-0.10380845231843736,-0.06398291216857244,-38.728842555556184,-0.03982554014986492
underground_alarm-long_rides,students_drivers,students+drivers,drivers_change_provider,0.05831491666666655,0.038870138888889016,0.21650725178243121,0.144314138273394,0.019444777777777533,0.0721931135090372
underground_alarm-long_rides,students_drivers,students+drivers,drivers_change_zone,0.11800013888888894,0.1611941388888889,0.22686202233990943,0.3099049601298135,-0.043193999999999955,-0.08304293778990407
underground_alarm-long_rides,students_drivers,students+drivers,drivers_demand_pressure,0.0,0.0,,,0.0,
underground_alarm-long_rides,students_drivers,students+drivers,drivers_idle,62.96320572222157,-71.7942633888888,0.01910822799582541,-0.021788299021488003,134.75746911111037,0.04089652701731342
underground_alarm-long_rides,students_drivers,students+drivers,drivers_idle_duration_avg,-48.24252030555556,81.14817161111114,-0.40652671597455425,0.6838137705795939,-129.3906919166667,-1.0903404865541482
underground_alarm-long_rides,students_drivers,students+drivers,drivers_occupied_distance_avg,-252.65727649999917,173.68681111111164,-0.22722589502109217,0.1562042528709116,-426.3440876111108,-0.3834301478920038
underground_alarm-long_rides,students_drivers,students+drivers,drivers_occupied_duration_avg,-42.20736161111108,6.587543527777825,-0.3517676112375643,0.05490237632100314,-48.79490513888891,-0.4066699875585674
underground_alarm-long_rides,students_drivers,students+drivers,drivers_passengers_served,-0.1705604166666661,-0.09478730555555481,-0.19806384824155804,-0.11007207222923446,-0.07577311111111129,-0.08799177601232358
underground_alarm-long_rides,students_drivers,students+drivers,drivers_pickup,-113.69768522222193,-116.83775708333292,-0.39772257705549463,-0.4087067714152969,3.1400718611109824,0.010984194359802246
underground_alarm-long_rides,students_drivers,students+drivers,drivers_pickup_accept,-0.0854955277777778,-0.07207461111111124,-0.23537119780688037,-0.1984230987237292,-0.01342091666666656,-0.036948099083151165
underground_alarm-long_rides,students_drivers,students+drivers,drivers_pickup_reject,0.02109213888888889,0.016619444444444464,0.25866277778459085,0.20381203100749867,0.004472694444444425,0.054850746777092174
underground_alarm-long_rides,students_drivers,students+drivers,drivers_reject,0.13813950000000008,0.11968625000000022,0.3046588505663838,0.2639612518765516,0.018453249999999866,0.04069759868983219
underground_alarm-long_rides,students_drivers,students+drivers,drivers_removed,0.06442638888888874,0.07593549999999971,0.4239512582634248,0.49968578601204683,-0.01150911111111097,-0.07573452774862205
underground_alarm-long_rides,students_drivers,students+drivers,drivers_shift_duration_avg,-214.45205222222194,215.74708591666695,-0.2295139761122315,0.2308999657977179,-430.1991381388889,-0.46041394190994944
underground_alarm-long_rides,students_drivers,students+drivers,drivers_starting,-0.06518461111111112,-0.06572697222222224,-0.41872778909066516,-0.42221176583108333,0.0005423611111111115,0.003483976740418171
underground_alarm-long_rides,students_drivers,students+drivers,drivers_total_length_avg,-1196.6539705277755,1025.779958055562,-0.20015440996159586,0.17157372750327243,-2222.4339285833375,-0.3717281374648683
underground_alarm-long_rides,students_drivers,students+drivers,drivers_waiting,-0.01904136111111132,-0.06561116666666633,-0.01771478912731253,-0.06104017328985552,0.04656980555555501,0.04332538416254299
underground_alarm-long_rides,students_drivers,students+drivers,failed_requests,0.005530329685824953,0.005303383287037389,0.12796735811972063,0.12271600191901028,0.00022694639878756417,0.00525135620071035
underground_alarm-long_rides,students_drivers,students+drivers,passengers_accept,0.4646620555555554,0.5905605555555518,0.1360683283557382,0.17293554880698125,-0.12589849999999636,-0.03686722045124305
underground_alarm-long_rides,students_drivers,students+drivers,passengers_acceptance_rate,-0.1701986666666666,-0.1780231666666663,-1.4638794687822525,-1.531178027154153,0.007824499999999679,0.06729855837190057
underground_alarm-long_rides,students_drivers,students+drivers,passengers_arrivals,0.01465283333333356,-0.027578222222221838,0.019159802034554252,-0.036060826341392946,0.0422310555555554,0.0552206283759472
underground_alarm-long_rides,students_drivers,students+drivers,passengers_cancel,0.04154105555555554,0.06688874999999989,2.8019058111126083,4.511584378794002,-0.025347694444444346,-1.7096785676813941
underground_alarm-long_rides,students_drivers,students+drivers,passengers_change_provider,0.8888053055555556,0.9203511666666659,0.7794048943607599,0.8070678689100127,-0.03154586111111035,-0.027662974549252817
underground_alarm-long_rides,students_drivers,students+drivers,passengers_departures,-0.012236166666666382,0.010680555555555804,-0.01656134636609946,0.014455865530157722,-0.022916722222222186,-0.031017211896257182
underground_alarm-long_rides,students_drivers,students+drivers,passengers_drivers_ratio,0.004364361111111159,0.019595694444444534,0.06240002629493341,0.28017201543836123,-0.015231333333333374,-0.21777198914342782
underground_alarm-long_rides,students_drivers,students+drivers,passengers_new,0.00040711111111058074,0.004610999999999699,0.0004440875948511897,0.005029801064069958,-0.004203888888889118,-0.004585713469218768
underground_alarm-long_rides,students_drivers,students+drivers,passengers_no_ratings_count,0.014601666666666624,0.018666388888888774,0.07878951391699246,0.10072245454681657,-0.00406472222222215,-0.021932940629824108
underground_alarm-long_rides,students_drivers,students+drivers,passengers_offers_discarded,5.7120694166666794,6.5905183611111084,0.21339884946385176,0.24621707704179494,-0.878448944444429,-0.03281822757794317
underground_alarm-long_rides,students_drivers,students+drivers,passengers_pickup_accept,-0.08293991666666645,-0.05725016666666627,-0.20847509645757384,-0.14390217036282846,-0.025689750000000178,-0.06457292609474538
underground_alarm-long_rides,students_drivers,students+drivers,passengers_pickup_reject,0.01875930555555555,0.002348166666666568,0.3796273102736326,0.04751925347667446,0.016411138888888982,0.33210805679695815
underground_alarm-long_rides,students_drivers,students+drivers,passengers_rating_avg,-0.033684222222222004,-0.02220883333333301,-1.5982903010232996,-1.0537919706007561,-0.011475388888888993,-0.5444983304225435
underground_alarm-long_rides,students_drivers,students+drivers,passengers_ratings_count,0.00134252777777788,-0.047222111111110854,0.002316892244685939,-0.08149443521542678,0.048564638888888734,0.08381132746011272
underground_alarm-long_rides,students_drivers,students+drivers,passengers_reject,0.9913148333333339,1.0939353055555578,0.5510678744749326,0.6081141766219109,-0.10262047222222392,-0.05704630214697837
underground_alarm-long_rides,students_drivers,students+drivers,passengers_unassigned,1.1104308888888923,1.6419774444444357,0.1381024893548686,0.20421007269459285,-0.5315465555555434,-0.06610758333972425
underground_alarm-long_rides,students_drivers,students+drivers,rides_dispatched,-0.04914847222222196,-0.08674563888888809,-0.05434457435455876,-0.09591660959909608,0.037597166666666126,0.04157203524453732
underground_alarm-long_rides,students_drivers,students+drivers,rides_duration_avg,-88.84836377777788,-117.50130872222257,-0.38017419662815466,-0.5027775835912528,28.652944944444698,0.12260338696309814
underground_alarm-long_rides,students_drivers,students+drivers,rides_in_progress,-305.7903335277779,-291.77725413888993,-0.3701443396520281,-0.35318218798080725,-14.013079388887945,-0.016962151671220838
underground_alarm-long_rides,students_drivers,students+drivers,rides_length_avg,-16.12734824999916,-128.39935394444456,-0.01394014604504877,-0.11098574411174875,112.2720056944454,0.09704559806669998
underground_alarm-long_rides,students_drivers,students+drivers,rides_not_served,-0.020912138888888654,-0.04434261111111082,-0.16757804967858564,-0.35533659790315375,0.023430472222222165,0.1877585482245681
underground_alarm-long_rides,students_drivers,students+drivers,rides_offers_generated,6.27808327777781,7.4706293888889235,0.21260238961083067,0.2529870327774419,-1.1925461111111133,-0.04038464316661122
underground_alarm-long_rides,students_drivers,students+drivers,rides_offers_lyft,2.1995322777777844,2.6594626666666628,0.19680263566578338,0.2379547995465376,-0.4599303888888784,-0.04115216388075421
underground_alarm-long_rides,students_drivers,students+drivers,rides_offers_price_lyft_avg,-0.3308944166666663,-0.5841991666666644,-0.6181303266837374,-1.091318570369852,0.2533047499999981,0.4731882436861147
underground_alarm-long_rides,students_drivers,students+drivers,rides_offers_price_no_surge_avg,-0.32528461111111184,-0.5935360000000074,-0.5485859488782899,-1.0009865165192438,0.26825138888889555,0.4524005676409538
underground_alarm-long_rides,students_drivers,students+drivers,rides_offers_price_uber_avg,-0.31162697222222135,-0.5881573055555585,-0.4984573922584824,-0.9407765787229048,0.2765303333333371,0.44231918646442236
underground_alarm-long_rides,students_drivers,students+drivers,rides_offers_radius_avg,-79.4162253055556,-21.057809055555026,-0.16751009388765695,-0.044416560449614,-58.35841625000057,-0.12309353343804294
underground_alarm-long_rides,students_drivers,students+drivers,rides_offers_surge_lyft_avg,0.0,0.0,,,0.0,
underground_alarm-long_rides,students_drivers,students+drivers,rides_offers_surge_uber_avg,0.0,0.0,,,0.0,
underground_alarm-long_rides,students_drivers,students+drivers,rides_offers_uber,4.078467805555547,4.8119351944444375,0.21691858661067007,0.25592899858598894,-0.7334673888888901,-0.039010411975318876
underground_alarm-long_rides,students_drivers,students+drivers,rides_partial_acceptances,0.3756158611111102,0.5562963055555556,0.17422270259480535,0.2580280968718863,-0.18068044444444542,-0.08380539427708097
underground_alarm-long_rides,students_drivers,students+drivers,rides_waiting_duration_avg,36.17982705555539,93.42593994444428,0.1568930244589289,0.40513953420215165,-57.24611288888889,-0.24824650974322277
underground_alarm-long_rides,students_drivers,students+drivers,traffic_duration_avg,-68.6352986388888,-21.830977305555848,-0.4522152536938153,-0.14383707999227982,-46.80432133333295,-0.30837817370153553
underground_alarm-long_rides,students_drivers,students+drivers,traffic_length_avg,-53.10064533333343,-40.468848888888715,-0.6660414841443215,-0.5076008399967153,-12.631796444444717,-0.15844064414760617
underground_alarm-long_rides,students_drivers,students+drivers,traffic_speed_avg,0.3451067777777781,0.21036041666666616,0.3544831076583479,0.21607577431099168,0.13474636111111193,0.13840733334735622
underground_alarm-wildcat_strike,students_drivers,students+drivers,drivers_accept,-0.0330738333333338,0.01712072222222094,-0.03657048354721746,0.01893076874500594,-0.05019455555555474,-0.0555012522922234
underground_alarm-wildcat_strike,students_drivers,students+drivers,drivers_acceptance_rate,-0.11647227777777736,-0.136608333333333,-0.5759281191767307,-0.675496195160233,0.020136055555555643,0.09956807598350226
underground_alarm-wildcat_strike,students_drivers,students+drivers,drivers_busy,107.21011238888923,-291.589592166667,0.11024601701665615,-0.2998466322213996,398.7997045555562,0.4100926492380558
underground_alarm-wildcat_strike,students_drivers,students+drivers,drivers_change_provider,0.005852611111111239,0.015983055555555792,0.02172913586863312,0.059340690705253704,-0.010130444444444553,-0.037611554836620584
underground_alarm-wildcat_strike,students_drivers,students+drivers,drivers_change_zone,0.06907399999999986,0.05938872222222158,0.1327987193800024,0.11417821838500353,0.009685277777778278,0.018620500994998873
underground_alarm-wildcat_strike,students_drivers,students+drivers,drivers_demand_pressure,0.0,0.0,,,0.0,
underground_alarm-wildcat_strike,students_drivers,students+drivers,drivers_idle,-70.92425744444608,229.54337355555344,-0.021524267485078043,0.06966238561900968,-300.4676309999995,-0.09118665310408773
underground_alarm-wildcat_strike,students_drivers,students+drivers,drivers_idle_duration_avg,167.91716883333333,119.83286266666641,1.4149927236222501,1.0097992355531984,48.08430616666692,0.40519348806905175
underground_alarm-wildcat_strike,students_drivers,students+drivers,drivers_occupied_distance_avg,287.0985926111116,775.770687277778,0.2582004981968369,0.6976849873065954,-488.67209466666645,-0.43948448910975857
underground_alarm-wildcat_strike,students_drivers,students+drivers,drivers_occupied_duration_avg,32.098660555555625,79.44742455555559,0.2675189520631113,0.6621364067335435,-47.34876399999996,-0.39461745467043213
underground_alarm-wildcat_strike,students_drivers,students+drivers,drivers_passengers_served,-0.02259283333333384,0.23688877777777684,-0.026236002468413264,0.27508787706353854,-0.2594816111111107,-0.30132387953195183
underground_alarm-wildcat_strike,students_drivers,students+drivers,drivers_pickup,-12.796180666666714,86.41010655555533,-0.04476194868230867,0.30226868907440485,-99.20628722222204,-0.3470306377567135
underground_alarm-wildcat_strike,students_drivers,students+drivers,drivers_pickup_accept,-0.004962555555555914,0.06852833333333308,-0.013662032104537578,0.18866011263536775,-0.073490888888889,-0.20232214473990534
underground_alarm-wildcat_strike,students_drivers,students+drivers,drivers_pickup_reject,0.01200022222222219,0.02166694444444428,0.14716434546462834,0.2657118875249167,-0.00966672222222209,-0.11854754206028836
underground_alarm-wildcat_strike,students_drivers,students+drivers,drivers_reject,0.07400922222222195,0.12971316666666644,0.16322315176712088,0.2860750492074486,-0.055703944444444486,-0.1228518974403277
underground_alarm-wildcat_strike,students_drivers,students+drivers,drivers_removed,-0.0017128333333332746,0.0032778888888889135,-0.011271124447383318,0.021569812352649542,-0.004990722222222188,-0.03284093680003286
underground_alarm-wildcat_strike,students_drivers,students+drivers,drivers_shift_duration_avg,297.1542260000001,586.0276187777781,0.318024692331415,0.6271869515983749,-288.873392777778,-0.3091622592669599
underground_alarm-wildcat_strike,students_drivers,students+drivers,drivers_starting,-0.0264914444444444,-0.031926277777777734,-0.17017366174252696,-0.20508551757708615,0.005434833333333333,0.03491185583455919
underground_alarm-wildcat_strike,students_drivers,students+drivers,drivers_total_length_avg,1030.3742247777773,3329.3106478888876,0.1723421724904107,0.5568662493244879,-2298.9364231111103,-0.3845240768340772
underground_alarm-wildcat_strike,students_drivers,students+drivers,drivers_waiting,0.010416555555555984,0.09974922222222293,0.009690855817651181,0.09279990159154045,-0.08933266666666695,-0.08310904577388926
underground_alarm-wildcat_strike,students_drivers,students+drivers,failed_requests,0.0205253460843538,0.03972207289926169,0.47493991536164715,0.9191366549061757,-0.01919672681490789,-0.44419673954452854
underground_alarm-wildcat_strike,students_drivers,students+drivers,passengers_accept,0.23712022222222373,0.4395831111111139,0.06943659778404603,0.12872438880508646,-0.2024628888888902,-0.05928779102104044
underground_alarm-wildcat_strike,students_drivers,students+drivers,passengers_acceptance_rate,-0.22242022222222246,-0.3056087777777774,-1.9130372941803169,-2.628542420633102,0.08318855555555493,0.7155051264527852
underground_alarm-wildcat_strike,students_drivers,students+drivers,passengers_arrivals,-0.08309227777777739,-0.16454638888888895,-0.1086500853866066,-0.21515813118817806,0.08145411111111156,0.10650804580157146
underground_alarm-wildcat_strike,students_drivers,students+drivers,passengers_cancel,0.023166499999999993,0.022295944444444424,1.5625590179414535,1.5038408501581289,0.0008705555555555688,0.058718167783324615
underground_alarm-wildcat_strike,students_drivers,students+drivers,passengers_change_provider,0.6005185555555546,0.8038426666666676,0.526602506115663,0.7049000549162951,-0.20332411111111304,-0.1782975488006322
underground_alarm-wildcat_strike,students_drivers,students+drivers,passengers_departures,-0.11302755555555555,-0.160157555555555,-0.1529799771008744,-0.2167692564967318,0.04712999999999945,0.06378927939585738
underground_alarm-wildcat_strike,students_drivers,students+drivers,passengers_drivers_ratio,0.009218499999999907,-0.021735444444444696,0.13180271470556293,-0.3107653721440349,0.030953944444444603,0.4425680868495978
underground_alarm-wildcat_strike,students_drivers,students+drivers,passengers_new,-0.0007132777777769661,-0.00039833333333261223,-0.0007780623130861577,-0.00043451256210172147,-0.0003149444444443539,-0.00034354975098443627
underground_alarm-wildcat_strike,students_drivers,students+drivers,passengers_no_ratings_count,-0.02247161111111101,-0.030924444444444255,-0.12125515235996771,-0.1668660161577999,0.008452833333333243,0.04561086379783218
underground_alarm-wildcat_strike,students_drivers,students+drivers,passengers_offers_discarded,3.1690652777777615,5.309019555555537,0.1183940240957823,0.19834119340898626,-2.1399542777777754,-0.07994716931320396
underground_alarm-wildcat_strike,students_drivers,students+drivers,passengers_pickup_accept,-0.038536611111111174,0.01462016666666699,-0.09686438136687625,0.03674877885769777,-0.053156777777778164,-0.13361316022457403
underground_alarm-wildcat_strike,students_drivers,students+drivers,passengers_pickup_reject,0.0455280555555555,0.07563105555555541,0.9213397170464822,1.5305264957000642,-0.030102999999999908,-0.609186778653582
underground_alarm-wildcat_strike,students_drivers,students+drivers,passengers_rating_avg,0.006081000000000891,0.004244888888888632,0.2885387483909959,0.20141669578335664,0.0018361111111122597,0.08712205260763928
underground_alarm-wildcat_strike,students_drivers,students+drivers,passengers_ratings_count,-0.06311188888888886,-0.13604705555555574,-0.10891651430570223,-0.23478573266524577,0.07293516666666688,0.12586921835954354
underground_alarm-wildcat_strike,students_drivers,students+drivers,passengers_reject,0.8304723888888894,1.2057968333333342,0.46165621532794543,0.6702975438784462,-0.3753244444444448,-0.20864132855050077
underground_alarm-wildcat_strike,students_drivers,students+drivers,passengers_unassigned,0.4114072777777764,-1.2720277777777937,0.05116605613940714,-0.15820003243554598,1.6834350555555702,0.20936608857495312
underground_alarm-wildcat_strike,students_drivers,students+drivers,rides_dispatched,-0.0330738333333338,0.01712072222222094,-0.03657048354721746,0.01893076874500594,-0.05019455555555474,-0.0555012522922234
underground_alarm-wildcat_strike,students_drivers,students+drivers,rides_duration_avg,-7.125992111111145,-15.713732555555225,-0.030491482463268882,-0.06723765521759725,8.58774044444408,0.03674617275432837
underground_alarm-wildcat_strike,students_drivers,students+drivers,rides_in_progress,-116.70522238888907,-183.38587955555568,-0.14126600071599177,-0.2219796960436991,66.6806571666666,0.08071369532770734
underground_alarm-wildcat_strike,students_drivers,students+drivers,rides_length_avg,-73.0850852777794,-224.2113608333375,-0.06317323509691937,-0.19380365987793527,151.1262755555581,0.13063042478101589
underground_alarm-wildcat_strike,students_drivers,students+drivers,rides_not_served,0.0472785555555556,0.11597311111111153,0.3788635956234181,0.9293428988023902,-0.06869455555555593,-0.5504793031789721
underground_alarm-wildcat_strike,students_drivers,students+drivers,rides_offers_generated,3.5466758888888847,5.796990722222276,0.12010541048760838,0.19631056575160793,-2.250314833333391,-0.07620515526399955
underground_alarm-wildcat_strike,students_drivers,students+drivers,rides_offers_lyft,0.09527849999999916,-0.5620361111111123,0.00852502148376133,-0.050288049474665975,0.6573146111111114,0.058813070958427305
underground_alarm-wildcat_strike,students_drivers,students+drivers,rides_offers_price_lyft_avg,0.0444195555555531,0.07397811111111352,0.08297835503933552,0.138195483771561,-0.029558555555560417,-0.055217128732225465
underground_alarm-wildcat_strike,students_drivers,students+drivers,rides_offers_price_no_surge_avg,-0.005258333333330256,0.07962700000000567,-0.008868073319945546,0.1342893326620163,-0.08488533333333592,-0.14315740598196183
underground_alarm-wildcat_strike,students_drivers,students+drivers,rides_offers_price_uber_avg,-0.015841999999999246,0.13363772222222536,-0.025339789915641397,0.21375784660498626,-0.1494797222222246,-0.23909763652062765
underground_alarm-wildcat_strike,students_drivers,students+drivers,rides_offers_radius_avg,27.84418199999982,26.508837833333473,0.058730838982833045,0.055914240411571475,1.3353441666663457,0.0028165985712615693
underground_alarm-wildcat_strike,students_drivers,students+drivers,rides_offers_surge_lyft_avg,0.0,0.0,,,0.0,
underground_alarm-wildcat_strike,students_drivers,students+drivers,rides_offers_surge_uber_avg,0.0,0.0,,,0.0,
underground_alarm-wildcat_strike,students_drivers,students+drivers,rides_offers_uber,3.451934833333347,6.360443888888909,0.18359561992835505,0.3382884368278888,-2.9085090555555624,-0.15469281689953374
underground_alarm-wildcat_strike,students_drivers,students+drivers,rides_partial_acceptances,0.19750005555555372,0.29485222222221985,0.0916068702203561,0.13676193244258028,-0.09735216666666613,-0.04515506222222418
underground_alarm-wildcat_strike,students_drivers,students+drivers,rides_waiting_duration_avg,-28.554665277777872,-45.740328444444685,-0.1238266780812327,-0.19835192850353267,17.185663166666814,0.07452525042229997
underground_alarm-wildcat_strike,students_drivers,students+drivers,traffic_duration_avg,8.405162388888925,-18.821360055555715,0.0553788315546937,-0.12400770858689408,27.22652244444464,0.17938654014158778
underground_alarm-wildcat_strike,students_drivers,students+drivers,traffic_length_avg,21.271701611110984,4.687383611110818,0.2668109892526257,0.05879386055480226,16.584318000000167,0.20801712869782343
underground_alarm-wildcat_strike,students_drivers,students+drivers,traffic_speed_avg,-0.01930033333333281,-0.030961111111110995,-0.01982471101523048,-0.03180230464870558,0.011660777777778186,0.0119775936334751
wildcat_strike-boycott_tncs,students_drivers,students+drivers,drivers_accept,-0.005018388888888836,-0.013637888888888838,-0.005548945791828755,-0.015079721367744344,0.008619500000000002,0.00953077557591559
wildcat_strike-boycott_tncs,students_drivers,students+drivers,drivers_acceptance_rate,-0.18665488888888904,-0.27680533333333335,-0.9229646843347836,-1.3687375060091047,0.09015044444444431,0.4457728216743211
wildcat_strike-boycott_tncs,students_drivers,students+drivers,drivers_busy,-111.46386288888834,52.05473077777788,-0.11462022239297764,0.05352878200805902,-163.51859366666622,-0.16814900440103667
wildcat_strike-boycott_tncs,students_drivers,students+drivers,drivers_change_provider,0.022083833333333247,-0.013518555555555645,0.08199120117330597,-0.050190679824369866,0.03560238888888889,0.13218188099767583
wildcat_strike-boycott_tncs,students_drivers,students+drivers,drivers_change_zone,0.0843988888888888,0.10250094444444435,0.1622616955951526,0.1970639337154792,-0.018102055555555552,-0.034802238120326595
wildcat_strike-boycott_tncs,students_drivers,students+drivers,drivers_demand_pressure,0.0,0.0,,,0.0,
wildcat_strike-boycott_tncs,students_drivers,students+drivers,drivers_idle,-154.5769737777773,-683.7194293333323,-0.04691139887129428,-0.20749684821505282,529.142455555555,0.16058544934375854
wildcat_strike-boycott_tncs,students_drivers,students+drivers,drivers_idle_duration_avg,-22.21631827777776,205.0504834999998,-0.18721092623907543,1.727905157903825,-227.26680177777757,-1.9151160841429005
wildcat_strike-boycott_tncs,students_drivers,students+drivers,drivers_occupied_distance_avg,-759.342836111111,212.12239200000022,-0.682910692117756,0.19077107552140957,-971.4652281111112,-0.8736817676391656
wildcat_strike-boycott_tncs,students_drivers,students+drivers,drivers_occupied_duration_avg,-84.53436288888895,55.35430505555553,-0.7045323319400698,0.461337807383398,-139.88866794444448,-1.1658701393234678
wildcat_strike-boycott_tncs,students_drivers,students+drivers,drivers_passengers_served,-0.09734249999999989,0.09529711111111117,-0.11303930023302926,0.11066408561757973,-0.19263961111111105,-0.223703385850609
wildcat_strike-boycott_tncs,students_drivers,students+drivers,drivers_pickup,-11.543687999999918,14.7276877222223,-0.04038064038956548,0.05151849752703654,-26.271375722222217,-0.09189913791660202
wildcat_strike-boycott_tncs,students_drivers,students+drivers,drivers_pickup_accept,-0.0006753888888888504,0.02080549999999992,-0.0018593614881987491,0.05727803059710304,-0.02148088888888877,-0.05913739208530179
wildcat_strike-boycott_tncs,students_drivers,students+drivers,drivers_pickup_reject,-0.0020083888888889068,0.000807277777777754,-0.02462981358165517,0.009900025480761743,-0.0028156666666666608,-0.03452983906241691
wildcat_strike-boycott_tncs,students_drivers,students+drivers,drivers_reject,0.04902788888888887,0.0736749999999996,0.10812823468005353,0.16248604356811913,-0.02464711111111073,-0.0543578088880656
wildcat_strike-boycott_tncs,students_drivers,students+drivers,drivers_removed,0.030630111111111163,0.031602777777777896,0.2015583112798621,0.20795884473076565,-0.0009726666666667327,-0.0064005334509035505
wildcat_strike-boycott_tncs,students_drivers,students+drivers,drivers_shift_duration_avg,-424.345402111112,193.8065344444435,-0.4541490718985666,0.2074184315605591,-618.1519365555555,-0.6615675034591257
wildcat_strike-boycott_tncs,students_drivers,students+drivers,drivers_starting,-0.03454694444444445,-0.03394455555555553,-0.22191995043741977,-0.21805037196916316,-0.0006023888888889162,-0.0038695784682566126
wildcat_strike-boycott_tncs,students_drivers,students+drivers,drivers_total_length_avg,-3248.715990111108,-407.1666535555596,-0.5433858476621314,-0.06810339772867444,-2841.5493365555485,-0.4752824499334569
wildcat_strike-boycott_tncs,students_drivers,students+drivers,drivers_waiting,0.00257449999999948,0.04992627777777714,0.0023951399452029586,0.0464480179533412,-0.04735177777777766,-0.044052878008138244
wildcat_strike-boycott_tncs,students_drivers,students+drivers,failed_requests,-0.0008789597341922195,0.004418624917688629,-0.02033841768357647,0.10224340850562436,-0.005297584651880849,-0.12258182618920083
wildcat_strike-boycott_tncs,students_drivers,students+drivers,passengers_accept,0.2860551666666664,0.34257438888888814,0.0837663585405495,0.10031704520798004,-0.05651922222222172,-0.01655068666743055
wildcat_strike-boycott_tncs,students_drivers,students+drivers,passengers_acceptance_rate,-0.1357443333333337,-0.1494458333333335,-1.167537598631021,-1.285384259444187,0.013701499999999811,0.11784666081316608
wildcat_strike-boycott_tncs,students_drivers,students+drivers,passengers_arrivals,0.014000222222222192,-0.05615622222222272,0.018306458560975028,-0.0734289455363268,0.07015644444444491,0.09173540409730183
wildcat_strike-boycott_tncs,students_drivers,students+drivers,passengers_cancel,-0.004778333333333329,-0.012138999999999997,-0.32229416790323273,-0.8187643329286387,0.007360666666666668,0.496470165025406
wildcat_strike-boycott_tncs,students_drivers,students+drivers,passengers_change_provider,0.23217566666666678,0.23941711111111097,0.20359785188091611,0.20994796838783042,-0.0072414444444441894,-0.006350116506914305
wildcat_strike-boycott_tncs,students_drivers,students+drivers,passengers_departures,-0.00883316666666678,-0.047508944444444756,-0.01195547075005704,-0.06430217124907679,0.038675777777777975,0.05234670049901975
wildcat_strike-boycott_tncs,students_drivers,students+drivers,passengers_drivers_ratio,0.005814722222222207,0.010564999999999991,0.08313675480258806,0.151054475333762,-0.004750277777777784,-0.06791772053117395
wildcat_strike-boycott_tncs,students_drivers,students+drivers,passengers_new,0.00144455555555556,0.0010286666666667887,0.0015757595034573844,0.001122096875856484,0.0004158888888887713,0.00045366262760090036
wildcat_strike-boycott_tncs,students_drivers,students+drivers,passengers_no_ratings_count,0.009342722222222266,-0.023740444444444564,0.05041263845796448,-0.12810168322916266,0.03308316666666683,0.17851432168712714
wildcat_strike-boycott_tncs,students_drivers,students+drivers,passengers_offers_discarded,2.5747037222222247,2.7391758333333414,0.09618909924822804,0.10233366030303484,-0.1644721111111167,-0.006144561054806805
wildcat_strike-boycott_tncs,students_drivers,students+drivers,passengers_pickup_accept,-0.013426499999999897,0.007072277777777858,-0.0337484168670807,0.01777664906299037,-0.020498777777777755,-0.05152506593007107
wildcat_strike-boycott_tncs,students_drivers,students+drivers,passengers_pickup_reject,0.01069483333333332,0.01436166666666669,0.2164286305873267,0.29063340706119767,-0.003666833333333369,-0.07420477647387097
wildcat_strike-boycott_tncs,students_drivers,students+drivers,passengers_rating_avg,-0.007735833333333275,-0.0025868888888895825,-0.367059310600395,-0.12274587768897632,-0.005148944444443693,-0.24431343291141866
wildcat_strike-boycott_tncs,students_drivers,students+drivers,passengers_ratings_count,0.0024716111111107164,-0.03222277777777793,0.004265428775477781,-0.055609057161664116,0.03469438888888865,0.0598744859371419
wildcat_strike-boycott_tncs,students_drivers,students+drivers,passengers_reject,0.24879666666666678,0.23828744444444405,0.13830505271007743,0.13246301892055815,0.010509222222222725,0.00584203378951928
wildcat_strike-boycott_tncs,students_drivers,students+drivers,passengers_unassigned,0.6486666111111123,0.7054635555555553,0.08067361476720822,0.08773735866519752,-0.05679694444444294,-0.007063743897989305
wildcat_strike-boycott_tncs,students_drivers,students+drivers,rides_dispatched,-0.005018388888888836,-0.013637888888888838,-0.005548945791828755,-0.015079721367744344,0.008619500000000002,0.00953077557591559
wildcat_strike-boycott_tncs,students_drivers,students+drivers,rides_duration_avg,-49.269201277777825,46.592302444444385,-0.21081850264725832,0.19936429212332835,-95.86150372222221,-0.41018279477058667
wildcat_strike-boycott_tncs,students_drivers,students+drivers,rides_in_progress,-147.83080572222207,-41.41876922222218,-0.17894200687448647,-0.050135407506485215,-106.41203649999989,-0.12880659936800126
wildcat_strike-boycott_tncs,students_drivers,students+drivers,rides_length_avg,-32.50493488888878,216.19737911111406,-0.028096592974355485,0.18687653993990377,-248.70231400000284,-0.21497313291425926
wildcat_strike-boycott_tncs,students_drivers,students+drivers,rides_not_served,0.0012683333333333713,0.014073055555555575,0.010163705753469254,0.11277350516600923,-0.012804722222222203,-0.10260979941253998
wildcat_strike-boycott_tncs,students_drivers,students+drivers,rides_offers_generated,2.7971668888889027,3.031897999999998,0.094723873259701,0.10267285910938992,-0.23473111111109546,-0.007948985849688922
wildcat_strike-boycott_tncs,students_drivers,students+drivers,rides_offers_lyft,1.1531759444444418,2.548981166666664,0.10318014768227618,0.22806949319664566,-1.3958052222222221,-0.12488934551436948
wildcat_strike-boycott_tncs,students_drivers,students+drivers,rides_offers_price_lyft_avg,0.07826994444444324,0.9266378888888909,0.1462128820919313,1.7310143421169424,-0.8483679444444476,-1.584801460025011
wildcat_strike-boycott_tncs,students_drivers,students+drivers,rides_offers_price_no_surge_avg,0.04668661111111305,0.8964129444444495,0.07873602986878825,1.5117823866154652,-0.8497263333333365,-1.433046356746677
wildcat_strike-boycott_tncs,students_drivers,students+drivers,rides_offers_price_uber_avg,0.026409666666666,0.8141536666666696,0.042243113563657675,1.3022650468617292,-0.7877440000000036,-1.2600219332980716
wildcat_strike-boycott_tncs,students_drivers,students+drivers,rides_offers_radius_avg,47.49478172222223,19.097149833333447,0.10017921797281219,0.040281004911279145,28.39763188888878,0.05989821306153305
wildcat_strike-boycott_tncs,students_drivers,students+drivers,rides_offers_surge_lyft_avg,0.0,0.0,,,0.0,
wildcat_strike-boycott_tncs,students_drivers,students+drivers,rides_offers_surge_uber_avg,0.0,0.0,,,0.0,
wildcat_strike-boycott_tncs,students_drivers,students+drivers,rides_offers_uber,1.6436018888888881,0.48363911111110625,0.08741709281185336,0.025722971815287307,1.159962777777782,0.06169412099656606
wildcat_strike-boycott_tncs,students_drivers,students+drivers,rides_partial_acceptances,0.24125961111111183,0.28227766666666776,0.11190395781054613,0.13092944963331796,-0.04101805555555593,-0.01902549182277183
wildcat_strike-boycott_tncs,students_drivers,students+drivers,rides_waiting_duration_avg,21.442088611111103,53.12948649999987,0.09298314576650298,0.23039484992935805,-31.687397888888768,-0.1374117041628551
wildcat_strike-boycott_tncs,students_drivers,students+drivers,traffic_duration_avg,-4.114723333333359,60.88313605555561,-0.027110549425203634,0.4011388216126789,-64.99785938888897,-0.4282493710378825
wildcat_strike-boycott_tncs,students_drivers,students+drivers,traffic_length_avg,-9.943426222222115,28.688089833331105,-0.12472041190751823,0.3598347592559848,-38.63151605555322,-0.484555171163503
wildcat_strike-boycott_tncs,students_drivers,students+drivers,traffic_speed_avg,0.037796055555555874,-0.2971449444444447,0.038822950151353786,-0.30521818206497253,0.3349410000000006,0.3440411322163263
wildcat_strike-long_rides,students_drivers,students+drivers,drivers_accept,-0.028546416666666463,-0.002968138888888916,-0.031564416816123285,-0.0032819381203257406,-0.025578277777777547,-0.028282478695797544
wildcat_strike-long_rides,students_drivers,students+drivers,drivers_acceptance_rate,-0.09276727777777816,-0.09137172222222256,-0.45871244927172616,-0.45181175408783647,-0.0013955555555555943,-0.0069006951838896935
wildcat_strike-long_rides,students_drivers,students+drivers,drivers_busy,-168.91018274999988,0.23335916666746925,-0.17369326891660689,0.00023996727627789705,-169.14354191666735,-0.17393323619288478
wildcat_strike-long_rides,students_drivers,students+drivers,drivers_change_provider,0.017860888888889037,0.021425694444444643,0.06631256955795589,0.079547712435443,-0.0035648055555556057,-0.013235142877487102
wildcat_strike-long_rides,students_drivers,students+drivers,drivers_change_zone,0.048379361111111185,0.07850036111111103,0.09301209137994426,0.15092143826075383,-0.030120999999999842,-0.057909346880809565
wildcat_strike-long_rides,students_drivers,students+drivers,drivers_demand_pressure,0.0,0.0,,,0.0,
wildcat_strike-long_rides,students_drivers,students+drivers,drivers_idle,179.07586550000178,309.69179733333385,0.05434638257810526,0.09398602571142248,-130.61593183333207,-0.03963964313331722
wildcat_strike-long_rides,students_drivers,students+drivers,drivers_idle_duration_avg,-31.451720888888758,79.88784275,-0.2650351748566465,0.6731933189591081,-111.33956363888876,-0.9382284938157546
wildcat_strike-long_rides,students_drivers,students+drivers,drivers_occupied_distance_avg,-201.85974327777785,-241.59578211111148,-0.18154142033990112,-0.21727780249985496,39.73603883333362,0.03573638215995384
wildcat_strike-long_rides,students_drivers,students+drivers,drivers_occupied_duration_avg,-34.824486305555524,-33.04559836111116,-0.29023672394286054,-0.2754109888343252,-1.7788879444443637,-0.014825735108535354
wildcat_strike-long_rides,students_drivers,students+drivers,drivers_passengers_served,-0.022041333333333135,-0.09511047222222224,-0.025595571268489332,-0.11044735059026614,0.0730691388888891,0.08485177932177682
wildcat_strike-long_rides,students_drivers,students+drivers,drivers_pickup,-39.07735011111106,-7.46306525,-0.13669534573473685,-0.026106332227977286,-31.61428486111106,-0.11058901350675956
wildcat_strike-long_rides,students_drivers,students+drivers,drivers_pickup_accept,-0.036791388888888665,-0.017509555555555556,-0.10128755850557256,-0.04820421806026245,-0.01928183333333311,-0.05308334044531011
wildcat_strike-long_rides,students_drivers,students+drivers,drivers_pickup_reject,-0.003930611111111093,0.009652972222222223,-0.04820292497346296,0.11837891937042082,-0.013583583333333316,-0.1665818443438838
wildcat_strike-long_rides,students_drivers,students+drivers,drivers_reject,0.044194333333333224,0.053642916666666096,0.09746810141111639,0.11830641730058962,-0.009448583333332872,-0.020838315889473227
wildcat_strike-long_rides,students_drivers,students+drivers,drivers_removed,0.046592972222222084,0.02265238888888893,0.3066002850774485,0.14906172668903298,0.023940583333333154,0.15753855838841554
wildcat_strike-long_rides,students_drivers,students+drivers,drivers_shift_duration_avg,-46.43785547222251,89.89841719444485,-0.049699393132925776,0.09621238389974807,-136.33627266666736,-0.14591177703267383
wildcat_strike-long_rides,students_drivers,students+drivers,drivers_starting,-0.04743049999999999,-0.052022916666666696,-0.30468032349861557,-0.3341807292636918,0.00459241666666671,0.029500405765076232
wildcat_strike-long_rides,students_drivers,students+drivers,drivers_total_length_avg,-188.49446102778165,-252.427352638897,-0.031527909117624875,-0.04222143499287659,63.93289161111534,0.010693525875251714
wildcat_strike-long_rides,students_drivers,students+drivers,drivers_waiting,-0.031481305555555394,0.00611586111111162,-0.029288068542732852,0.005689781800947657,-0.037597166666667015,-0.034977850343680505
wildcat_strike-long_rides,students_drivers,students+drivers,failed_requests,0.005679283921990047,0.008675876722671894,0.13141403872750515,0.2007527736399481,-0.0029965928006818465,-0.06933873491244294
wildcat_strike-long_rides,students_drivers,students+drivers,passengers_accept,0.06601416666666537,0.13022774999999776,0.0193311186027246,0.038134967200716643,-0.06421358333333238,-0.018803848597992043
wildcat_strike-long_rides,students_drivers,students+drivers,passengers_acceptance_rate,-0.15099061111111123,-0.15621788888888943,-1.2986708997981256,-1.3436307385934427,0.005227277777778205,0.044959838795317175
wildcat_strike-long_rides,students_drivers,students+drivers,passengers_arrivals,-0.013254527777777358,0.004486277777778991,-0.01733140086334001,0.005866182473987791,-0.01774080555555635,-0.023197583337327802
wildcat_strike-long_rides,students_drivers,students+drivers,passengers_cancel,0.010805388888888878,0.0023609722222222157,0.7288134958106621,0.15924539472698074,0.008444416666666663,0.5695681010836814
wildcat_strike-long_rides,students_drivers,students+drivers,passengers_change_provider,0.4890185277777772,0.5152686666666666,0.4288266863403293,0.45184577342246784,-0.026250138888889385,-0.023019087082138567
wildcat_strike-long_rides,students_drivers,students+drivers,passengers_departures,-0.03274525000000006,-0.014897833333332944,-0.044319879082054474,-0.020163845807190835,-0.017847416666667115,-0.02415603327486364
wildcat_strike-long_rides,students_drivers,students+drivers,passengers_drivers_ratio,-0.010681083333333341,-0.024838388888888896,-0.15271419204097103,-0.3551301279457699,0.014157305555555555,0.2024159359047989
wildcat_strike-long_rides,students_drivers,students+drivers,passengers_new,4.647222222198266e-05,-0.0008562222222221472,5.069313224503126e-05,-0.0009339899033644721,0.0009026944444441298,0.0009846830356095033
wildcat_strike-long_rides,students_drivers,students+drivers,passengers_no_ratings_count,0.02827822222222226,0.04752799999999985,0.15258719666651702,0.2564575745312282,-0.019249777777777588,-0.10387037786471118
wildcat_strike-long_rides,students_drivers,students+drivers,passengers_offers_discarded,1.9691711666666691,2.6053745833333295,0.07356683378845905,0.09733494079806601,-0.6362034166666604,-0.023768107009606965
wildcat_strike-long_rides,students_drivers,students+drivers,passengers_pickup_accept,-0.060287138888888814,-0.022703611111110966,-0.15153580567875674,-0.05706706380410861,-0.03758352777777785,-0.09446874187464813
wildcat_strike-long_rides,students_drivers,students+drivers,passengers_pickup_reject,0.019402666666666707,0.015000166666666703,0.3926468459607334,0.30355456967523353,0.004402500000000004,0.08909227628549987
wildcat_strike-long_rides,students_drivers,students+drivers,passengers_rating_avg,-0.02321766666666658,-0.040181222222221535,-1.1016603322740242,-1.9065679277780918,0.016963555555554954,0.8049075955040677
wildcat_strike-long_rides,students_drivers,students+drivers,passengers_ratings_count,-0.04201891666666646,-0.041680944444444146,-0.07251492577400596,-0.07193166393499789,-0.0003379722222223158,-0.0005832618390080729
wildcat_strike-long_rides,students_drivers,students+drivers,passengers_reject,0.5360876944444444,0.5787077777777769,0.2980089638286796,0.3217012944008649,-0.04262008333333256,-0.02369233057218534
wildcat_strike-long_rides,students_drivers,students+drivers,passengers_unassigned,-0.3303425555555606,-1.319176333333342,-0.041084168063553084,-0.16406382184996227,0.9888337777777814,0.12297965378640918
wildcat_strike-long_rides,students_drivers,students+drivers,rides_dispatched,-0.028546416666666463,-0.002968138888888916,-0.031564416816123285,-0.0032819381203257406,-0.025578277777777547,-0.028282478695797544
wildcat_strike-long_rides,students_drivers,students+drivers,rides_duration_avg,-57.255622166666626,-41.788331166666694,-0.24499168284179348,-0.17880852898376384,-15.467290999999932,-0.06618315385802964
wildcat_strike-long_rides,students_drivers,students+drivers,rides_in_progress,-159.19527788888854,-122.37318522222176,-0.19269814820536507,-0.14812679430587675,-36.82209266666678,-0.044571353899488325
wildcat_strike-long_rides,students_drivers,students+drivers,rides_length_avg,-8.228808777778795,37.28210644444334,-0.007112811998650909,0.0322258811954793,-45.51091522222214,-0.039338693194130206
wildcat_strike-long_rides,students_drivers,students+drivers,rides_not_served,0.00022705555555557755,0.017203166666666714,0.0018194947619111224,0.13785644470004138,-0.016976111111111136,-0.13603694993813026
wildcat_strike-long_rides,students_drivers,students+drivers,rides_offers_generated,2.151087666666669,2.786874666666691,0.07284490472028193,0.09437533518812218,-0.6357870000000219,-0.021530430467840242
wildcat_strike-long_rides,students_drivers,students+drivers,rides_offers_lyft,-0.10102341666666348,0.3378793611111135,-0.00903904655768395,0.03023167674125675,-0.438902777777777,-0.0392707232989407
wildcat_strike-long_rides,students_drivers,students+drivers,rides_offers_price_lyft_avg,0.08013388888889139,-0.06930441666666809,0.14969484047603945,-0.1294647463270689,0.14943830555555948,0.2791595868031084
wildcat_strike-long_rides,students_drivers,students+drivers,rides_offers_price_no_surge_avg,0.07157336111111334,-0.09772772222222414,0.12070703279023742,-0.1648158363344148,0.1693010833333375,0.2855228691246522
wildcat_strike-long_rides,students_drivers,students+drivers,rides_offers_price_uber_avg,0.09250722222222407,-0.09381436111111086,0.14796828536742973,-0.1500590961763527,0.18632158333333493,0.29802738154378244
wildcat_strike-long_rides,students_drivers,students+drivers,rides_offers_radius_avg,20.874792083333432,40.611310638889336,0.04403052862699941,0.08566013345317307,-19.736518555555904,-0.04162960482617366
wildcat_strike-long_rides,students_drivers,students+drivers,rides_offers_surge_lyft_avg,0.0,0.0,,,0.0,
wildcat_strike-long_rides,students_drivers,students+drivers,rides_offers_surge_uber_avg,0.0,0.0,,,0.0,
wildcat_strike-long_rides,students_drivers,students+drivers,rides_offers_uber,2.2522084722222218,2.448657638888875,0.119786621309488,0.13023502438775375,-0.19644916666665324,-0.01044840307826575
wildcat_strike-long_rides,students_drivers,students+drivers,rides_partial_acceptances,0.049898000000000664,0.0793746666666646,0.02314429531372783,0.036816520216481026,-0.02947666666666393,-0.013672224902753195
wildcat_strike-long_rides,students_drivers,students+drivers,rides_waiting_duration_avg,-11.444621472222252,1.1339696666668715,-0.04962934935557792,0.004917434524351338,-12.578591138889124,-0.054546783879929256
wildcat_strike-long_rides,students_drivers,students+drivers,traffic_duration_avg,-32.574408333333395,7.816947194444538,-0.21462198927532464,0.05150327642989222,-40.39135552777793,-0.2661252657052169
wildcat_strike-long_rides,students_drivers,students+drivers,traffic_length_avg,-22.10381344444386,10.85593011111223,-0.2772481693842045,0.13616594972779625,-32.95974355555609,-0.41341411911200077
wildcat_strike-long_rides,students_drivers,students+drivers,traffic_speed_avg,0.18709588888888895,0.18168050000000147,0.19217916422997852,0.1866166426971576,0.005415388888887485,0.005562521532820913
normal,managers_drivers,managers+drivers,drivers_accept,-0.04579644444444542,-0.06751777777777956,-0.05063816163059294,-0.07465592985492873,0.021721333333334147,0.024017768224335795
normal,managers_drivers,managers+drivers,drivers_acceptance_rate,-0.16271633333333346,-0.043050111111111455,-0.804594136939605,-0.21287271096283383,-0.11966622222222201,-0.5917214259767711
normal,managers_drivers,managers+drivers,drivers_busy,-125.84514477777702,-521.1923754444442,-0.1294087438534594,-0.5359511543442284,395.3472306666672,0.40654241049076895
normal,managers_drivers,managers+drivers,drivers_change_provider,0.008462999999999887,0.03707400000000005,0.03142079208152336,0.13764556843086542,-0.028611000000000164,-0.10622477634934206
normal,managers_drivers,managers+drivers,drivers_change_zone,0.04014844444444465,0.03768455555555583,0.07718768288098898,0.07245071543826012,0.002463888888888821,0.004736967442728862
normal,managers_drivers,managers+drivers,drivers_demand_pressure,0.0,0.0,,,0.0,
normal,managers_drivers,managers+drivers,drivers_idle,210.1300156666657,320.2780771111102,0.06377077218461777,0.09719877584542579,-110.14806144444447,-0.03342800366080802
normal,managers_drivers,managers+drivers,drivers_idle_duration_avg,17.197665222222213,-196.26992111111144,0.14492008960018382,-1.653913725247405,213.46758633333366,1.7988338148475889
normal,managers_drivers,managers+drivers,drivers_occupied_distance_avg,167.10900444444542,-1115.2589301111107,0.15028853958604632,-1.0030018216188745,1282.367934555556,1.1532903612049208
normal,managers_drivers,managers+drivers,drivers_occupied_duration_avg,12.677452888888865,-141.29135811111098,0.10565733438612347,-1.1775605400118825,153.96881099999985,1.283217874398006
normal,managers_drivers,managers+drivers,drivers_passengers_served,0.01779699999999984,-0.1532402222222231,0.02066682514058306,-0.17795071513012325,0.17103722222222295,0.19861754027070633
normal,managers_drivers,managers+drivers,drivers_pickup,29.541740333333337,25.95581799999968,0.10333910556853788,0.09079529459519392,3.585922333333656,0.012543810973343963
normal,managers_drivers,managers+drivers,drivers_pickup_accept,0.05914733333333344,0.05161044444444496,0.16283399910618532,0.1420847668173808,0.007536888888888482,0.020749232288804514
normal,managers_drivers,managers+drivers,drivers_pickup_reject,0.018259222222222232,0.04024255555555553,0.2239213938930654,0.4935133065444677,-0.0219833333333333,-0.26959191265140225
normal,managers_drivers,managers+drivers,drivers_reject,0.0788524444444445,-0.0053316666666667345,0.17390460432239935,-0.011758689138659031,0.08418411111111124,0.18566329346105837
normal,managers_drivers,managers+drivers,drivers_removed,0.023426555555555617,0.04331644444444466,0.1541560512057303,0.2850394293771631,-0.01988988888888904,-0.13088337817143278
normal,managers_drivers,managers+drivers,drivers_shift_duration_avg,184.44995888888798,-825.5379480000015,0.1974047019818615,-0.8835191592415989,1009.9879068888895,1.0809238612234604
normal,managers_drivers,managers+drivers,drivers_starting,-0.046371666666666755,-0.011372000000000049,-0.297878673030434,-0.07305056111207497,-0.03499966666666671,-0.22482811191835905
normal,managers_drivers,managers+drivers,drivers_total_length_avg,1162.0943670000015,-4514.500310000007,0.19437391098447093,-0.7551031192592526,5676.594677000008,0.9494770302437234
normal,managers_drivers,managers+drivers,drivers_waiting,0.004814222222222053,-0.10707488888888994,0.004478825383387111,-0.0996152043138475,0.111889111111112,0.10409402969723461
normal,managers_drivers,managers+drivers,failed_requests,0.005177900456177886,-0.008551211571366762,0.1198124306553237,-0.19786812282012395,0.013729112027544649,0.31768055347544766
normal,managers_drivers,managers+drivers,passengers_accept,0.0005742222222213655,-0.08407222222222543,0.00016815114758824272,-0.024619111033830986,0.0846464444444468,0.024787262181419228
normal,managers_drivers,managers+drivers,passengers_acceptance_rate,-0.4258803333333332,-0.4893113333333323,-3.6629985906165072,-4.208568896206401,0.06343099999999913,0.545570305589894
normal,managers_drivers,managers+drivers,passengers_arrivals,-0.08111066666666655,-0.08103777777777843,-0.1060589635377021,-0.10596365523453331,-7.288888888812295e-05,-9.530830316878403e-05
normal,managers_drivers,managers+drivers,passengers_cancel,-0.04383333333333337,-0.08244366666666675,-2.9565178290390777,-5.56074913440353,0.03861033333333338,2.604231305364452
normal,managers_drivers,managers+drivers,passengers_change_provider,0.545944333333332,0.6274266666666652,0.4787456631827274,0.5501985775690099,-0.08148233333333321,-0.07145291438628254
normal,managers_drivers,managers+drivers,passengers_departures,-0.1198522222222218,-0.14464933333333274,-0.1622169932006744,-0.19577926455388456,0.024797111111110937,0.03356227135321016
normal,managers_drivers,managers+drivers,passengers_drivers_ratio,-0.0033815555555555266,-0.009968555555555592,-0.048348234761609904,-0.1425267325395087,0.006587000000000065,0.0941784977778988
normal,managers_drivers,managers+drivers,passengers_new,-0.001037222222222134,0.0018512222222217822,-0.0011314295027131287,0.002019362286523895,-0.002888444444443916,-0.003150791789237024
normal,managers_drivers,managers+drivers,passengers_no_ratings_count,-0.003572777777777536,-0.001646111111110904,-0.019278444774194183,-0.00888229386812845,-0.0019266666666666321,-0.010396150906065733
normal,managers_drivers,managers+drivers,passengers_offers_discarded,1.6340370000000064,1.0576097777777704,0.06104645975833618,0.03951154884444678,0.576427222222236,0.021534910913889406
normal,managers_drivers,managers+drivers,passengers_pickup_accept,0.0037963333333337346,0.01492666666666742,0.009542340885542911,0.037519187361013964,-0.011130333333333686,-0.02797684647547105
normal,managers_drivers,managers+drivers,passengers_pickup_reject,0.07218488888888897,0.07622266666666669,1.460787294611472,1.542498779757917,-0.0040377777777777235,-0.0817114851464451
normal,managers_drivers,managers+drivers,passengers_rating_avg,0.0133625555555561,0.009106444444446637,0.634042929666953,0.43209374811583395,0.004256111111109462,0.20194918155111902
normal,managers_drivers,managers+drivers,passengers_ratings_count,-0.07726022222222206,-0.08314855555555489,-0.13333326330547948,-0.14349516390816608,0.005888333333332829,0.010161900602686597
normal,managers_drivers,managers+drivers,passengers_reject,1.330573666666667,1.4154997777777778,0.7396604768404225,0.7868705557817965,-0.08492611111111081,-0.04721007894137408
normal,managers_drivers,managers+drivers,passengers_unassigned,0.27074144444443604,-0.23144411111112362,0.033671674503509476,-0.02878432886800679,0.5021855555555597,0.062456003371516265
normal,managers_drivers,managers+drivers,rides_dispatched,-0.04579644444444542,-0.06751777777777956,-0.05063816163059294,-0.07465592985492873,0.021721333333334147,0.024017768224335795
normal,managers_drivers,managers+drivers,rides_duration_avg,19.545899555555593,-21.129789222222144,0.08363515482956484,-0.09041247695424304,40.67568877777774,0.1740476317838079
normal,managers_drivers,managers+drivers,rides_in_progress,15.51975844444405,-56.76874177777927,0.01878591345483423,-0.06871580339312403,72.28850022222332,0.08750171684795825
normal,managers_drivers,managers+drivers,rides_length_avg,-74.19552311111147,-154.62407711111155,-0.06413307457769685,-0.13365385205282518,80.42855400000008,0.06952077747512833
normal,managers_drivers,managers+drivers,rides_not_served,0.058000222222222286,0.05876111111111121,0.4647809663357254,0.4708782994062255,-0.000760888888888922,-0.006097333070500088
normal,managers_drivers,managers+drivers,rides_offers_generated,1.9136289999999718,1.3693691111111406,0.06480355233079739,0.04637261603585104,0.5442598888888313,0.018430936294946347
normal,managers_drivers,managers+drivers,rides_offers_lyft,0.045648666666664894,0.18485111111111507,0.004084403764106097,0.016539509894881094,-0.13920244444445018,-0.012455106130774996
normal,managers_drivers,managers+drivers,rides_offers_price_lyft_avg,-0.011681666666660817,-0.21963299999999464,-0.02182204373713443,-0.4102874246357822,0.20795133333333382,0.3884653808986478
normal,managers_drivers,managers+drivers,rides_offers_price_no_surge_avg,0.11113344444444806,0.1123561111111151,0.187424317014017,0.18948631973589267,-0.0012226666666670383,-0.0020620027218756776
normal,managers_drivers,managers+drivers,rides_offers_price_uber_avg,0.19641022222222304,0.3231754444444377,0.31416448481225906,0.5169295460242693,-0.12676522222221465,-0.20276506121201027
normal,managers_drivers,managers+drivers,rides_offers_radius_avg,72.85958744444383,88.25484044444374,0.15368038818864577,0.18615310098168014,-15.395252999999911,-0.032472712793034375
normal,managers_drivers,managers+drivers,rides_offers_surge_lyft_avg,0.0,0.0,,,0.0,
normal,managers_drivers,managers+drivers,rides_offers_surge_uber_avg,0.0,0.0,,,0.0,
normal,managers_drivers,managers+drivers,rides_offers_uber,1.8695551111111044,1.1873883333333382,0.09943470725466087,0.06315278464962223,0.6821667777777662,0.03628192260503864
normal,managers_drivers,managers+drivers,rides_partial_acceptances,-0.03516699999999684,-0.018944111111106388,-0.01631158429792342,-0.00878688729030248,-0.016222888888890452,-0.007524697007620939
normal,managers_drivers,managers+drivers,rides_waiting_duration_avg,-23.04235588888878,-92.9151206666669,-0.09992266962789866,-0.40292437763660605,69.87276477777812,0.3030017080087074
normal,managers_drivers,managers+drivers,traffic_duration_avg,26.074601222221986,-6.358525111111248,0.17179691267477357,-0.04189421628902848,32.433126333333234,0.21369112896380205
normal,managers_drivers,managers+drivers,traffic_length_avg,17.82350644444432,-50.78704400000015,0.2235602714504402,-0.6370219787108488,68.61055044444447,0.860582250161289
normal,managers_drivers,managers+drivers,traffic_speed_avg,-0.25009877777777767,-0.21074566666666694,-0.25689380121450006,-0.21647149130648224,-0.03935311111111073,-0.04042230990801782
boycott_tncs,managers_drivers,managers+drivers,drivers_accept,-0.04952733333333326,-0.08491627777777766,-0.05476348963090237,-0.09389384375452259,0.0353889444444444,0.03913035412362022
boycott_tncs,managers_drivers,managers+drivers,drivers_acceptance_rate,-0.39685038888888924,-0.4110655000000003,-1.9623321740423654,-2.0326225672785183,0.014215111111111067,0.07029039323615294
boycott_tncs,managers_drivers,managers+drivers,drivers_busy,130.632620111111,510.6848472222214,0.13433178772781937,0.5251460809292486,-380.05222711111037,-0.39081429320142924
boycott_tncs,managers_drivers,managers+drivers,drivers_change_provider,0.027981388888888903,0.039129055555555625,0.10388720340659788,0.14527542466708096,-0.011147666666666722,-0.04138822126048308
boycott_tncs,managers_drivers,managers+drivers,drivers_change_zone,0.11402783333333344,0.09827811111111118,0.21922503750098538,0.18894529488144857,0.015749722222222262,0.03027974261953681
boycott_tncs,managers_drivers,managers+drivers,drivers_demand_pressure,0.0,0.0,,,0.0,
boycott_tncs,managers_drivers,managers+drivers,drivers_idle,-327.6794952777782,-631.1711493888906,-0.09944497637157246,-0.19154936742132198,303.49165411111244,0.09210439104974952
boycott_tncs,managers_drivers,managers+drivers,drivers_idle_duration_avg,73.92199994444434,179.22169799999983,0.6229207695897568,1.5102529440389325,-105.2996980555555,-0.8873321744491757
boycott_tncs,managers_drivers,managers+drivers,drivers_occupied_distance_avg,228.48169055555536,393.7624813333341,0.20548371830651974,0.35412806425423976,-165.28079077777875,-0.14864434594772002
boycott_tncs,managers_drivers,managers+drivers,drivers_occupied_duration_avg,31.08102261111094,47.89268605555526,0.2590376811388521,0.3991506487597719,-16.81166344444432,-0.1401129676209198
boycott_tncs,managers_drivers,managers+drivers,drivers_passengers_served,-0.013203888888889015,0.05546305555555575,-0.01533305966412088,0.0644066567921068,-0.06866694444444477,-0.07973971645622768
boycott_tncs,managers_drivers,managers+drivers,drivers_pickup,26.28329777777782,34.96995338888888,0.09194084211357054,0.12232738031698348,-8.686655611111064,-0.030386538203412944
boycott_tncs,managers_drivers,managers+drivers,drivers_pickup_accept,0.023869833333333368,0.028794999999999904,0.06571421230032558,0.07927331191481014,-0.004925166666666536,-0.013559099614484565
boycott_tncs,managers_drivers,managers+drivers,drivers_pickup_reject,0.02245344444444443,0.028527055555555555,0.2753571053854338,0.3498406430417762,-0.006073611111111127,-0.07448353765634241
boycott_tncs,managers_drivers,managers+drivers,drivers_reject,0.08411111111111114,0.06876805555555543,0.18550229609179486,0.1516640552574805,0.015343055555555707,0.03383824083431436
boycott_tncs,managers_drivers,managers+drivers,drivers_removed,0.017694444444444457,-0.005943833333333232,0.11643648070097329,-0.03911278691904617,0.02363827777777769,0.15554926762001947
boycott_tncs,managers_drivers,managers+drivers,drivers_shift_duration_avg,209.76684344444357,199.15639283333167,0.22449970423019072,0.21314403435963497,10.6104506111119,0.011355669870555751
boycott_tncs,managers_drivers,managers+drivers,drivers_starting,-0.08398177777777771,-0.09158405555555532,-0.539475553100266,-0.5883104684534589,0.007602277777777611,0.048834915353192954
boycott_tncs,managers_drivers,managers+drivers,drivers_total_length_avg,804.4664182222259,143.9384881111182,0.1345564425797814,0.0240754001308654,660.5279301111077,0.11048104244891599
boycott_tncs,managers_drivers,managers+drivers,drivers_waiting,-0.023851833333333072,-0.08896283333333321,-0.02219012576539172,-0.08276497795888234,0.06511100000000014,0.06057485219349062
boycott_tncs,managers_drivers,managers+drivers,failed_requests,0.0399402077995131,0.036623765913302186,0.924184120154121,0.8474443359738426,0.0033164418862109135,0.07673978418027838
boycott_tncs,managers_drivers,managers+drivers,passengers_accept,0.2707967777777771,0.10097216666666764,0.07929820056489852,0.029567970451910064,0.16982461111110947,0.04973023011298845
boycott_tncs,managers_drivers,managers+drivers,passengers_acceptance_rate,-0.5527721666666672,-0.5595291111111109,-4.754395798425463,-4.812512306842627,0.0067569444444437465,0.05811650841716354
boycott_tncs,managers_drivers,managers+drivers,passengers_arrivals,-0.13304600000000044,-0.1878144444444454,-0.17396874471303214,-0.2455830550258976,0.05476844444444495,0.07161431031286547
boycott_tncs,managers_drivers,managers+drivers,passengers_cancel,0.008833500000000001,0.004361000000000004,0.5958114123836502,0.2941454202077436,0.004472499999999997,0.3016659921759066
boycott_tncs,managers_drivers,managers+drivers,passengers_change_provider,0.32544366666666624,0.24835149999999984,0.2853857701492496,0.21778264982435697,0.0770921666666664,0.06760312032489263
boycott_tncs,managers_drivers,managers+drivers,passengers_departures,-0.09447188888888913,-0.12016633333333315,-0.12786534511750086,-0.1626421347544199,0.02569444444444402,0.03477678963691905
boycott_tncs,managers_drivers,managers+drivers,passengers_drivers_ratio,0.00630600000000002,0.00554405555555558,0.09016086336532958,0.07926686258075506,0.0007619444444444401,0.010894000784574517
boycott_tncs,managers_drivers,managers+drivers,passengers_new,-0.0011200000000000099,-0.001712555555555273,-0.0012217256976271463,-0.0018681010096749928,0.0005925555555552631,0.0006463753120478466
boycott_tncs,managers_drivers,managers+drivers,passengers_no_ratings_count,0.0047972222222222305,0.02809305555555569,0.02588545648035738,0.15158805102147954,-0.02329583333333346,-0.12570259454112215
boycott_tncs,managers_drivers,managers+drivers,passengers_offers_discarded,2.810758722222225,1.3970278888888856,0.10500794610313649,0.05219196799113386,1.4137308333333394,0.05281597811200263
boycott_tncs,managers_drivers,managers+drivers,passengers_pickup_accept,0.026435722222222235,0.045314666666666725,0.06644797778556674,0.11390148295233209,-0.01887894444444449,-0.047453505166765345
boycott_tncs,managers_drivers,managers+drivers,passengers_pickup_reject,0.020083000000000018,0.011999833333333348,0.4064145791349676,0.24283758471624878,0.008083166666666669,0.1635769944187188
boycott_tncs,managers_drivers,managers+drivers,passengers_rating_avg,-0.0066595000000004845,0.010317277777778244,-0.31598812611572036,0.4895468536099218,-0.01697677777777873,-0.8055349797256421
boycott_tncs,managers_drivers,managers+drivers,passengers_ratings_count,-0.13743461111111133,-0.2128613333333329,-0.23718033243364586,-0.36734939906405617,0.07542672222222158,0.1301690666304103
boycott_tncs,managers_drivers,managers+drivers,passengers_reject,0.7791850555555553,0.5996016111111113,0.4331457958152535,0.3333160911712493,0.17958344444444396,0.0998297046440042
boycott_tncs,managers_drivers,managers+drivers,passengers_unassigned,0.6916950000000028,0.21992672222222076,0.08602498573315018,0.027351929884566098,0.4717682777777821,0.05867305584858408
boycott_tncs,managers_drivers,managers+drivers,rides_dispatched,-0.04952733333333326,-0.08491627777777766,-0.05476348963090237,-0.09389384375452259,0.0353889444444444,0.03913035412362022
boycott_tncs,managers_drivers,managers+drivers,rides_duration_avg,38.0773466666667,82.37169927777768,0.1629295584433981,0.35246112889765463,-44.29435261111098,-0.18953157045425653
boycott_tncs,managers_drivers,managers+drivers,rides_in_progress,125.30062050000015,144.21025950000012,0.1516703124585488,0.17455951160348324,-18.90963899999997,-0.022889199144934425
boycott_tncs,managers_drivers,managers+drivers,rides_length_avg,-156.25315899999987,-116.0047826111122,-0.1350619967210256,-0.10027213317745043,-40.248376388887664,-0.03478986354357516
boycott_tncs,managers_drivers,managers+drivers,rides_not_served,0.041213611111111104,0.04341733333333328,0.33026256218493966,0.34792194528274273,-0.0022037222222221764,-0.017659383097803072
boycott_tncs,managers_drivers,managers+drivers,rides_offers_generated,3.367657611111106,1.8597222777777986,0.11404309625003065,0.06297804326163799,1.5079353333333074,0.05106505298839266
boycott_tncs,managers_drivers,managers+drivers,rides_offers_lyft,0.6660647222222202,0.5968695555555534,0.059595985101780796,0.05340476376217335,0.06919516666666681,0.006191221339607443
boycott_tncs,managers_drivers,managers+drivers,rides_offers_price_lyft_avg,0.13746200000000286,0.0446127222222259,0.2567871402079216,0.08333920178911652,0.09284927777777696,0.17344793841880507
boycott_tncs,managers_drivers,managers+drivers,rides_offers_price_no_surge_avg,0.21330388888889473,0.12305950000000365,0.35973271494719766,0.20753736964497854,0.09024438888889108,0.15219534530221912
boycott_tncs,managers_drivers,managers+drivers,rides_offers_price_uber_avg,0.2680071111111104,0.16674861111110317,0.4286860176400593,0.26671978123220175,0.10125850000000725,0.16196623640785757
boycott_tncs,managers_drivers,managers+drivers,rides_offers_radius_avg,-9.810155166666618,-23.963735611110906,-0.020692245277311727,-0.050545938020493716,14.153580444444287,0.02985369274318199
boycott_tncs,managers_drivers,managers+drivers,rides_offers_surge_lyft_avg,0.0,0.0,,,0.0,
boycott_tncs,managers_drivers,managers+drivers,rides_offers_surge_uber_avg,0.0,0.0,,,0.0,
boycott_tncs,managers_drivers,managers+drivers,rides_offers_uber,2.701398166666671,1.2616113888888947,0.14367735633165554,0.06710043388277427,1.4397867777777762,0.07657692244888127
boycott_tncs,managers_drivers,managers+drivers,rides_partial_acceptances,0.23773994444444435,0.11778627777777828,0.11027142334545265,0.05463305937700194,0.11995366666666607,0.055638363968450705
boycott_tncs,managers_drivers,managers+drivers,rides_waiting_duration_avg,-25.562291055555534,-27.932121555555568,-0.11085031306664901,-0.12112703091908911,2.3698305000000346,0.010276717852440095
boycott_tncs,managers_drivers,managers+drivers,traffic_duration_avg,29.21804883333334,68.08875583333293,0.19250804801070273,0.44861426413931016,-38.870706999999584,-0.2561062161286074
boycott_tncs,managers_drivers,managers+drivers,traffic_length_avg,-12.293384555555349,-0.34696138888875794,-0.15419594325342567,-0.0043519372871195505,-11.946423166666591,-0.14984400596630612
boycott_tncs,managers_drivers,managers+drivers,traffic_speed_avg,-0.33069511111111094,-0.3857834444444457,-0.3396798852486565,-0.3962649332777447,0.05508833333333474,0.0565850480290882
flash_mob,managers_drivers,managers+drivers,drivers_accept,-0.01716688888888873,-0.020241444444443868,-0.018981816269699817,-0.02238142169874796,0.0030745555555551363,0.0033996054290481442
flash_mob,managers_drivers,managers+drivers,drivers_acceptance_rate,-0.11697633333333335,-0.2011155555555555,-0.5784205557771879,-0.9944692922489929,0.08413922222222214,0.41604873647180507
flash_mob,managers_drivers,managers+drivers,drivers_busy,-56.78003699999954,43.7589111111115,-0.05838789630778382,0.04499804683989775,-100.53894811111104,-0.10338594314768157
flash_mob,managers_drivers,managers+drivers,drivers_change_provider,0.08329622222222244,0.19751833333333335,0.30925597065117,0.7333312636128766,-0.11422211111111091,-0.4240752929617066
flash_mob,managers_drivers,managers+drivers,drivers_change_zone,0.1526666666666665,0.22622200000000037,0.2935104065979537,0.43492474586071483,-0.07355533333333386,-0.14141433926276115
flash_mob,managers_drivers,managers+drivers,drivers_demand_pressure,0.0,0.0,,,0.0,
flash_mob,managers_drivers,managers+drivers,drivers_idle,281.06253088888843,359.1247772222232,0.08529754576033532,0.10898806760867265,-78.06224633333477,-0.023690521848337323
flash_mob,managers_drivers,managers+drivers,drivers_idle_duration_avg,4.630023555555681,-26.829134222222137,0.03901596058836347,-0.22608188292651216,31.45915777777782,0.26509784351487564
flash_mob,managers_drivers,managers+drivers,drivers_occupied_distance_avg,519.31866888889,1124.4816693333341,0.46704631259428864,1.0112962400632837,-605.1630004444442,-0.544249927468995
flash_mob,managers_drivers,managers+drivers,drivers_occupied_duration_avg,60.4572297777778,116.02816044444455,0.5038669674953321,0.96701019153698,-55.570930666666754,-0.46314322404164787
flash_mob,managers_drivers,managers+drivers,drivers_passengers_served,-0.09075899999999981,0.23229644444444464,-0.10539418907311292,0.26975501478409547,-0.32305544444444445,-0.3751492038572084
flash_mob,managers_drivers,managers+drivers,drivers_pickup,-85.92191666666668,-133.21649500000035,-0.30056096617466654,-0.4660007597704823,47.294578333333675,0.16543979359581573
flash_mob,managers_drivers,managers+drivers,drivers_pickup_accept,-0.028148222222222463,-0.07161033333333444,-0.07749271748809305,-0.19714493108723627,0.04346211111111198,0.11965221359914321
flash_mob,managers_drivers,managers+drivers,drivers_pickup_reject,0.011612555555555515,0.038093777777777726,0.1424102075660144,0.4671618382666535,-0.02648122222222221,-0.32475163070063906
flash_mob,managers_drivers,managers+drivers,drivers_reject,0.07149977777777772,0.12894488888888822,0.15768871404290313,0.28438065604189056,-0.0574451111111105,-0.12669194199898742
flash_mob,managers_drivers,managers+drivers,drivers_removed,-0.0025006666666667066,0.019720555555555574,-0.01645538106534472,0.1297690975021177,-0.02222122222222228,-0.14622447856746243
flash_mob,managers_drivers,managers+drivers,drivers_shift_duration_avg,148.1821331111114,297.25907711111176,0.15858962507796864,0.31813690760360125,-149.07694400000037,-0.1595472825256326
flash_mob,managers_drivers,managers+drivers,drivers_starting,-0.06338833333333327,-0.05764655555555542,-0.4071890008757669,-0.3703054194083458,-0.005741777777777846,-0.0368835814674211
flash_mob,managers_drivers,managers+drivers,drivers_total_length_avg,1499.6583850000025,3016.175449999999,0.2508354516730099,0.5044907152809954,-1516.5170649999964,-0.2536552636079855
flash_mob,managers_drivers,managers+drivers,drivers_waiting,-0.05212977777777805,-0.10757388888888819,-0.04849800469610988,-0.10007944002278218,0.05544411111111014,0.0515814353266723
flash_mob,managers_drivers,managers+drivers,failed_requests,0.0146932459650147,0.03339828836989944,0.33998983336663413,0.7728093931490614,-0.018705042404884742,-0.43281955978242725
flash_mob,managers_drivers,managers+drivers,passengers_accept,0.39059177777777876,0.6931657777777787,0.11437811552779997,0.20298173162183397,-0.3025739999999999,-0.088603616094034
flash_mob,managers_drivers,managers+drivers,passengers_acceptance_rate,-0.3387496666666665,-0.3257196666666662,-2.913587349431831,-2.801516263025554,-0.013030000000000319,-0.11207108640627705
flash_mob,managers_drivers,managers+drivers,passengers_arrivals,0.03190722222222253,0.013962111111111453,0.04172135499962269,0.018256625103677898,0.01794511111111108,0.023464729895944794
flash_mob,managers_drivers,managers+drivers,passengers_cancel,0.004945000000000005,0.0014436666666666764,0.3335356805611762,0.09737398264310526,0.0035013333333333285,0.23616169791807096
flash_mob,managers_drivers,managers+drivers,passengers_change_provider,0.607054777777777,0.6024067777777788,0.5323342041138488,0.5282583126600697,0.004647999999998209,0.004075891453779068
flash_mob,managers_drivers,managers+drivers,passengers_departures,0.0046480000000004296,0.04559200000000052,0.006290952060937327,0.06170763475951618,-0.04094400000000009,-0.055416682698578856
flash_mob,managers_drivers,managers+drivers,passengers_drivers_ratio,0.000492222222222255,0.011555555555555541,0.007037611881249517,0.1652170735101356,-0.011063333333333286,-0.15817946162888608
flash_mob,managers_drivers,managers+drivers,passengers_new,0.0014067777777775348,0.0039064444444441015,0.0015345505017514373,0.004261253182259033,-0.002499666666666567,-0.0027267026805075957
flash_mob,managers_drivers,managers+drivers,passengers_no_ratings_count,0.00951866666666662,0.005872666666666582,0.051362021673636155,0.031688475201222616,0.003646000000000038,0.01967354647241354
flash_mob,managers_drivers,managers+drivers,passengers_offers_discarded,4.682148111111118,6.874870555555546,0.1749217222422219,0.25684027271933885,-2.1927224444444278,-0.08191855047711694
flash_mob,managers_drivers,managers+drivers,passengers_pickup_accept,-0.05901944444444451,-0.07442755555555558,-0.14834936985622754,-0.18707870042726826,0.015408111111111067,0.03872933057104072
flash_mob,managers_drivers,managers+drivers,passengers_pickup_reject,0.04179711111111112,0.03948311111111111,0.8458375402718565,0.7990097089658605,0.0023140000000000105,0.04682783130599599
flash_mob,managers_drivers,managers+drivers,passengers_rating_avg,0.010416000000000203,0.016673444444443852,0.4942311467259055,0.791142047585254,-0.0062574444444436494,-0.29691090085934846
flash_mob,managers_drivers,managers+drivers,passengers_ratings_count,0.02472222222222209,0.0083886666666666,0.04266483411827429,0.01447689728656839,0.01633355555555549,0.028187936831705902
flash_mob,managers_drivers,managers+drivers,passengers_reject,1.4801864444444455,1.5802978888888894,0.8228296100683197,0.878481153902391,-0.10011144444444398,-0.05565154383407134
flash_mob,managers_drivers,managers+drivers,passengers_unassigned,1.0335178888888912,2.6804443333333303,0.12853694424077375,0.3333625160417555,-1.6469264444444391,-0.20482557180098174
flash_mob,managers_drivers,managers+drivers,rides_dispatched,-0.01716688888888873,-0.020241444444443868,-0.018981816269699817,-0.02238142169874796,0.0030745555555551363,0.0033996054290481442
flash_mob,managers_drivers,managers+drivers,rides_duration_avg,-34.89531177777792,17.49516544444441,-0.14931391594769894,0.07486024710994016,-52.39047722222233,-0.2241741630576391
flash_mob,managers_drivers,managers+drivers,rides_in_progress,-206.7799628888888,-18.139536666667027,-0.2502970971442624,-0.02195702769154833,-188.64042622222178,-0.22834006945271407
flash_mob,managers_drivers,managers+drivers,rides_length_avg,-30.83490555555545,34.64388322222385,-0.026653054182652187,0.02994545564460297,-65.4787887777793,-0.05659850982725516
flash_mob,managers_drivers,managers+drivers,rides_not_served,0.03655577777777763,0.09316544444444441,0.2929373210952938,0.7465751619378383,-0.05660966666666678,-0.45363784084254455
flash_mob,managers_drivers,managers+drivers,rides_offers_generated,5.220351444444432,7.6973884444444565,0.17678312672686997,0.2606660511886258,-2.477037000000024,-0.08388292446175583
flash_mob,managers_drivers,managers+drivers,rides_offers_lyft,1.1616850000000056,0.9170549999999906,0.10394149343622594,0.08205328145164717,0.244630000000015,0.02188821198457877
flash_mob,managers_drivers,managers+drivers,rides_offers_price_lyft_avg,-0.6969954444444397,-1.1076685555555414,-1.302028683685915,-2.06919032663093,0.4106731111111017,0.7671616429450152
flash_mob,managers_drivers,managers+drivers,rides_offers_price_no_surge_avg,-0.8619585555555567,-1.410461777777769,-1.453675753298039,-2.378715396574582,0.5485032222222124,0.9250396432765431
flash_mob,managers_drivers,managers+drivers,rides_offers_price_uber_avg,-0.9556242222222195,-1.5799372222222274,-1.5285517629977525,-2.5271605410311304,0.6243130000000079,0.9986087780333779
flash_mob,managers_drivers,managers+drivers,rides_offers_radius_avg,-19.66823488888872,8.971334666666962,-0.04148557628074223,0.01892294813218534,-28.63956955555568,-0.06040852441292757
flash_mob,managers_drivers,managers+drivers,rides_offers_surge_lyft_avg,0.0,0.0,,,0.0,
flash_mob,managers_drivers,managers+drivers,rides_offers_surge_uber_avg,0.0,0.0,,,0.0,
flash_mob,managers_drivers,managers+drivers,rides_offers_uber,4.058667,6.778204444444462,0.21586545515061262,0.3605075724379234,-2.7195374444444624,-0.1446421172873108
flash_mob,managers_drivers,managers+drivers,rides_partial_acceptances,0.3364258888888898,0.5861478888888882,0.15604513454703092,0.2718742201683911,-0.24972199999999845,-0.11582908562136016
flash_mob,managers_drivers,managers+drivers,rides_waiting_duration_avg,35.197326111111124,49.544149999999945,0.15263243071781135,0.21484711703599124,-14.34682388888882,-0.06221468631817989
flash_mob,managers_drivers,managers+drivers,traffic_duration_avg,-57.25742466666668,-67.5886235555555,-0.37725020994984615,-0.44531905818318085,10.33119888888882,0.0680688482333347
flash_mob,managers_drivers,managers+drivers,traffic_length_avg,-26.576774777778155,-50.44686044444552,-0.3333525309465297,-0.6327550557986922,23.870085666667364,0.29940252485216245
flash_mob,managers_drivers,managers+drivers,traffic_speed_avg,0.276114333333334,0.22718877777777724,0.28361618273414185,0.2333613512036738,0.04892555555555678,0.05025483153046806
long_rides,managers_drivers,managers+drivers,drivers_accept,-0.05489852777777804,-0.04629680555555549,-0.06070254048357455,-0.05119142219755225,-0.008601722222222552,-0.009511118286022295
long_rides,managers_drivers,managers+drivers,drivers_acceptance_rate,-0.1853660833333335,-0.16461902777777815,-0.9165918428848051,-0.8140025150847271,-0.020747055555555338,-0.10258932780007801
long_rides,managers_drivers,managers+drivers,drivers_busy,-131.09326316666602,-93.34829249999939,-0.13480547496692147,-0.0959916673354525,-37.74497066666663,-0.038813807631468966
long_rides,managers_drivers,managers+drivers,drivers_change_provider,0.03586530555555567,0.025680500000000328,0.13315801829155555,0.09534463559607487,0.010184805555555343,0.03781338269548068
long_rides,managers_drivers,managers+drivers,drivers_change_zone,0.11420344444444441,0.12536522222222235,0.2195626599155616,0.2410218166879084,-0.011161777777777937,-0.021459156772346805
long_rides,managers_drivers,managers+drivers,drivers_demand_pressure,0.0,0.0,,,0.0,
long_rides,managers_drivers,managers+drivers,drivers_idle,145.49724333333234,68.9298504999997,0.04415586002153303,0.020918999977272458,76.56739283333263,0.023236860044260572
long_rides,managers_drivers,managers+drivers,drivers_idle_duration_avg,50.446381583333164,-31.661847444444447,0.42509806096324565,-0.2668058547056271,82.10822902777761,0.6919039156688728
long_rides,managers_drivers,managers+drivers,drivers_occupied_distance_avg,25.45514619444475,214.72394286111194,0.02289294200052644,0.19311076559900373,-189.26879666666719,-0.17021782359847729
long_rides,managers_drivers,managers+drivers,drivers_occupied_duration_avg,-5.634070027777852,21.886830027777705,-0.04695586929780615,0.18241078386684034,-27.520900055555558,-0.2293666531646465
long_rides,managers_drivers,managers+drivers,drivers_passengers_served,0.08043513888888842,0.17909752777777754,0.09340557119599843,0.20797759676878566,-0.09866238888888912,-0.11457202557278723
long_rides,managers_drivers,managers+drivers,drivers_pickup,-42.05694072222218,7.083471944444341,-0.14711816528559485,0.024778487888635334,-49.14041266666652,-0.1718966531742302
long_rides,managers_drivers,managers+drivers,drivers_pickup_accept,-0.03644425000000018,-0.01963886111111135,-0.10033187698389806,-0.054066246310566786,-0.016805388888888828,-0.046265630673331275
long_rides,managers_drivers,managers+drivers,drivers_pickup_reject,0.015505138888888936,0.016514611111111188,0.19014678009012342,0.20252641074170913,-0.0010094722222222519,-0.012379630651585705
long_rides,managers_drivers,managers+drivers,drivers_reject,0.10780541666666665,0.09731916666666685,0.23775874624199972,0.21463191523601172,0.010486249999999808,0.023126831005988002
long_rides,managers_drivers,managers+drivers,drivers_removed,0.07160611111111109,0.06873133333333348,0.4711966855268173,0.4522795045837963,0.002874777777777615,0.018917180943021028
long_rides,managers_drivers,managers+drivers,drivers_shift_duration_avg,142.7471385000008,219.48128691666898,0.1527729065601531,0.23489643638511354,-76.73414841666818,-0.08212352982496043
long_rides,managers_drivers,managers+drivers,drivers_starting,-0.06531961111111123,-0.05915808333333339,-0.4195949914957072,-0.3800150529207595,-0.006161527777777842,-0.03957993857494774
long_rides,managers_drivers,managers+drivers,drivers_total_length_avg,571.226931833331,1927.3234733888748,0.09554440323700852,0.32236745301663605,-1356.0965415555438,-0.22682304977962753
long_rides,managers_drivers,managers+drivers,drivers_waiting,-0.03256491666666639,-0.03457416666666635,-0.03029618672385083,-0.032165456459683,0.0020092499999999625,0.0018692697358321728
long_rides,managers_drivers,managers+drivers,failed_requests,0.03939045774981076,0.06081439145308162,0.9114633484310697,1.4071958548613184,-0.021423933703270864,-0.4957325064302487
long_rides,managers_drivers,managers+drivers,passengers_accept,0.35865763888888935,0.5027409444444437,0.10502674963910921,0.14721907908910736,-0.14408330555555438,-0.04219232944999815
long_rides,managers_drivers,managers+drivers,passengers_acceptance_rate,-0.5196140277777779,-0.5011134999999998,-4.469202502302057,-4.310079382797448,-0.01850052777777811,-0.159123119504609
long_rides,managers_drivers,managers+drivers,passengers_arrivals,-0.10911094444444469,-0.09620847222222206,-0.14267166272908144,-0.1258006038757914,-0.012902472222222627,-0.016871058853290044
long_rides,managers_drivers,managers+drivers,passengers_cancel,0.01972208333333332,0.03216641666666664,1.3302362965960688,2.1695950807140587,-0.012444333333333321,-0.8393587841179899
long_rides,managers_drivers,managers+drivers,passengers_change_provider,1.0796992777777779,1.0503843888888889,0.9468022932331355,0.9210956871464846,0.029314888888889,0.025706606086650874
long_rides,managers_drivers,managers+drivers,passengers_departures,-0.11398652777777807,-0.10628772222222205,-0.15427792208318333,-0.14385778080166947,-0.007698805555556021,-0.010420141281513862
long_rides,managers_drivers,managers+drivers,passengers_drivers_ratio,0.00994586111111112,0.011759388888888944,0.14220225573888867,0.168131407369313,-0.0018135277777778236,-0.025929151630424335
long_rides,managers_drivers,managers+drivers,passengers_new,0.002731750000000144,0.0037965000000004245,0.0029798653343688416,0.00414132286700173,-0.0010647500000002807,-0.0011614575326328886
long_rides,managers_drivers,managers+drivers,passengers_no_ratings_count,0.03987986111111114,0.056371166666666805,0.21518878246923592,0.30417464814065465,-0.01649130555555567,-0.08898586567141872
long_rides,managers_drivers,managers+drivers,passengers_offers_discarded,5.620398305555554,6.6783102777777685,0.209974081973613,0.24949692058750317,-1.0579119722222146,-0.039522838613890166
long_rides,managers_drivers,managers+drivers,passengers_pickup_accept,-0.08709708333333332,-0.07674497222222199,-0.21892441635871018,-0.1929036841327298,-0.01035211111111134,-0.026020732225980392
long_rides,managers_drivers,managers+drivers,passengers_pickup_reject,0.06624947222222224,0.07385605555555552,1.3406737723999482,1.494606270735441,-0.007606583333333278,-0.15393249833549283
long_rides,managers_drivers,managers+drivers,passengers_rating_avg,-0.030256750000000388,-0.04340530555555677,-1.4356593940763194,-2.0595481892003384,0.013148555555556385,0.6238887951240191
long_rides,managers_drivers,managers+drivers,passengers_ratings_count,-0.15099091666666653,-0.1542738333333331,-0.2605753785013297,-0.2662409329061254,0.00328291666666658,0.0056655544047956585
long_rides,managers_drivers,managers+drivers,passengers_reject,2.346652638888888,2.1837080833333324,1.3044946351656768,1.213914421021873,0.16294455555555576,0.09058021414380368
long_rides,managers_drivers,managers+drivers,passengers_unassigned,1.8289536111111104,1.6656990000000036,0.22746399540610548,0.20716028410024973,0.16325461111110684,0.02030371130585576
long_rides,managers_drivers,managers+drivers,rides_dispatched,-0.05489852777777804,-0.04629680555555549,-0.06070254048357455,-0.05119142219755225,-0.008601722222222552,-0.009511118286022295
long_rides,managers_drivers,managers+drivers,rides_duration_avg,-59.005433666666704,26.359861166666633,-0.25247896964121136,0.11279148671023298,-85.36529483333334,-0.36527045635144434
long_rides,managers_drivers,managers+drivers,rides_in_progress,-268.1148236944441,-121.23228630555604,-0.3245399657418697,-0.14674579160625872,-146.88253738888807,-0.177794174135611
long_rides,managers_drivers,managers+drivers,rides_length_avg,-134.29913880555523,-211.31342997222055,-0.11608539603984887,-0.18265495538568116,77.01429116666532,0.0665695593458323
long_rides,managers_drivers,managers+drivers,rides_not_served,0.08122705555555548,0.1285426111111112,0.650907667716695,1.0300677604067723,-0.04731555555555572,-0.37916009269007733
long_rides,managers_drivers,managers+drivers,rides_offers_generated,6.255606361111106,7.378282472222224,0.21184122637310498,0.24985977652934038,-1.1226761111111188,-0.0380185501562354
long_rides,managers_drivers,managers+drivers,rides_offers_lyft,3.724407500000005,2.8542037499999964,0.3332404892161639,0.25537921239085865,0.8702037500000088,0.07786127682530525
long_rides,managers_drivers,managers+drivers,rides_offers_price_lyft_avg,0.017918666666663086,-0.15323322222222302,0.033473128353081805,-0.2862487154216349,0.1711518888888861,0.3197218437747167
long_rides,managers_drivers,managers+drivers,rides_offers_price_no_surge_avg,0.0178294722222212,-0.2703282499999986,0.03006904600748328,-0.45590315209901083,0.2881577222222198,0.4859721981064941
long_rides,managers_drivers,managers+drivers,rides_offers_price_uber_avg,-0.015936499999998688,-0.34390197222222696,-0.025490945713331936,-0.5500822956499425,0.32796547222222827,0.5245913499366106
long_rides,managers_drivers,managers+drivers,rides_offers_radius_avg,36.65000863888872,-38.19658400000003,0.07730468634668555,-0.08056682809350527,74.84659263888875,0.15787151444019082
long_rides,managers_drivers,managers+drivers,rides_offers_surge_lyft_avg,0.0,0.0,,,0.0,
long_rides,managers_drivers,managers+drivers,rides_offers_surge_uber_avg,0.0,0.0,,,0.0,
long_rides,managers_drivers,managers+drivers,rides_offers_uber,2.531435138888881,4.524393361111102,0.1346376528156911,0.2406357141831685,-1.9929582222222209,-0.10599806136747741
long_rides,managers_drivers,managers+drivers,rides_partial_acceptances,0.30577733333333423,0.4525224166666675,0.1418293499320772,0.20989443359282955,-0.14674508333333325,-0.06806508366075237
long_rides,managers_drivers,managers+drivers,rides_waiting_duration_avg,-9.182609611111047,-5.028748611111155,-0.039820184659827576,-0.021807057773641843,-4.153860999999893,-0.018013126886185733
long_rides,managers_drivers,managers+drivers,traffic_duration_avg,-56.12828663888888,-35.831469777777784,-0.36981069340642203,-0.23608168853510492,-20.296816861111097,-0.13372900487131711
long_rides,managers_drivers,managers+drivers,traffic_length_avg,-33.49491205555569,-19.474346111111117,-0.4201267385118117,-0.24426675617899493,-14.02056594444457,-0.17585998233281677
long_rides,managers_drivers,managers+drivers,traffic_speed_avg,0.18618583333333394,0.1951023055555563,0.19124438304847818,0.20040311010401568,-0.00891647222222236,-0.009158727055537497
underground_alarm,managers_drivers,managers+drivers,drivers_accept,-0.007691851851852505,-0.016569037037036605,-0.008505054093995823,-0.018320757991650262,0.0088771851851841,0.009815703897654439
underground_alarm,managers_drivers,managers+drivers,drivers_acceptance_rate,-0.03572355555555573,-0.042680518518518396,-0.1766446106658196,-0.2110451622038073,0.006956962962962665,0.03440055153798771
underground_alarm,managers_drivers,managers+drivers,drivers_busy,-251.29725977777798,-465.3252868888894,-0.25841332837340764,-0.4785020587474865,214.02802711111144,0.2200887303740789
underground_alarm,managers_drivers,managers+drivers,drivers_change_provider,0.00018592592592625579,-0.02940651851851761,0.0006902918422655897,-0.10917831787921782,0.029592444444443866,0.1098686097214834
underground_alarm,managers_drivers,managers+drivers,drivers_change_zone,0.06906081481481485,-0.02409933333333303,0.13277337010665272,-0.046332347983010086,0.09316014814814788,0.1791057180896628
underground_alarm,managers_drivers,managers+drivers,drivers_demand_pressure,0.0,0.0,,,0.0,
underground_alarm,managers_drivers,managers+drivers,drivers_idle,-60.68847933333382,-265.6086114074087,-0.01841788845595589,-0.08060755239843408,204.9201320740749,0.062189663942478185
underground_alarm,managers_drivers,managers+drivers,drivers_idle_duration_avg,158.7822142962964,-79.57027874074083,1.3380149238514778,-0.6705172926450146,238.35249303703722,2.0085322164964925
underground_alarm,managers_drivers,managers+drivers,drivers_occupied_distance_avg,404.41341874073987,105.74735177777757,0.3637069246723423,0.09510328373153287,298.6660669629623,0.2686036409408094
underground_alarm,managers_drivers,managers+drivers,drivers_occupied_duration_avg,62.45309911111099,10.507143185185157,0.5205010844107116,0.08756938406239162,51.94595592592583,0.43293170034832
underground_alarm,managers_drivers,managers+drivers,drivers_passengers_served,-0.004716370370370093,-0.10649466666666596,-0.005476900699144027,-0.1236672840593743,0.10177829629629587,0.11819038336023027
underground_alarm,managers_drivers,managers+drivers,drivers_pickup,-42.72739955555562,10.886657037036912,-0.14946347789668116,0.03808229942260418,-53.61405659259253,-0.18754577731928535
underground_alarm,managers_drivers,managers+drivers,drivers_pickup_accept,-0.008334074074074271,-0.00045688888888872903,-0.022943901843904324,-0.001257825851685622,-0.007877185185185542,-0.021686075992218702
underground_alarm,managers_drivers,managers+drivers,drivers_pickup_reject,0.02223481481481482,0.014802148148148286,0.2726759478411981,0.18152567538781117,0.007432666666666532,0.09115027245338692
underground_alarm,managers_drivers,managers+drivers,drivers_reject,0.026407111111111492,0.020641629629630343,0.058239389297702726,0.045523946132570256,0.0057654814814811495,0.01271544316513247
underground_alarm,managers_drivers,managers+drivers,drivers_removed,0.04281399999999991,0.020616518518518534,0.28173314513395986,0.13566489008115956,0.022197481481481374,0.1460682550528003
underground_alarm,managers_drivers,managers+drivers,drivers_shift_duration_avg,300.78543933333276,-187.97619059259296,0.32191094196907905,-0.2011785966619259,488.7616299259257,0.5230895386310049
underground_alarm,managers_drivers,managers+drivers,drivers_starting,-0.0569755555555555,-0.04748118518518507,-0.36599510226921494,-0.3050059110133746,-0.00949437037037043,-0.06098919125584035
underground_alarm,managers_drivers,managers+drivers,drivers_total_length_avg,917.7529011111146,-377.8740218518433,0.15350493537527965,-0.06320386155591284,1295.626922962958,0.2167087969311925
underground_alarm,managers_drivers,managers+drivers,drivers_waiting,-0.007703333333333617,0.004062222222221301,-0.007166658138622845,0.0037792156576948177,-0.011765555555554918,-0.010945873796317663
underground_alarm,managers_drivers,managers+drivers,failed_requests,0.023494198957661416,0.017187150640028015,0.5436367707800679,0.39769677143252785,0.006307048317633401,0.14593999934754004
underground_alarm,managers_drivers,managers+drivers,passengers_accept,0.085259407407408,-0.07565414814814986,0.024966757891725058,-0.022154022151407077,0.16091355555555786,0.04712078004313214
underground_alarm,managers_drivers,managers+drivers,passengers_acceptance_rate,-0.477028074074074,-0.47270229629629634,-4.1029205301438525,-4.065714496751092,-0.004325777777777651,-0.03720603339276085
underground_alarm,managers_drivers,managers+drivers,passengers_arrivals,0.06948111111111155,0.08071555555555543,0.09085234942250611,0.10554232279673902,-0.01123444444444388,-0.014689973374232904
underground_alarm,managers_drivers,managers+drivers,passengers_cancel,0.0065557777777777715,0.001999999999999953,0.4421811532293112,0.13489815189531607,0.004555777777777818,0.3072830013339951
underground_alarm,managers_drivers,managers+drivers,passengers_change_provider,0.8474071851851854,0.5682214814814839,0.7431023459485018,0.4982807831809327,0.27918570370370155,0.24482156276756906
underground_alarm,managers_drivers,managers+drivers,passengers_departures,-0.02027192592592586,-0.06805037037036987,-0.0274375460806498,-0.09210447885735518,0.04777844444444401,0.06466693277670538
underground_alarm,managers_drivers,managers+drivers,passengers_drivers_ratio,0.004792888888888902,0.0003579259259259282,0.06852695848974268,0.005117492943596091,0.004434962962962974,0.06340946554614658
underground_alarm,managers_drivers,managers+drivers,passengers_new,-0.002691629629629766,-0.004518962962962725,-0.0029361009705475834,-0.004929404623640018,0.0018273333333329589,0.001993303653092435
underground_alarm,managers_drivers,managers+drivers,passengers_no_ratings_count,0.023370740740740747,0.022185925925925887,0.12610678937402267,0.11971361621975389,0.0011848148148148607,0.00639317315426878
underground_alarm,managers_drivers,managers+drivers,passengers_offers_discarded,3.2049134074074175,1.474406222222214,0.11973328471402316,0.055082767472418644,1.7305071851852034,0.0646505172416045
underground_alarm,managers_drivers,managers+drivers,passengers_pickup_accept,-0.0754692592592594,-0.06043000000000065,-0.1896970932209657,-0.15189489675475548,-0.015039259259258753,-0.03780219646621022
underground_alarm,managers_drivers,managers+drivers,passengers_pickup_reject,0.0891481481481482,0.07483992592592609,1.804068471358431,1.5145166059690973,0.014308222222222111,0.28955186538933364
underground_alarm,managers_drivers,managers+drivers,passengers_rating_avg,-0.006116814814815186,0.0006314814814816216,-0.290238133663216,0.029963308057683352,-0.006748296296296807,-0.32020144172089937
underground_alarm,managers_drivers,managers+drivers,passengers_ratings_count,0.04596318518518516,0.054334222222222506,0.07932182041915115,0.09376829304498563,-0.008371037037037343,-0.014446472625834483
underground_alarm,managers_drivers,managers+drivers,passengers_reject,2.05262962962963,1.8477408888888895,1.1410484429863446,1.027151627295421,0.20488874074074026,0.11389681569092347
underground_alarm,managers_drivers,managers+drivers,passengers_unassigned,0.4102721481481524,-1.3485055555555547,0.0510248819077101,-0.16771144966746887,1.7587777037037071,0.21873633157517897
underground_alarm,managers_drivers,managers+drivers,rides_dispatched,-0.007691851851852505,-0.016569037037036605,-0.008505054093995823,-0.018320757991650262,0.0088771851851841,0.009815703897654439
underground_alarm,managers_drivers,managers+drivers,rides_duration_avg,50.65847555555547,42.132968518518396,0.21676308294106422,0.18028320136710652,8.525507037037073,0.036479881573957706
underground_alarm,managers_drivers,managers+drivers,rides_in_progress,-7.500308444444727,-19.403000222221635,-0.009078758914082337,-0.0234863889308325,11.902691777776909,0.014407630016750161
underground_alarm,managers_drivers,managers+drivers,rides_length_avg,110.53743622222373,55.926850074075446,0.09554627211470693,0.048342011705005405,54.610586148148286,0.04720426040970152
underground_alarm,managers_drivers,managers+drivers,rides_not_served,0.07953074074074085,0.057974148148148386,0.6373143605080015,0.4645720234579215,0.02155659259259246,0.17274233705008002
underground_alarm,managers_drivers,managers+drivers,rides_offers_generated,3.6697656296296373,1.6540130370370463,0.12427374847552441,0.056011860397941766,2.015752592592591,0.06826188807758266
underground_alarm,managers_drivers,managers+drivers,rides_offers_lyft,1.7080493333333209,1.1872592592592426,0.15282731426282908,0.1062297442967693,0.5207900740740783,0.04659756996605978
underground_alarm,managers_drivers,managers+drivers,rides_offers_price_lyft_avg,-0.11287985185185079,-0.463689185185185,-0.21086623462578769,-0.8661988026439492,0.3508093333333342,0.6553325680181615
underground_alarm,managers_drivers,managers+drivers,rides_offers_price_no_surge_avg,0.001328296296296827,-0.4245388148148095,0.0022401449659928963,-0.7159761655041634,0.4258671111111063,0.7182163104701563
underground_alarm,managers_drivers,managers+drivers,rides_offers_price_uber_avg,0.07089155555555493,-0.4033734074074111,0.11339332941363889,-0.6452087742242588,0.47426496296296605,0.7586021036378977
underground_alarm,managers_drivers,managers+drivers,rides_offers_radius_avg,-61.0846354814812,-33.52424044444433,-0.1288438601208664,-0.07071160386627455,-27.56039503703687,-0.058132256254591855
underground_alarm,managers_drivers,managers+drivers,rides_offers_surge_lyft_avg,0.0,0.0,,,0.0,
underground_alarm,managers_drivers,managers+drivers,rides_offers_surge_uber_avg,0.0,0.0,,,0.0,
underground_alarm,managers_drivers,managers+drivers,rides_offers_uber,1.960308814814823,0.4642726666666732,0.1042615603955091,0.02469294241286364,1.49603614814815,0.07956861798264546
underground_alarm,managers_drivers,managers+drivers,rides_partial_acceptances,0.06753103703703811,-0.078740148148146,0.03132306433178647,-0.0365222101444416,0.14627118518518412,0.06784527447622807
underground_alarm,managers_drivers,managers+drivers,rides_waiting_duration_avg,23.739662148148113,-4.090943629629351,0.10294652288793077,-0.01774028709308005,27.830605777777464,0.12068680998101082
underground_alarm,managers_drivers,managers+drivers,traffic_duration_avg,40.630889925925885,-18.659941703703794,0.26770347853119697,-0.12294417652130774,59.29083162962968,0.3906476550525047
underground_alarm,managers_drivers,managers+drivers,traffic_length_avg,22.303059925925027,-23.565803185184905,0.2797473183381052,-0.29558590917275795,45.86886311110993,0.5753332275108631
underground_alarm,managers_drivers,managers+drivers,traffic_speed_avg,-0.018925555555556528,0.2049082962962947,-0.019439750765527786,0.21047552332588598,-0.22383385185185123,-0.22991527409141377
wildcat_strike,managers_drivers,managers+drivers,drivers_accept,0.0032412222222224507,0.04268600000000111,0.0035838925218020304,0.04719887304757165,-0.03944477777777866,-0.04361498052576962
wildcat_strike,managers_drivers,managers+drivers,drivers_acceptance_rate,-0.009925166666666652,-0.008688833333332813,-0.04907762327577281,-0.04296424466819543,-0.0012363333333338389,-0.00611337860757738
wildcat_strike,managers_drivers,managers+drivers,drivers_busy,-162.7427174999998,-118.51611911111195,-0.16735115748933066,-0.12187217971451153,-44.22659838888785,-0.04547897777481913
wildcat_strike,managers_drivers,managers+drivers,drivers_change_provider,0.014796277777777589,0.05356394444444412,0.05493451112324475,0.1988681982104655,-0.038767666666666534,-0.14393368708722076
wildcat_strike,managers_drivers,managers+drivers,drivers_change_zone,0.04930572222222196,0.03073172222222187,0.09479307364880007,0.05908349531593704,0.01857400000000009,0.035709578332863035
wildcat_strike,managers_drivers,managers+drivers,drivers_demand_pressure,0.0,0.0,,,0.0,
wildcat_strike,managers_drivers,managers+drivers,drivers_idle,322.80990311110963,35.1014678333313,0.09796714060542838,0.010652679491995866,287.70843527777834,0.08731446111343252
wildcat_strike,managers_drivers,managers+drivers,drivers_idle_duration_avg,-36.67926194444442,201.62511616666666,-0.3090862543706758,1.6990405106132873,-238.30437811111108,-2.008126764983963
wildcat_strike,managers_drivers,managers+drivers,drivers_occupied_distance_avg,215.89006861111102,950.8197384999994,0.19415951420787547,0.8551143631297073,-734.9296698888884,-0.6609548489218319
wildcat_strike,managers_drivers,managers+drivers,drivers_occupied_duration_avg,14.053334611111154,88.64568266666686,0.11712430621987469,0.7387971872178744,-74.5923480555557,-0.6216728809979997
wildcat_strike,managers_drivers,managers+drivers,drivers_passengers_served,-0.021907277777777345,0.07667627777777808,-0.025439898811008027,0.0890405812925846,-0.09858355555555542,-0.11448048010359263
wildcat_strike,managers_drivers,managers+drivers,drivers_pickup,-43.29123777777795,-29.40349222222278,-0.15143582403852524,-0.10285550385829657,-13.88774555555517,-0.04858032018022866
wildcat_strike,managers_drivers,managers+drivers,drivers_pickup_accept,-0.039861333333333304,-0.011323777777777932,-0.1097391877295906,-0.031174626422357687,-0.02853755555555537,-0.07856456130723291
wildcat_strike,managers_drivers,managers+drivers,drivers_pickup_reject,-0.010397833333333356,0.028369611111111026,-0.12751350003474676,0.3479098280797987,-0.03876744444444438,-0.47542332811454546
wildcat_strike,managers_drivers,managers+drivers,drivers_reject,0.011287500000000117,0.02929755555555591,0.02489394254190938,0.06461410096287036,-0.018010055555555793,-0.03972015842096098
wildcat_strike,managers_drivers,managers+drivers,drivers_removed,0.009656888888888993,0.015991388888888902,0.06354616898388127,0.10522969791953425,-0.00633449999999991,-0.04168352893565298
wildcat_strike,managers_drivers,managers+drivers,drivers_shift_duration_avg,42.22351105555572,457.04561416666775,0.04518905651570715,0.4891459656601924,-414.822103111112,-0.44395690914448527
wildcat_strike,managers_drivers,managers+drivers,drivers_starting,-0.028221500000000038,-0.025813500000000045,-0.18128705684351196,-0.16581873542618208,-0.0024079999999999935,-0.015468321417329872
wildcat_strike,managers_drivers,managers+drivers,drivers_total_length_avg,719.5523492222237,2135.415326722228,0.12035356873594355,0.35717325581974946,-1415.8629775000045,-0.2368196870838059
wildcat_strike,managers_drivers,managers+drivers,drivers_waiting,-0.02906438888888907,-0.011240444444444275,-0.027039533428124013,-0.010457346083017516,-0.017823944444444795,-0.016582187345106497
wildcat_strike,managers_drivers,managers+drivers,failed_requests,0.008431056399807652,0.02310146014795922,0.19508782928568025,0.5345491122201285,-0.014670403748151567,-0.3394612829344482
wildcat_strike,managers_drivers,managers+drivers,passengers_accept,0.07140772222222402,0.22861105555555739,0.02091052901414979,0.06694483399530854,-0.15720333333333336,-0.04603430498115875
wildcat_strike,managers_drivers,managers+drivers,passengers_acceptance_rate,-0.5229119999999998,-0.5147352222222226,-4.497568375662159,-4.427239874598599,-0.008176777777777255,-0.07032850106356037
wildcat_strike,managers_drivers,managers+drivers,passengers_arrivals,-0.0070188333333334185,-0.003157444444445101,-0.0091777101479939,-0.004128622029232372,-0.0038613888888883174,-0.005049088118761529
wildcat_strike,managers_drivers,managers+drivers,passengers_cancel,-0.004972166666666666,-0.007972,-0.33536804712442103,-0.5377040334547415,0.0029998333333333335,0.20233598633032046
wildcat_strike,managers_drivers,managers+drivers,passengers_change_provider,0.8091384444444447,0.7285175000000006,0.7095439911007967,0.6388464397976907,0.08062094444444412,0.07069755130310595
wildcat_strike,managers_drivers,managers+drivers,passengers_departures,-0.00836127777777751,0.01927761111111126,-0.011316780909676,0.026091765780848195,-0.02763888888888877,-0.037408546690524194
wildcat_strike,managers_drivers,managers+drivers,passengers_drivers_ratio,-0.007054555555555592,0.007187555555555586,-0.10086343475223158,0.1027650197233049,-0.014242111111111178,-0.20362845447553649
wildcat_strike,managers_drivers,managers+drivers,passengers_new,0.0014164444444442204,0.00036983333333262536,0.0015450951580702633,0.00040342400640318787,0.001046611111111595,0.0011416711516670755
wildcat_strike,managers_drivers,managers+drivers,passengers_no_ratings_count,0.04292661111111118,0.05010261111111114,0.23162882024071865,0.2703499857607508,-0.00717599999999996,-0.03872116552003216
wildcat_strike,managers_drivers,managers+drivers,passengers_offers_discarded,2.73964761111111,3.5957399444444462,0.10235128558515846,0.13433428607795847,-0.8560923333333363,-0.03198300049280001
wildcat_strike,managers_drivers,managers+drivers,passengers_pickup_accept,-0.10132355555555539,-0.034805777777777935,-0.25468361757298774,-0.08748667916638235,-0.06651777777777745,-0.16719693840660538
wildcat_strike,managers_drivers,managers+drivers,passengers_pickup_reject,0.05113905555555556,0.05151855555555554,1.0348881014276166,1.0425679467087854,-0.0003794999999999771,-0.007679845281168829
wildcat_strike,managers_drivers,managers+drivers,passengers_rating_avg,-0.005537888888889064,-0.02272711111111203,-0.2627685460825883,-1.0783838504427563,0.017189222222222966,0.8156153043601679
wildcat_strike,managers_drivers,managers+drivers,passengers_ratings_count,-0.051323611111111056,-0.0546109999999993,-0.08857267500969644,-0.09424594743504514,0.003287388888888243,0.005673272425348694
wildcat_strike,managers_drivers,managers+drivers,passengers_reject,1.7145367222222223,1.679463055555555,0.9531039740898503,0.9336066657775639,0.035073666666667336,0.019497308312286354
wildcat_strike,managers_drivers,managers+drivers,passengers_unassigned,0.3163613888888932,0.9877774444444434,0.039345353032314095,0.12284827932233203,-0.6714160555555502,-0.08350292629001793
wildcat_strike,managers_drivers,managers+drivers,rides_dispatched,0.0032412222222224507,0.04268600000000111,0.0035838925218020304,0.04719887304757165,-0.03944477777777866,-0.04361498052576962
wildcat_strike,managers_drivers,managers+drivers,rides_duration_avg,-40.537780333333444,-34.906188222222454,-0.17345753389291169,-0.1493604552800294,-5.63159211111099,-0.024097078612882294
wildcat_strike,managers_drivers,managers+drivers,rides_in_progress,-71.58587016666615,34.447917499999676,-0.08665121730818046,0.04169753022708501,-106.03378766666583,-0.12834874753526546
wildcat_strike,managers_drivers,managers+drivers,rides_length_avg,-42.29929688889024,-50.09577027777868,-0.03656263677657221,-0.04330174701296505,7.796473388888444,0.006739110236392835
wildcat_strike,managers_drivers,managers+drivers,rides_not_served,0.028518388888888968,0.07330477777777772,0.22853023382102428,0.5874230157609164,-0.04478638888888875,-0.3588927819398921
wildcat_strike,managers_drivers,managers+drivers,rides_offers_generated,2.975518555555553,3.846389055555548,0.10076361323234848,0.13025496292452923,-0.8708704999999952,-0.029491349692180757
wildcat_strike,managers_drivers,managers+drivers,rides_offers_lyft,1.1850372777777807,1.4369171666666745,0.106030933023859,0.12856782711964415,-0.2518798888888938,-0.022536894095785145
wildcat_strike,managers_drivers,managers+drivers,rides_offers_price_lyft_avg,-0.25496877777777627,-0.12593038888889652,-0.47629674592151205,-0.23524540911706868,-0.12903838888887975,-0.24105133680444338
wildcat_strike,managers_drivers,managers+drivers,rides_offers_price_no_surge_avg,-0.1827007222222221,-0.00752311111111581,-0.3081210903850311,-0.012687575453726382,-0.1751776111111063,-0.2954335149313047
wildcat_strike,managers_drivers,managers+drivers,rides_offers_price_uber_avg,-0.1375085000000027,0.07082461111111371,-0.21994928049584694,0.11328624961574973,-0.2083331111111164,-0.3332355301115967
wildcat_strike,managers_drivers,managers+drivers,rides_offers_radius_avg,-34.62545100000034,-6.651149333333706,-0.07303435192992949,-0.014029055712493257,-27.974301666666634,-0.059005296217436234
wildcat_strike,managers_drivers,managers+drivers,rides_offers_surge_lyft_avg,0.0,0.0,,,0.0,
wildcat_strike,managers_drivers,managers+drivers,rides_offers_surge_uber_avg,0.0,0.0,,,0.0,
wildcat_strike,managers_drivers,managers+drivers,rides_offers_uber,1.7901019999999974,2.4086851111111045,0.09520889075058915,0.1281090337848615,-0.6185831111111071,-0.03290014303427234
wildcat_strike,managers_drivers,managers+drivers,rides_partial_acceptances,0.05563861111111024,0.15561116666666752,0.025806975157344522,0.07217745792310368,-0.09997255555555729,-0.046370482765759155
wildcat_strike,managers_drivers,managers+drivers,rides_waiting_duration_avg,-3.8575216111109967,25.669007888888927,-0.01672805764255176,0.11131308826777545,-29.526529499999924,-0.1280411459103272
wildcat_strike,managers_drivers,managers+drivers,traffic_duration_avg,-30.762320555555448,-19.33692961111103,-0.20268274299252326,-0.1274046256541443,-11.425390944444416,-0.07527811733837897
wildcat_strike,managers_drivers,managers+drivers,traffic_length_avg,-5.028872444445824,7.208251499998369,-0.06307715556836371,0.09041311074482677,-12.237123944444193,-0.1534902663131905
wildcat_strike,managers_drivers,managers+drivers,traffic_speed_avg,0.17550783333333353,0.17136038888888994,0.18027626863487672,0.17601614078408906,0.004147444444443593,0.004260127850787665
boycott_tncs-long_rides,managers_drivers,managers+drivers,drivers_accept,-0.04644855555555605,-0.037439138888889945,-0.051359215595504645,-0.04139730036609363,-0.009009416666666104,-0.009961915229411013
boycott_tncs-long_rides,managers_drivers,managers+drivers,drivers_acceptance_rate,-0.29264130555555545,-0.26242408333333267,-1.447042677602645,-1.2976255949008373,-0.030217222222222784,-0.14941708270180776
boycott_tncs-long_rides,managers_drivers,managers+drivers,drivers_busy,-91.96942424999997,191.72027236111126,-0.09457375321181317,0.19714927946807653,-283.68969661111123,-0.2917230326798897
boycott_tncs-long_rides,managers_drivers,managers+drivers,drivers_change_provider,0.08663930555555566,0.11443586111111115,0.321667919880506,0.424868887940725,-0.02779655555555549,-0.103200968060219
boycott_tncs-long_rides,managers_drivers,managers+drivers,drivers_change_zone,0.15175000000000027,0.12625958333333354,0.2917480624535345,0.24274127712481433,0.025490416666666738,0.04900678532872019
boycott_tncs-long_rides,managers_drivers,managers+drivers,drivers_demand_pressure,0.0,0.0,,,0.0,
boycott_tncs-long_rides,managers_drivers,managers+drivers,drivers_idle,-129.33272399999805,-447.721210638887,-0.039250212074905866,-0.13587553037242284,318.38848663888893,0.09662531829751697
boycott_tncs-long_rides,managers_drivers,managers+drivers,drivers_idle_duration_avg,46.82499619444468,169.03102208333348,0.394581622350615,1.4243788647469713,-122.2060258888888,-1.0297972423963562
boycott_tncs-long_rides,managers_drivers,managers+drivers,drivers_occupied_distance_avg,-234.8745513611093,-372.7036855833321,-0.21123310157546848,-0.33518895520245445,137.82913422222282,0.12395585362698597
boycott_tncs-long_rides,managers_drivers,managers+drivers,drivers_occupied_duration_avg,-28.23143077777786,-43.70984899999996,-0.2352884091173152,-0.36428974907156886,15.478418222222103,0.12900133995425367
boycott_tncs-long_rides,managers_drivers,managers+drivers,drivers_passengers_served,0.056624750000000335,0.07298538888888939,0.06575567830978524,0.08475452435714693,-0.016360638888889056,-0.018998846047361698
boycott_tncs-long_rides,managers_drivers,managers+drivers,drivers_pickup,-2.647401333333221,-5.449427222222141,-0.009260797867040912,-0.01906248340995205,2.8020258888889202,0.009801685542911137
boycott_tncs-long_rides,managers_drivers,managers+drivers,drivers_pickup_accept,-0.0025691111111110776,0.029412388888888863,-0.007072823283726826,0.0809729980395413,-0.03198149999999994,-0.08804582132326813
boycott_tncs-long_rides,managers_drivers,managers+drivers,drivers_pickup_reject,0.01567602777777774,0.003833416666666603,0.192242470571082,0.047010983979821716,0.011842611111111137,0.14523148659126028
boycott_tncs-long_rides,managers_drivers,managers+drivers,drivers_reject,0.120180611111111,0.10395355555555541,0.2650515373334682,0.22926368452067813,0.016227055555555592,0.035787852812790066
boycott_tncs-long_rides,managers_drivers,managers+drivers,drivers_removed,0.07932366666666663,0.08384213888888886,0.5219812699948121,0.5517146140030129,-0.004518472222222236,-0.029733344008200824
boycott_tncs-long_rides,managers_drivers,managers+drivers,drivers_shift_duration_avg,80.08854944444374,-3.5742422777775573,0.08571352539451527,-0.00382527725083788,83.6627917222213,0.08953880264535315
boycott_tncs-long_rides,managers_drivers,managers+drivers,drivers_starting,-0.07683775000000004,-0.06983324999999996,-0.4935843081330741,-0.44858935075446577,-0.00700450000000008,-0.04499495737860831
boycott_tncs-long_rides,managers_drivers,managers+drivers,drivers_total_length_avg,39.06430794443804,-1471.8712578055565,0.006533963618345406,-0.24618772878476408,1510.9355657499946,0.2527216924031095
boycott_tncs-long_rides,managers_drivers,managers+drivers,drivers_waiting,-0.05131027777777786,-0.09988061111111124,-0.04773559755488063,-0.0929221368900964,0.04857033333333338,0.04518653933521577
boycott_tncs-long_rides,managers_drivers,managers+drivers,failed_requests,0.02659422203965317,0.026856063684963016,0.6153687987872667,0.6214276027826064,-0.000261841645309846,-0.0060588039953397566
boycott_tncs-long_rides,managers_drivers,managers+drivers,passengers_accept,0.4949631111111126,0.49914852777777696,0.14494147374724103,0.1461671013673495,-0.004185416666664388,-0.0012256276201084715
boycott_tncs-long_rides,managers_drivers,managers+drivers,passengers_acceptance_rate,-0.5650207222222221,-0.618233888888889,-4.859745677782228,-5.317432354639598,0.05321316666666687,0.45768667685736997
boycott_tncs-long_rides,managers_drivers,managers+drivers,passengers_arrivals,-0.03320386111111073,-0.04909302777777791,-0.04341681852235903,-0.06419322953461218,0.015889166666667176,0.02077641101225315
boycott_tncs-long_rides,managers_drivers,managers+drivers,passengers_cancel,0.015222416666666676,0.01833375000000001,1.0267379378569184,1.2365944961554032,-0.003111333333333334,-0.20985655829848482
boycott_tncs-long_rides,managers_drivers,managers+drivers,passengers_change_provider,0.7518982777777772,0.7274078333333334,0.659349346924882,0.6378733587126618,0.024490444444443815,0.021475988212220187
boycott_tncs-long_rides,managers_drivers,managers+drivers,passengers_departures,-0.0661253888888893,-0.054750527777778224,-0.08949906443864064,-0.0741034736576997,-0.011374861111111079,-0.015395590780940938
boycott_tncs-long_rides,managers_drivers,managers+drivers,passengers_drivers_ratio,0.009962805555555551,0.011340555555555548,0.14244452115917977,0.16214308276742306,-0.001377749999999997,-0.019698561608243292
boycott_tncs-long_rides,managers_drivers,managers+drivers,passengers_new,0.00016244444444435402,0.0004402499999995868,0.00017719870733431324,0.0004802363735534297,-0.0002778055555552328,-0.0003030376662191165
boycott_tncs-long_rides,managers_drivers,managers+drivers,passengers_no_ratings_count,0.04624544444444445,0.03228238888888885,0.24953699956532827,0.17419338399508355,0.013963055555555604,0.07534361557024472
boycott_tncs-long_rides,managers_drivers,managers+drivers,passengers_offers_discarded,5.715467749999988,5.640189388888871,0.21352580877938576,0.2107134627662641,0.07527836111111696,0.0028123460131216638
boycott_tncs-long_rides,managers_drivers,managers+drivers,passengers_pickup_accept,-0.019268305555555587,-0.011291833333333168,-0.04843219068343812,-0.028382787660740177,-0.00797647222222242,-0.02004940302269794
boycott_tncs-long_rides,managers_drivers,managers+drivers,passengers_pickup_reject,0.032208249999999994,0.04447205555555557,0.6517901891362748,0.899969712785839,-0.012263805555555576,-0.2481795236495642
boycott_tncs-long_rides,managers_drivers,managers+drivers,passengers_rating_avg,-0.05123413888888795,-0.03793111111111003,-2.4310202778964007,-1.7998018952602997,-0.01330302777777792,-0.6312183826361011
boycott_tncs-long_rides,managers_drivers,managers+drivers,passengers_ratings_count,-0.07956930555555553,-0.082213638888889,-0.13731820675014242,-0.14188171410825867,0.0026443333333334706,0.004563507358116253
boycott_tncs-long_rides,managers_drivers,managers+drivers,passengers_reject,1.596295944444444,1.520379027777778,0.8873744077651291,0.8451725032868947,0.075916916666666,0.04220190447823435
boycott_tncs-long_rides,managers_drivers,managers+drivers,passengers_unassigned,1.494643833333333,1.2959683055555526,0.18588643034667063,0.16117747706146607,0.1986755277777803,0.02470895328520456
boycott_tncs-long_rides,managers_drivers,managers+drivers,rides_dispatched,-0.04644855555555605,-0.037439138888889945,-0.051359215595504645,-0.04139730036609363,-0.009009416666666104,-0.009961915229411013
boycott_tncs-long_rides,managers_drivers,managers+drivers,rides_duration_avg,-15.671212055555543,-1.1010502777780857,-0.06705571380370656,-0.004711295594012788,-14.570161777777457,-0.062344418209693775
boycott_tncs-long_rides,managers_drivers,managers+drivers,rides_in_progress,-100.16528686111133,-25.991369555556503,-0.12124521247462546,-0.031461289864217895,-74.17391730555482,-0.08978392261040756
boycott_tncs-long_rides,managers_drivers,managers+drivers,rides_length_avg,-9.569040805555233,-79.862175833332,-0.008271280825133665,-0.06903121190999706,70.29313502777677,0.0607599310848634
boycott_tncs-long_rides,managers_drivers,managers+drivers,rides_not_served,0.03851388888888893,0.04322691666666667,0.3086285157070678,0.3463960538473505,-0.00471302777777774,-0.03776753814028272
boycott_tncs-long_rides,managers_drivers,managers+drivers,rides_offers_generated,6.35380997222223,6.232532222222233,0.21516681500690657,0.21105983867100953,0.1212777499999973,0.004106976335897045
boycott_tncs-long_rides,managers_drivers,managers+drivers,rides_offers_lyft,1.880050916666665,1.8750375833333308,0.16821711566773934,0.16776854884131018,0.005013333333334202,0.0004485668264291587
boycott_tncs-long_rides,managers_drivers,managers+drivers,rides_offers_price_lyft_avg,-0.04159913888889122,0.31376788888888996,-0.07770965001520633,0.5861369605916783,-0.3553670277777812,-0.6638466106068847
boycott_tncs-long_rides,managers_drivers,managers+drivers,rides_offers_price_no_surge_avg,-0.09661388888888567,0.35472769444444907,-0.16293737883845588,0.5982411162504842,-0.45134158333333474,-0.76117849508894
boycott_tncs-long_rides,managers_drivers,managers+drivers,rides_offers_price_uber_avg,-0.11215347222222505,0.39143347222222147,-0.1793930958478121,0.6261104628242401,-0.5035869444444465,-0.8055035586720523
boycott_tncs-long_rides,managers_drivers,managers+drivers,rides_offers_radius_avg,0.776419166666642,12.452904555555733,0.0016376760165080217,0.026266511701472733,-11.676485388889091,-0.02462883568496471
boycott_tncs-long_rides,managers_drivers,managers+drivers,rides_offers_surge_lyft_avg,0.0,0.0,,,0.0,
boycott_tncs-long_rides,managers_drivers,managers+drivers,rides_offers_surge_uber_avg,0.0,0.0,,,0.0,
boycott_tncs-long_rides,managers_drivers,managers+drivers,rides_offers_uber,4.474250138888898,4.357689638888893,0.23796878203827604,0.2317693610497879,0.11656050000000562,0.006199420988488136
boycott_tncs-long_rides,managers_drivers,managers+drivers,rides_partial_acceptances,0.42090291666666646,0.4321111666666675,0.19522829375410988,0.2004270401557715,-0.01120825000000103,-0.005198746401661625
boycott_tncs-long_rides,managers_drivers,managers+drivers,rides_waiting_duration_avg,36.95867199999998,83.0756035555554,0.1602704684342918,0.36025552804793387,-46.116931555555425,-0.19998505961364207
boycott_tncs-long_rides,managers_drivers,managers+drivers,traffic_duration_avg,-9.538743027777741,-7.478034416666333,-0.06284761899152802,-0.049270292370342916,-2.0607086111114086,-0.013577326621185104
boycott_tncs-long_rides,managers_drivers,managers+drivers,traffic_length_avg,-12.225644527777149,-15.810571499999241,-0.15334627997053807,-0.1983120250408517,3.5849269722220924,0.044965745070313645
boycott_tncs-long_rides,managers_drivers,managers+drivers,traffic_speed_avg,0.06710452777777753,0.05989724999999968,0.06892771477217918,0.06152461987825977,0.007207277777777854,0.00740309489391941
flash_mob-boycott_tncs,managers_drivers,managers+drivers,drivers_accept,-0.01686999999999972,-0.03681288888888856,-0.018653539528475368,-0.04070484161507207,0.019942888888888843,0.0220513020865967
flash_mob-boycott_tncs,managers_drivers,managers+drivers,drivers_acceptance_rate,-0.2918632777777781,-0.47183272222222294,-1.4431955125667084,-2.3331022408091804,0.17996944444444485,0.889906728242472
flash_mob-boycott_tncs,managers_drivers,managers+drivers,drivers_busy,329.9634416666672,199.4092321666667,0.3393071268585648,0.20505597012136895,130.55420950000052,0.13425115673719584
flash_mob-boycott_tncs,managers_drivers,managers+drivers,drivers_change_provider,0.038287333333333506,0.06517611111111132,0.14215034148914887,0.2419809802557628,-0.026888777777777817,-0.09983063876661394
flash_mob-boycott_tncs,managers_drivers,managers+drivers,drivers_change_zone,0.10130561111111103,0.14014777777777832,0.1947658369511555,0.26944212602197876,-0.03884216666666729,-0.07467628907082324
flash_mob-boycott_tncs,managers_drivers,managers+drivers,drivers_demand_pressure,0.0,0.0,,,0.0,
flash_mob-boycott_tncs,managers_drivers,managers+drivers,drivers_idle,-265.3505337777806,-102.53549555555765,-0.08052923036684448,-0.03111772350639786,-162.81503822222294,-0.04941150686044662
flash_mob-boycott_tncs,managers_drivers,managers+drivers,drivers_idle_duration_avg,-43.14682605555549,41.99362188888904,-0.3635866739547266,0.35386893326137603,-85.14044794444453,-0.7174556072161027
flash_mob-boycott_tncs,managers_drivers,managers+drivers,drivers_occupied_distance_avg,-1096.5491623888893,-321.6562317777798,-0.9861752976603667,-0.2892797158557914,-774.8929306111095,-0.6968955818045753
flash_mob-boycott_tncs,managers_drivers,managers+drivers,drivers_occupied_duration_avg,-115.25783033333323,-34.68137527777765,-0.9605900512413909,-0.28904399778179374,-80.57645505555558,-0.6715460534595972
flash_mob-boycott_tncs,managers_drivers,managers+drivers,drivers_passengers_served,-0.1340002777777778,0.07008288888888914,-0.1556082659786996,0.08138398662772356,-0.20408316666666693,-0.23699225260642315
flash_mob-boycott_tncs,managers_drivers,managers+drivers,drivers_pickup,10.005285333333404,13.468061166666644,0.03499919861315835,0.047112234384352844,-3.4627758333332395,-0.012113035771194491
flash_mob-boycott_tncs,managers_drivers,managers+drivers,drivers_pickup_accept,0.006139388888888764,-0.009686055555555684,0.016901881936280616,-0.0266659386448949,0.015825444444444448,0.04356782058117552
flash_mob-boycott_tncs,managers_drivers,managers+drivers,drivers_pickup_reject,0.008620555555555548,0.02751894444444447,0.10571791025048805,0.33747770433322877,-0.018898388888888923,-0.23175979408274072
flash_mob-boycott_tncs,managers_drivers,managers+drivers,drivers_reject,0.08869361111111107,0.1369514444444444,0.19560874053904154,0.3020386612652455,-0.04825783333333333,-0.10642992072620394
flash_mob-boycott_tncs,managers_drivers,managers+drivers,drivers_removed,0.02081455555555556,0.04604594444444443,0.13696805253497024,0.30300062477219936,-0.025231388888888873,-0.16603257223722911
flash_mob-boycott_tncs,managers_drivers,managers+drivers,drivers_shift_duration_avg,-596.4731043333331,-221.44537916666604,-0.6383660701819269,-0.2369984755919051,-375.0277251666671,-0.4013675945900218
flash_mob-boycott_tncs,managers_drivers,managers+drivers,drivers_starting,-0.061008888888888835,-0.06591644444444422,-0.39190411239514134,-0.42342888262219025,0.004907555555555387,0.031524770227048915
flash_mob-boycott_tncs,managers_drivers,managers+drivers,drivers_total_length_avg,-4478.8710235,-2246.1217765000038,-0.749143703260644,-0.37569020782087037,-2232.749246999996,-0.3734534954397736
flash_mob-boycott_tncs,managers_drivers,managers+drivers,drivers_waiting,0.0013891666666672187,-0.004444444444444251,0.0012923863172964734,-0.0041348092534961925,0.00583361111111147,0.005427195570792666
flash_mob-boycott_tncs,managers_drivers,managers+drivers,failed_requests,0.03958324893396703,0.05684108819080269,0.915924380576854,1.3152568294564602,-0.01725783925683566,-0.39933244887960617
flash_mob-boycott_tncs,managers_drivers,managers+drivers,passengers_accept,0.3505647777777776,0.6217320555555554,0.10265689380552379,0.182063588952782,-0.2711672777777778,-0.0794066951472582
flash_mob-boycott_tncs,managers_drivers,managers+drivers,passengers_acceptance_rate,-0.5486916666666668,-0.5856817777777787,-4.7192994002611615,-5.037451506056336,0.036990111111111945,0.31815210579517483
flash_mob-boycott_tncs,managers_drivers,managers+drivers,passengers_arrivals,0.016018611111111136,-0.09281466666666627,0.020945670422607393,-0.12136291997473345,0.1088332777777774,0.14230859039734084
flash_mob-boycott_tncs,managers_drivers,managers+drivers,passengers_cancel,0.018999500000000002,0.024581999999999993,1.2814987184675568,1.6580331849453656,-0.00558249999999999,-0.37653446647780875
flash_mob-boycott_tncs,managers_drivers,managers+drivers,passengers_change_provider,0.46404627777777785,0.546194222222222,0.406928196590615,0.4789647939887992,-0.08214794444444418,-0.07203659739818419
flash_mob-boycott_tncs,managers_drivers,managers+drivers,passengers_departures,-0.03239783333333324,-0.06386038888888868,-0.043849659289633774,-0.08643344343648364,0.03146255555555544,0.042583784146849865
flash_mob-boycott_tncs,managers_drivers,managers+drivers,passengers_drivers_ratio,0.009903611111111127,0.011248611111111098,0.14159818081386732,0.16082849499502264,-0.0013449999999999712,-0.01923031418115531
flash_mob-boycott_tncs,managers_drivers,managers+drivers,passengers_new,-0.0009721666666664408,-0.0013427777777772487,-0.0010604651777168788,-0.0014647376047438603,0.0003706111111108079,0.0004042724270269815
flash_mob-boycott_tncs,managers_drivers,managers+drivers,passengers_no_ratings_count,0.02453727777777781,0.029268000000000016,0.1324013369905723,0.157927964386888,-0.004730722222222206,-0.0255266273963157
flash_mob-boycott_tncs,managers_drivers,managers+drivers,passengers_offers_discarded,3.8148795000000035,6.010694611111113,0.14252118396318503,0.22455527426664224,-2.1958151111111093,-0.08203409030345721
flash_mob-boycott_tncs,managers_drivers,managers+drivers,passengers_pickup_accept,-0.013555388888888964,-0.008260555555555826,-0.034072387816454185,-0.020763465716499424,-0.005294833333333138,-0.01330892209995476
flash_mob-boycott_tncs,managers_drivers,managers+drivers,passengers_pickup_reject,0.028527888888888867,0.026222499999999996,0.5773116544533625,0.5306580840196523,0.0023053888888888707,0.04665357043371021
flash_mob-boycott_tncs,managers_drivers,managers+drivers,passengers_rating_avg,-0.01938694444444522,-0.046494722222222507,-0.9198955246053571,-2.206138621408509,0.027107777777777287,1.2862430968031517
flash_mob-boycott_tncs,managers_drivers,managers+drivers,passengers_ratings_count,-0.009861055555555165,-0.11997316666666635,-0.01701789975541418,-0.20704592040582834,0.11011211111111119,0.19002802065041416
flash_mob-boycott_tncs,managers_drivers,managers+drivers,passengers_reject,0.943675666666667,1.0613428888888903,0.5245854559394585,0.5899961850691077,-0.11766722222222326,-0.06541072912964918
flash_mob-boycott_tncs,managers_drivers,managers+drivers,passengers_unassigned,0.9372867222222219,1.5417957777777804,0.11656883005809988,0.19175064123170504,-0.6045090555555586,-0.07518181117360516
flash_mob-boycott_tncs,managers_drivers,managers+drivers,rides_dispatched,-0.01686999999999972,-0.03681288888888856,-0.018653539528475368,-0.04070484161507207,0.019942888888888843,0.0220513020865967
flash_mob-boycott_tncs,managers_drivers,managers+drivers,rides_duration_avg,59.505443388889034,27.192884166666545,0.25461846649145825,0.11635591757122035,32.31255922222249,0.1382625489202379
flash_mob-boycott_tncs,managers_drivers,managers+drivers,rides_in_progress,66.26277749999963,110.75349016666632,0.08020787229697901,0.13406171806988837,-44.490712666666695,-0.05385384577290936
flash_mob-boycott_tncs,managers_drivers,managers+drivers,rides_length_avg,-7.605367277777077,-265.80480588888713,-0.006573922069206445,-0.22975617293854356,258.19943861111005,0.2231822508693371
flash_mob-boycott_tncs,managers_drivers,managers+drivers,rides_not_served,0.03244388888888888,0.05044511111111116,0.2599869699066286,0.4042385803162005,-0.01800122222222228,-0.1442516104095719
flash_mob-boycott_tncs,managers_drivers,managers+drivers,rides_offers_generated,4.237055555555557,6.835092388888896,0.14348457899778086,0.23146506836445466,-2.598036833333339,-0.0879804893666738
flash_mob-boycott_tncs,managers_drivers,managers+drivers,rides_offers_lyft,1.8066293888888865,2.446073777777773,0.1616477416570638,0.21886187866539686,-0.6394443888888866,-0.057214137008333055
flash_mob-boycott_tncs,managers_drivers,managers+drivers,rides_offers_price_lyft_avg,0.15505150000000611,0.3045619444444405,0.289645365773445,0.5689397122844869,-0.1495104444444344,-0.2792943465110419
flash_mob-boycott_tncs,managers_drivers,managers+drivers,rides_offers_price_no_surge_avg,0.16926811111111206,0.20112111111112085,0.2854672621355777,0.3391867054561108,-0.03185300000000879,-0.05371944332053308
flash_mob-boycott_tncs,managers_drivers,managers+drivers,rides_offers_price_uber_avg,0.17252955555556682,0.15345155555557,0.2759665883106458,0.2454507120317323,0.01907799999999682,0.0305158762789135
flash_mob-boycott_tncs,managers_drivers,managers+drivers,rides_offers_radius_avg,32.52071383333339,39.124929222222136,0.06859489740989005,0.08252495686047025,-6.604215388888747,-0.013930059450580193
flash_mob-boycott_tncs,managers_drivers,managers+drivers,rides_offers_surge_lyft_avg,0.0,0.0,,,0.0,
flash_mob-boycott_tncs,managers_drivers,managers+drivers,rides_offers_surge_uber_avg,0.0,0.0,,,0.0,
flash_mob-boycott_tncs,managers_drivers,managers+drivers,rides_offers_uber,2.4314355555555593,4.388434666666672,0.12931904560521557,0.2334045751274318,-1.956999111111113,-0.10408552952221622
flash_mob-boycott_tncs,managers_drivers,managers+drivers,rides_partial_acceptances,0.28000955555555507,0.5237138888888877,0.12987742683962003,0.2429153253506173,-0.24370433333333263,-0.11303789851099727
flash_mob-boycott_tncs,managers_drivers,managers+drivers,rides_waiting_duration_avg,37.20400455555557,48.74525088888868,0.1613343476667782,0.21138270860785446,-11.541246333333106,-0.05004836094107626
flash_mob-boycott_tncs,managers_drivers,managers+drivers,traffic_duration_avg,41.63779138888901,53.28396011111147,0.27433761882851265,0.35107036783263457,-11.646168722222455,-0.07673274900412191
flash_mob-boycott_tncs,managers_drivers,managers+drivers,traffic_length_avg,13.742273722223672,28.17076911111235,0.17236936251924795,0.35334600456303755,-14.428495388888678,-0.1809766420437896
flash_mob-boycott_tncs,managers_drivers,managers+drivers,traffic_speed_avg,-0.06903555555555574,-0.24726066666666613,-0.07091120733656514,-0.25397858044420757,0.1782251111111104,0.18306737310764243
flash_mob-long_rides,managers_drivers,managers+drivers,drivers_accept,-0.05588852777777786,-0.048648111111111,-0.061797205814528175,-0.05379131378759845,-0.00724041666666686,-0.008005892026929723
flash_mob-long_rides,managers_drivers,managers+drivers,drivers_acceptance_rate,-0.23939136111111137,-0.2086597777777781,-1.1837341810635185,-1.031773703204069,-0.030731583333333257,-0.15196047785944944
flash_mob-long_rides,managers_drivers,managers+drivers,drivers_busy,33.88074047222244,-308.0191664444442,0.034840152737538294,-0.31674144825175726,341.8999069166666,0.3515816009892956
flash_mob-long_rides,managers_drivers,managers+drivers,drivers_change_provider,0.049638583333333264,0.01991666666666636,0.18429441169066008,0.07394510720670436,0.029721916666666903,0.11034930448395572
flash_mob-long_rides,managers_drivers,managers+drivers,drivers_change_zone,0.11656494444444432,0.07468511111111131,0.22410277885779548,0.14358640171857417,0.041879833333333005,0.0805163771392213
flash_mob-long_rides,managers_drivers,managers+drivers,drivers_demand_pressure,0.0,0.0,,,0.0,
flash_mob-long_rides,managers_drivers,managers+drivers,drivers_idle,-19.35661472222091,253.13476475000243,-0.0058743928790939825,0.07682195884136139,-272.49137947222334,-0.08269635172045538
flash_mob-long_rides,managers_drivers,managers+drivers,drivers_idle_duration_avg,127.49208730555563,145.74479086111126,1.0743414572206778,1.2281520704950135,-18.252703555555627,-0.15381061327433576
flash_mob-long_rides,managers_drivers,managers+drivers,drivers_occupied_distance_avg,270.9306290277782,1098.7070439444442,0.24365993143864428,0.9881159762531342,-827.776414916666,-0.7444560448144899
flash_mob-long_rides,managers_drivers,managers+drivers,drivers_occupied_duration_avg,27.808436194444425,120.51909766666665,0.2317630574140602,1.0044388816653642,-92.71066147222223,-0.772675824251304
flash_mob-long_rides,managers_drivers,managers+drivers,drivers_passengers_served,-0.02012483333333348,0.10176386111111091,-0.023370029301757828,0.11817362045366793,-0.12188869444444439,-0.14154364975542577
flash_mob-long_rides,managers_drivers,managers+drivers,drivers_pickup,-52.07686225000009,-79.61131141666692,-0.18216856234629747,-0.2784860208676948,27.534449166666832,0.09631745852139734
flash_mob-long_rides,managers_drivers,managers+drivers,drivers_pickup_accept,-0.05737027777777781,-0.07270358333333315,-0.1579417233865983,-0.20015467403742776,0.015333305555555343,0.04221295065082947
flash_mob-long_rides,managers_drivers,managers+drivers,drivers_pickup_reject,0.01888480555555555,0.008445083333333436,0.2315932153042634,0.1035660122062401,0.010439722222222114,0.12802720309802332
flash_mob-long_rides,managers_drivers,managers+drivers,drivers_reject,0.16279647222222238,0.13568038888888934,0.3590384075770107,0.29923542016069954,0.02711608333333304,0.05980298741631118
flash_mob-long_rides,managers_drivers,managers+drivers,drivers_removed,0.06643977777777782,0.0523101388888888,0.43720015778331284,0.3442215151950515,0.014129638888889018,0.09297864258826133
flash_mob-long_rides,managers_drivers,managers+drivers,drivers_shift_duration_avg,220.1705531666662,628.5909420833323,0.2356341128773529,0.6727396868936536,-408.42038891666607,-0.4371055740163007
flash_mob-long_rides,managers_drivers,managers+drivers,drivers_starting,-0.0723610555555555,-0.06282961111111107,-0.4648272696970926,-0.4035999249138327,-0.009531444444444426,-0.06122734478325992
flash_mob-long_rides,managers_drivers,managers+drivers,drivers_total_length_avg,547.1622293333348,3691.3028967222235,0.09151929953249843,0.6174136980944545,-3144.1406673888887,-0.525894398561956
flash_mob-long_rides,managers_drivers,managers+drivers,drivers_waiting,0.009680638888888371,0.018931305555555333,0.009006208932944803,0.017612400913172423,-0.009250666666666962,-0.00860619198022762
flash_mob-long_rides,managers_drivers,managers+drivers,failed_requests,0.048446100959427585,0.040199240423885174,1.1210036115693949,0.9301779256758198,0.00824686053554241,0.19082568589357507
flash_mob-long_rides,managers_drivers,managers+drivers,passengers_accept,0.4281434722222226,0.3169541944444454,0.12537448639322785,0.0928146098605612,0.1111892777777772,0.03255987653266665
flash_mob-long_rides,managers_drivers,managers+drivers,passengers_acceptance_rate,-0.5147190833333328,-0.5209121388888878,-4.427101063945394,-4.480367561588177,0.006193055555554938,0.053266497642782795
flash_mob-long_rides,managers_drivers,managers+drivers,passengers_arrivals,-0.0354395277777777,-0.0357680277777781,-0.04634013920540714,-0.04676968036138554,0.0003285000000003979,0.00042954115597840237
flash_mob-long_rides,managers_drivers,managers+drivers,passengers_cancel,0.043556250000000005,0.03763891666666669,2.937828814245245,2.538710148837629,0.005917333333333316,0.3991186654076162
flash_mob-long_rides,managers_drivers,managers+drivers,passengers_change_provider,1.2166342222222228,1.0513703611111125,1.0668823211559078,0.9219602989696831,0.16526386111111036,0.14492202218622463
flash_mob-long_rides,managers_drivers,managers+drivers,passengers_departures,-0.11660591666666664,-0.06900411111111082,-0.15782319960662317,-0.09339534315997215,-0.04760180555555582,-0.06442785644665101
flash_mob-long_rides,managers_drivers,managers+drivers,passengers_drivers_ratio,0.012952777777777785,-0.0023716944444444887,0.18519404177350088,-0.03390961286867589,0.015324472222222274,0.21910365464217677
flash_mob-long_rides,managers_drivers,managers+drivers,passengers_new,-0.001787083333333328,-0.0026944722222226325,-0.001949397885834363,-0.0029392017459213245,0.0009073888888893045,0.0009898038600869615
flash_mob-long_rides,managers_drivers,managers+drivers,passengers_no_ratings_count,0.04218519444444446,0.038121611111111064,0.22762819071600957,0.2057013954464377,0.004063583333333398,0.021926795269571864
flash_mob-long_rides,managers_drivers,managers+drivers,passengers_offers_discarded,6.851485944444434,5.403823083333322,0.25596664028558197,0.20188298575728364,1.4476628611111124,0.05408365452829833
flash_mob-long_rides,managers_drivers,managers+drivers,passengers_pickup_accept,-0.11714297222222214,-0.1431883611111111,-0.2944467925076854,-0.3599136410301941,0.026045388888888965,0.06546684852250867
flash_mob-long_rides,managers_drivers,managers+drivers,passengers_pickup_reject,0.0785275555555556,0.07901441666666661,1.5891422318183983,1.5989947166846716,-0.0004868611111110144,-0.009852484866273326
flash_mob-long_rides,managers_drivers,managers+drivers,passengers_rating_avg,-0.028544694444444296,-0.026314500000000685,-1.354423681664556,-1.2486026795813103,-0.0022301944444436117,-0.10582100208324574
flash_mob-long_rides,managers_drivers,managers+drivers,passengers_ratings_count,-0.07796761111111117,-0.07361611111111133,-0.13455405281745286,-0.12704437088041476,-0.004351499999999842,-0.007509681937038104
flash_mob-long_rides,managers_drivers,managers+drivers,passengers_reject,2.627583194444444,2.3416528333333337,1.4606627857062084,1.3017152636404643,0.28593036111111036,0.15894752206574414
flash_mob-long_rides,managers_drivers,managers+drivers,passengers_unassigned,1.490564833333334,0.7766806388888909,0.18537913172978682,0.09659451185801624,0.713884194444443,0.08878461987177058
flash_mob-long_rides,managers_drivers,managers+drivers,rides_dispatched,-0.05588852777777786,-0.048648111111111,-0.061797205814528175,-0.05379131378759845,-0.00724041666666686,-0.008005892026929723
flash_mob-long_rides,managers_drivers,managers+drivers,rides_duration_avg,13.450118777777789,-40.312756388889284,0.0575518544571538,-0.1724946765744007,53.76287516666707,0.2300465310315545
flash_mob-long_rides,managers_drivers,managers+drivers,rides_in_progress,-205.2506201111114,-272.6524438055558,-0.24844590202618455,-0.3300325343925613,67.40182369444437,0.08158663236637675
flash_mob-long_rides,managers_drivers,managers+drivers,rides_length_avg,-45.51219138888791,-28.646851694445104,-0.03933979628618371,-0.024761745710516186,-16.86533969444281,-0.014578050575667526
flash_mob-long_rides,managers_drivers,managers+drivers,rides_not_served,0.08008302777777776,0.06651352777777764,0.6417400763575929,0.5330017805191974,0.013569500000000123,0.10873829583839545
flash_mob-long_rides,managers_drivers,managers+drivers,rides_offers_generated,7.594106361111116,5.949439444444437,0.257168484057209,0.20147312273014825,1.6446669166666794,0.05569536132706074
flash_mob-long_rides,managers_drivers,managers+drivers,rides_offers_lyft,1.852152916666661,2.410000750000002,0.1657209486483802,0.21563425294931376,-0.5578478333333408,-0.049913304300933575
flash_mob-long_rides,managers_drivers,managers+drivers,rides_offers_price_lyft_avg,0.4514017499999916,0.38189691666665126,0.8432451475123788,0.7134060110070441,0.06950483333334034,0.12983913650533463
flash_mob-long_rides,managers_drivers,managers+drivers,rides_offers_price_no_surge_avg,0.5188206666666666,0.2793145555555583,0.8749806108220088,0.47105837553017105,0.2395061111111083,0.4039222352918378
flash_mob-long_rides,managers_drivers,managers+drivers,rides_offers_price_uber_avg,0.5696743333333352,0.20833391666666756,0.9112124685646045,0.3332368186236805,0.3613404166666676,0.577975649940924
flash_mob-long_rides,managers_drivers,managers+drivers,rides_offers_radius_avg,-137.01770333333343,-113.66577988888821,-0.2890070418397511,-0.23975157957638976,-23.35192344444522,-0.04925546226336136
flash_mob-long_rides,managers_drivers,managers+drivers,rides_offers_surge_lyft_avg,0.0,0.0,,,0.0,
flash_mob-long_rides,managers_drivers,managers+drivers,rides_offers_surge_uber_avg,0.0,0.0,,,0.0,
flash_mob-long_rides,managers_drivers,managers+drivers,rides_offers_uber,5.741444472222213,3.5389354722222137,0.3053661520440619,0.1882228614616317,2.202508999999999,0.11714329058243023
flash_mob-long_rides,managers_drivers,managers+drivers,rides_partial_acceptances,0.3208795000000011,0.2299577222222231,0.1488342199711663,0.10666177868418082,0.09092177777777799,0.04217244128698548
flash_mob-long_rides,managers_drivers,managers+drivers,rides_waiting_duration_avg,12.66562347222225,16.173764416666586,0.054924197679652086,0.07013717374382489,-3.508140944444335,-0.015212976064172802
flash_mob-long_rides,managers_drivers,managers+drivers,traffic_duration_avg,47.41542488888888,14.482919583333455,0.3124045326580672,0.0954231610189771,32.93250530555542,0.21698137163909012
flash_mob-long_rides,managers_drivers,managers+drivers,traffic_length_avg,27.87656700000025,32.52219241666717,0.3496558269862222,0.40792591443755255,-4.645625416666917,-0.05827008745133033
flash_mob-long_rides,managers_drivers,managers+drivers,traffic_speed_avg,-0.15273925000000066,0.008795916666667125,-0.15688907749087946,0.00903489608283431,-0.16153516666666778,-0.16592397357371377
flash_mob-wildcat_strike,managers_drivers,managers+drivers,drivers_accept,0.02006472222222211,-0.02350049999999948,0.0221860159513992,-0.025985032939474385,0.04356522222222159,0.048171048890873584
flash_mob-wildcat_strike,managers_drivers,managers+drivers,drivers_acceptance_rate,0.08441061111111092,0.06787166666666655,0.41739069092934034,0.3356094864333579,0.01653894444444437,0.08178120449598242
flash_mob-wildcat_strike,managers_drivers,managers+drivers,drivers_busy,-26.87029461111115,178.22135899999967,-0.027631189735103076,0.18326811286023614,-205.09165361111081,-0.21089930259533923
flash_mob-wildcat_strike,managers_drivers,managers+drivers,drivers_change_provider,-0.05720422222222221,-0.08240727777777801,-0.21238354869782894,-0.30595556434596927,0.025203055555555798,0.09357201564814033
flash_mob-wildcat_strike,managers_drivers,managers+drivers,drivers_change_zone,-0.038000388888889125,0.027231944444444434,-0.07305792310256476,0.05235497218127805,-0.06523233333333356,-0.1254128952838428
flash_mob-wildcat_strike,managers_drivers,managers+drivers,drivers_demand_pressure,0.0,0.0,,,0.0,
flash_mob-wildcat_strike,managers_drivers,managers+drivers,drivers_idle,172.9671495555558,-25.452012333334096,0.05249249449078045,-0.00772423908597563,198.4191618888899,0.06021673357675608
flash_mob-wildcat_strike,managers_drivers,managers+drivers,drivers_idle_duration_avg,119.62621461111098,3.3457890555552012,1.0080578680861718,0.028194062592161617,116.28042555555578,0.9798638054940102
flash_mob-wildcat_strike,managers_drivers,managers+drivers,drivers_occupied_distance_avg,308.01478816666804,-631.2132895000013,0.27701136056892267,-0.5676781078412599,939.2280776666694,0.8446894684101827
flash_mob-wildcat_strike,managers_drivers,managers+drivers,drivers_occupied_duration_avg,26.802538611111117,-79.77756672222239,0.22337963384688692,-0.6648879011862695,106.5801053333335,0.8882675350331564
flash_mob-wildcat_strike,managers_drivers,managers+drivers,drivers_passengers_served,-0.22700044444444512,-0.49279661111111217,-0.2636050172595397,-0.5722616953253558,0.26579616666666706,0.30865667806581604
flash_mob-wildcat_strike,managers_drivers,managers+drivers,drivers_pickup,-94.44062327777806,-112.40428027777807,-0.3303600068493196,-0.3931981547097353,17.963657000000012,0.0628381478604157
flash_mob-wildcat_strike,managers_drivers,managers+drivers,drivers_pickup_accept,-0.0092038333333333,-0.03563977777777794,-0.025338369531004018,-0.09811714604453274,0.026435944444444637,0.07277877651352872
flash_mob-wildcat_strike,managers_drivers,managers+drivers,drivers_pickup_reject,-0.01799994444444447,-0.016610833333333352,-0.22074174907036131,-0.20370642891889373,-0.0013891111111111187,-0.01703532015146758
flash_mob-wildcat_strike,managers_drivers,managers+drivers,drivers_reject,-0.055703777777777796,-0.08165688888888956,-0.12285152986642522,-0.1800896478539158,0.02595311111111176,0.05723811798749057
flash_mob-wildcat_strike,managers_drivers,managers+drivers,drivers_removed,-0.04472211111111102,-0.058267833333333074,-0.2942892750119994,-0.38342551373712674,0.013545722222222056,0.08913623872512733
flash_mob-wildcat_strike,managers_drivers,managers+drivers,drivers_shift_duration_avg,379.8504073333338,-316.60051377777745,0.4065289952300598,-0.33883677961270364,696.4509211111113,0.7453657748427635
flash_mob-wildcat_strike,managers_drivers,managers+drivers,drivers_starting,-0.028435388888888857,-0.049575611111111084,-0.18266101950170457,-0.31845991990332995,0.021140222222222227,0.13579890040162537
flash_mob-wildcat_strike,managers_drivers,managers+drivers,drivers_total_length_avg,1706.2887213333306,-2669.562923444446,0.2853967986183786,-0.4465157054229435,4375.8516447777765,0.7319125040413221
flash_mob-wildcat_strike,managers_drivers,managers+drivers,drivers_waiting,0.013462888888888358,-0.04348261111111329,0.012524957450228037,-0.04045326812739345,0.05694550000000165,0.05297822557762149
flash_mob-wildcat_strike,managers_drivers,managers+drivers,failed_requests,-0.008278532616011858,-0.015968376588324312,-0.19155855223140283,-0.3694953251532677,0.0076898439723124545,0.17793677292186488
flash_mob-wildcat_strike,managers_drivers,managers+drivers,passengers_accept,-0.3854539999999993,-0.1530011666666642,-0.11287360525990242,-0.044803772410294415,-0.2324528333333351,-0.068069832849608
flash_mob-wildcat_strike,managers_drivers,managers+drivers,passengers_acceptance_rate,-0.48563116666666706,-0.5069035555555561,-4.17691576677514,-4.359879675695674,0.02127238888888905,0.1829639089205335
flash_mob-wildcat_strike,managers_drivers,managers+drivers,passengers_arrivals,0.0371938333333337,0.0633327777777779,0.04863404007685895,0.08281289064826756,-0.0261389444444442,-0.03417885057140861
flash_mob-wildcat_strike,managers_drivers,managers+drivers,passengers_cancel,-0.020417166666666667,-0.013944999999999999,-1.3771190251360221,-0.9405773640901116,-0.006472166666666668,-0.4365416610459105
flash_mob-wildcat_strike,managers_drivers,managers+drivers,passengers_change_provider,0.5668705555555555,0.8065933888888894,0.4970961387239228,0.7073121988916132,-0.23972283333333388,-0.21021606016769045
flash_mob-wildcat_strike,managers_drivers,managers+drivers,passengers_departures,0.060768388888889024,0.04263027777777828,0.08224849856290053,0.05769901760852411,0.018138111111110744,0.024549480954376424
flash_mob-wildcat_strike,managers_drivers,managers+drivers,passengers_drivers_ratio,-0.019452722222222274,0.007174111111110992,-0.2781278513100995,0.10257279601277655,-0.026626833333333266,-0.380700647322876
flash_mob-wildcat_strike,managers_drivers,managers+drivers,passengers_new,-0.00030544444444480234,0.0017512777777772826,-0.00033318689908540993,0.0019103402364230799,-0.002056722222222085,-0.0022435271355084898
flash_mob-wildcat_strike,managers_drivers,managers+drivers,passengers_no_ratings_count,0.024953222222222293,0.040146277777777795,0.13464574246443975,0.21662634710793363,-0.015193055555555501,-0.08198060464349388
flash_mob-wildcat_strike,managers_drivers,managers+drivers,passengers_offers_discarded,-0.6621485555555608,1.54013877777777,-0.024737398939413735,0.057538488981500026,-2.202287333333331,-0.08227588792091375
flash_mob-wildcat_strike,managers_drivers,managers+drivers,passengers_pickup_accept,-0.10825927777777777,-0.11396311111111124,-0.27211702500082363,-0.28645399629443624,0.005703833333333463,0.01433697129361261
flash_mob-wildcat_strike,managers_drivers,managers+drivers,passengers_pickup_reject,0.08063861111111112,0.061591833333333235,1.63186312785692,1.246418315108185,0.019046777777777885,0.3854448127487351
flash_mob-wildcat_strike,managers_drivers,managers+drivers,passengers_rating_avg,0.009974111111112016,0.003322666666666585,0.47326386060065206,0.15765796436775503,0.006651444444445431,0.31560589623289703
flash_mob-wildcat_strike,managers_drivers,managers+drivers,passengers_ratings_count,0.011768722222222472,0.023148111111112035,0.020310090932838476,0.0399482826353386,-0.011379388888889563,-0.019638191702500127
flash_mob-wildcat_strike,managers_drivers,managers+drivers,passengers_reject,1.5566204444444445,1.815083277777779,0.8653189590635177,1.0089973944167354,-0.25846283333333453,-0.14367843535321767
flash_mob-wildcat_strike,managers_drivers,managers+drivers,passengers_unassigned,-1.3018523333333256,0.8315555555555605,-0.16190926405665382,0.10341921627738898,-2.133407888888886,-0.26532848033404277
flash_mob-wildcat_strike,managers_drivers,managers+drivers,rides_dispatched,0.02006472222222211,-0.02350049999999948,0.0221860159513992,-0.025985032939474385,0.04356522222222159,0.048171048890873584
flash_mob-wildcat_strike,managers_drivers,managers+drivers,rides_duration_avg,-47.10086361111121,-7.70344050000017,-0.2015403798389942,-0.03296233243737964,-39.39742311111104,-0.16857804740161456
flash_mob-wildcat_strike,managers_drivers,managers+drivers,rides_in_progress,-73.92913899999985,-98.97613927777729,-0.08948763036589633,-0.11980580710852354,25.047000277777443,0.030318176742627212
flash_mob-wildcat_strike,managers_drivers,managers+drivers,rides_length_avg,-34.113318611111026,179.7722331666664,-0.029486846575672635,0.15539139766440027,-213.88555177777744,-0.1848782442400729
flash_mob-wildcat_strike,managers_drivers,managers+drivers,rides_not_served,-0.0029717777777779064,-0.03123088888888914,-0.02381414578031471,-0.25026667418077697,0.028259111111111235,0.22645252840046226
flash_mob-wildcat_strike,managers_drivers,managers+drivers,rides_offers_generated,-0.8520735555555348,1.6659536111111493,-0.028854805841222353,0.05641621861830262,-2.518027166666684,-0.08527102445952497
flash_mob-wildcat_strike,managers_drivers,managers+drivers,rides_offers_lyft,-1.033167055555559,0.8246944444444395,-0.09244238044181727,0.07378934236399134,-1.8578614999999985,-0.1662317228058086
flash_mob-wildcat_strike,managers_drivers,managers+drivers,rides_offers_price_lyft_avg,-0.27915883333333724,-0.22808400000000262,-0.5214851993674324,-0.42607439210242143,-0.051074833333334624,-0.095410807265011
flash_mob-wildcat_strike,managers_drivers,managers+drivers,rides_offers_price_no_surge_avg,-0.25853383333333113,-0.1320499999999889,-0.4360121058043567,-0.2226996669222312,-0.12648383333334223,-0.21331243888212548
flash_mob-wildcat_strike,managers_drivers,managers+drivers,rides_offers_price_uber_avg,-0.24528205555555616,-0.08315294444443211,-0.39233655837992476,-0.13300581637981382,-0.16212911111112405,-0.25933074200011097
flash_mob-wildcat_strike,managers_drivers,managers+drivers,rides_offers_radius_avg,-61.19166933333372,1.2067558333328634,-0.12906962318759477,0.0025453713288853957,-62.398425166666584,-0.13161499451648018
flash_mob-wildcat_strike,managers_drivers,managers+drivers,rides_offers_surge_lyft_avg,0.0,0.0,,,0.0,
flash_mob-wildcat_strike,managers_drivers,managers+drivers,rides_offers_surge_uber_avg,0.0,0.0,,,0.0,
flash_mob-wildcat_strike,managers_drivers,managers+drivers,rides_offers_uber,0.18173161111108982,0.8429254999999714,0.009665630845730772,0.04483208322228739,-0.6611938888888815,-0.03516645237655662
flash_mob-wildcat_strike,managers_drivers,managers+drivers,rides_partial_acceptances,-0.350287555555556,-0.047546555555557646,-0.16247462083653702,-0.022053619843047365,-0.3027409999999984,-0.14042100099348964
flash_mob-wildcat_strike,managers_drivers,managers+drivers,rides_waiting_duration_avg,5.8991185000001,41.87766605555578,0.02558139765802227,0.1816015779911889,-35.97854755555568,-0.1560201803331666
flash_mob-wildcat_strike,managers_drivers,managers+drivers,traffic_duration_avg,-17.19759794444451,-22.77957022222199,-0.11330927775645677,-0.15008704458730943,5.581972277777481,0.036777766830852654
flash_mob-wildcat_strike,managers_drivers,managers+drivers,traffic_length_avg,-5.0114008333330275,-15.669847222221506,-0.06285800912065276,-0.19654692018689274,10.658446388888478,0.13368891106623998
flash_mob-wildcat_strike,managers_drivers,managers+drivers,traffic_speed_avg,0.15428711111111149,0.24067050000000112,0.1584789929959391,0.24720936317461764,-0.08638338888888963,-0.08873037017867855
underground_alarm-flash_mob,managers_drivers,managers+drivers,drivers_accept,-0.09216051851851859,-0.09545629629629637,-0.10190396414641381,-0.10554817997657681,0.0032957777777777864,0.003644215830163
underground_alarm-flash_mob,managers_drivers,managers+drivers,drivers_acceptance_rate,-0.1518871851851853,-0.13347881481481516,-0.7510465370794165,-0.6600214594661516,-0.01840837037037013,-0.09102507761326484
underground_alarm-flash_mob,managers_drivers,managers+drivers,drivers_busy,13.42671807407487,-198.79433066666616,0.013806926942702358,-0.20442365624983108,212.22104874074103,0.21823058319253344
underground_alarm-flash_mob,managers_drivers,managers+drivers,drivers_change_provider,0.023690592592592985,-0.04032222222222215,0.0879566565213224,-0.14970532443689466,0.06401281481481513,0.23766198095821706
underground_alarm-flash_mob,managers_drivers,managers+drivers,drivers_change_zone,0.05587518518518508,0.03150518518518486,0.10742324228672259,0.06057052214179548,0.024370000000000225,0.04685272014492711
underground_alarm-flash_mob,managers_drivers,managers+drivers,drivers_demand_pressure,0.0,0.0,,,0.0,
underground_alarm-flash_mob,managers_drivers,managers+drivers,drivers_idle,168.21649333333517,367.2818595555582,0.05105075369657021,0.11146359894825743,-199.06536622222302,-0.06041284525168722
underground_alarm-flash_mob,managers_drivers,managers+drivers,drivers_idle_duration_avg,149.42671822222235,118.99939874074073,1.2591786799898945,1.0027758596900846,30.427319481481618,0.2564028202998099
underground_alarm-flash_mob,managers_drivers,managers+drivers,drivers_occupied_distance_avg,525.3300314074068,690.1189371851851,0.47245259753287516,0.6206545694832148,-164.78890577777838,-0.14820197195033968
underground_alarm-flash_mob,managers_drivers,managers+drivers,drivers_occupied_duration_avg,51.72546555555567,70.05614281481513,0.4310940737370992,0.5838669149127239,-18.33067725925946,-0.15277284117562473
underground_alarm-flash_mob,managers_drivers,managers+drivers,drivers_passengers_served,0.22745711111111078,0.07895081481481414,0.26413532293732317,0.09168189495332545,0.14850629629629664,0.1724534279839977
underground_alarm-flash_mob,managers_drivers,managers+drivers,drivers_pickup,-80.0299397037038,-82.51897088888904,-0.27995041234429535,-0.288657220186588,2.4890311851852402,0.008706807842292663
underground_alarm-flash_mob,managers_drivers,managers+drivers,drivers_pickup_accept,-0.057913851851851605,-0.05456837037036966,-0.15943819559089964,-0.15022800642657452,-0.003345481481481949,-0.009210189164325117
underground_alarm-flash_mob,managers_drivers,managers+drivers,drivers_pickup_reject,0.010431629629629513,0.005579703703703642,0.12792795984486116,0.0684265197957353,0.004851925925925871,0.05950144004912586
underground_alarm-flash_mob,managers_drivers,managers+drivers,drivers_reject,0.11819733333333349,0.08512377777777846,0.2606775304192145,0.18773567512294642,0.03307355555555502,0.07294185529626807
underground_alarm-flash_mob,managers_drivers,managers+drivers,drivers_removed,0.032309481481481495,0.008175037037036925,0.21260923612428723,0.05379499453522275,0.02413444444444457,0.1588142415890645
underground_alarm-flash_mob,managers_drivers,managers+drivers,drivers_shift_duration_avg,489.85982392592587,462.30511874074045,0.5242648636925784,0.4947748686931419,27.554705185185412,0.029489994999436497
underground_alarm-flash_mob,managers_drivers,managers+drivers,drivers_starting,-0.06545770370370374,-0.08256770370370364,-0.420482059854334,-0.5303919350414242,0.017109999999999903,0.10990987518709022
underground_alarm-flash_mob,managers_drivers,managers+drivers,drivers_total_length_avg,2585.7341796296278,2762.6488831111164,0.43249436494414445,0.46208542381411216,-176.9147034814887,-0.029591058869967712
underground_alarm-flash_mob,managers_drivers,managers+drivers,drivers_waiting,-0.028926518518518574,0.0014813333333330014,-0.026911268199406056,0.0013781319241900278,-0.030407851851851575,-0.028289400123596084
underground_alarm-flash_mob,managers_drivers,managers+drivers,failed_requests,0.020824703353144597,0.011063627459946379,0.4818668005560836,0.25600339540316974,0.009761075893198218,0.22586340515291387
underground_alarm-flash_mob,managers_drivers,managers+drivers,passengers_accept,0.03245629629629576,-0.18491333333333593,0.009504270746565159,-0.05414870410985424,0.2173696296296317,0.06365297485641941
underground_alarm-flash_mob,managers_drivers,managers+drivers,passengers_acceptance_rate,-0.4339857777777778,-0.46113725925925886,-3.732713553371274,-3.9662435631310156,0.027151481481481055,0.23353000975974147
underground_alarm-flash_mob,managers_drivers,managers+drivers,passengers_arrivals,0.0880617777777779,0.03228422222222238,0.11514812123023588,0.042214313951840596,0.055777555555555525,0.07293380727839528
underground_alarm-flash_mob,managers_drivers,managers+drivers,passengers_cancel,0.014394222222222225,0.011491555555555533,0.970876987874155,0.7750948034234137,0.0029026666666666923,0.19578218445074125
underground_alarm-flash_mob,managers_drivers,managers+drivers,passengers_change_provider,0.9792221481481485,0.9329259259259248,0.8586925957379075,0.8180948383158135,0.046296222222223626,0.04059775742209393
underground_alarm-flash_mob,managers_drivers,managers+drivers,passengers_departures,-0.04965355555555573,-0.016974740740741012,-0.06720484889308526,-0.022974888177029133,-0.032678814814814716,-0.04422996071605612
underground_alarm-flash_mob,managers_drivers,managers+drivers,passengers_drivers_ratio,-0.0009960000000000524,-0.002017185185185233,-0.014240440836008995,-0.028840970165564903,0.0010211851851851805,0.014600529329555908
underground_alarm-flash_mob,managers_drivers,managers+drivers,passengers_new,-0.00018511111111108036,0.002320592592592874,-0.00020192410835778458,0.0025313639322266887,-0.0025057037037039542,-0.0027332880405844732
underground_alarm-flash_mob,managers_drivers,managers+drivers,passengers_no_ratings_count,0.021456592592592583,-0.0038020000000000276,0.11577818746846127,-0.020515310940240256,0.02525859259259261,0.13629349840870153
underground_alarm-flash_mob,managers_drivers,managers+drivers,passengers_offers_discarded,2.9840741481481388,1.2438397037037419,0.11148288710770685,0.046468966380792474,1.740234444444397,0.06501392072691436
underground_alarm-flash_mob,managers_drivers,managers+drivers,passengers_pickup_accept,-0.11387577777777769,-0.09264059259259239,-0.28623447804770535,-0.23285840223648907,-0.0212351851851853,-0.053376075811216284
underground_alarm-flash_mob,managers_drivers,managers+drivers,passengers_pickup_reject,0.0662713333333334,0.04363074074074086,1.3411161701628158,0.8829442381862804,0.022640592592592546,0.4581719319765354
underground_alarm-flash_mob,managers_drivers,managers+drivers,passengers_rating_avg,0.002199037037036611,-0.01601622222222243,0.10434260719156307,-0.7599573612812758,0.018215259259259042,0.8642999684728389
underground_alarm-flash_mob,managers_drivers,managers+drivers,passengers_ratings_count,0.06586325925925984,0.031850592592593596,0.11366474281827899,0.054966751666452776,0.03401266666666625,0.05869799115182621
underground_alarm-flash_mob,managers_drivers,managers+drivers,passengers_reject,2.0680495555555556,1.9177649629629627,1.1496203169448809,1.0660777246002713,0.15028459259259286,0.08354259234460959
underground_alarm-flash_mob,managers_drivers,managers+drivers,passengers_unassigned,1.1778890370370334,2.0593827407407446,0.14649214987291276,0.25612209267280744,-0.8814937037037112,-0.10962994279989469
underground_alarm-flash_mob,managers_drivers,managers+drivers,rides_dispatched,-0.09216051851851859,-0.09545629629629637,-0.10190396414641381,-0.10554817997657681,0.0032957777777777864,0.003644215830163
underground_alarm-flash_mob,managers_drivers,managers+drivers,rides_duration_avg,25.895246148148317,-47.95501888888896,0.11080344062929036,-0.20519523382524257,73.85026503703727,0.31599867445453295
underground_alarm-flash_mob,managers_drivers,managers+drivers,rides_in_progress,20.541901333333044,-76.98248111111161,0.024864973383905146,-0.09318355262220443,97.52438244444465,0.11804852600610957
underground_alarm-flash_mob,managers_drivers,managers+drivers,rides_length_avg,188.37105444444478,16.874431481482134,0.16282404081002774,0.014585909328214687,171.49662296296265,0.14823813148181306
underground_alarm-flash_mob,managers_drivers,managers+drivers,rides_not_served,0.06415999999999988,0.03293681481481481,0.5141419404540605,0.2639369993962744,0.031223185185185076,0.25020494105778607
underground_alarm-flash_mob,managers_drivers,managers+drivers,rides_offers_generated,3.566024148148159,1.631567333333365,0.12076062418442123,0.05525175416284442,1.9344568148147943,0.0655088700215768
underground_alarm-flash_mob,managers_drivers,managers+drivers,rides_offers_lyft,1.9533082222222262,0.6837900740740892,0.17477179593352477,0.06118195680940019,1.269518148148137,0.11358983912412457
underground_alarm-flash_mob,managers_drivers,managers+drivers,rides_offers_price_lyft_avg,-0.0785065185185232,-0.39506392592592476,-0.14665481644419104,-0.7380027624931274,0.31655740740740157,0.5913479460489364
underground_alarm-flash_mob,managers_drivers,managers+drivers,rides_offers_price_no_surge_avg,-0.10548474074074221,-0.4102985185185162,-0.17789789192232616,-0.6919601924480585,0.30481377777777396,0.5140623005257323
underground_alarm-flash_mob,managers_drivers,managers+drivers,rides_offers_price_uber_avg,-0.11876985185185163,-0.4273931111111189,-0.1899762084482966,-0.6836290649506781,0.30862325925926726,0.4936528565023815
underground_alarm-flash_mob,managers_drivers,managers+drivers,rides_offers_radius_avg,-36.15461237037016,75.00027674074181,-0.07625976290526215,0.15819567538125034,-111.15488911111197,-0.2344554382865125
underground_alarm-flash_mob,managers_drivers,managers+drivers,rides_offers_surge_lyft_avg,0.0,0.0,,,0.0,
underground_alarm-flash_mob,managers_drivers,managers+drivers,rides_offers_surge_uber_avg,0.0,0.0,,,0.0,
underground_alarm-flash_mob,managers_drivers,managers+drivers,rides_offers_uber,1.6132717777777685,0.9490490370370139,0.08580394661390944,0.05047640083314192,0.6642227407407546,0.03532754578076752
underground_alarm-flash_mob,managers_drivers,managers+drivers,rides_partial_acceptances,0.007889037037037028,-0.17528340740740767,0.0036591888036818926,-0.08130207512592605,0.1831724444444447,0.08496126392960794
underground_alarm-flash_mob,managers_drivers,managers+drivers,rides_waiting_duration_avg,25.40133459259289,5.74214229629672,0.11015232890432441,0.02490067380245252,19.65919229629617,0.0852516551018719
underground_alarm-flash_mob,managers_drivers,managers+drivers,traffic_duration_avg,13.437021777777659,19.06186511111116,0.08853208673421784,0.12559231675309251,-5.6248433333335015,-0.03706023001887468
underground_alarm-flash_mob,managers_drivers,managers+drivers,traffic_length_avg,4.46217555555495,15.173518370369038,0.055969075533413334,0.19032146655942153,-10.711342814814088,-0.1343523910260082
underground_alarm-flash_mob,managers_drivers,managers+drivers,traffic_speed_avg,-0.02061111111111158,-0.05882533333333395,-0.02117110178480186,-0.06042357992304011,0.03821422222222237,0.03925247813823825
underground_alarm-long_rides,managers_drivers,managers+drivers,drivers_accept,-0.009949305555555288,-0.02154208333333285,-0.011001171574477369,-0.023819567456078328,0.011592777777777563,0.012818395881600959
underground_alarm-long_rides,managers_drivers,managers+drivers,drivers_acceptance_rate,-0.18243291666666628,-0.2137506111111107,-0.9020880210844914,-1.0569466810374935,0.03131769444444443,0.15485865995300208
underground_alarm-long_rides,managers_drivers,managers+drivers,drivers_busy,-351.19218666666666,-147.15865436111108,-0.36113701333441117,-0.1513257952197112,-204.03353230555558,-0.20981121811469997
underground_alarm-long_rides,managers_drivers,managers+drivers,drivers_change_provider,0.08258355555555563,0.05240694444444449,0.30661003526693625,0.1945725753298899,0.03017661111111114,0.11203745993704636
underground_alarm-long_rides,managers_drivers,managers+drivers,drivers_change_zone,0.07330574999999984,0.1873979722222221,0.14093450101616542,0.3602833298422042,-0.11409222222222226,-0.21934882882603876
underground_alarm-long_rides,managers_drivers,managers+drivers,drivers_demand_pressure,0.0,0.0,,,0.0,
underground_alarm-long_rides,managers_drivers,managers+drivers,drivers_idle,225.1408620000002,-18.470718638888684,0.06832630062154461,-0.005605538964386987,243.61158063888888,0.07393183958593161
underground_alarm-long_rides,managers_drivers,managers+drivers,drivers_idle_duration_avg,-20.97394138888876,-105.59330730555553,-0.17674175104997214,-0.889806340463436,84.61936591666677,0.7130645894134638
underground_alarm-long_rides,managers_drivers,managers+drivers,drivers_occupied_distance_avg,53.73162291666722,-47.77086075000079,0.04832323168090341,-0.04296245388304476,101.50248366666801,0.09128568556394817
underground_alarm-long_rides,managers_drivers,managers+drivers,drivers_occupied_duration_avg,-8.847099777777657,-18.838509666666596,-0.07373413159257902,-0.15700525433872595,9.991409888888938,0.08327112274614692
underground_alarm-long_rides,managers_drivers,managers+drivers,drivers_passengers_served,-0.08319483333333277,-0.1119540277777773,-0.09661027550148646,-0.13000698521477344,0.028759194444444525,0.03339670971328698
underground_alarm-long_rides,managers_drivers,managers+drivers,drivers_pickup,-112.09534508333309,-112.00999680555537,-0.39211747746078646,-0.3918189231241819,-0.0853482777777117,-0.00029855433660458397
underground_alarm-long_rides,managers_drivers,managers+drivers,drivers_pickup_accept,-0.04234252777777803,-0.05688902777777782,-0.11656997436323396,-0.1566168308233407,0.014546499999999796,0.04004685646010675
underground_alarm-long_rides,managers_drivers,managers+drivers,drivers_pickup_reject,0.014837944444444418,0.022332250000000053,0.18196466213463347,0.273870841151295,-0.007494305555555636,-0.09190617901666154
underground_alarm-long_rides,managers_drivers,managers+drivers,drivers_reject,0.15912513888888902,0.17180633333333373,0.3509414896543355,0.3789091464306619,-0.01268119444444471,-0.0279676567763264
underground_alarm-long_rides,managers_drivers,managers+drivers,drivers_removed,0.07230116666666664,0.07230111111111093,0.47577042747359866,0.47577006189595034,5.5555555711350735e-08,3.6557764832023665e-07
underground_alarm-long_rides,managers_drivers,managers+drivers,drivers_shift_duration_avg,-25.45094975000029,-165.9385154722222,-0.027238483439189415,-0.1775931173497266,140.48756572222192,0.1503546339105372
underground_alarm-long_rides,managers_drivers,managers+drivers,drivers_starting,-0.055823750000000005,-0.05712497222222218,-0.3585962241364913,-0.3669549133261527,0.0013012222222221759,0.008358689189661428
underground_alarm-long_rides,managers_drivers,managers+drivers,drivers_total_length_avg,64.3588732499993,-153.55211788888482,0.010764776299923506,-0.02568339245207875,217.91099113888413,0.036448168752002255
underground_alarm-long_rides,managers_drivers,managers+drivers,drivers_waiting,0.016046472222221997,0.0431624166666662,0.014928547911843594,0.040155380963234406,-0.027115944444444207,-0.025226833051390812
underground_alarm-long_rides,managers_drivers,managers+drivers,failed_requests,0.015266808351719396,0.020070162715870032,0.3532616033176317,0.4644073401927195,-0.004803354364150636,-0.11114573687508783
underground_alarm-long_rides,managers_drivers,managers+drivers,passengers_accept,0.28597263888888946,0.6724451944444425,0.0837421916936319,0.19691406351118546,-0.38647255555555304,-0.11317187181755356
underground_alarm-long_rides,managers_drivers,managers+drivers,passengers_acceptance_rate,-0.4708343333333329,-0.4741035833333327,-4.0496481392203165,-4.077766972622749,0.0032692499999997793,0.028118833402432486
underground_alarm-long_rides,managers_drivers,managers+drivers,passengers_arrivals,0.029421361111111377,-0.013870361111111285,0.03847088420733319,-0.018136654324192238,0.04329172222222266,0.05660753853152543
underground_alarm-long_rides,managers_drivers,managers+drivers,passengers_cancel,0.010748888888888863,0.02940236111111104,0.7250026230196183,1.983162087623839,-0.018653472222222175,-1.2581594646042207
underground_alarm-long_rides,managers_drivers,managers+drivers,passengers_change_provider,1.303231583333333,1.4360139999999997,1.142820669708561,1.2592592921922123,-0.13278241666666668,-0.11643862248365133
underground_alarm-long_rides,managers_drivers,managers+drivers,passengers_departures,-0.005912111111110896,0.003925777777777917,-0.00800189491801423,0.005313442298169449,-0.009837888888888813,-0.013315337216183679
underground_alarm-long_rides,managers_drivers,managers+drivers,passengers_drivers_ratio,-0.021070333333333302,-0.006517638888888733,-0.30125585866295707,-0.09318679818040815,-0.01455269444444457,-0.20806906048254892
underground_alarm-long_rides,managers_drivers,managers+drivers,passengers_new,0.0017636944444441305,0.003731138888888541,0.0019238846656603646,0.004070025233902756,-0.0019674444444444106,-0.002146140568242392
underground_alarm-long_rides,managers_drivers,managers+drivers,passengers_no_ratings_count,0.05744894444444448,0.034069555555555464,0.30999025735569674,0.18383680321357332,0.02337938888888902,0.12615345414212342
underground_alarm-long_rides,managers_drivers,managers+drivers,passengers_offers_discarded,6.204574000000008,9.14489361111113,0.23179847029695044,0.341646719030817,-2.9403196111111214,-0.10984824873386656
underground_alarm-long_rides,managers_drivers,managers+drivers,passengers_pickup_accept,-0.11899499999999974,-0.11896752777777753,-0.29910198972913943,-0.29903293643842177,-2.747222222221346e-05,-6.905329071765776e-05
underground_alarm-long_rides,managers_drivers,managers+drivers,passengers_pickup_reject,0.09159272222222214,0.0848479166666666,1.8535386970955725,1.71704577715292,0.006744805555555539,0.13649291994265256
underground_alarm-long_rides,managers_drivers,managers+drivers,passengers_rating_avg,-0.026224694444445085,-0.023497861111111185,-1.2443414754046012,-1.11495534202672,-0.0027268333333339,-0.12938613337788119
underground_alarm-long_rides,managers_drivers,managers+drivers,passengers_ratings_count,-0.02817124999999998,-0.04825966666666659,-0.04861705785793244,-0.08328501598395047,0.02008841666666661,0.03466795812601803
underground_alarm-long_rides,managers_drivers,managers+drivers,passengers_reject,2.6286296388888886,2.8647868333333353,1.4612444999067487,1.5925233215368746,-0.23615719444444672,-0.13127882163012594
underground_alarm-long_rides,managers_drivers,managers+drivers,passengers_unassigned,-0.6846015277777795,-0.6411057500000084,-0.08514278209322906,-0.07973328272893554,-0.04349577777777114,-0.005409499364293524
underground_alarm-long_rides,managers_drivers,managers+drivers,rides_dispatched,-0.009949305555555288,-0.02154208333333285,-0.011001171574477369,-0.023819567456078328,0.011592777777777563,0.012818395881600959
underground_alarm-long_rides,managers_drivers,managers+drivers,rides_duration_avg,-90.9913082500002,-124.24064730555574,-0.38934366423009636,-0.531614610214861,33.24933905555554,0.14227094598476464
underground_alarm-long_rides,managers_drivers,managers+drivers,rides_in_progress,-329.88393036111165,-332.7663560277779,-0.39930846785330887,-0.4027975040588543,2.8824256666662222,0.003489036205545415
underground_alarm-long_rides,managers_drivers,managers+drivers,rides_length_avg,4.834226861111347,-100.71676516666594,0.004178605646392821,-0.0870574873093769,105.55099202777728,0.09123609295576972
underground_alarm-long_rides,managers_drivers,managers+drivers,rides_not_served,0.04269947222222237,0.03598613888888935,0.34216941247970234,0.28837255732205314,0.006713333333333016,0.053796855157649204
underground_alarm-long_rides,managers_drivers,managers+drivers,rides_offers_generated,6.588583138888907,9.920652416666684,0.22311722503515724,0.33595515015665023,-3.3320692777777765,-0.11283792512149299
underground_alarm-long_rides,managers_drivers,managers+drivers,rides_offers_lyft,0.8459904444444462,3.796527222222217,0.07569479697881254,0.3396933844794946,-2.9505367777777707,-0.26399858750068206
underground_alarm-long_rides,managers_drivers,managers+drivers,rides_offers_price_lyft_avg,-0.29541161111111336,-0.49600933333332975,-0.5518463488195712,-0.9265747495533372,0.2005977222222164,0.374728400733766
underground_alarm-long_rides,managers_drivers,managers+drivers,rides_offers_price_no_surge_avg,-0.39275680555555326,-0.7107086388888959,-0.6623764466389137,-1.1985958133988843,0.31795183333334265,0.5362193667599706
underground_alarm-long_rides,managers_drivers,managers+drivers,rides_offers_price_uber_avg,-0.4201375277777828,-0.8371453333333321,-0.6720235254113414,-1.3390409591924772,0.4170078055555493,0.6670174337811359
underground_alarm-long_rides,managers_drivers,managers+drivers,rides_offers_radius_avg,-87.66589299999941,-96.37609219444403,-0.1849108530489159,-0.20328299651491294,8.710199194444613,0.018372143465997026
underground_alarm-long_rides,managers_drivers,managers+drivers,rides_offers_surge_lyft_avg,0.0,0.0,,,0.0,
underground_alarm-long_rides,managers_drivers,managers+drivers,rides_offers_surge_uber_avg,0.0,0.0,,,0.0,
underground_alarm-long_rides,managers_drivers,managers+drivers,rides_offers_uber,5.742962999999989,6.12523213888889,0.3054469169084641,0.3257783956073289,-0.38226913888890124,-0.020331478698864813
underground_alarm-long_rides,managers_drivers,managers+drivers,rides_partial_acceptances,0.13594408333333252,0.521185,0.06305523289151133,0.24174234544641232,-0.3852409166666675,-0.178687112554901
underground_alarm-long_rides,managers_drivers,managers+drivers,rides_waiting_duration_avg,20.16929333333337,84.20454636111083,0.0874636970322413,0.36515116369961237,-64.03525302777746,-0.2776874666673711
underground_alarm-long_rides,managers_drivers,managers+drivers,traffic_duration_avg,-67.90332897222231,-67.61546688888905,-0.4473925479567966,-0.4454959200171665,-0.2878620833332661,-0.0018966279396301355
underground_alarm-long_rides,managers_drivers,managers+drivers,traffic_length_avg,-48.45124269444432,-56.042230333333464,-0.6077240189882753,-0.7029377897699485,7.590987638889146,0.09521377078167315
underground_alarm-long_rides,managers_drivers,managers+drivers,traffic_speed_avg,0.3788746944444443,0.3487962499999995,0.38916847696991735,0.3582728204752731,0.030078444444444852,0.030895656494644264
underground_alarm-wildcat_strike,managers_drivers,managers+drivers,drivers_accept,-0.03931505555555592,0.012140222222221997,-0.04347154373857615,0.013423717552264186,-0.05145527777777792,-0.05689526129084034
underground_alarm-wildcat_strike,managers_drivers,managers+drivers,drivers_acceptance_rate,-0.15138072222222232,-0.19540122222222212,-0.7485421964134904,-0.9662132530282719,0.044020499999999796,0.21767105661478148
underground_alarm-wildcat_strike,managers_drivers,managers+drivers,drivers_busy,-225.85615727777804,-299.14982849999933,-0.2322518016606704,-0.30762095429683173,73.29367122222129,0.07536915263616134
underground_alarm-wildcat_strike,managers_drivers,managers+drivers,drivers_change_provider,0.009703777777777867,0.017399388888889145,0.036027458816125395,0.06459914694828794,-0.007695611111111278,-0.02857168813216255
underground_alarm-wildcat_strike,managers_drivers,managers+drivers,drivers_change_zone,0.054101500000000025,0.05817527777777687,0.10401323097746212,0.111845301972735,-0.004073777777776844,-0.007832070995272875
underground_alarm-wildcat_strike,managers_drivers,managers+drivers,drivers_demand_pressure,0.0,0.0,,,0.0,
underground_alarm-wildcat_strike,managers_drivers,managers+drivers,drivers_idle,181.2574460555561,118.57885344444276,0.05500845399217367,0.035986601080896054,62.678592611113345,0.019021852911277615
underground_alarm-wildcat_strike,managers_drivers,managers+drivers,drivers_idle_duration_avg,-4.2627803888889275,-12.126393000000121,-0.035921301404648776,-0.10218584542605613,7.8636126111111935,0.06626454402140736
underground_alarm-wildcat_strike,managers_drivers,managers+drivers,drivers_occupied_distance_avg,-121.77884144444397,-29.18031361111025,-0.10952111344335469,-0.026243150282991012,-92.59852783333372,-0.08327796316036368
underground_alarm-wildcat_strike,managers_drivers,managers+drivers,drivers_occupied_duration_avg,-21.87821711111104,0.07590605555560614,-0.1823390014808779,0.0006326216759834913,-21.954123166666648,-0.18297162315686138
underground_alarm-wildcat_strike,managers_drivers,managers+drivers,drivers_passengers_served,-0.022573666666667158,0.1254168888888878,-0.02621374511332375,0.1456407772288926,-0.14799055555555496,-0.17185452234221635
underground_alarm-wildcat_strike,managers_drivers,managers+drivers,drivers_pickup,12.596771444444585,80.80090272222219,0.04406440106209277,0.2826472957323811,-68.2041312777776,-0.23858289467028834
underground_alarm-wildcat_strike,managers_drivers,managers+drivers,drivers_pickup_accept,0.003028277777777477,0.07682472222222203,0.008336919911180518,0.21150026627855098,-0.07379644444444455,-0.20316334636737046
underground_alarm-wildcat_strike,managers_drivers,managers+drivers,drivers_pickup_reject,0.01620405555555554,0.03093511111111097,0.19871792251395629,0.3793717561422926,-0.014731055555555428,-0.18065383362833634
underground_alarm-wildcat_strike,managers_drivers,managers+drivers,drivers_reject,0.11366688888888854,0.16622211111111151,0.2506858915541581,0.366593460305191,-0.052555222222222975,-0.11590756875103292
underground_alarm-wildcat_strike,managers_drivers,managers+drivers,drivers_removed,0.007815111111111106,0.018583888888888844,0.051426538816851775,0.12228937883605165,-0.010768777777777738,-0.07086284001919987
underground_alarm-wildcat_strike,managers_drivers,managers+drivers,drivers_shift_duration_avg,-53.387505111111295,-73.43188705555531,-0.057137147655113574,-0.07858933592335365,20.044381944444012,0.02145218826824008
underground_alarm-wildcat_strike,managers_drivers,managers+drivers,drivers_starting,-0.024231611111111107,-0.03720399999999996,-0.1556571217302365,-0.23898813538635447,0.012972388888888853,0.08333101365611797
underground_alarm-wildcat_strike,managers_drivers,managers+drivers,drivers_total_length_avg,-439.5183630555548,-498.4316057222204,-0.07351460053725623,-0.08336853126016197,58.91324266666561,0.009853930722905746
underground_alarm-wildcat_strike,managers_drivers,managers+drivers,drivers_waiting,0.03881527777777727,0.13310211111111236,0.03611109818983173,0.12382916415347912,-0.0942868333333351,-0.0877180659636474
underground_alarm-wildcat_strike,managers_drivers,managers+drivers,failed_requests,0.04212759105204675,0.06574929187212131,0.9747984003008385,1.5213854611025255,-0.02362170082007456,-0.546587060801687
underground_alarm-wildcat_strike,managers_drivers,managers+drivers,passengers_accept,0.22437933333333504,0.2538981666666693,0.0657056465859661,0.0743497315906609,-0.02951883333333427,-0.008644085004694796
underground_alarm-wildcat_strike,managers_drivers,managers+drivers,passengers_acceptance_rate,-0.540701222222222,-0.6064270555555555,-4.650573553004223,-5.215881730028355,0.06572583333333348,0.5653081770241313
underground_alarm-wildcat_strike,managers_drivers,managers+drivers,passengers_arrivals,-0.10573177777777754,-0.2058147777777779,-0.13825312039653326,-0.26911999258445624,0.10008300000000037,0.13086687218792298
underground_alarm-wildcat_strike,managers_drivers,managers+drivers,passengers_cancel,0.02803705555555558,0.024221722222222214,1.8910734895154169,1.6337327817497782,0.003815333333333365,0.25734070776563867
underground_alarm-wildcat_strike,managers_drivers,managers+drivers,passengers_change_provider,1.0706946666666672,1.153240555555556,0.9389060330196255,1.0112915930598474,-0.08254588888888881,-0.0723855600402219
underground_alarm-wildcat_strike,managers_drivers,managers+drivers,passengers_departures,-0.09809249999999992,-0.21358355555555497,-0.13276575194437107,-0.2890800148460446,0.11549105555555506,0.15631426290167355
underground_alarm-wildcat_strike,managers_drivers,managers+drivers,passengers_drivers_ratio,-0.008936500000000125,-0.014173500000000172,-0.127770782661636,-0.20264747810157158,0.005237000000000047,0.07487669543993558
underground_alarm-wildcat_strike,managers_drivers,managers+drivers,passengers_new,-0.0025182222222217554,0.0007212777777785284,-0.0027469435725214547,0.00078678892521377,-0.003239500000000284,-0.003533732497735225
underground_alarm-wildcat_strike,managers_drivers,managers+drivers,passengers_no_ratings_count,0.00559377777777792,-0.03294311111111098,0.030183611373413844,-0.17775859226284085,0.0385368888888889,0.2079422036362547
underground_alarm-wildcat_strike,managers_drivers,managers+drivers,passengers_offers_discarded,4.656629888888887,5.355213722222203,0.1739683796153452,0.2000669746100769,-0.6985838333333163,-0.02609859499473169
underground_alarm-wildcat_strike,managers_drivers,managers+drivers,passengers_pickup_accept,-0.0798425555555553,-0.053741444444444175,-0.20068966958045295,-0.13508275947940074,-0.02610111111111113,-0.06560691010105221
underground_alarm-wildcat_strike,managers_drivers,managers+drivers,passengers_pickup_reject,0.09836155555555542,0.16147288888888875,1.990517861085085,3.2676859124376367,-0.06311133333333332,-1.2771680513525516
underground_alarm-wildcat_strike,managers_drivers,managers+drivers,passengers_rating_avg,0.0026081111111109223,-0.003986666666666139,0.12375285572512498,-0.18916425098697304,0.006594777777777061,0.31291710671209805
underground_alarm-wildcat_strike,managers_drivers,managers+drivers,passengers_ratings_count,-0.1132511666666669,-0.17302866666666628,-0.19544530407105457,-0.29860743482856544,0.05977749999999937,0.10316213075751088
underground_alarm-wildcat_strike,managers_drivers,managers+drivers,passengers_reject,2.3219908888888883,2.5202410000000013,1.2907852688812704,1.4009916974253338,-0.19825011111111301,-0.11020642854406337
underground_alarm-wildcat_strike,managers_drivers,managers+drivers,passengers_unassigned,0.3202871111111065,-1.0000834444444564,0.03983358874047768,-0.12437875659111847,1.320370555555563,0.16421234533159615
underground_alarm-wildcat_strike,managers_drivers,managers+drivers,rides_dispatched,-0.03931505555555592,0.012140222222221997,-0.04347154373857615,0.013423717552264186,-0.05145527777777792,-0.05689526129084034
underground_alarm-wildcat_strike,managers_drivers,managers+drivers,rides_duration_avg,0.4198612222221527,42.33325644444494,0.001796548592080477,0.18114021547626777,-41.91339522222279,-0.1793436668841873
underground_alarm-wildcat_strike,managers_drivers,managers+drivers,rides_in_progress,-61.42556488888886,-46.8091945000001,-0.07435266148295433,-0.056660255371584464,-14.616370388888754,-0.017692406111369866
underground_alarm-wildcat_strike,managers_drivers,managers+drivers,rides_length_avg,-123.0674542222223,-251.30745327778277,-0.10637696034437785,-0.2172249613882892,128.23999905556047,0.11084800104391135
underground_alarm-wildcat_strike,managers_drivers,managers+drivers,rides_not_served,0.1148706111111113,0.2077692777777782,0.9205080875593927,1.6649454433199158,-0.09289866666666691,-0.7444373557605231
underground_alarm-wildcat_strike,managers_drivers,managers+drivers,rides_offers_generated,5.113731722222241,5.897777777777819,0.17317253305980027,0.19972364071491622,-0.7840460555555779,-0.026551107655115952
underground_alarm-wildcat_strike,managers_drivers,managers+drivers,rides_offers_lyft,1.3422504999999987,-1.1473512777777728,0.12009754928015785,-0.10265898699577186,2.4896017777777715,0.22275653627592973
underground_alarm-wildcat_strike,managers_drivers,managers+drivers,rides_offers_price_lyft_avg,0.16884066666666797,0.11838788888888985,0.31540434406695467,0.22115557334412833,0.050452777777778124,0.09424877072282634
underground_alarm-wildcat_strike,managers_drivers,managers+drivers,rides_offers_price_no_surge_avg,0.1504393888888913,0.12019766666667309,0.2537130011173261,0.20271094533509812,0.030241722222218215,0.05100205578222797
underground_alarm-wildcat_strike,managers_drivers,managers+drivers,rides_offers_price_uber_avg,0.14866211111111127,0.1802069444444463,0.23778984117986848,0.2882468194396001,-0.03154483333333502,-0.05045697825973164
underground_alarm-wildcat_strike,managers_drivers,managers+drivers,rides_offers_radius_avg,-79.23816772222199,-7.049157611111696,-0.1671345227447719,-0.014868561792291693,-72.18901011111029,-0.15226596095248018
underground_alarm-wildcat_strike,managers_drivers,managers+drivers,rides_offers_surge_lyft_avg,0.0,0.0,,,0.0,
underground_alarm-wildcat_strike,managers_drivers,managers+drivers,rides_offers_surge_uber_avg,0.0,0.0,,,0.0,
underground_alarm-wildcat_strike,managers_drivers,managers+drivers,rides_offers_uber,3.7719534444444633,7.046092166666696,0.20061622377295923,0.3747555275144949,-3.274138722222233,-0.1741393037415357
underground_alarm-wildcat_strike,managers_drivers,managers+drivers,rides_partial_acceptances,0.15162961111111173,0.07752799999999649,0.07033068455371419,0.03595997689451654,0.07410161111111524,0.03437070765919765
underground_alarm-wildcat_strike,managers_drivers,managers+drivers,rides_waiting_duration_avg,-24.54223105555559,-63.92836999999997,-0.10642684530700995,-0.2772239707676923,39.38613894444438,0.17079712546068232
underground_alarm-wildcat_strike,managers_drivers,managers+drivers,traffic_duration_avg,1.4088808333333418,27.299887722222252,0.009282649250530128,0.17986991966146246,-25.89100688888891,-0.17058727041093233
underground_alarm-wildcat_strike,managers_drivers,managers+drivers,traffic_length_avg,14.821721999999681,33.512635388889066,0.18590888409142076,0.4203490423117609,-18.690913388889385,-0.23444015822034014
underground_alarm-wildcat_strike,managers_drivers,managers+drivers,traffic_speed_avg,-0.06298016666666673,-0.19176250000000028,-0.06469129741409063,-0.1969725641728939,0.12878233333333355,0.13228126675880328
wildcat_strike-boycott_tncs,managers_drivers,managers+drivers,drivers_accept,-0.0008603888888889522,-0.011740111111111062,-0.000951351401822842,-0.012981305671594938,0.01087972222222211,0.012029954269772096
wildcat_strike-boycott_tncs,managers_drivers,managers+drivers,drivers_acceptance_rate,-0.14463416666666706,-0.14768405555555564,-0.7151820601976808,-0.7302630460338719,0.0030498888888885745,0.015080985836191108
wildcat_strike-boycott_tncs,managers_drivers,managers+drivers,drivers_busy,79.34747222222222,22.637179444444428,0.08159438114483628,0.023278204029753113,56.710292777777795,0.05831617711508316
wildcat_strike-boycott_tncs,managers_drivers,managers+drivers,drivers_change_provider,0.011527777777777692,-0.0014996111111111876,0.04279946930374136,-0.005567643734534736,0.01302738888888888,0.048367113038276094
wildcat_strike-boycott_tncs,managers_drivers,managers+drivers,drivers_change_zone,0.07026866666666642,0.07803733333333318,0.13509553443949363,0.15003124085034952,-0.007768666666666757,-0.014935706410855898
wildcat_strike-boycott_tncs,managers_drivers,managers+drivers,drivers_demand_pressure,0.0,0.0,,,0.0,
wildcat_strike-boycott_tncs,managers_drivers,managers+drivers,drivers_idle,-289.9226511111101,-416.270066666666,-0.0879864367615901,-0.1263306601127654,126.34741555555593,0.038344223351175294
wildcat_strike-boycott_tncs,managers_drivers,managers+drivers,drivers_idle_duration_avg,12.698047888888937,281.62690544444445,0.10700302709854856,2.373194026250364,-268.9288575555555,-2.2661909991518154
wildcat_strike-boycott_tncs,managers_drivers,managers+drivers,drivers_occupied_distance_avg,-116.06942344444451,509.22255533333373,-0.10438638060260308,0.45796642987460034,-625.2919787777782,-0.5623528104772034
wildcat_strike-boycott_tncs,managers_drivers,managers+drivers,drivers_occupied_duration_avg,4.594173944444378,79.30537888888887,0.03828909300081973,0.6609525595812294,-74.71120494444449,-0.6226634665804097
wildcat_strike-boycott_tncs,managers_drivers,managers+drivers,drivers_passengers_served,-0.0790737222222222,0.09049122222222228,-0.09182462158688082,0.10508323124258741,-0.16956494444444448,-0.1969078528294682
wildcat_strike-boycott_tncs,managers_drivers,managers+drivers,drivers_pickup,3.5624321111112067,17.990903277777875,0.012461640507870894,0.06293345727495478,-14.428471166666668,-0.050471816767083885
wildcat_strike-boycott_tncs,managers_drivers,managers+drivers,drivers_pickup_accept,-0.0033335000000001003,0.02307433333333342,-0.009177203864144085,0.06352418209965782,-0.02640783333333352,-0.0727013859638019
wildcat_strike-boycott_tncs,managers_drivers,managers+drivers,drivers_pickup_reject,-0.0019527777777777894,-0.005869722222222248,-0.023947828480406552,-0.07198315271969691,0.003916944444444459,0.048035324239290356
wildcat_strike-boycott_tncs,managers_drivers,managers+drivers,drivers_reject,0.047925833333333334,0.049295111111110845,0.10569771351256815,0.10871757817027855,-0.0013692777777775111,-0.003019864657710397
wildcat_strike-boycott_tncs,managers_drivers,managers+drivers,drivers_removed,-0.002582999999999974,0.00982466666666676,-0.016997167138810054,0.06465021347906781,-0.012407666666666733,-0.08164738061787787
wildcat_strike-boycott_tncs,managers_drivers,managers+drivers,drivers_shift_duration_avg,-160.56536261111114,444.5864180000008,-0.1718425840037714,0.47581170458997973,-605.1517806111119,-0.6476542885937511
wildcat_strike-boycott_tncs,managers_drivers,managers+drivers,drivers_starting,-0.028231499999999965,-0.034231611111111115,-0.18135129405869974,-0.2198943369184837,0.0060001111111111505,0.038543042859783966
wildcat_strike-boycott_tncs,managers_drivers,managers+drivers,drivers_total_length_avg,-1389.781369611108,912.2238282777798,-0.23245723230036552,0.1525801331034059,-2302.005197888888,-0.3850373654037714
wildcat_strike-boycott_tncs,managers_drivers,managers+drivers,drivers_waiting,0.020092666666666537,0.013112055555555058,0.018692852413668946,0.012198565944780198,0.006980611111111479,0.006494286468888747
wildcat_strike-boycott_tncs,managers_drivers,managers+drivers,failed_requests,0.0016003199272399682,0.010901547259569627,0.03703010939115364,0.2522529905947747,-0.009301227332329659,-0.21522288120362104
wildcat_strike-boycott_tncs,managers_drivers,managers+drivers,passengers_accept,0.1444907222222218,0.05825933333333211,0.04231163444620969,0.01706024841711752,0.0862313888888897,0.025251386029092167
wildcat_strike-boycott_tncs,managers_drivers,managers+drivers,passengers_acceptance_rate,-0.47839411111111163,-0.4640125000000004,-4.114669820612925,-3.9909735211889195,-0.014381611111111248,-0.12369629942400584
wildcat_strike-boycott_tncs,managers_drivers,managers+drivers,passengers_arrivals,0.0038523333333331244,-0.008906388888889172,0.005037247224389557,-0.011645846511177654,0.012758722222222296,0.01668309373556721
wildcat_strike-boycott_tncs,managers_drivers,managers+drivers,passengers_cancel,-0.004832999999999997,-0.017415999999999994,-0.3259813840550383,-1.1746931067044375,0.012582999999999997,0.8487117226493992
wildcat_strike-boycott_tncs,managers_drivers,managers+drivers,passengers_change_provider,0.2872322777777776,0.23651911111111112,0.2518777078839073,0.20740667461996132,0.050713166666666476,0.04447103326394597
wildcat_strike-boycott_tncs,managers_drivers,managers+drivers,passengers_departures,0.010157833333333421,-0.02703616666666675,0.01374837404108989,-0.036592777196965666,0.03719400000000017,0.050341151238055555
wildcat_strike-boycott_tncs,managers_drivers,managers+drivers,passengers_drivers_ratio,0.0058112222222222315,0.00441805555555555,0.08308671309282332,0.06316772966775737,0.0013931666666666814,0.019918983425065956
wildcat_strike-boycott_tncs,managers_drivers,managers+drivers,passengers_new,0.0007222222222225128,0.0016583888888890286,0.0007878191502559101,0.001809014573406284,-0.0009361666666665158,-0.001021195423150374
wildcat_strike-boycott_tncs,managers_drivers,managers+drivers,passengers_no_ratings_count,0.02637972222222218,-0.0033607222222223343,0.14234303101158605,-0.01813420867245291,0.029740444444444514,0.16047723968403896
wildcat_strike-boycott_tncs,managers_drivers,managers+drivers,passengers_offers_discarded,1.7697221666666607,0.938212666666665,0.06611556104962826,0.03505095772031333,0.8315094999999957,0.031064603329314933
wildcat_strike-boycott_tncs,managers_drivers,managers+drivers,passengers_pickup_accept,-0.018528722222222238,-0.013621499999999842,-0.04657319789743439,-0.03423856257065787,-0.004907222222222396,-0.012334635326776519
wildcat_strike-boycott_tncs,managers_drivers,managers+drivers,passengers_pickup_reject,0.013166333333333335,0.030834000000000014,0.2664437494606062,0.6239798403150718,-0.01766766666666668,-0.3575360908544656
wildcat_strike-boycott_tncs,managers_drivers,managers+drivers,passengers_rating_avg,-0.004019666666667199,-0.004914555555555644,-0.19073007547261803,-0.23319186135468406,0.0008948888888884454,0.04246178588206603
wildcat_strike-boycott_tncs,managers_drivers,managers+drivers,passengers_ratings_count,-0.02363033333333342,-0.005380388888888588,-0.040780486590722836,-0.009285306044611918,-0.018249944444444832,-0.03149518054611092
wildcat_strike-boycott_tncs,managers_drivers,managers+drivers,passengers_reject,0.6114074444444446,0.49277844444444385,0.3398789057914333,0.2739335283160763,0.11862900000000076,0.065945377475357
wildcat_strike-boycott_tncs,managers_drivers,managers+drivers,passengers_unassigned,0.42712044444444786,0.13404683333333445,0.05312027720262577,0.01667118733701127,0.2930736111111134,0.0364490898656145
wildcat_strike-boycott_tncs,managers_drivers,managers+drivers,rides_dispatched,-0.0008603888888889522,-0.011740111111111062,-0.000951351401822842,-0.012981305671594938,0.01087972222222211,0.012029954269772096
wildcat_strike-boycott_tncs,managers_drivers,managers+drivers,rides_duration_avg,16.944056555555676,41.78372733333322,0.072502101498931,0.17878882959297548,-24.839670777777542,-0.10628672809404449
wildcat_strike-boycott_tncs,managers_drivers,managers+drivers,rides_in_progress,34.97996277777793,-5.43726944444461,0.042341545182483585,-0.006581550452579219,40.41723222222254,0.04892309563506281
wildcat_strike-boycott_tncs,managers_drivers,managers+drivers,rides_length_avg,-43.582690388887386,118.32894944444706,-0.03767197555601027,0.10228109488569331,-161.91163983333445,-0.13995307044170358
wildcat_strike-boycott_tncs,managers_drivers,managers+drivers,rides_not_served,0.005647777777777779,0.030175833333333374,0.045258095790523645,0.24181205587310425,-0.024528055555555595,-0.1965539600825806
wildcat_strike-boycott_tncs,managers_drivers,managers+drivers,rides_offers_generated,1.9142127777777773,1.0023890000000009,0.06482332150955335,0.03394512103303027,0.9118237777777765,0.03087820047652308
wildcat_strike-boycott_tncs,managers_drivers,managers+drivers,rides_offers_lyft,0.6345000555555558,1.5160462222222222,0.05677174394075199,0.1356478808421607,-0.8815461666666664,-0.07887613690140871
wildcat_strike-boycott_tncs,managers_drivers,managers+drivers,rides_offers_price_lyft_avg,0.16914744444444807,0.8176525000000048,0.31597742308686916,1.5274231944745056,-0.6485050555555567,-1.2114457713876363
wildcat_strike-boycott_tncs,managers_drivers,managers+drivers,rides_offers_price_no_surge_avg,0.220421166666668,0.8121789444444474,0.37173586065339403,1.3697234411892685,-0.5917577777777794,-0.9979875805358744
wildcat_strike-boycott_tncs,managers_drivers,managers+drivers,rides_offers_price_uber_avg,0.2550521111111088,0.7546528333333349,0.40796407733219475,1.207091545001335,-0.49960072222222607,-0.7991274676691403
wildcat_strike-boycott_tncs,managers_drivers,managers+drivers,rides_offers_radius_avg,-7.708533888888951,-76.58959594444434,-0.01625936300165154,-0.16154797534269216,68.88106205555539,0.14528861234104062
wildcat_strike-boycott_tncs,managers_drivers,managers+drivers,rides_offers_surge_lyft_avg,0.0,0.0,,,0.0,
wildcat_strike-boycott_tncs,managers_drivers,managers+drivers,rides_offers_surge_uber_avg,0.0,0.0,,,0.0,
wildcat_strike-boycott_tncs,managers_drivers,managers+drivers,rides_offers_uber,1.2792962777777745,-0.5125650555555588,0.06804102757752332,-0.027261435592474015,1.7918613333333333,0.09530246316999734
wildcat_strike-boycott_tncs,managers_drivers,managers+drivers,rides_partial_acceptances,0.09787961111111088,0.02098116666666705,0.04539970789908125,0.009731739094951258,0.07689844444444383,0.03566796880412999
wildcat_strike-boycott_tncs,managers_drivers,managers+drivers,rides_waiting_duration_avg,29.210972277777728,41.170340999999894,0.1266727389550293,0.1785342784413227,-11.959368722222166,-0.05186153948629338
wildcat_strike-boycott_tncs,managers_drivers,managers+drivers,traffic_duration_avg,41.40630594444451,117.06871888888895,0.27281243789301973,0.7713270206702778,-75.66241294444444,-0.4985145827772581
wildcat_strike-boycott_tncs,managers_drivers,managers+drivers,traffic_length_avg,-2.0626546666671857,78.06185377777592,-0.025871880969435684,0.9791299638418729,-80.12450844444311,-1.0050018448113085
wildcat_strike-boycott_tncs,managers_drivers,managers+drivers,traffic_speed_avg,-0.12777305555555607,-0.33222266666666567,-0.13124456755092093,-0.34124894350923485,0.2044496111111096,0.21000437595831392
wildcat_strike-long_rides,managers_drivers,managers+drivers,drivers_accept,-0.007333166666666724,-0.010435694444444366,-0.008108447794046708,-0.011538982740162244,0.0031025277777776417,0.0034305349461155356
wildcat_strike-long_rides,managers_drivers,managers+drivers,drivers_acceptance_rate,-0.14018280555555584,-0.11783688888888921,-0.6931711226474591,-0.5826758013344524,-0.022345916666666632,-0.11049532131300666
wildcat_strike-long_rides,managers_drivers,managers+drivers,drivers_busy,-40.26564186111,-30.555781222221412,-0.04140585751560656,-0.031421039503838455,-9.709860638888586,-0.009984818011768107
wildcat_strike-long_rides,managers_drivers,managers+drivers,drivers_change_provider,0.019305777777777977,0.018120083333333703,0.07167704472736194,0.0672748872641572,0.001185694444444274,0.004402157463204742
wildcat_strike-long_rides,managers_drivers,managers+drivers,drivers_change_zone,0.04835602777777792,0.08731497222222262,0.0929672317108137,0.16786803274476172,-0.0389589444444447,-0.07490080103394803
wildcat_strike-long_rides,managers_drivers,managers+drivers,drivers_demand_pressure,0.0,0.0,,,0.0,
wildcat_strike-long_rides,managers_drivers,managers+drivers,drivers_idle,78.73034636111242,175.29762063888938,0.023893278482284983,0.053199751567151,-96.56727427777696,-0.02930647308486602
wildcat_strike-long_rides,managers_drivers,managers+drivers,drivers_idle_duration_avg,92.20578755555562,-129.52755736111112,0.7769933198222817,-1.0914938147656092,221.73334491666674,1.868487134587891
wildcat_strike-long_rides,managers_drivers,managers+drivers,drivers_occupied_distance_avg,-51.47498455555524,-643.588659777778,-0.04629373671267678,-0.5788078272245258,592.1136752222228,0.5325140905118491
wildcat_strike-long_rides,managers_drivers,managers+drivers,drivers_occupied_duration_avg,5.558910333333415,-84.02460263888884,0.046329467997965,-0.7002838516133771,89.58351297222225,0.7466133196113421
wildcat_strike-long_rides,managers_drivers,managers+drivers,drivers_passengers_served,-0.04206894444444487,-0.146624527777778,-0.048852700942982136,-0.17026821806506315,0.10455558333333315,0.12141551712208101
wildcat_strike-long_rides,managers_drivers,managers+drivers,drivers_pickup,-24.41633244444438,-45.5930355277776,-0.08541006479655337,-0.15948767602830938,21.176703083333223,0.074077611231756
wildcat_strike-long_rides,managers_drivers,managers+drivers,drivers_pickup_accept,-0.029833222222222178,-0.021004749999999905,-0.0821315620991864,-0.05782657053108549,-0.008828472222222272,-0.02430499156810091
wildcat_strike-long_rides,managers_drivers,managers+drivers,drivers_pickup_reject,0.02897666666666665,0.012310027777777788,0.3553544346745478,0.15096363609111496,0.016666638888888863,0.20439079858343284
wildcat_strike-long_rides,managers_drivers,managers+drivers,drivers_reject,0.09060616666666643,0.07040249999999948,0.19982677359403198,0.15526872999395297,0.020203666666666953,0.044558043600079006
wildcat_strike-long_rides,managers_drivers,managers+drivers,drivers_removed,0.03599050000000009,0.03859661111111112,0.23683180174578006,0.25398104918591347,-0.0026061111111110313,-0.01714924744013341
wildcat_strike-long_rides,managers_drivers,managers+drivers,drivers_shift_duration_avg,59.597137027778444,-391.78217941666617,0.06378290971063763,-0.41929878887173033,451.3793164444446,0.48308169858236794
wildcat_strike-long_rides,managers_drivers,managers+drivers,drivers_starting,-0.041680833333333334,-0.04131005555555556,-0.26774606600587986,-0.2653642928160667,-0.00037077777777777543,-0.002381773189813141
wildcat_strike-long_rides,managers_drivers,managers+drivers,drivers_total_length_avg,-353.01547675000256,-1889.1649933611188,-0.059045978366699614,-0.3159849997401736,1536.1495166111163,0.25693902137347396
wildcat_strike-long_rides,managers_drivers,managers+drivers,drivers_waiting,0.036212972222222195,0.021324000000000343,0.033690089844236555,0.019838401317350554,0.014888972222221852,0.013851688526886001
wildcat_strike-long_rides,managers_drivers,managers+drivers,failed_requests,0.031685171095646336,0.029564208406864773,0.7331692443352704,0.6840918823382904,0.0021209626887815636,0.049077361996979985
wildcat_strike-long_rides,managers_drivers,managers+drivers,passengers_accept,0.0908849444444435,0.1671905555555515,0.026614100108677805,0.04895889203630302,-0.07630561111110801,-0.022344791927625215
wildcat_strike-long_rides,managers_drivers,managers+drivers,passengers_acceptance_rate,-0.48965080555555573,-0.4760710833333339,-4.211488698259304,-4.094689448639977,-0.013579722222221813,-0.11679924961932642
wildcat_strike-long_rides,managers_drivers,managers+drivers,passengers_arrivals,-0.05816658333333291,-0.051180444444443474,-0.07605766040877493,-0.06692270097451168,-0.006986138888889437,-0.009134959434263248
wildcat_strike-long_rides,managers_drivers,managers+drivers,passengers_cancel,-0.0015560000000000157,0.009430222222222215,-0.10495076217455923,0.6360597748699724,-0.01098622222222223,-0.7410105370445317
wildcat_strike-long_rides,managers_drivers,managers+drivers,passengers_change_provider,0.9558795555555553,0.917199222222222,0.8382231736946126,0.8043038879668327,0.038680333333333206,0.03391928572777991
wildcat_strike-long_rides,managers_drivers,managers+drivers,passengers_departures,-0.08953691666666663,-0.08970786111111062,-0.12118598331198102,-0.12141735235352161,0.00017094444444398782,0.00023136904154058557
wildcat_strike-long_rides,managers_drivers,managers+drivers,passengers_drivers_ratio,-0.01608491666666667,-0.016375111111111118,-0.2299762089797085,-0.23412530216951713,0.0002901944444444471,0.004149093189808634
wildcat_strike-long_rides,managers_drivers,managers+drivers,passengers_new,3.2611111111080504e-05,0.000750361111111264,3.557306470766165e-05,0.0008185137963791799,-0.0007177500000001835,-0.0007829407316715183
wildcat_strike-long_rides,managers_drivers,managers+drivers,passengers_no_ratings_count,0.045134555555555456,0.051565499999999875,0.24354272524244147,0.27824362606232234,-0.00643094444444442,-0.034700900819880864
wildcat_strike-long_rides,managers_drivers,managers+drivers,passengers_offers_discarded,3.8118147499999964,4.180504361111119,0.14240668708365,0.15618066864466218,-0.3686896111111224,-0.013773981561012172
wildcat_strike-long_rides,managers_drivers,managers+drivers,passengers_pickup_accept,-0.07443074999999988,-0.08599561111111109,-0.18708672987967692,-0.2161557913467513,0.011564861111111213,0.029069061467074386
wildcat_strike-long_rides,managers_drivers,managers+drivers,passengers_pickup_reject,0.0734215555555556,0.0771945555555556,1.4858134043990316,1.5621666487886265,-0.0037729999999999986,-0.0763532443895949
wildcat_strike-long_rides,managers_drivers,managers+drivers,passengers_rating_avg,-0.031144999999999534,-0.039845555555554135,-1.4778061698135367,-1.890640803970038,0.008700555555554601,0.41283463415650123
wildcat_strike-long_rides,managers_drivers,managers+drivers,passengers_ratings_count,-0.1039767777777778,-0.10375455555555546,-0.1794398552106708,-0.17905635108376475,-0.00022222222222234578,-0.00038350412690604796
wildcat_strike-long_rides,managers_drivers,managers+drivers,passengers_reject,2.0876761666666663,2.0054208611111104,1.1605306700481206,1.1148052810267859,0.08225530555555594,0.04572538902133472
wildcat_strike-long_rides,managers_drivers,managers+drivers,passengers_unassigned,-1.3497268888888918,-0.9185371388888939,-0.16786334491403815,-0.1142369747768675,-0.43118974999999793,-0.05362637013717064
wildcat_strike-long_rides,managers_drivers,managers+drivers,rides_dispatched,-0.007333166666666724,-0.010435694444444366,-0.008108447794046708,-0.011538982740162244,0.0031025277777776417,0.0034305349461155356
wildcat_strike-long_rides,managers_drivers,managers+drivers,rides_duration_avg,22.300776361111048,-69.5573434722221,0.09542302611756184,-0.29762964729750735,91.85811983333315,0.3930526734150692
wildcat_strike-long_rides,managers_drivers,managers+drivers,rides_in_progress,-65.82230086111076,-253.06305119444323,-0.07967469672941695,-0.30632052653222813,187.24075033333247,0.22664582980281117
wildcat_strike-long_rides,managers_drivers,managers+drivers,rides_length_avg,-41.230934861111564,-31.999086722222273,-0.03563916675128644,-0.027659348288456696,-9.23184813888929,-0.007979818462829746
wildcat_strike-long_rides,managers_drivers,managers+drivers,rides_not_served,0.08235666666666663,0.0654074166666666,0.6599597320655908,0.5241380318748019,0.016949250000000027,0.13582170019078887
wildcat_strike-long_rides,managers_drivers,managers+drivers,rides_offers_generated,4.030814472222218,4.512657027777806,0.1365003856998362,0.15281760772362035,-0.48184255555558764,-0.01631722202378416
wildcat_strike-long_rides,managers_drivers,managers+drivers,rides_offers_lyft,1.424022861111112,0.7550364166666697,0.12741411214848744,0.0675567066348191,0.6689864444444424,0.059857405513668346
wildcat_strike-long_rides,managers_drivers,managers+drivers,rides_offers_price_lyft_avg,0.3190794722222243,0.029843722222221203,0.5960593121807936,0.05574983691932045,0.2892357500000031,0.5403094752614731
wildcat_strike-long_rides,managers_drivers,managers+drivers,rides_offers_price_no_surge_avg,0.40157822222221284,-0.06427724999999995,0.6772535882780465,-0.10840228826715767,0.4658554722222128,0.7856558765452042
wildcat_strike-long_rides,managers_drivers,managers+drivers,rides_offers_price_uber_avg,0.4567519166666649,-0.09491869444444845,0.730589421278903,-0.15182551295855296,0.5516706111111134,0.882414934237456
wildcat_strike-long_rides,managers_drivers,managers+drivers,rides_offers_radius_avg,-65.6342678888891,4.81100763888935,-0.1384402536637097,0.010147703925537904,-70.44527552777845,-0.14858795758924762
wildcat_strike-long_rides,managers_drivers,managers+drivers,rides_offers_surge_lyft_avg,0.0,0.0,,,0.0,
wildcat_strike-long_rides,managers_drivers,managers+drivers,rides_offers_surge_uber_avg,0.0,0.0,,,0.0,
wildcat_strike-long_rides,managers_drivers,managers+drivers,rides_offers_uber,2.6069818611111018,3.7578010277777594,0.13865570297295618,0.1998635091833565,-1.1508191666666576,-0.06120780621040031
wildcat_strike-long_rides,managers_drivers,managers+drivers,rides_partial_acceptances,0.007027444444443809,0.10692044444444271,0.0032595544816028943,0.04959313682506673,-0.0998929999999989,-0.04633358234346384
wildcat_strike-long_rides,managers_drivers,managers+drivers,rides_waiting_duration_avg,-17.807110583333383,-3.506620805555258,-0.07722014347950808,-0.015206384015306995,-14.300489777778125,-0.06201375946420108
wildcat_strike-long_rides,managers_drivers,managers+drivers,traffic_duration_avg,44.445706166666696,-26.691665250000028,0.2928380394395462,-0.17586254320892653,71.13737141666672,0.46870058264847275
wildcat_strike-long_rides,managers_drivers,managers+drivers,traffic_length_avg,16.991435416667628,9.075295027778793,0.2131236031430216,0.11383144086866637,7.916140388888834,0.09929216227435522
wildcat_strike-long_rides,managers_drivers,managers+drivers,traffic_speed_avg,-0.09655941666666656,0.31391963888888963,-0.09918287410662749,0.32244863420206454,-0.4104790555555562,-0.421631508308692
