scenario,personality,metric,family,spike_level,own_baseline_level,lead_level,reference_level,dev_vs_own,dev_vs_reference,lead_dev,abs_dev
boycott_tncs,bank_tellers,passengers_acceptance_rate,passenger_decisions,1.7021812121212123,2.2269594805508577,2.1857551111111113,2.2143996969696973,-4.513620158504532,-4.405593405552241,-0.35439895992309156,4.513620158504532
boycott_tncs,bank_tellers,drivers_occupied_duration_avg,supply,515.2715627272727,243.75816329064992,455.22210866666654,474.74147848484847,2.262866388541769,0.33778872625531775,1.7623979345870793,2.262866388541769
boycott_tncs,bank_tellers,drivers_occupied_distance_avg,supply,4687.179416363637,2231.723575510993,4120.905728,4169.504505454546,2.2083003460322357,0.4655680081364395,1.6990253017992512,2.2083003460322357
boycott_tncs,bank_tellers,rides_in_progress,matching,2848.4478275757574,1052.6508749939599,2732.9409257777784,2841.1774245454544,2.1737249490331987,0.008800469581917457,2.0339094571632415,2.1737249490331987
boycott_tncs,bank_tellers,drivers_busy,supply,3029.583543636363,1092.5347876878473,2907.6132651111116,3244.5980893939395,1.9919008137568583,-0.22110318459917014,1.8664766620402267,1.9919008137568583
boycott_tncs,bank_tellers_drivers,passengers_acceptance_rate,passenger_decisions,1.7722720689655174,2.2407854865974404,2.1289615555555557,2.2210575862068964,-4.029685933225353,-3.860006176565104,-0.9617981149719396,4.029685933225353
boycott_tncs,bank_tellers_drivers,drivers_idle_duration_avg,supply,640.1372313793104,351.53106161072196,522.0150637777779,552.3900903448276,2.4320064056128463,0.739421507312843,1.4366227362957815,2.4320064056128463
boycott_tncs,bank_tellers_drivers,drivers_occupied_duration_avg,supply,531.6299127586207,252.36392878773242,386.19776622222224,471.6130417241379,2.327478532926978,0.500196898168476,1.1154075379280188,2.327478532926978
boycott_tncs,bank_tellers_drivers,rides_offers_price_uber_avg,market,20.770406206896556,19.35487135474523,20.492172444444446,20.798736896551727,2.2641936480106533,-0.04531585178811355,1.8191497717339653,2.2641936480106533
boycott_tncs,bank_tellers_drivers,rides_offers_price_no_surge_avg,market,21.22502517241379,19.894352231345085,20.932364222222226,21.318094482758617,2.244153129560404,-0.15695951847388476,1.750586328130563,2.244153129560404
boycott_tncs,baseline,rides_offers_price_uber_avg,market,20.8981,19.31671464751328,20.38162666666667,20.79335892857143,2.5294768720924057,0.16753672172322231,1.7033611187974784,2.5294768720924057
boycott_tncs,baseline,rides_offers_price_no_surge_avg,market,21.294502857142856,19.84449023418638,20.80991777777778,21.31481607142857,2.445417100836538,-0.03425782700150598,1.6281741188592997,2.445417100836538
boycott_tncs,baseline,rides_offers_price_lyft_avg,market,21.988615714285718,20.708377520521488,21.553941777777776,22.179212500000002,2.391560609926124,-0.35604606026677943,1.5795640066554626,2.391560609926124
boycott_tncs,baseline,drivers_occupied_duration_avg,supply,508.9979067857143,249.7696300241429,375.434638,472.30888535714286,2.1604788406779467,0.30577626589137186,1.0473262953299547,2.1604788406779467
boycott_tncs,baseline,rides_in_progress,matching,2819.790892857143,1057.1182689980685,2773.8504435555556,2842.6028571428574,2.133629558704664,-0.027612774279977173,2.078020877181352,2.133629558704664
boycott_tncs,drivers,drivers_idle_duration_avg,supply,671.188590263158,340.2889157594784,474.0209957777778,595.0657886842106,2.7884023707927765,0.6414663317892283,1.1269241939672223,2.7884023707927765
boycott_tncs,drivers,drivers_occupied_duration_avg,supply,531.0996660526316,251.50047153586095,381.98393377777774,487.56317394736834,2.330255600085172,0.3628449456433197,1.0874846014246684,2.330255600085172
boycott_tncs,drivers,drivers_occupied_distance_avg,supply,4833.171449473684,2288.1750108814294,3408.198763555556,4289.976728157894,2.2888281770290475,0.4885191055311384,1.0072870378869203,2.2888281770290475
boycott_tncs,drivers,drivers_busy,supply,3319.6543568421052,1225.73395155518,3142.939271333333,3259.9439255263155,2.153214650082857,0.061401271579999264,1.9714954643643372,2.153214650082857
boycott_tncs,drivers,rides_in_progress,matching,2813.3398247368423,1046.3882190606134,2678.583444,2854.066623157895,2.1388090582683734,-0.04929781047618486,1.9756930075211225,2.1388090582683734
boycott_tncs,managers,passengers_acceptance_rate,passenger_decisions,1.7982338235294117,2.2102281289232253,2.117594444444445,2.2234735294117645,-3.543564804196718,-3.657488551137377,-0.7967427212089796,3.543564804196718
boycott_tncs,managers,rides_offers_price_uber_avg,market,20.941130588235296,19.377532358763883,20.50866911111111,20.81332088235294,2.5010257951821946,0.20443574651173937,1.8092897153352479,2.5010257951821946
boycott_tncs,managers,rides_offers_price_no_surge_avg,market,21.25773617647059,19.91124707387735,20.936071555555554,21.331561470588237,2.270826767602828,-0.12450487247585842,1.7283458593222487,2.270826767602828
boycott_tncs,managers,rides_in_progress,matching,2897.620686470588,1066.7061846233703,2794.6923699999998,2851.958921764706,2.216233035973317,0.05527134736216184,2.091643310418634,2.216233035973317
boycott_tncs,managers,traffic_speed_avg,trip,4.822426764705883,6.899364681313375,4.916134888888889,5.147647647058824,-2.1333669881342034,-0.33405692520503166,-2.037112874299858,2.1333669881342034
boycott_tncs,managers_drivers,passengers_acceptance_rate,passenger_decisions,1.853319393939394,2.236702838164251,2.0849675555555556,2.2175193939393942,-3.297482663427413,-3.1324857766051655,-1.305075822572497,3.297482663427413
boycott_tncs,managers_drivers,drivers_idle_duration_avg,supply,683.491843939394,325.65312255555557,513.4067335555557,564.2758896969699,3.0154104580633416,1.004600714535312,1.5821490753128058,3.0154104580633416
boycott_tncs,managers_drivers,drivers_occupied_duration_avg,supply,593.2617318181818,252.66155412560386,407.8485157777778,475.9542354545454,2.838654356032232,0.977672524435468,1.2933702726689738,2.838654356032232
boycott_tncs,managers_drivers,drivers_occupied_distance_avg,supply,5232.3128709090915,2273.0752390869566,3619.292908444445,4179.223615454546,2.6613736551968414,0.9470898757501465,1.210713259679125,2.6613736551968414
boycott_tncs,managers_drivers,rides_in_progress,matching,2880.8295460606064,1065.9083313864735,2863.1935546666664,2844.370656666667,2.196873939002356,0.04413171398676721,2.175526428394975,2.196873939002356
boycott_tncs,students,rides_offers_price_uber_avg,market,20.728215249999998,19.29142190764023,20.471183999999997,20.837590499999997,2.298197288700318,-0.1749492398037414,1.8870675148867195,2.298197288700318
boycott_tncs,students,drivers_idle_duration_avg,supply,596.0861327499999,334.1545126813346,294.63253777777777,568.0863057500001,2.2072271647911146,0.2359469954320522,-0.3330410302904818,2.2072271647911146
boycott_tncs,students,rides_offers_price_no_surge_avg,market,21.139469,19.84631246615087,20.895615555555555,21.34670375,2.18088246396465,-0.3494972343787658,1.76962853851504,2.18088246396465
boycott_tncs,students,traffic_speed_avg,trip,4.981920000000001,6.979728967601548,5.210729777777777,5.14656525,-2.05208815631877,-0.16911855587712415,-1.8170617635844315,2.05208815631877
boycott_tncs,students,rides_in_progress,matching,2741.2325837500002,1052.1433945019344,2637.486703777778,2842.5320005000003,2.044560386703039,-0.12261802159504269,1.9189810402569931,2.044560386703039
boycott_tncs,students_drivers,rides_offers_price_uber_avg,market,21.115146857142857,19.331222523567803,20.50622577777777,20.82415285714286,2.8534445043677943,0.46545428776116926,1.8794555997902411,2.8534445043677943
boycott_tncs,students_drivers,rides_offers_price_no_surge_avg,market,21.502261428571426,19.87047008460237,20.95693577777778,21.33634742857143,2.751983254740774,0.27981062126268497,1.8323025217161297,2.751983254740774
boycott_tncs,students_drivers,rides_offers_price_lyft_avg,market,22.101884857142853,20.77263988155668,21.66259311111111,22.189341714285717,2.4831081747429424,-0.16337457797273786,1.6624852303624351,2.4831081747429424
boycott_tncs,students_drivers,rides_in_progress,matching,2788.029333142857,1050.9651667367657,2707.862259333333,2838.063238571429,2.1026317653339968,-0.06056361125420738,2.0055934179973365,2.1026317653339968
boycott_tncs,students_drivers,drivers_idle_duration_avg,supply,580.8772237142857,337.9493362218999,410.9067884444445,553.7003968571428,2.047087832381404,0.22901179504859115,0.6147927859085335,2.047087832381404
boycott_tncs-long_rides,bank_tellers,rides_offers_price_lyft_avg,market,26.064097204301078,20.668154369897962,25.106045666666663,21.51565935483871,10.079940122883226,8.49675072221331,8.290243228316449,10.079940122883226
boycott_tncs-long_rides,bank_tellers,rides_offers_price_no_surge_avg,market,25.26802677419355,19.804373908163264,24.31942077777778,20.771144086021508,9.214340578899968,7.583902134375961,7.614535660745926,9.214340578899968
boycott_tncs-long_rides,bank_tellers,rides_offers_price_uber_avg,market,24.807744946236554,19.267591625,23.849368,20.315754301075266,8.861653911159184,7.185083906793262,7.328699077323217,8.861653911159184
boycott_tncs-long_rides,bank_tellers,passengers_acceptance_rate,passenger_decisions,1.3631704301075271,2.2499883061224493,1.570128,2.0879499999999998,-7.62752439059842,-6.2338322181828065,-5.847481436043394,7.62752439059842
boycott_tncs-long_rides,bank_tellers,drivers_idle_duration_avg,supply,1093.7991626881724,281.42634730102037,950.754594888889,1208.0128801075266,6.845646759220214,-0.9624482130629664,5.640248740685401,6.845646759220214
boycott_tncs-long_rides,bank_tellers_drivers,rides_offers_price_lyft_avg,market,26.76996817518248,20.63305367560664,24.936418999999997,21.45872401459854,11.464118985949396,9.92171799437186,8.038940761234976,11.464118985949396
boycott_tncs-long_rides,bank_tellers_drivers,rides_offers_price_no_surge_avg,market,25.832742700729927,19.76261182630907,24.08425044444444,20.703113284671534,10.237153532055967,8.651016754189921,7.288356537804462,10.237153532055967
boycott_tncs-long_rides,bank_tellers_drivers,rides_offers_price_uber_avg,market,25.28572474452555,19.232325583652617,23.57551633333333,20.2433600729927,9.682607184196897,8.065424911924033,6.947073675070793,9.682607184196897
boycott_tncs-long_rides,bank_tellers_drivers,passengers_acceptance_rate,passenger_decisions,1.2462259124087594,2.2689059795657727,1.6119645555555555,2.0824364233576644,-8.796075684752765,-7.192250224588635,-5.650356031781293,8.796075684752765
boycott_tncs-long_rides,bank_tellers_drivers,drivers_idle_duration_avg,supply,1182.9504535766425,291.6665215351213,997.5328286666668,1316.6530606569345,7.510609470625061,-1.1266758334623732,5.948145120482605,7.510609470625061
boycott_tncs-long_rides,baseline,rides_offers_price_lyft_avg,market,24.162266000000002,20.74685989407314,21.39072,22.183775000000008,6.380180461433812,3.695938119750179,1.2027687309578279,6.380180461433812
boycott_tncs-long_rides,baseline,rides_offers_price_no_surge_avg,market,23.339319999999997,19.875218978562422,20.739561555555557,21.322145666666668,5.8421366426291055,3.401923908803059,1.4576963574637654,5.8421366426291055
boycott_tncs-long_rides,baseline,rides_offers_price_uber_avg,market,22.849999333333333,19.350802262295083,20.31498088888889,20.798452333333337,5.597078566692408,3.2815155903337145,1.5422348086756639,5.597078566692408
boycott_tncs-long_rides,baseline,drivers_occupied_duration_avg,supply,520.4803300000001,228.5703785145019,406.0016706666666,483.3436643333333,2.4328567911123664,0.3095070545099526,1.478760562534919,2.4328567911123664
boycott_tncs-long_rides,baseline,drivers_occupied_distance_avg,supply,4557.845023666666,2088.9889718209333,3766.188273999999,4241.758625,2.2203517501261767,0.28427051789670915,1.508379722308891,2.2203517501261767
boycott_tncs-long_rides,drivers,drivers_idle_duration_avg,supply,1156.5363409615384,262.8311831003353,863.5277573333334,1238.8275252884616,7.531012488022864,-0.6934456306634615,5.061908127382475,7.531012488022864
boycott_tncs-long_rides,drivers,rides_offers_price_lyft_avg,market,24.217939423076924,20.722056891926748,24.85416311111111,21.425695769230767,6.530515180026956,5.216076171122619,7.71901863103765,6.530515180026956
boycott_tncs-long_rides,drivers,rides_offers_price_no_surge_avg,market,23.396018557692305,19.824633948929584,23.978783333333336,20.69075288461539,6.023068253106456,4.562376102464409,7.0058893165617935,6.023068253106456
boycott_tncs-long_rides,drivers,rides_offers_price_uber_avg,market,22.91385711538462,19.28783755996905,23.457992555555556,20.236773942307693,5.799935220568257,4.282080873151823,6.670297405872337,5.799935220568257
boycott_tncs-long_rides,drivers,drivers_occupied_duration_avg,supply,695.4882228846153,217.82195086407015,584.1356611111111,792.8087028846154,3.9810004004890596,-0.8110953034572299,3.0529579177308537,3.9810004004890596
boycott_tncs-long_rides,managers,rides_offers_price_lyft_avg,market,24.246699393939394,20.854019893912607,21.808838,22.18652484848485,6.337725818436382,3.8485278102778664,1.783656653336346,6.337725818436382
boycott_tncs-long_rides,managers,rides_offers_price_no_surge_avg,market,23.18004090909091,19.957162864359688,21.03061866666667,21.329930606060607,5.435318948070237,3.1201737845836504,1.810361602646885,5.435318948070237
boycott_tncs-long_rides,managers,rides_offers_price_uber_avg,market,22.60151696969697,19.412902717858046,20.575743555555555,20.8143703030303,5.100291330868718,2.8585987300703395,1.8600014223320742,5.100291330868718
boycott_tncs-long_rides,managers,passengers_acceptance_rate,passenger_decisions,1.8783093939393938,2.2638296640565794,2.1502304444444444,2.2143996969696973,-3.3158615121775514,-2.8907141512832095,-0.9770673796498048,3.3158615121775514
boycott_tncs-long_rides,managers,traffic_length_avg,trip,3918.917495151515,3729.2605153851982,3847.2129415555555,3903.845770303031,2.378867817687169,0.1890446702424132,1.479477480768246,2.378867817687169
boycott_tncs-long_rides,managers_drivers,rides_offers_price_lyft_avg,market,25.9212614516129,20.702148446153846,25.038002777777773,21.422420564516127,9.74961155151077,8.404100665260401,8.099632146890157,9.74961155151077
boycott_tncs-long_rides,managers_drivers,rides_offers_price_no_surge_avg,market,25.052920403225805,19.807886333333332,24.139093444444452,20.685748467741938,8.845644379862978,7.365147560957626,7.30449360860073,8.845644379862978
boycott_tncs-long_rides,managers_drivers,rides_offers_price_uber_avg,market,24.543665322580644,19.25039301025641,23.627266888888887,20.233937016129033,8.46675977531775,6.893549417938515,7.000950926133741,8.46675977531775
boycott_tncs-long_rides,managers_drivers,passengers_acceptance_rate,passenger_decisions,1.5062712096774193,2.2867641692307696,1.7090635555555556,2.077145564516129,-6.713023323836734,-4.910092797256747,-4.968805479060083,6.713023323836734
boycott_tncs-long_rides,managers_drivers,drivers_idle_duration_avg,supply,1040.3253304032257,273.1403680820512,940.2890073333333,1309.0702837096774,6.464860900759642,-2.2646412876116955,5.621881768695314,6.464860900759642
boycott_tncs-long_rides,students,rides_offers_price_lyft_avg,market,24.314377500000003,20.71261796819788,21.551213555555552,22.18661361111111,6.72829967473244,3.9747886984435943,1.5665461194261305,6.72829967473244
boycott_tncs-long_rides,students,rides_offers_price_no_surge_avg,market,23.486106388888892,19.850048758202924,20.846652666666664,21.336438055555554,6.132138002755549,3.6253723727879015,1.6807524306572308,6.132138002755549
boycott_tncs-long_rides,students,rides_offers_price_uber_avg,market,23.030694722222222,19.320172539121653,20.419012666666667,20.82114277777778,5.935099898819589,3.5342495947431987,1.7576302223752405,5.935099898819589
boycott_tncs-long_rides,students,drivers_occupied_duration_avg,supply,536.6736294444445,219.87084966935893,335.85601733333334,485.8829458333332,2.64032038064102,0.42330334721277996,0.966651878031725,2.64032038064102
boycott_tncs-long_rides,students,drivers_occupied_distance_avg,supply,4884.972201388889,2001.5025838944975,3002.6008177777776,4269.3249630555565,2.593232119326242,0.5536788676163676,0.9003320440611323,2.593232119326242
boycott_tncs-long_rides,students_drivers,drivers_idle_duration_avg,supply,1088.1967878260868,257.4913627744769,768.4156453333333,1271.2812799130431,7.0001307197374505,-1.5428036686841269,4.305421221461104,7.0001307197374505
boycott_tncs-long_rides,students_drivers,rides_offers_price_lyft_avg,market,24.348297130434787,20.69536885300956,24.770185222222224,21.395603913043477,6.823885915705099,5.515805438631955,7.611997805375487,6.823885915705099
boycott_tncs-long_rides,students_drivers,rides_offers_price_no_surge_avg,market,23.65974756521739,19.806973996383363,23.983233333333338,20.65941852173913,6.497625070096069,5.05999453721894,7.043177306472515,6.497625070096069
boycott_tncs-long_rides,students_drivers,rides_offers_price_uber_avg,market,23.25721286956522,19.278457589770085,23.529897222222225,20.203694956521744,6.364147387688579,4.884200380013449,6.800314804025628,6.364147387688579
boycott_tncs-long_rides,students_drivers,drivers_occupied_duration_avg,supply,722.6933003478263,213.6894843606303,559.4581756666666,800.5998957391305,4.242176000252181,-0.6492947181336289,2.881730151771534,4.242176000252181
flash_mob,bank_tellers,passengers_acceptance_rate,passenger_decisions,1.221321794871795,2.232979287104623,1.9776862222222218,2.1289599487179487,-8.701270470113624,-7.806599690354875,-2.195776756205549,8.701270470113624
flash_mob,bank_tellers,rides_offers_price_uber_avg,market,23.674687282051284,19.208389294403894,20.878417555555558,20.602153538461536,7.143987672493508,4.914616814246123,2.6712640632981364,7.143987672493508
flash_mob,bank_tellers,rides_offers_price_no_surge_avg,market,23.8398998974359,19.73956720437956,21.329173333333333,21.04504230769231,6.915128549898206,4.713471066497686,2.6808387387775237,6.915128549898206
flash_mob,bank_tellers,rides_offers_price_lyft_avg,market,24.10517764102564,20.607153754257904,22.06985577777778,21.786465589743592,6.53451535887785,4.331491151113388,2.732413827792414,6.53451535887785
flash_mob,bank_tellers,passengers_pickup_reject,passenger_decisions,0.3266068717948718,0.05472280048661801,0.17359311111111111,0.12559805128205126,5.502049017290514,4.067764536729281,2.4055483376037543,5.502049017290514
flash_mob,bank_tellers_drivers,passengers_acceptance_rate,passenger_decisions,1.1872128076923079,2.231075322620519,2.0559928888888885,2.1071268076923078,-8.978266009730685,-7.912184296265682,-1.5058847704496103,8.978266009730685
flash_mob,bank_tellers_drivers,rides_offers_price_uber_avg,market,23.181271076923075,19.31041924845488,20.938343777777778,20.564180038461537,6.191552337328937,4.1861215190459715,2.6039177863630574,6.191552337328937
flash_mob,bank_tellers_drivers,rides_offers_price_no_surge_avg,market,23.420147846153846,19.83755347342398,21.45544155555556,21.00693226923077,6.04197329439203,4.069839494073109,2.7285356835151853,6.04197329439203
flash_mob,bank_tellers_drivers,rides_offers_price_lyft_avg,market,23.802532230769227,20.712294242274414,22.309466444444443,21.755639692307692,5.77274720015311,3.8237162362286283,2.983612068897743,5.77274720015311
flash_mob,bank_tellers_drivers,passengers_pickup_reject,passenger_decisions,0.3091670000000001,0.05346173053152039,0.16644577777777778,0.12029473076923078,5.174642706449514,3.8221602255484415,2.2864295180278322,5.174642706449514
flash_mob,baseline,rides_offers_price_uber_avg,market,23.804484978540774,19.35709652002949,22.28558311111111,20.550214506437765,7.113741270794691,5.205310572640404,4.684208748187385,7.113741270794691
flash_mob,baseline,rides_offers_price_no_surge_avg,market,23.940990128755367,19.88425594249201,22.60064577777778,20.9850439055794,6.841600545800482,4.985143804175467,4.581136778107728,6.841600545800482
flash_mob,baseline,rides_offers_price_lyft_avg,market,24.16310407725322,20.77042528139592,23.122003777777774,21.722073819742494,6.337724503006163,4.559988789535818,4.392887613015438,6.337724503006163
flash_mob,baseline,drivers_idle_duration_avg,supply,917.3627263090129,285.7079534922585,549.4004017777777,969.5717853218883,5.322784522791138,-0.43995166857362056,2.222065189584576,5.322784522791138
flash_mob,baseline,traffic_length_avg,trip,4077.891041974249,3748.4551696141557,3919.527433333333,3926.195411888412,4.132114703686254,1.9027185444986479,2.145759692903849,4.132114703686254
flash_mob,drivers,rides_offers_price_uber_avg,market,23.78413018691589,19.276538117819605,20.75324755555556,20.603599813084113,7.210038887534183,5.0873609072855315,2.3620443705766827,7.210038887534183
flash_mob,drivers,rides_offers_price_no_surge_avg,market,23.94213107476636,19.81488703739917,21.230230000000002,21.05013841121495,6.960513990371181,4.877287413210823,2.3869474165237077,6.960513990371181
flash_mob,drivers,rides_offers_price_lyft_avg,market,24.207678364485982,20.697219956000975,22.061132,21.79752985981309,6.557743780344373,4.502299850077389,2.547868307413274,6.557743780344373
flash_mob,drivers,drivers_idle_duration_avg,supply,839.3846811214954,319.1122636201418,478.6176584444444,866.7325085046731,4.38419543505091,-0.23045277039230294,1.3441089712446288,4.38419543505091
flash_mob,drivers,drivers_pickup_reject,driver_decisions,0.3439336448598131,0.08556805182107065,0.28333355555555556,0.21482827102803734,3.168458274024042,1.5832796663328028,2.425290996584439,3.168458274024042
flash_mob,managers,passengers_acceptance_rate,passenger_decisions,1.4259126086956522,2.2465333040507565,1.9472357777777776,2.1165788405797104,-7.058162153178755,-5.940423250297352,-2.5742593191192102,7.058162153178755
flash_mob,managers,rides_offers_price_uber_avg,market,23.708591787439612,19.342307510980966,21.217251333333333,20.58036782608696,6.98401251593458,5.003695113606582,2.9990331121096387,6.98401251593458
flash_mob,managers,rides_offers_price_no_surge_avg,market,23.919096280193234,19.876042550024405,21.547940666666666,21.016452560386472,6.81852873197545,4.895250205186869,2.8196225195317557,6.81852873197545
flash_mob,managers,rides_offers_price_lyft_avg,market,24.243303285024155,20.76954345046364,22.07380688888889,21.749999565217394,6.489188675313314,4.657638706543902,2.436441186880471,6.489188675313314
flash_mob,managers,passengers_pickup_reject,passenger_decisions,0.2905796618357488,0.0541512420693021,0.19707333333333332,0.12431555555555555,4.784541986502306,3.3646445640151477,2.8922781242922193,4.784541986502306
flash_mob,managers_drivers,passengers_acceptance_rate,passenger_decisions,1.3896590833333335,2.2419882902829027,1.9423404444444445,2.102612375,-7.330887198667446,-6.13211434796723,-2.577272419218415,7.330887198667446
flash_mob,managers_drivers,rides_offers_price_uber_avg,market,23.102410583333334,19.334475899138994,21.11191911111111,20.55913,6.026933045912619,4.068059315629317,2.8430777413431643,6.026933045912619
flash_mob,managers_drivers,rides_offers_price_no_surge_avg,market,23.302380583333335,19.86792745879459,21.603572444444445,20.996447208333333,5.792136061301468,3.888910220048466,2.927130330931435,5.792136061301468
flash_mob,managers_drivers,rides_offers_price_lyft_avg,market,23.623066333333334,20.75562694218942,22.42613111111111,21.73654491666667,5.356546252574344,3.524133502544845,3.1206005168177615,5.356546252574344
flash_mob,managers_drivers,passengers_pickup_reject,passenger_decisions,0.28172908333333335,0.053173503075030756,0.1896664444444445,0.12124295833333334,4.625221329464039,3.2477170218033544,2.7621730479283007,4.625221329464039
flash_mob,students,rides_offers_price_uber_avg,market,23.93201942386831,19.37829021910389,21.11707866666667,20.557641028806586,7.283836723990449,5.397427068977866,2.7812481990270954,7.283836723990449
flash_mob,students,rides_offers_price_no_surge_avg,market,24.076335761316873,19.917103284096502,21.51009977777778,20.99533633744856,7.01446185027778,5.196043509906225,2.6865565206446966,7.01446185027778
flash_mob,students,rides_offers_price_lyft_avg,market,24.31700164609054,20.78101177744953,22.13911288888889,21.736447242798356,6.605438056862913,4.820628139939369,2.5370131419570865,6.605438056862913
flash_mob,students,drivers_idle_duration_avg,supply,812.9866151851851,279.6459573190546,599.9153077777779,963.4188589711935,4.494317974367062,-1.267651972900077,2.698823495220562,4.494317974367062
flash_mob,students,passengers_acceptance_rate,passenger_decisions,1.7488197530864198,2.2604629763663224,2.0109942222222226,2.101581975308642,-4.400645578310583,-3.0341094004248803,-2.1456818343322435,4.400645578310583
flash_mob,students_drivers,rides_offers_price_uber_avg,market,23.89348553846154,19.31420477858881,21.093697333333335,20.602153538461536,7.324707260441811,5.26459168177199,2.8463557312003784,7.324707260441811
flash_mob,students_drivers,rides_offers_price_no_surge_avg,market,24.031001743589748,19.8530546836983,21.473299555555556,21.04504230769231,7.0460236172405795,5.035760483284427,2.732510361946947,7.0460236172405795
flash_mob,students_drivers,rides_offers_price_lyft_avg,market,24.250224512820513,20.74438693187348,22.093320000000006,21.786465589743592,6.549111801405683,4.602447280111288,2.519886695203774,6.549111801405683
flash_mob,students_drivers,drivers_idle_duration_avg,supply,778.8656002051281,295.10390511192213,389.30179400000003,872.9652056410256,4.076529417926726,-0.7929520126657114,0.7937802208272351,4.076529417926726
flash_mob,students_drivers,passengers_acceptance_rate,passenger_decisions,1.7916214358974358,2.245387924574209,2.1186615555555557,2.1289599487179487,-3.9028475334433286,-2.901450009092243,-1.0899740485221014,3.9028475334433286
flash_mob-boycott_tncs,bank_tellers,rides_offers_price_uber_avg,market,24.458174123711338,19.340683031914892,20.398444888888886,20.714469278350514,8.185592044015552,5.988176637269064,1.6919242037937745,8.185592044015552
flash_mob-boycott_tncs,bank_tellers,rides_offers_price_no_surge_avg,market,24.6044387628866,19.872370045938105,20.791053111111108,21.20027793814433,7.980538637770752,5.741048707458349,1.5493404969416074,7.980538637770752
flash_mob-boycott_tncs,bank_tellers,rides_offers_price_lyft_avg,market,24.841059484536085,20.75104669003868,21.449046444444445,22.02129536082474,7.640385625938634,5.267486035331344,1.3039047940498758,7.640385625938634
flash_mob-boycott_tncs,bank_tellers,passengers_acceptance_rate,passenger_decisions,1.4576144329896907,2.1997792166344294,2.1073824444444442,2.175854432989691,-6.3833625169258426,-6.177585349228152,-0.7947050375874688,6.3833625169258426
flash_mob-boycott_tncs,bank_tellers,traffic_speed_avg,trip,3.804489587628866,6.9524799395551256,5.134575333333334,5.1313116494845366,-3.2335192313953205,-1.3628709665595575,-1.8672959087893655,3.2335192313953205
flash_mob-boycott_tncs,bank_tellers_drivers,rides_offers_price_uber_avg,market,24.635501458333334,19.314730553140098,20.523856444444448,20.700233541666666,8.510744661460677,6.294587947866548,1.9340358583017498,8.510744661460677
flash_mob-boycott_tncs,bank_tellers_drivers,rides_offers_price_no_surge_avg,market,24.762335104166667,19.83298247584541,20.92361711111111,21.186435104166666,8.313253983108376,6.030683369536338,1.8393333586334046,8.313253983108376
flash_mob-boycott_tncs,bank_tellers_drivers,rides_offers_price_lyft_avg,market,24.999843124999998,20.707692661835747,21.60784511111111,22.007229791666663,8.017990737644086,5.5903785745496695,1.681537975590142,8.017990737644086
flash_mob-boycott_tncs,bank_tellers_drivers,passengers_acceptance_rate,passenger_decisions,1.4149391666666666,2.2162991642512075,2.0289948888888887,2.1783798958333334,-6.892500808275459,-6.566357016462542,-1.6110048832229562,6.892500808275459
flash_mob-boycott_tncs,bank_tellers_drivers,traffic_speed_avg,trip,3.8631834375,6.9455232729468594,5.126644222222223,5.13022375,-3.166085032476229,-1.3014649854040774,-1.86829682832457,3.166085032476229
flash_mob-boycott_tncs,baseline,rides_offers_price_uber_avg,market,24.770700860215047,19.406570328581783,20.559086,20.706992903225807,8.580099782329954,6.500031934644143,1.8434859858744739,8.580099782329954
flash_mob-boycott_tncs,baseline,rides_offers_price_no_surge_avg,market,24.83956924731183,19.934794295723602,20.998888888888892,21.193953225806453,8.271804226030232,6.148258036468496,1.7945741118642717,8.271804226030232
flash_mob-boycott_tncs,baseline,rides_offers_price_lyft_avg,market,24.939830430107527,20.82433819521623,21.765838444444444,22.016193870967744,7.6879827264671095,5.461525883726539,1.7587781096183177,7.6879827264671095
flash_mob-boycott_tncs,baseline,drivers_occupied_duration_avg,supply,646.7718865591397,250.22936739550616,346.22788488888887,588.6731712903226,3.304893018558082,0.4842104672257721,0.8000777090057445,3.304893018558082
flash_mob-boycott_tncs,baseline,drivers_occupied_distance_avg,supply,5756.603775268816,2245.379465675284,3136.2886937777785,5142.114211182797,3.1577997571235965,0.5526377198187166,0.8012341838812639,3.1577997571235965
flash_mob-boycott_tncs,drivers,rides_offers_price_uber_avg,market,24.839383541666667,19.357267335105096,20.432736888888886,20.703856249999998,8.768821674498783,6.614909276684749,1.7202482359267222,8.768821674498783
flash_mob-boycott_tncs,drivers,rides_offers_price_no_surge_avg,market,25.025868333333335,19.88340850205364,20.853067777777778,21.1901171875,8.672654991193012,6.468917096355335,1.6353108499192377,8.672654991193012
flash_mob-boycott_tncs,drivers,rides_offers_price_lyft_avg,market,25.357067083333334,20.76918684948055,21.569263333333335,22.011246770833335,8.570431427357976,6.250190086688914,1.4945901575428961,8.570431427357976
flash_mob-boycott_tncs,drivers,drivers_idle_duration_avg,supply,739.4002801041667,311.8862788499638,367.8009597777778,755.1302617708333,3.602545262192664,-0.1325523158572112,0.4711779456872947,3.602545262192664
flash_mob-boycott_tncs,drivers,traffic_speed_avg,trip,3.8298488541666664,6.930752838849964,5.1784684444444435,5.1305258333333335,-3.18515355774467,-1.3360155387373014,-1.7998928378916699,3.18515355774467
flash_mob-boycott_tncs,managers,rides_offers_price_uber_avg,market,24.704074653465344,19.297719589173514,20.40176577777778,20.703807821782178,8.647639284088207,6.398555808696165,1.7659574849386437,8.647639284088207
flash_mob-boycott_tncs,managers,rides_offers_price_no_surge_avg,market,24.87180831683169,19.827391752054133,20.838292222222222,21.18841603960396,8.507306995782216,6.211966931333605,1.7048632941914363,8.507306995782216
flash_mob-boycott_tncs,managers,rides_offers_price_lyft_avg,market,25.186716237623763,20.70533804494925,21.601425999999996,22.006940198019798,8.3714793200085,5.940009571456519,1.673945260160923,8.3714793200085
flash_mob-boycott_tncs,managers,passengers_acceptance_rate,passenger_decisions,1.6158253465346533,2.202655541324311,2.1332153333333332,2.1759118811881186,-5.047329045746954,-4.8173067091434785,-0.5972555295338896,5.047329045746954
flash_mob-boycott_tncs,managers,traffic_speed_avg,trip,3.742428910891088,6.931673985016917,4.9924626666666665,5.13004792079208,-3.2758948179458165,-1.425319728702172,-1.9918984465082918,3.2758948179458165
flash_mob-boycott_tncs,managers_drivers,rides_offers_price_uber_avg,market,25.180527821782178,19.27406272595457,20.62311288888889,20.703807821782178,9.44758140842996,7.1606580173687355,2.157849243430068,9.44758140842996
flash_mob-boycott_tncs,managers_drivers,rides_offers_price_no_surge_avg,market,25.294831386138615,19.823990724987915,21.04381822222222,21.18841603960396,9.22646265068506,6.92538682254966,2.0572145197779745,9.22646265068506
flash_mob-boycott_tncs,managers_drivers,rides_offers_price_lyft_avg,market,25.478052376237628,20.723153141614304,21.709982,22.006940198019798,8.882432791867812,6.484242696784766,1.8434546305124735,8.882432791867812
flash_mob-boycott_tncs,managers_drivers,passengers_acceptance_rate,passenger_decisions,1.6090913861386138,2.2134331222812955,2.2024324444444443,2.1759118811881186,-5.197945888730974,-4.875225531660821,-0.09461687769618912,5.197945888730974
flash_mob-boycott_tncs,managers_drivers,traffic_speed_avg,trip,3.828646039603962,6.949760918318028,5.111043333333334,5.13004792079208,-3.2059135688076634,-1.3367601358818908,-1.8886743628406268,3.2059135688076634
flash_mob-boycott_tncs,students,rides_offers_price_uber_avg,market,24.478804742268043,19.321369286750482,20.715143333333334,20.714469278350514,8.2494843420213,6.021175977002474,2.2293865377025956,8.2494843420213
flash_mob-boycott_tncs,students,rides_offers_price_no_surge_avg,market,24.558875979381444,19.85677501934236,21.098471333333336,21.20027793814433,7.929998618973836,5.6642079902251155,2.0940958390335136,7.929998618973836
flash_mob-boycott_tncs,students,rides_offers_price_lyft_avg,market,24.688324432989692,20.756018585589946,21.788823999999998,22.02129536082474,7.345779728045915,4.982167932174783,1.9293415544485695,7.345779728045915
flash_mob-boycott_tncs,students,traffic_speed_avg,trip,4.033618453608248,6.972133261605416,5.2621662222222225,5.1313116494845366,-3.0183523712468308,-1.1275168162017652,-1.7564257474659486,3.0183523712468308
flash_mob-boycott_tncs,students,passengers_acceptance_rate,passenger_decisions,1.9072353608247423,2.2549193858800773,2.094596444444444,2.175854432989691,-2.9904318046091984,-2.310393802530416,-1.3789383133185718,2.9904318046091984
flash_mob-boycott_tncs,students_drivers,rides_offers_price_uber_avg,market,25.15631107526882,19.346475577294683,20.569858888888884,20.702862795698927,9.293019250290836,7.123434150011429,1.9568410618671999,9.293019250290836
flash_mob-boycott_tncs,students_drivers,rides_offers_price_no_surge_avg,market,25.22266989247312,19.882717304347825,20.986292222222225,21.189950215053766,9.005722550216657,6.8011005600309975,1.8611568847737845,9.005722550216657
flash_mob-boycott_tncs,students_drivers,rides_offers_price_lyft_avg,market,25.330937741935486,20.766732620772945,21.68975511111111,22.01220204301075,8.526204917618358,6.199594427789523,1.7242605639487762,8.526204917618358
flash_mob-boycott_tncs,students_drivers,passengers_acceptance_rate,passenger_decisions,1.8748040860215056,2.2491544396135263,2.1262819999999993,2.1793224731182796,-3.2197890117905503,-2.6191639656655403,-1.0568263850251238,3.2197890117905503
flash_mob-boycott_tncs,students_drivers,traffic_speed_avg,trip,3.9849459139784944,7.016735519323671,5.357849111111111,5.1309431182795695,-3.114161385033907,-1.1771332135644361,-1.703957288297709,3.114161385033907
flash_mob-long_rides,bank_tellers,rides_offers_price_lyft_avg,market,30.053907760416667,20.656634345830145,23.706821333333338,21.58811697916667,17.55466213123302,15.814597520156319,5.697929563227248,17.55466213123302
flash_mob-long_rides,bank_tellers,rides_offers_price_no_surge_avg,market,29.394396093750004,19.773608255547057,22.862738666666665,20.849082213541667,16.22526502913615,14.411499847546196,5.209756256234226,16.22526502913615
flash_mob-long_rides,bank_tellers,rides_offers_price_uber_avg,market,29.001060260416665,19.247312088752867,22.380358666666666,20.408201901041664,15.601434765815155,13.744554071546256,5.011409044328912,15.601434765815155
flash_mob-long_rides,bank_tellers,passengers_acceptance_rate,passenger_decisions,1.0859327083333332,2.260706432032645,1.9689942222222223,2.082484609375,-10.104233883079566,-8.57134721488703,-2.5090179793882768,10.104233883079566
flash_mob-long_rides,bank_tellers,drivers_idle_duration_avg,supply,1040.0038790885417,256.3784899132874,508.6311482222223,1141.154986171875,6.603399946727339,-0.8523731164816972,2.125665162779097,6.603399946727339
flash_mob-long_rides,bank_tellers_drivers,rides_offers_price_lyft_avg,market,29.054561702127657,20.66293056744906,25.397821999999998,21.501790283687942,15.67606291741593,14.109023389629291,8.845057035105842,15.67606291741593
flash_mob-long_rides,bank_tellers_drivers,rides_offers_price_no_surge_avg,market,28.339941040189125,19.761593881867427,24.668699555555555,20.761369834515364,14.467209806146693,12.781107786823931,8.275734941935848,14.467209806146693
flash_mob-long_rides,bank_tellers_drivers,rides_offers_price_uber_avg,market,27.89587314420804,19.22850759350013,24.22070488888889,20.317791891252956,13.86373072699257,12.121385362552166,7.985180575848398,13.86373072699257
flash_mob-long_rides,bank_tellers_drivers,passengers_acceptance_rate,passenger_decisions,1.1578223877068556,2.255345720918236,1.6786948888888888,2.0714474940898344,-9.439802940079455,-7.85809349504135,-4.959776302579524,9.439802940079455
flash_mob-long_rides,bank_tellers_drivers,drivers_idle_duration_avg,supply,1038.961700638298,237.56876873355685,448.32518000000005,1207.1965784633571,6.75312224048412,-1.4176699716645131,1.775987473292582,6.75312224048412
flash_mob-long_rides,baseline,rides_offers_price_lyft_avg,market,29.881165977653634,20.703977991876116,26.141058222222224,21.572275558659218,17.143529542842796,15.52149837041896,10.1567872097858,17.143529542842796
flash_mob-long_rides,baseline,rides_offers_price_no_surge_avg,market,29.256947402234637,19.817088631632394,25.142673333333338,20.83609153631285,15.920131798608091,14.20160391170811,8.981491398977884,15.920131798608091
flash_mob-long_rides,baseline,rides_offers_price_uber_avg,market,28.89224751396648,19.284484970804776,24.573158000000003,20.398107067039106,15.367926044886858,13.58665158686417,8.459403073622786,15.367926044886858
flash_mob-long_rides,baseline,drivers_idle_duration_avg,supply,997.2567639944134,259.787488367606,488.5472899999999,1153.2571274581005,6.214454818152912,-1.3145730166677543,1.9276971915146428,6.214454818152912
flash_mob-long_rides,baseline,rides_duration_avg,trip,1531.0502831564245,552.8432170982484,954.4752275555556,1041.792083659218,4.18566048559766,2.093492046773176,1.718547426463099,4.18566048559766
flash_mob-long_rides,drivers,rides_offers_price_lyft_avg,market,28.891808876146786,20.705772629399586,25.106782444444445,21.496895756880736,15.291999515797514,13.814134757113461,8.221346440706084,15.291999515797514
flash_mob-long_rides,drivers,rides_offers_price_no_surge_avg,market,28.221634151376147,19.819993317805384,24.318787111111114,20.748740366972477,14.169198146433795,12.602884943067389,7.587125174714661,14.169198146433795
flash_mob-long_rides,drivers,rides_offers_price_uber_avg,market,27.82356055045872,19.285972836438923,23.824931777777778,20.30070880733945,13.65614689178342,12.033043980379242,7.260211211289868,13.65614689178342
flash_mob-long_rides,drivers,drivers_idle_duration_avg,supply,1194.241472087156,258.87182326604557,587.8882977777778,1212.734062293578,7.882107923655236,-0.15583207342536523,2.772533152033045,7.882107923655236
flash_mob-long_rides,drivers,drivers_occupied_duration_avg,supply,773.1896194954129,220.47334417701862,475.52734666666674,762.7048896559634,4.606487504532679,0.08738258515366325,2.1256893055533843,4.606487504532679
flash_mob-long_rides,managers,rides_offers_price_lyft_avg,market,30.067960027027024,20.703057720457434,23.13492088888889,21.609290135135137,17.494190988276934,15.801295277980255,4.542864125347191,17.494190988276934
flash_mob-long_rides,managers,rides_offers_price_no_surge_avg,market,29.359887594594596,19.817409524777634,22.352166666666662,20.866949027027026,16.093197181076192,14.323169937057386,4.274816896838171,16.093197181076192
flash_mob-long_rides,managers,rides_offers_price_uber_avg,market,28.94492767567568,19.278118353240153,21.886205999999998,20.424736216216218,15.462373272635498,13.628321021572718,4.171720303653399,15.462373272635498
flash_mob-long_rides,managers,passengers_acceptance_rate,passenger_decisions,1.305391810810811,2.248283212198221,2.0223880000000003,2.0858640270270272,-8.109813025066918,-6.712844910304248,-1.942925698006951,8.109813025066918
flash_mob-long_rides,managers,drivers_idle_duration_avg,supply,943.0654845675675,255.7093277839898,445.92848111111107,1119.9969337297296,5.792165072477359,-1.4909536343653558,1.6029255359743233,5.792165072477359
flash_mob-long_rides,managers_drivers,rides_offers_price_lyft_avg,market,28.98116359375,20.769063007518795,24.35108688888889,21.506198861607142,15.340689242394726,13.963675901136295,6.691432313319222,15.340689242394726
flash_mob-long_rides,managers_drivers,rides_offers_price_no_surge_avg,market,28.36615872767857,19.88024862846772,23.44673311111111,20.752928727678572,14.311316566652124,12.839559145796894,6.014804289042456,14.311316566652124
flash_mob-long_rides,managers_drivers,rides_offers_price_uber_avg,market,28.010403437500003,19.344230300751878,22.928636222222217,20.301788861607147,13.861823422407705,12.330177622382609,5.733372871003893,13.861823422407705
flash_mob-long_rides,managers_drivers,drivers_idle_duration_avg,supply,1177.3601404910714,240.0757773580503,527.8590024444445,1208.4627572991071,7.898242705095353,-0.26209336886011836,2.425071672581442,7.898242705095353
flash_mob-long_rides,managers_drivers,passengers_acceptance_rate,passenger_decisions,1.3675466294642855,2.2830340938553277,1.9737542222222222,2.072087254464286,-7.874111644330767,-6.059756965549185,-2.6601175147747766,7.874111644330767
flash_mob-long_rides,students,rides_offers_price_lyft_avg,market,30.20965722689076,20.76537998224702,25.811454888888886,21.580947198879553,17.642468063775915,16.118940301875185,9.426366156112183,17.642468063775915
flash_mob-long_rides,students,rides_offers_price_no_surge_avg,market,29.48616249299719,19.88174424042607,24.919216888888887,20.84376408963585,16.197658052476836,14.575230941597535,8.495596220693777,16.197658052476836
flash_mob-long_rides,students,rides_offers_price_uber_avg,market,29.036190784313725,19.35149937357342,24.397860666666663,20.405256918767506,15.490976249588913,13.805457071628974,8.071817637003738,15.490976249588913
flash_mob-long_rides,students,drivers_idle_duration_avg,supply,1019.6455785154064,278.6445432107532,649.1563457777779,1146.2611413165266,6.244216005055095,-1.0669552214684312,3.122203097462124,6.244216005055095
flash_mob-long_rides,students,passengers_acceptance_rate,passenger_decisions,1.6159410084033614,2.246640542733959,1.93181,2.078583921568627,-5.424649425046941,-3.979193698894485,-2.7078588609418177,5.424649425046941
flash_mob-long_rides,students_drivers,rides_offers_price_lyft_avg,market,28.88958813483146,20.618825357512954,24.040421111111108,21.508042943820225,15.450273682368234,13.789162677069095,6.391743089101135,15.450273682368234
flash_mob-long_rides,students_drivers,rides_offers_price_no_surge_avg,market,28.195711528089884,19.72509376165803,23.06605,20.75729804494382,14.285526355244725,12.544734609061726,5.634455444760088,14.285526355244725
flash_mob-long_rides,students_drivers,rides_offers_price_uber_avg,market,27.76234703370786,19.184716248704664,22.510969111111113,20.307514494382023,13.720197075238573,11.924245070244487,5.320448727413473,13.720197075238573
flash_mob-long_rides,students_drivers,drivers_idle_duration_avg,supply,935.9590934382022,229.69248124611397,405.1431704444445,1205.2239654606742,5.951518383334954,-2.269022502499698,1.478475669254281,5.951518383334954
flash_mob-long_rides,students_drivers,passengers_acceptance_rate,passenger_decisions,1.6197678202247192,2.267961663212435,2.0474924444444444,2.07273397752809,-5.575118049538879,-3.8959638798360947,-1.8962567050246624,5.575118049538879
flash_mob-wildcat_strike,bank_tellers,passengers_acceptance_rate,passenger_decisions,1.1615008333333334,2.200410037009623,2.1132671111111114,2.109916984126984,-8.935662558210252,-8.15733141862638,-0.7495166828908445,8.935662558210252
flash_mob-wildcat_strike,bank_tellers,rides_offers_price_uber_avg,market,23.37071738095238,19.307851840611892,20.768726444444447,20.56812,6.4986844620459365,4.482844896570098,2.3367160430636615,6.4986844620459365
flash_mob-wildcat_strike,bank_tellers,passengers_pickup_reject,passenger_decisions,0.3638088095238095,0.0523611818406119,0.16911022222222225,0.12195753968253968,6.302686676664381,4.894282828551367,2.362620729527634,6.302686676664381
flash_mob-wildcat_strike,bank_tellers,rides_offers_price_no_surge_avg,market,23.568189365079366,19.83535983962497,21.159355111111108,21.009784444444442,6.295341855329299,4.314698399679233,2.2328913742264023,6.295341855329299
flash_mob-wildcat_strike,bank_tellers,rides_offers_price_lyft_avg,market,23.857291825396825,20.691096410066617,21.835566444444442,21.75577138888889,5.91464016267812,3.925764378369039,2.1379376640928935,5.91464016267812
flash_mob-wildcat_strike,bank_tellers_drivers,passengers_acceptance_rate,passenger_decisions,1.1582533204633205,2.229294644092931,1.9560384444444443,2.1011663706563706,-9.212031061027242,-8.109999226537944,-2.3502777560902386,9.212031061027242
flash_mob-wildcat_strike,bank_tellers_drivers,rides_offers_price_uber_avg,market,22.889093166023166,19.261516930301532,20.615604222222224,20.556730772200773,5.802425180921839,3.730688869246604,2.165906293694719,5.802425180921839
flash_mob-wildcat_strike,bank_tellers_drivers,passengers_pickup_reject,passenger_decisions,0.3347748262548263,0.0523666015818092,0.15818577777777776,0.11841042471042472,5.715023640628269,4.378511536795152,2.1414358391721118,5.715023640628269
flash_mob-wildcat_strike,bank_tellers_drivers,rides_offers_price_no_surge_avg,market,23.138981621621625,19.79622028670292,21.03801933333333,20.99744185328185,5.637499703801371,3.611663711548809,2.094269095561985,5.637499703801371
flash_mob-wildcat_strike,bank_tellers_drivers,rides_offers_price_lyft_avg,market,23.531477490347488,20.685394787444388,21.778405777777778,21.74403598455599,5.316650696728577,3.339046373260469,2.0418091285121243,5.316650696728577
flash_mob-wildcat_strike,baseline,rides_offers_price_uber_avg,market,23.348659336283188,19.20179357615894,21.34860177777778,20.557170796460174,6.633045522656226,4.465075946915735,3.4338889545638094,6.633045522656226
flash_mob-wildcat_strike,baseline,rides_offers_price_no_surge_avg,market,23.55416292035398,19.738253237674762,21.708770666666666,20.99102331858407,6.435454868141237,4.322683344107441,3.323237978803372,6.435454868141237
flash_mob-wildcat_strike,baseline,rides_offers_price_lyft_avg,market,23.859751327433628,20.610965023301446,22.320799555555556,21.72510261061947,6.068924824204133,3.9876499639115237,3.1940719600054783,6.068924824204133
flash_mob-wildcat_strike,baseline,drivers_idle_duration_avg,supply,747.509754159292,278.12121363993134,449.8233688888887,960.8840890707964,3.9554107182797864,-1.7980480102495686,1.44688778399236,3.9554107182797864
flash_mob-wildcat_strike,baseline,traffic_length_avg,trip,4036.6215518141594,3731.591470095658,3915.9821813333333,3925.9645492920354,3.8259928304283846,1.3879709696208071,2.3128130026335882,3.8259928304283846
flash_mob-wildcat_strike,drivers,rides_offers_price_uber_avg,market,23.407112991071426,19.21617830147059,21.427320666666667,20.560996964285714,6.703535196608005,4.552454374087447,3.536793524027629,6.703535196608005
flash_mob-wildcat_strike,drivers,rides_offers_price_no_surge_avg,market,23.60712888392857,19.759682107843137,21.84002155555556,20.994751473214283,6.488641541350323,4.405721917768129,3.5084506027320987,6.488641541350323
flash_mob-wildcat_strike,drivers,rides_offers_price_lyft_avg,market,23.912005312499996,20.65384567156863,22.48756022222222,21.728061116071427,6.086434771323109,4.079736833267144,3.4254871558683875,6.086434771323109
flash_mob-wildcat_strike,drivers,drivers_idle_duration_avg,supply,729.2521908928572,274.4600001102941,531.5402095555556,956.9211136160715,3.832411213151672,-1.9185046489678212,2.1663456350516888,3.832411213151672
flash_mob-wildcat_strike,drivers,traffic_length_avg,trip,4028.411219375,3736.470094781863,3889.5383800000004,3925.9662558035716,3.6618180190875105,1.2849673511857094,1.9199357601425724,3.6618180190875105
flash_mob-wildcat_strike,managers,passengers_acceptance_rate,passenger_decisions,1.3707504265402843,2.235289804544344,1.8935953333333335,2.1125689099526066,-7.43590693276439,-6.380383987127711,-2.9389156260656573,7.43590693276439
flash_mob-wildcat_strike,managers,rides_offers_price_uber_avg,market,23.290597203791467,19.23941152944051,21.097108444444444,20.572708341232225,6.480002139711787,4.347350889490973,2.971446127580928,6.480002139711787
flash_mob-wildcat_strike,managers,rides_offers_price_no_surge_avg,market,23.50546682464455,19.764610388468117,21.455966444444442,21.00650369668246,6.308879078685696,4.214451012859832,2.852437942543413,6.308879078685696
flash_mob-wildcat_strike,managers,rides_offers_price_lyft_avg,market,23.825917251184833,20.651026232592226,22.062425333333334,21.73769805687204,5.930884063495322,3.900916871825384,2.636576935962911,5.930884063495322
flash_mob-wildcat_strike,managers,passengers_pickup_reject,passenger_decisions,0.31008696682464454,0.05329827999022722,0.17300066666666664,0.12366507109004739,5.19656754899321,3.7725726383766904,2.4223868497015513,5.19656754899321
flash_mob-wildcat_strike,managers_drivers,passengers_acceptance_rate,passenger_decisions,1.376109537815126,2.259314150479469,1.910568222222222,2.1013987815126054,-7.596446696878438,-6.238215924786024,-2.999565238645775,7.596446696878438
flash_mob-wildcat_strike,managers_drivers,rides_offers_price_uber_avg,market,23.019931176470593,19.256747123186624,21.127219333333333,20.55699768907563,6.01933425856029,3.939541544425535,2.9918806241740485,6.01933425856029
flash_mob-wildcat_strike,managers_drivers,rides_offers_price_no_surge_avg,market,23.255364831932773,19.79406967543644,21.495529555555557,20.993561890756304,5.837404607885879,3.8144851317210517,2.869477838577043,5.837404607885879
flash_mob-wildcat_strike,managers_drivers,rides_offers_price_lyft_avg,market,23.629028823529413,20.694335165970003,22.116000444444445,21.73269331932773,5.482181197065305,3.5424667980873794,2.6557547627150995,5.482181197065305
flash_mob-wildcat_strike,managers_drivers,drivers_idle_duration_avg,supply,911.8870168907564,276.2876441062208,524.5894091111112,963.5088330672268,5.356024603545185,-0.4350031314687747,2.0923720497765808,5.356024603545185
flash_mob-wildcat_strike,students,rides_offers_price_uber_avg,market,22.97633318007663,19.29808727992087,21.200626222222223,20.547722911877397,5.883472943316538,3.884640448374004,3.0431723964300663,5.883472943316538
flash_mob-wildcat_strike,students,rides_offers_price_no_surge_avg,market,23.228244750957856,19.837360051928783,21.584724888888886,20.986597164750957,5.718658788682529,3.7804935312786196,2.946895624253436,5.718658788682529
flash_mob-wildcat_strike,students,rides_offers_price_lyft_avg,market,23.615092528735634,20.72924514836795,22.220121111111112,21.7315091954023,5.390933464383785,3.5186449892331053,2.7850444113830743,5.390933464383785
flash_mob-wildcat_strike,students,passengers_acceptance_rate,passenger_decisions,1.7561697701149424,2.2446584668644904,2.021151111111111,2.0971416091954023,-4.201493395388116,-2.932700263982551,-1.9223877343879485,4.201493395388116
flash_mob-wildcat_strike,students,traffic_length_avg,trip,4034.850300842912,3723.423078103363,3925.572627111111,3928.0809548659004,3.9062321810651386,1.339208087006185,2.5355621347921145,3.9062321810651386
flash_mob-wildcat_strike,students_drivers,rides_offers_price_uber_avg,market,23.21760647773279,19.25571549531789,21.094528222222223,20.555701174089066,6.337172400143442,4.257803381496451,2.9412402596872664,6.337172400143442
flash_mob-wildcat_strike,students_drivers,rides_offers_price_no_surge_avg,market,23.49128218623482,19.804500308033514,21.492139777777776,20.99411951417004,6.217683425145153,4.2114145802309855,2.8461699946754226,6.217683425145153
flash_mob-wildcat_strike,students_drivers,rides_offers_price_lyft_avg,market,23.901034453441294,20.6858936939379,22.21633222222222,21.736874048582997,6.006072958336011,4.042779541362473,2.858949622020217,6.006072958336011
flash_mob-wildcat_strike,students_drivers,drivers_idle_duration_avg,supply,798.3262315789475,288.7184190512568,480.38195733333333,965.6459885020244,4.294327683332105,-1.4099584944728938,1.6150969786896288,4.294327683332105
flash_mob-wildcat_strike,students_drivers,passengers_acceptance_rate,passenger_decisions,1.7299288259109311,2.226923570724495,2.1357055555555555,2.100226396761134,-4.27465395160901,-3.1849310098838624,-0.784566543346669,4.27465395160901
long_rides,bank_tellers,rides_offers_price_lyft_avg,market,28.34400649289099,20.743184490881458,28.575639777777774,21.442939052132697,14.198784719598411,12.891601842649502,14.631489385637336,14.198784719598411
long_rides,bank_tellers,rides_offers_price_no_surge_avg,market,27.442167251184838,19.875053196555218,27.684176888888892,20.700431374407582,12.761785532212738,11.369801849572715,13.169929914709272,12.761785532212738
long_rides,bank_tellers,rides_offers_price_uber_avg,market,26.903993886255925,19.34501628419453,27.164014444444447,20.25988710900474,12.090828456841535,10.627463067330021,12.506739725509966,12.090828456841535
long_rides,bank_tellers,passengers_acceptance_rate,passenger_decisions,1.0714993838862559,2.2719340856129686,1.0998051111111111,2.038953127962085,-10.324944066178443,-8.321073840859272,-10.081486383783263,10.324944066178443
long_rides,bank_tellers,drivers_idle_duration_avg,supply,1076.6088642180093,249.085884295846,750.3719002222222,1320.369405971564,6.97331311238508,-2.0541043854178382,4.224202146318007,6.97331311238508
long_rides,bank_tellers_drivers,rides_offers_price_lyft_avg,market,26.442810189873416,20.70338413111342,28.79108822222223,21.35916933544304,10.721587086349473,9.496541566784309,15.108309237488873,10.721587086349473
long_rides,bank_tellers_drivers,rides_offers_price_no_surge_avg,market,25.65977022151899,19.814493686264306,27.85566644444444,20.588483132911392,9.857941215218938,8.552623593335996,13.561275993267591,9.857941215218938
long_rides,bank_tellers_drivers,rides_offers_price_uber_avg,market,25.180995348101263,19.25636007284079,27.326334888888884,20.12719844936709,9.476645196433894,8.083711128029922,12.908184980632825,9.476645196433894
long_rides,bank_tellers_drivers,passengers_acceptance_rate,passenger_decisions,1.2581473734177215,2.300131553069719,1.1186315555555555,2.0369335126582278,-8.962110439888743,-6.698342954937215,-10.162086593278836,8.962110439888743
long_rides,bank_tellers_drivers,drivers_idle_duration_avg,supply,1293.596857658228,243.09648349115506,633.8682157777779,1382.0211026265824,8.852283515357742,-0.7451272796660888,3.2929280646200905,8.852283515357742
long_rides,baseline,rides_offers_price_lyft_avg,market,28.08117130769231,20.69008079969535,28.735711395348833,21.44676646153846,13.806993893340804,12.39346035577387,15.02971346137239,13.806993893340804
long_rides,baseline,rides_offers_price_no_surge_avg,market,27.32384576923077,19.805390284336124,27.87114465116279,20.704381769230768,12.679723833819008,11.163592790638576,13.602732381438706,12.679723833819008
long_rides,baseline,rides_offers_price_uber_avg,market,26.875096307692306,19.267514117796395,27.354734767441865,20.26625723076923,12.168573062614986,10.571051243247068,12.93577024766209,12.168573062614986
long_rides,baseline,drivers_idle_duration_avg,supply,1225.4427560769232,275.82820217567917,1140.8904758139533,1384.8045760769232,8.002145899385312,-1.3428991048974595,7.289646622694187,8.002145899385312
long_rides,baseline,drivers_occupied_duration_avg,supply,790.6271157692307,220.28115185072352,791.3910861627907,857.5156850769231,4.75341811590004,-0.5574674972877512,4.7597852525828515,4.75341811590004
long_rides,drivers,rides_offers_price_lyft_avg,market,26.514221543408357,20.68536262802183,29.158236222222225,21.357746623794213,10.888652948142196,9.632599905148776,15.827828633352402,10.888652948142196
long_rides,drivers,rides_offers_price_no_surge_avg,market,25.64426160771704,19.785243776969065,28.102111777777772,20.58812006430868,9.881115633465335,8.527080936227131,14.026230470400737,9.881115633465335
long_rides,drivers,rides_offers_price_uber_avg,market,25.116956077170418,19.238844741356903,27.488896888888895,20.127220160771703,9.40222865485871,7.981243520772617,13.196224479961916,9.40222865485871
long_rides,drivers,drivers_idle_duration_avg,supply,1223.588773118971,249.59218688328573,711.8668606666668,1383.623045273312,8.20760671426244,-1.3485656779583781,3.8954640806716885,8.20760671426244
long_rides,drivers,passengers_rating_avg,passenger_experience,4.783926205787782,4.886470046789706,4.852881999999999,4.867722379421222,-4.865625972355919,-3.9760636507390155,-1.5937268511098333,4.865625972355919
long_rides,managers,rides_offers_price_lyft_avg,market,28.35183467153285,20.624875998987086,28.579744333333338,21.488637956204382,14.434415475024249,12.82085708933059,14.860164193066332,14.434415475024249
long_rides,managers,rides_offers_price_no_surge_avg,market,27.528253284671536,19.75321345910357,27.74844211111111,20.757351459854018,13.112448159494233,11.418989633851686,13.483792183031488,13.112448159494233
long_rides,managers,rides_offers_price_uber_avg,market,27.06765182481752,19.236047951380094,27.274743111111107,20.327053868613138,12.5269029702965,10.78180381997405,12.858152161562735,12.5269029702965
long_rides,managers,passengers_acceptance_rate,passenger_decisions,1.3185340875912408,2.2801748619903774,1.3447352222222222,2.0324064963503647,-8.271076463505958,-6.140019678058272,-8.045720391121371,8.271076463505958
long_rides,managers,drivers_idle_duration_avg,supply,1208.3012655474452,274.87895116231954,1128.7207482222223,1239.640169051095,7.865698261221538,-0.26408449315851923,7.195094690784663,7.865698261221538
long_rides,managers_drivers,rides_offers_price_lyft_avg,market,27.682011304347824,20.736261027414812,29.179579777777775,21.38470802371541,12.975072021445714,11.763734708177726,15.77261843832901,12.975072021445714
long_rides,managers_drivers,rides_offers_price_no_surge_avg,market,26.87690371541502,19.850988736869073,28.298161777777775,20.646494031620552,11.849064184371285,10.507460517759847,14.245987297576496,11.849064184371285
long_rides,managers_drivers,rides_offers_price_uber_avg,market,26.37614960474308,19.304394066102997,27.734717777777774,20.204076956521735,11.311501053144909,9.872429254514122,13.484574660693042,11.311501053144909
long_rides,managers_drivers,drivers_idle_duration_avg,supply,1346.7122521343872,256.5884033000256,924.8740404444444,1351.4619761660078,9.18617985680031,-0.040024644237705825,5.631462943489652,9.18617985680031
long_rides,managers_drivers,passengers_acceptance_rate,passenger_decisions,1.3255302766798418,2.243447394312067,1.3412702222222221,2.0388260869565222,-7.895009102376041,-6.1350603520147065,-7.759629762628522,7.895009102376041
long_rides,students,rides_offers_price_lyft_avg,market,28.411770615384615,20.735026112097387,28.794924444444444,21.48580069230769,14.340612439117487,12.938121151394313,15.056366436760372,14.340612439117487
long_rides,students,rides_offers_price_no_surge_avg,market,27.60610253846154,19.845036535632765,27.915278555555552,20.75896592307692,13.088881588728247,11.547558073588,13.610300718051873,13.088881588728247
long_rides,students,rides_offers_price_uber_avg,market,27.15185330769231,19.315706583819427,27.40957288888889,20.331335230769234,12.534169406078135,10.909638630543704,12.946400187839826,12.534169406078135
long_rides,students,drivers_idle_duration_avg,supply,1178.2229686153846,278.0007746538169,1155.9500908888888,1268.033980076923,7.585929794726339,-0.7568131871337516,7.3982422572571895,7.585929794726339
long_rides,students,passengers_acceptance_rate,passenger_decisions,1.6450597692307691,2.245417555161045,1.6940931111111115,2.0297099230769233,-5.163679915707732,-3.308377638363717,-4.741943929931811,5.163679915707732
long_rides,students_drivers,rides_offers_price_lyft_avg,market,26.606952138157897,20.765389974079834,28.840760666666664,21.357442993421053,10.91238336747881,9.80639333613856,15.085269720127688,10.91238336747881
long_rides,students_drivers,rides_offers_price_no_surge_avg,market,25.75371861842105,19.84989131674443,27.974664444444443,20.595260065789475,9.95668590420196,8.699636512709452,13.702266333643614,9.95668590420196
long_rides,students_drivers,rides_offers_price_uber_avg,market,25.23408217105263,19.303162934162778,27.484714444444442,20.138297302631578,9.486696595722266,8.15087223968564,13.086655501486286,9.486696595722266
long_rides,students_drivers,drivers_idle_duration_avg,supply,1156.9344193092104,231.45749304302745,609.3328268888888,1371.518996875,7.798744617036306,-1.8082463989046955,3.184253590881653,7.798744617036306
long_rides,students_drivers,passengers_acceptance_rate,passenger_decisions,1.672731447368421,2.250932029548989,1.7396164444444449,2.0385989144736842,-4.973105710338975,-3.1468276683959213,-4.397827560945996,4.973105710338975
normal,bank_tellers_drivers,passengers_acceptance_rate,passenger_decisions,1.258462857142857,2.245068053498925,1.2709033333333335,2.093990357142857,-8.485795564827367,-7.1863756444603775,-8.378794975258826,8.485795564827367
normal,bank_tellers_drivers,drivers_idle_duration_avg,supply,849.6351557142859,300.94893941963215,732.6072868888889,921.2579464285716,4.623630859208712,-0.6035459531051555,3.6374685507355595,4.623630859208712
normal,bank_tellers_drivers,passengers_pickup_reject,passenger_decisions,0.2779764285714285,0.05700950322426559,0.21896244444444446,0.12565392857142857,4.471651644062887,3.0825118124924584,3.27740060975298,4.471651644062887
normal,bank_tellers_drivers,drivers_occupied_duration_avg,supply,706.2561017857143,247.78688144256031,614.756516888889,650.616457857143,3.821006959686489,0.4637158990224539,3.0584245764296343,3.821006959686489
normal,bank_tellers_drivers,drivers_occupied_distance_avg,supply,6122.884798214284,2227.5532660019107,5329.796020666666,5592.532409642858,3.5032444189702243,0.4769694260901956,2.789984504963979,3.5032444189702243
normal,baseline,passengers_drivers_ratio,demand,0.4347470967741936,0.1293827413957935,0.4322968888888889,0.4347470967741936,4.3659869841284165,0.0,4.330954815025402,4.3659869841284165
normal,baseline,drivers_idle_duration_avg,supply,82.4249593548387,342.91557018881457,23.790826444444445,82.4249593548387,-2.1950841683606432,0.0,-2.6891782029406137,2.1950841683606432
normal,baseline,drivers_pickup_reject,driver_decisions,0.25774258064516126,0.08535209608030593,0.20262933333333336,0.25774258064516126,2.1141052520125005,0.0,1.4382256877111146,2.1141052520125005
normal,baseline,rides_offers_radius_avg,matching,2097.5590425806454,1302.903958714149,2100.128768,2097.5590425806454,1.6761404510807032,0.0,1.6815606903908116,1.6761404510807032
normal,baseline,passengers_pickup_accept,passenger_decisions,1.0447309677419354,0.41527717017208415,0.9289628888888889,1.0447309677419354,1.5821747409194156,0.0,1.2911838359900807,1.5821747409194156
normal,managers_drivers,passengers_acceptance_rate,passenger_decisions,1.4087526153846153,2.223700074698795,1.486365111111111,2.041767230769231,-7.009366625431585,-5.444561447214433,-6.341821213707047,7.009366625431585
normal,managers_drivers,drivers_idle_duration_avg,supply,948.2400123076924,295.64771825783134,963.5444011111111,1116.7667055384613,5.499219371004533,-1.4201290214364286,5.628185330511734,5.499219371004533
normal,managers_drivers,drivers_occupied_duration_avg,supply,788.3478399999999,241.74292041445784,770.8637577777779,729.2100573846153,4.5555538065826395,0.4928703366055431,4.409836718301691,4.5555538065826395
normal,managers_drivers,drivers_occupied_distance_avg,supply,6712.269579384616,2159.749936033735,6619.809479777778,6179.830494615385,4.094282835988341,0.4788460845334098,4.011129367471858,4.094282835988341
normal,managers_drivers,traffic_length_avg,trip,4041.7529204615385,3741.918911407229,3950.1509904444442,3939.5085747692306,3.7608184822212145,1.2824510007888983,2.6118553192298446,3.7608184822212145
underground_alarm,bank_tellers,passengers_acceptance_rate,passenger_decisions,1.1385760802469136,2.3036786136363636,1.5538397777777777,2.073888148148148,-10.021051933358303,-8.044623144941735,-6.449367073237764,10.021051933358303
underground_alarm,bank_tellers,passengers_pickup_reject,passenger_decisions,0.395931512345679,0.048294280303030304,0.2800742222222222,0.1046912037037037,7.035046524536079,5.893756284612179,4.690471918887395,7.035046524536079
underground_alarm,bank_tellers,drivers_idle_duration_avg,supply,1027.950178302469,265.9331054242424,654.1997226666666,1139.7862644753088,6.421312489307366,-0.9424125553833504,3.2718181353376594,6.421312489307366
underground_alarm,bank_tellers,rides_offers_price_uber_avg,market,22.581049567901236,19.436544858585858,20.87663933333333,20.395428796296297,5.029736695038533,3.4959709119892564,2.303477556418293,5.029736695038533
underground_alarm,bank_tellers,rides_offers_price_no_surge_avg,market,22.838252746913582,19.980956694444444,21.281828666666662,20.835279197530866,4.818772277040034,3.377974572522586,2.193894395474277,4.818772277040034
underground_alarm,bank_tellers_drivers,passengers_acceptance_rate,passenger_decisions,1.1107818429003022,2.2717963112683175,1.5927006666666665,2.0754289728096675,-9.985890468411895,-8.29693414026381,-5.840904578992824,9.985890468411895
underground_alarm,bank_tellers_drivers,passengers_pickup_reject,passenger_decisions,0.3845620241691843,0.04941098787266296,0.27425933333333335,0.10518111782477342,6.782366546984957,5.653760567161752,4.550198958800583,6.782366546984957
underground_alarm,bank_tellers_drivers,drivers_idle_duration_avg,supply,871.638651570997,242.7387999671551,626.098021111111,1137.9805732930513,5.299569544254351,-2.2443915881308065,3.230464831089438,5.299569544254351
underground_alarm,bank_tellers_drivers,rides_offers_price_uber_avg,market,22.383815468277945,19.28221153865589,21.048808222222224,20.399951268882173,4.9611155143387435,3.173254767949333,2.8257283693499455,4.9611155143387435
underground_alarm,bank_tellers_drivers,rides_offers_price_no_surge_avg,market,22.616817009063443,19.802981149570492,21.450037555555554,20.83939350453172,4.745477536410169,2.9975889620521965,2.777727474555329,4.745477536410169
underground_alarm,baseline,drivers_idle_duration_avg,supply,957.919408247012,272.71597751375685,721.9861188888889,1094.8146023505974,5.77402463026813,-1.153578903820681,3.78587839113421,5.77402463026813
underground_alarm,baseline,rides_offers_price_uber_avg,market,22.371536653386453,19.27565116308154,21.05769377777777,20.44040438247012,4.951968686227285,3.088908347704688,2.850434634334358,4.951968686227285
underground_alarm,baseline,rides_offers_price_no_surge_avg,market,22.59999454183267,19.809279264632313,21.489824888888887,20.878893864541833,4.706485139775496,2.9026016476511045,2.8342063670547786,4.706485139775496
underground_alarm,baseline,passengers_pickup_reject,passenger_decisions,0.27185306772908363,0.049433496748374196,0.25070288888888886,0.10584298804780876,4.5010484654436596,3.359503892139009,4.0730376586933215,4.5010484654436596
underground_alarm,baseline,drivers_pickup,supply,1543.9986355776891,305.96446897448726,1316.0875184444446,672.6638137051792,4.330731432762184,3.0479910840400537,3.533482160108441,4.330731432762184
underground_alarm,drivers,rides_offers_price_uber_avg,market,22.361378271604938,19.30853744424956,21.034802666666668,20.41997518518518,4.88311735961885,3.1053368483434403,2.76121689652377,4.88311735961885
underground_alarm,drivers,drivers_idle_duration_avg,supply,819.524809835391,243.47236744926087,444.28888511111114,1126.0951177366255,4.8542386705569065,-2.5833853558443685,1.6922266689519703,4.8542386705569065
underground_alarm,drivers,rides_offers_price_no_surge_avg,market,22.553105761316868,19.84872710849411,21.417461333333332,20.85604061728395,4.5608801606608935,2.862066204630754,2.645638692625737,4.5608801606608935
underground_alarm,drivers,drivers_pickup_reject,driver_decisions,0.431138683127572,0.08348372588323727,0.4073704444444444,0.17135131687242797,4.263455566318809,3.185894144870117,3.9719745233951063,4.263455566318809
underground_alarm,drivers,passengers_pickup_reject,passenger_decisions,0.2532850205761317,0.05014733400150338,0.22222177777777782,0.10546617283950617,4.110845859467135,2.991372543499303,3.4822268907642377,4.110845859467135
underground_alarm,managers,passengers_acceptance_rate,passenger_decisions,1.3466998214285715,2.2470022409881523,1.4813788888888888,2.0671113928571425,-7.743505008000001,-6.196263044485923,-6.5851297657542816,7.743505008000001
underground_alarm,managers,passengers_pickup_reject,passenger_decisions,0.3564527142857143,0.04860950340307537,0.3761851111111112,0.10290453571428572,6.229745007739118,5.130990204876995,6.6290645193219415,6.229745007739118
underground_alarm,managers,drivers_idle_duration_avg,supply,927.8175120357143,250.2028333022435,606.7939544444442,1159.3863302857144,5.710076262536139,-1.9513680174466344,3.0048972670884573,5.710076262536139
underground_alarm,managers,rides_offers_price_uber_avg,market,22.721956357142858,19.3496274262667,20.90908044444445,20.39051735714286,5.3941488849163886,3.729211871047585,2.4943953960319982,5.3941488849163886
underground_alarm,managers,rides_offers_price_no_surge_avg,market,22.898379321428575,19.87221980841946,21.319166,20.82617232142857,5.103557104132737,3.4947353933658154,2.4402456260462273,5.103557104132737
underground_alarm,managers_drivers,passengers_acceptance_rate,passenger_decisions,1.3397257312252964,2.246532970272295,1.5075944444444445,2.0763784584980236,-7.7994529885703505,-6.335953296208732,-6.355613459476467,7.7994529885703505
underground_alarm,managers_drivers,passengers_pickup_reject,passenger_decisions,0.3511522924901186,0.0488209143142643,0.3394453333333333,0.1065214229249012,6.1182034467278035,4.950532883422244,5.8812926824667295,6.1182034467278035
underground_alarm,managers_drivers,drivers_idle_duration_avg,supply,964.1058442687748,273.9437089333,757.0494479999999,1077.8834726086955,5.8158102974484605,-0.9587734079281672,4.071001853288928,5.8158102974484605
underground_alarm,managers_drivers,drivers_pickup_reject,driver_decisions,0.4197824505928854,0.08216328503622283,0.3927419999999999,0.17825426877470352,4.140381952548503,2.9619732143553934,3.8087722424215085,4.140381952548503
underground_alarm,managers_drivers,rides_offers_price_uber_avg,market,21.93598671936759,19.387921778666,20.941205777777775,20.45053272727273,4.075712049538732,2.376031567291781,2.484527851080767,4.075712049538732
underground_alarm,students,drivers_idle_duration_avg,supply,1066.2303361666668,252.98538279536677,653.4638146666667,1254.010490638889,6.8529960309482805,-1.5823727499990508,3.374723805806853,6.8529960309482805
underground_alarm,students,rides_offers_price_uber_avg,market,22.841191416666668,19.4027425997426,21.450874444444445,20.281014222222222,5.499909775062854,4.0950859900291325,3.2760529392931637,5.499909775062854
underground_alarm,students,rides_offers_price_no_surge_avg,market,23.050496333333335,19.937317925353927,21.778446,20.718609861111112,5.250312718868264,3.932679596095338,3.1050254372198665,5.250312718868264
underground_alarm,students,rides_offers_price_lyft_avg,market,23.393927416666667,20.82164331016731,22.29857777777778,21.446109416666665,4.8051787367435725,3.638639142930435,2.7590008745121835,4.8051787367435725
underground_alarm,students,passengers_acceptance_rate,passenger_decisions,1.7670656666666666,2.2817209395109397,1.8612008888888887,2.0591467500000005,-4.426552229652758,-2.5121906621556715,-3.6168947758123497,4.426552229652758
underground_alarm,students_drivers,drivers_idle_duration_avg,supply,878.0931933865813,237.4319810499619,664.9804624444446,1184.5711183067092,5.398679361150412,-2.5826068693622495,3.6028358170414885,5.398679361150412
underground_alarm,students_drivers,passengers_acceptance_rate,passenger_decisions,1.6916159424920127,2.274814146588892,1.807153111111111,2.065538083067093,-5.016090278075641,-3.2161059497781292,-4.022354590627652,5.016090278075641
underground_alarm,students_drivers,passengers_pickup_reject,passenger_decisions,0.2728325559105431,0.04825601318792797,0.2668148888888889,0.10092108626198083,4.544698555703712,3.478928824662359,4.422920553912148,4.544698555703712
underground_alarm,students_drivers,rides_offers_price_uber_avg,market,22.081232523961663,19.288808531574947,20.890890000000002,20.369057891373803,4.46657223346038,2.738678543660455,2.562580977000069,4.46657223346038
underground_alarm,students_drivers,rides_offers_price_no_surge_avg,market,22.352387444089455,19.8307398478316,21.30444333333333,20.804665623003192,4.252707912017539,2.610201696661937,2.48537126363797,4.252707912017539
underground_alarm-flash_mob,bank_tellers,passengers_acceptance_rate,passenger_decisions,1.1367877631578949,2.291038396226415,1.8385759999999998,2.077988921052632,-9.927714691720606,-8.09527523346945,-3.891631028632443,9.927714691720606
underground_alarm-flash_mob,bank_tellers,rides_offers_price_uber_avg,market,24.77843102631579,19.276269268230493,21.522355111111114,20.390292815789476,8.80088518064412,7.01896858828056,3.592686743535788,8.80088518064412
underground_alarm-flash_mob,bank_tellers,rides_offers_price_no_surge_avg,market,24.793338000000002,19.80025636664967,21.888571333333328,20.82911944736842,8.420731667267871,6.685574791958022,3.5219011549352515,8.420731667267871
underground_alarm-flash_mob,bank_tellers,rides_offers_price_lyft_avg,market,24.818303473684214,20.670409813870474,22.491353333333333,21.56491097368421,7.748510503194466,6.077529470318228,3.401630114817226,7.748510503194466
underground_alarm-flash_mob,bank_tellers,passengers_pickup_reject,passenger_decisions,0.42649976315789473,0.04953267975522693,0.23351866666666668,0.10243855263157896,7.6285872901872915,6.5579445545994455,3.7232777691253496,7.6285872901872915
underground_alarm-flash_mob,bank_tellers_drivers,rides_offers_price_uber_avg,market,24.595609481481482,19.263930398406377,21.314719333333333,20.21150611111111,8.528192643779137,7.012514731324698,3.280303040801256,8.528192643779137
underground_alarm-flash_mob,bank_tellers_drivers,rides_offers_price_no_surge_avg,market,24.606547074074076,19.807451476759628,21.737315555555554,20.667569537037036,8.093578122301881,6.643006327242507,3.2546769220224716,8.093578122301881
underground_alarm-flash_mob,bank_tellers_drivers,passengers_acceptance_rate,passenger_decisions,1.3401277037037036,2.2632839123505977,1.8559308888888886,2.0564766296296297,-7.940070546872993,-6.161320212930668,-3.5036451182067903,7.940070546872993
underground_alarm-flash_mob,bank_tellers_drivers,drivers_idle_duration_avg,supply,1144.751199074074,202.9444257184595,538.2719433333333,1251.492056351852,7.936351837131495,-0.8994764347841617,2.8257146112695053,7.936351837131495
underground_alarm-flash_mob,bank_tellers_drivers,rides_offers_price_lyft_avg,market,24.608940648148145,20.717119022576362,22.40418222222222,21.435252500000004,7.270152808993773,5.9286370304136335,3.151533764873762,7.270152808993773
underground_alarm-flash_mob,baseline,rides_offers_price_uber_avg,market,24.97905951219512,19.206909259545924,22.625581333333333,20.295641878048777,9.232740485017926,7.491277549329897,5.4682762366018896,9.232740485017926
underground_alarm-flash_mob,baseline,rides_offers_price_no_surge_avg,market,24.90752636585366,19.7408919246646,22.960080222222224,20.739428560975607,8.713424984186508,7.0294130469193705,5.429096263734099,8.713424984186508
underground_alarm-flash_mob,baseline,rides_offers_price_lyft_avg,market,24.789062365853663,20.624040552115584,23.52717844444444,21.48046607317073,7.780506907024413,6.180653417675896,5.423233162622141,7.780506907024413
underground_alarm-flash_mob,baseline,drivers_idle_duration_avg,supply,869.9036232926829,211.49744724200207,513.1719733333333,1222.0811101219513,5.548211387629848,-2.967704760325033,2.542129922075525,5.548211387629848
underground_alarm-flash_mob,baseline,traffic_duration_avg,trip,1312.3518212682927,531.1196175283798,790.8356642222221,736.5615133658537,5.147280280177169,3.793691661960795,1.711183024961224,5.147280280177169
underground_alarm-flash_mob,drivers,rides_offers_price_uber_avg,market,24.465974600550965,19.263730808261087,22.726774444444448,20.365450550964184,8.321156721788999,6.558920462098791,5.539249981668311,8.321156721788999
underground_alarm-flash_mob,drivers,rides_offers_price_no_surge_avg,market,24.516380303030303,19.81060922488526,23.046764666666665,20.803690165289257,7.93618819928253,6.261377183343074,5.4577110109302955,7.93618819928253
underground_alarm-flash_mob,drivers,rides_offers_price_lyft_avg,market,24.59610319559229,20.68836174145844,23.60155755555556,21.539059283746553,7.299891989633172,5.710738703153509,5.4420219549233355,7.299891989633172
underground_alarm-flash_mob,drivers,drivers_idle_duration_avg,supply,882.2654509917355,223.4673428301887,710.6472713333333,1175.3876466115703,5.551514093892003,-2.470061738272404,4.105333949567599,5.551514093892003
underground_alarm-flash_mob,drivers,traffic_duration_avg,trip,1262.2248086225895,507.97239444671084,777.2125537777777,746.0602531129476,4.969519381277363,3.400837324911029,1.7739342491543482,4.969519381277363
underground_alarm-flash_mob,managers,rides_offers_price_uber_avg,market,24.61738110810811,19.405889278980894,21.784311111111112,20.383412648648648,8.335949254966014,6.7723690993662204,3.8043624262692517,8.335949254966014
underground_alarm-flash_mob,managers,rides_offers_price_no_surge_avg,market,24.645117513513508,19.93401656050955,22.112218,20.821527918918918,7.945176925945287,6.4484068849950456,3.673492881969616,7.945176925945287
underground_alarm-flash_mob,managers,passengers_acceptance_rate,passenger_decisions,1.345454027027027,2.2562016687898088,1.793389777777778,2.075447783783784,-7.833344409386624,-6.278679461974495,-3.9806470780860104,7.833344409386624
underground_alarm-flash_mob,managers,rides_offers_price_lyft_avg,market,24.688489351351347,20.81907926878981,22.65766511111111,21.556883135135134,7.228286722095227,5.850025494460249,3.434587016604223,7.228286722095227
underground_alarm-flash_mob,managers,passengers_pickup_reject,passenger_decisions,0.3717747297297297,0.0503792356687898,0.24940755555555555,0.10198197297297298,6.503999126358202,5.45972761494597,4.027685647698031,6.503999126358202
underground_alarm-flash_mob,managers_drivers,rides_offers_price_uber_avg,market,24.634245384615387,19.238278741738686,21.294382,20.396134478021978,8.63102266900081,6.7789950771538035,3.2888034723652253,8.63102266900081
underground_alarm-flash_mob,managers_drivers,passengers_acceptance_rate,passenger_decisions,1.3110648901098902,2.2971189095068634,1.8827046666666665,2.077121401098901,-8.481054889416171,-6.588855367240125,-3.56437869664886,8.481054889416171
underground_alarm-flash_mob,managers_drivers,rides_offers_price_no_surge_avg,market,24.64930936813187,19.762439229791564,21.70526888888889,20.834112994505492,8.241608118899473,6.434251886782052,3.276543112212367,8.241608118899473
underground_alarm-flash_mob,managers_drivers,rides_offers_price_lyft_avg,market,24.67422587912088,20.648060610066093,22.403109555555552,21.569813131868134,7.521114674928448,5.7992264872621755,3.2785351561679406,7.521114674928448
underground_alarm-flash_mob,managers_drivers,drivers_idle_duration_avg,supply,1018.3528334615384,247.53846547534317,695.4452093333334,1155.1187625274727,6.495444924077561,-1.152489622188756,3.774389407729094,6.495444924077561
underground_alarm-flash_mob,students,rides_offers_price_uber_avg,market,24.911473449074077,19.31853120413437,21.593265555555558,20.31144016203704,8.9460914971023,7.357901596924714,3.638510956880975,8.9460914971023
underground_alarm-flash_mob,students,rides_offers_price_no_surge_avg,market,24.863407569444444,19.853734439276487,21.95476311111111,20.757494097222224,8.448712892675116,6.924540421624133,3.543342562754014,8.448712892675116
underground_alarm-flash_mob,students,rides_offers_price_lyft_avg,market,24.77965479166667,20.741455625323,22.54165088888889,21.50205513888889,7.543594706285247,6.122749862385718,3.362871146549016,7.543594706285247
underground_alarm-flash_mob,students,drivers_idle_duration_avg,supply,914.090736087963,224.76728134366923,442.5107015555556,1207.7089186342591,5.80874296215327,-2.474241286420045,1.8348651144913724,5.80874296215327
underground_alarm-flash_mob,students,traffic_duration_avg,trip,1339.3394466203706,520.6296449767442,798.5349455555555,736.0610554629629,5.394207761807734,3.974801539665315,1.8310259953163046,5.394207761807734
underground_alarm-flash_mob,students_drivers,rides_offers_price_uber_avg,market,24.45782112149533,19.352918882854926,21.708220444444446,20.29704156542056,8.165455767393093,6.655301088008792,3.7673808078944186,8.165455767393093
underground_alarm-flash_mob,students_drivers,rides_offers_price_no_surge_avg,market,24.506010630841118,19.8764235971037,22.113660222222226,20.743765046728967,7.807705341922681,6.344951446130112,3.773054534192763,7.807705341922681
underground_alarm-flash_mob,students_drivers,rides_offers_price_lyft_avg,market,24.58801598130841,20.737239025084047,22.816696,21.48985039719626,7.193478940852004,5.7875564172989415,3.884548528131936,7.193478940852004
underground_alarm-flash_mob,students_drivers,drivers_idle_duration_avg,supply,880.3640966121496,199.9840474372899,511.40326177777774,1216.8857787149532,5.733379293904953,-2.8357775135502474,2.6242457834989024,5.733379293904953
underground_alarm-flash_mob,students_drivers,passengers_acceptance_rate,passenger_decisions,1.6470204205607475,2.27154421773985,2.0255662222222224,2.069013341121495,-5.371531883072451,-3.6295629365310655,-2.1156578042746226,5.371531883072451
underground_alarm-long_rides,bank_tellers,rides_offers_price_lyft_avg,market,29.128446676217767,20.721657479633404,27.10776088888889,21.537711518624644,15.704379072919822,14.179941898081104,11.92961859666483,15.704379072919822
underground_alarm-long_rides,bank_tellers,rides_offers_price_no_surge_avg,market,28.494016532951285,19.843621970468433,26.181612666666666,20.802024813753583,14.588716302998655,12.97238919980335,10.688893729645324,14.588716302998655
underground_alarm-long_rides,bank_tellers,rides_offers_price_uber_avg,market,28.11321131805158,19.315754200611,25.61584377777778,20.363804383954154,14.071816383526004,12.395426314913061,10.077196460998344,14.071816383526004
underground_alarm-long_rides,bank_tellers,passengers_acceptance_rate,passenger_decisions,1.0469467048710603,2.306630621181263,1.4068433333333337,2.0691154727793695,-10.834546817298182,-8.79167799770127,-7.739074357918106,10.834546817298182
underground_alarm-long_rides,bank_tellers,passengers_pickup_reject,passenger_decisions,0.415391547277937,0.052209488289205706,0.35018488888888893,0.10022919770773639,7.349623246192108,6.377860561657149,6.030052632937985,7.349623246192108
underground_alarm-long_rides,bank_tellers_drivers,rides_offers_price_lyft_avg,market,28.668358880952383,20.640523387596897,25.792336000000002,21.48334904761905,14.996471158562816,13.422023013395872,9.62389043972929,14.996471158562816
underground_alarm-long_rides,bank_tellers_drivers,rides_offers_price_no_surge_avg,market,28.087344904761906,19.756936901808785,24.820819111111113,20.739117619047622,14.049065411466147,12.39263740248057,8.540135413442902,14.049065411466147
underground_alarm-long_rides,bank_tellers_drivers,rides_offers_price_uber_avg,market,27.725211333333334,19.22990162790698,24.216595333333338,20.293503833333332,13.588521853542696,11.887255824044026,7.976377406208889,13.588521853542696
underground_alarm-long_rides,bank_tellers_drivers,passengers_acceptance_rate,passenger_decisions,1.1081483809523809,2.287807279069767,1.5881315555555555,2.0676028095238097,-10.14625128939712,-8.252271693577251,-6.01791392680998,10.14625128939712
underground_alarm-long_rides,bank_tellers_drivers,passengers_pickup_reject,passenger_decisions,0.3727296190476191,0.05039813178294574,0.24407422222222222,0.096238,6.522940583509452,5.59529079268953,3.9193739373790977,6.522940583509452
underground_alarm-long_rides,baseline,rides_offers_price_lyft_avg,market,28.454408759493674,20.71791571947109,28.97764688888889,21.446583443037973,14.4522262369662,13.091031864000927,15.429665986825341,14.4522262369662
underground_alarm-long_rides,baseline,rides_offers_price_no_surge_avg,market,27.863103569620247,19.846128493647917,28.096255555555555,20.69844830379747,13.520467089307205,12.083046886114927,13.913673220394326,13.520467089307205
underground_alarm-long_rides,baseline,rides_offers_price_uber_avg,market,27.49347764556962,19.318846886180967,27.52635044444444,20.249356632911393,13.07558553723383,11.587205187744699,13.128166639204988,13.07558553723383
underground_alarm-long_rides,baseline,drivers_idle_duration_avg,supply,1123.8698340506328,234.22462413015296,860.6115288888892,1257.699883544304,7.496800400990176,-1.1277497563308048,5.278393618496555,7.496800400990176
underground_alarm-long_rides,baseline,traffic_duration_avg,trip,1197.7771558227848,500.0930440420016,848.8137851111112,730.7068429620252,4.596809569767454,3.0773716179840855,2.297605481700513,4.596809569767454
underground_alarm-long_rides,drivers,rides_offers_price_lyft_avg,market,28.460285939849623,20.775941004660798,28.36732044444444,21.455992205513787,14.35481049510646,13.08443465987928,14.181145455291029,14.35481049510646
underground_alarm-long_rides,drivers,rides_offers_price_no_surge_avg,market,27.848516441102756,19.867783531848783,27.443664444444444,20.708274962406012,13.459345404667156,12.041873525559998,12.776570661701507,13.459345404667156
underground_alarm-long_rides,drivers,rides_offers_price_uber_avg,market,27.454237543859648,19.3038880631797,26.857213999999995,20.25973345864662,13.036746848850942,11.5078413121153,12.081788436018217,13.036746848850942
underground_alarm-long_rides,drivers,drivers_idle_duration_avg,supply,1140.8658738596491,230.58883556965304,797.0320120000001,1247.1713376441103,7.67065925783444,-0.8958074911660905,4.7732639762998845,7.67065925783444
underground_alarm-long_rides,drivers,passengers_acceptance_rate,passenger_decisions,1.7551153383458646,2.2717826670119114,1.9601904444444442,2.059520902255639,-4.443857930485932,-2.6181935729457506,-2.680006055171283,4.443857930485932
underground_alarm-long_rides,managers,rides_offers_price_lyft_avg,market,28.25244045112782,20.71115852607124,27.94361955555555,21.467218771929826,14.08756033694351,12.675195113398676,13.510664652241912,14.08756033694351
underground_alarm-long_rides,managers,rides_offers_price_no_surge_avg,market,27.584503709273182,19.850784832214764,26.75801955555556,20.725069122807017,13.042761211595804,11.568298354267139,11.648912322921575,13.042761211595804
underground_alarm-long_rides,managers,rides_offers_price_uber_avg,market,27.163381629072685,19.325045942178626,26.050340000000002,20.28027556390978,12.537670723026103,11.009750136239955,10.757324740948944,12.537670723026103
underground_alarm-long_rides,managers,passengers_acceptance_rate,passenger_decisions,1.3273624561403508,2.271186208053691,1.4870095555555556,2.0626424060150375,-8.117832175976545,-6.324146031865495,-6.7447067828013685,8.117832175976545
underground_alarm-long_rides,managers,drivers_idle_duration_avg,supply,991.3197399498746,228.34312109189466,657.8953086666667,1232.6717225062657,6.429398324655622,-2.0338081062340074,3.6197205089707603,6.429398324655622
underground_alarm-long_rides,managers_drivers,rides_offers_price_lyft_avg,market,28.53828790754258,20.72753667525109,25.216878222222224,21.49603180048662,14.590944928893723,13.155350615752958,8.386355336480628,14.590944928893723
underground_alarm-long_rides,managers_drivers,rides_offers_price_no_surge_avg,market,27.857922433090025,19.80874943342776,24.252035111111113,20.75820131386861,13.574768239487717,11.973536754952457,7.493511855058583,13.574768239487717
underground_alarm-long_rides,managers_drivers,rides_offers_price_uber_avg,market,27.453118126520682,19.26317582796807,23.689393777777777,20.31630102189781,13.100076837934491,11.415569126215642,7.0798783593627235,13.100076837934491
underground_alarm-long_rides,managers_drivers,passengers_acceptance_rate,passenger_decisions,1.313510583941606,2.267208024723152,1.744757111111111,2.069754914841849,-8.202755816674733,-6.504460763820154,-4.493602569643303,8.202755816674733
underground_alarm-long_rides,managers_drivers,drivers_idle_duration_avg,supply,1071.9612082481751,234.08023322173577,667.4044133333332,1210.4376711192212,7.060597145374064,-1.1669038295301473,3.6515060734264297,7.060597145374064
underground_alarm-long_rides,students,rides_offers_price_lyft_avg,market,28.255693516483515,20.70628558679391,28.865941333333325,21.436434203296702,14.102740193856915,12.738779425364397,15.242719182282713,14.102740193856915
underground_alarm-long_rides,students,rides_offers_price_no_surge_avg,market,27.724938434065933,19.818540242455505,28.014025333333333,20.70608953296703,13.333981399669224,11.837147386992239,13.821520636158704,13.333981399669224
underground_alarm-long_rides,students,rides_offers_price_uber_avg,market,27.39891445054945,19.275148243487234,27.47941222222223,20.266727912087916,12.994226045370109,11.40816238630157,13.122984827270473,12.994226045370109
underground_alarm-long_rides,students,drivers_idle_duration_avg,supply,1253.390818434066,248.89067440288883,716.7285657777778,1262.4134393406596,8.464651974286163,-0.07603119454392304,3.942343815880447,8.464651974286163
underground_alarm-long_rides,students,passengers_acceptance_rate,passenger_decisions,1.6131961813186815,2.278272883672943,1.6680648888888887,2.0577606868131864,-5.720327596035667,-3.8237012362576723,-5.248401604700186,5.720327596035667
underground_alarm-long_rides,students_drivers,rides_offers_price_lyft_avg,market,28.48974210126582,20.601127104923947,27.185813333333336,21.470181949367092,14.736399042003688,13.112953230154664,12.300583039383227,14.736399042003688
underground_alarm-long_rides,students_drivers,rides_offers_price_no_surge_avg,market,27.928673240506328,19.72656148234081,26.220496000000004,20.730568556962027,13.832696377149036,12.13945865578798,10.95188984549492,13.832696377149036
underground_alarm-long_rides,students_drivers,rides_offers_price_uber_avg,market,27.579429594936705,19.190085509151842,25.65518488888889,20.287296151898733,13.419026427460365,11.664002618571752,10.341134961891681,13.419026427460365
underground_alarm-long_rides,students_drivers,drivers_idle_duration_avg,supply,1066.584275012658,241.2668725161124,688.3559600000001,1229.6400576962028,6.954727305881089,-1.3740271328106495,3.7674992378446386,6.954727305881089
underground_alarm-long_rides,students_drivers,passengers_acceptance_rate,passenger_decisions,1.6051003037974683,2.2591594534673884,1.8405955555555553,2.0629867341772155,-5.625565577703164,-3.9382831698656457,-3.6000698978836705,5.625565577703164
underground_alarm-wildcat_strike,bank_tellers,passengers_acceptance_rate,passenger_decisions,1.0649220000000001,2.2892386420999498,1.3418975555555557,2.067848333333333,-10.530352738712482,-8.626173734622279,-8.148084786364622,10.530352738712482
underground_alarm-wildcat_strike,bank_tellers,passengers_pickup_reject,passenger_decisions,0.42068373333333325,0.05047288238263504,0.33985133333333334,0.10328873333333333,7.491863127039095,6.42304214233645,5.8560783425711715,7.491863127039095
underground_alarm-wildcat_strike,bank_tellers,drivers_idle_duration_avg,supply,1052.8715724333333,279.43811781171127,738.412073111111,1153.4200071666664,6.517515261240902,-0.847294559024449,3.8676498156384644,6.517515261240902
underground_alarm-wildcat_strike,bank_tellers,passengers_reject,passenger_decisions,10.2095111,2.281051713780919,8.528962666666668,4.6769834333333336,4.407398250193885,3.0755095749874517,3.4731882273345036,4.407398250193885
underground_alarm-wildcat_strike,bank_tellers,rides_offers_price_uber_avg,market,21.878817033333334,19.28154726400808,20.622832444444445,20.387566066666665,4.154416759812616,2.3853040150758953,2.145428903498439,4.154416759812616
underground_alarm-wildcat_strike,bank_tellers_drivers,passengers_acceptance_rate,passenger_decisions,1.0955574336283185,2.262351114213198,1.445643111111111,2.070447551622419,-10.035597497707089,-8.385034125122045,-7.0245090701726856,10.035597497707089
underground_alarm-wildcat_strike,bank_tellers_drivers,passengers_pickup_reject,passenger_decisions,0.40357463126843657,0.048346931472081224,0.309074,0.10206973451327432,7.188652895972627,6.101478151764231,5.276267580783145,7.188652895972627
underground_alarm-wildcat_strike,bank_tellers_drivers,drivers_idle_duration_avg,supply,970.4290166666668,252.99220198730964,602.949044,1168.9201618289087,6.045646669028961,-1.672631381647412,2.9489919849784805,6.045646669028961
underground_alarm-wildcat_strike,bank_tellers_drivers,passengers_reject,passenger_decisions,10.185992861356931,2.292030855329949,7.854888888888892,4.638240147492625,4.388221297183415,3.0839731166554123,3.092370102292556,4.388221297183415
underground_alarm-wildcat_strike,bank_tellers_drivers,rides_offers_price_uber_avg,market,21.950541445427728,19.25213608121827,20.551308444444444,20.374260678466076,4.316186405523966,2.5213119229185863,2.0780680942027607,4.316186405523966
underground_alarm-wildcat_strike,baseline,drivers_idle_duration_avg,supply,926.6637753007519,241.5562685898083,747.7160106666668,1185.945425112782,5.773216304386183,-2.1848965796758066,4.265271722989496,5.773216304386183
underground_alarm-wildcat_strike,baseline,passengers_drivers_ratio,demand,0.50524,0.13995483097880929,0.43049600000000005,0.14658556390977442,5.2227126884714234,5.1279089133682305,4.154050529990902,5.2227126884714234
underground_alarm-wildcat_strike,baseline,rides_offers_price_uber_avg,market,21.849923984962405,19.321273842078707,20.950032888888888,20.372060789473686,4.04465745428813,2.363889843311728,2.6052526239977447,4.04465745428813
underground_alarm-wildcat_strike,baseline,passengers_pickup_reject,passenger_decisions,0.24827101503759402,0.049545560040363264,0.24144422222222214,0.10262518796992481,4.021556647717195,2.947397675171589,3.8834045723847757,4.021556647717195
underground_alarm-wildcat_strike,baseline,rides_offers_price_no_surge_avg,market,22.164946240601502,19.85791447023209,21.394312666666664,20.806066353383457,3.890762641729017,2.2917235764543964,2.5911046316238195,3.890762641729017
underground_alarm-wildcat_strike,drivers,drivers_idle_duration_avg,supply,914.9286259655172,250.74852295931262,717.0055955555555,1175.3273856896549,5.5968667138573975,-2.19431016381435,3.929022682105438,5.5968667138573975
underground_alarm-wildcat_strike,drivers,passengers_drivers_ratio,demand,0.4852073448275862,0.13788118018701034,0.3676604444444444,0.14720906896551725,4.965941464218654,4.8325747490829185,3.285299214858929,4.965941464218654
underground_alarm-wildcat_strike,drivers,rides_offers_price_uber_avg,market,21.90860772413793,19.27585927217589,20.793635555555557,20.375546655172414,4.2111660569026235,2.452180622108107,2.427732114618457,4.2111660569026235
underground_alarm-wildcat_strike,drivers,rides_offers_price_no_surge_avg,market,22.175129137931034,19.83179881981299,21.177634,20.81006079310345,3.9519794118417098,2.3021602856433923,2.2697239406277405,3.9519794118417098
underground_alarm-wildcat_strike,drivers,passengers_pickup_reject,passenger_decisions,0.24238517241379318,0.04941755117513267,0.2514073333333333,0.10195951724137932,3.905036825792262,2.841758380055202,4.087616008832787,3.905036825792262
underground_alarm-wildcat_strike,managers,passengers_acceptance_rate,passenger_decisions,1.2912805111821086,2.2547759095502777,1.5787493333333336,2.069210319488818,-8.287028092292188,-6.6909776488686115,-5.814507508530103,8.287028092292188
underground_alarm-wildcat_strike,managers,passengers_pickup_reject,passenger_decisions,0.3736313738019169,0.0504294770085902,0.3007777777777778,0.10351955271565495,6.540554840456258,5.46618443888626,5.066235089093443,6.540554840456258
underground_alarm-wildcat_strike,managers,drivers_idle_duration_avg,supply,815.4619055591054,219.3981991334007,563.1435273333334,1151.4863436741214,5.022868199051319,-2.8315873724856213,2.8966492322462987,5.022868199051319
underground_alarm-wildcat_strike,managers,rides_offers_price_uber_avg,market,22.32086408945687,19.238844643759474,20.53904733333333,20.382964568690095,4.9297895006878685,3.0997327820890357,2.079716134424627,4.9297895006878685
underground_alarm-wildcat_strike,managers,rides_offers_price_no_surge_avg,market,22.601701980830672,19.79432261748358,20.894531555555556,20.82275047923323,4.734588785625106,3.0001658983459825,1.8554802275919067,4.734588785625106
underground_alarm-wildcat_strike,managers_drivers,passengers_acceptance_rate,passenger_decisions,1.296458770226537,2.2482778357830715,1.4832704444444447,2.0655615533980582,-8.186599903233008,-6.6150563674690686,-6.57983188458558,8.186599903233008
underground_alarm-wildcat_strike,managers_drivers,passengers_pickup_reject,passenger_decisions,0.3446170873786408,0.05114358337557019,0.29907400000000006,0.10122964401294499,5.938948892927954,4.925369982682117,5.0173049806888805,5.938948892927954
underground_alarm-wildcat_strike,managers_drivers,drivers_idle_duration_avg,supply,858.8387222653722,235.15993891282312,707.4881353333334,1181.9931079935275,5.255573009317253,-2.7231349098424444,3.9801824062434425,5.255573009317253
underground_alarm-wildcat_strike,managers_drivers,rides_offers_price_uber_avg,market,22.249452653721683,19.280728583375566,20.634221333333336,20.37034200647249,4.748569893957956,3.005698082915143,2.1649553046506287,4.748569893957956
underground_alarm-wildcat_strike,managers_drivers,passengers_drivers_ratio,demand,0.46867935275080896,0.1418322377090725,0.34805555555555556,0.14637906148867313,4.673139562421514,4.608130752155291,2.948504976704985,4.673139562421514
underground_alarm-wildcat_strike,students,drivers_idle_duration_avg,supply,926.4733743162392,255.03991607750007,647.9832233333334,1106.2901891452993,5.65798878343011,-1.5152678331576344,3.3112273415885043,5.65798878343011
underground_alarm-wildcat_strike,students,passengers_acceptance_rate,passenger_decisions,1.607637735042735,2.2548970499999994,1.793323111111111,2.07135141025641,-5.567080169903437,-3.9884033279081357,-3.9699994465158257,5.567080169903437
underground_alarm-wildcat_strike,students,passengers_drivers_ratio,demand,0.5092505982905983,0.13951950249999998,0.414973111111111,0.15159974358974357,5.286278910480433,5.113560076621789,3.938334153103913,5.286278910480433
underground_alarm-wildcat_strike,students,passengers_pickup_reject,passenger_decisions,0.2876351709401709,0.050975735,0.2666671111111112,0.10613931623931624,4.789217002237878,3.6728855949304897,4.364891691741234,4.789217002237878
underground_alarm-wildcat_strike,students,rides_offers_price_uber_avg,market,21.882968461538464,19.274549547499998,20.863103333333335,20.433773119658117,4.172250176349157,2.318034686906694,2.5409430124173373,4.172250176349157
underground_alarm-wildcat_strike,students_drivers,drivers_idle_duration_avg,supply,1056.994961314879,258.80836812531584,756.7319235555556,1173.8183016262974,6.726103288324747,-0.9844388018117199,4.195867597989463,6.726103288324747
underground_alarm-wildcat_strike,students_drivers,passengers_acceptance_rate,passenger_decisions,1.6393651557093425,2.28093766548762,1.8454053333333336,2.065615778546713,-5.518167933941051,-3.666183452243699,-3.746015474258587,5.518167933941051
underground_alarm-wildcat_strike,students_drivers,passengers_drivers_ratio,demand,0.5019980276816609,0.14486385042950986,0.39307644444444445,0.1473559515570934,5.106172812927447,5.070541669689794,3.548852168495793,5.106172812927447
underground_alarm-wildcat_strike,students_drivers,passengers_pickup_reject,passenger_decisions,0.26978681660899656,0.050457420414350695,0.2747764444444445,0.10205858131487891,4.43851338178427,3.3942737716531197,4.539487215214718,4.43851338178427
underground_alarm-wildcat_strike,students_drivers,rides_offers_price_uber_avg,market,21.778708096885815,19.186974792824657,20.569804222222224,20.37675598615917,4.145561005067794,2.242467615048911,2.2118802695431308,4.145561005067794
wildcat_strike,bank_tellers,passengers_acceptance_rate,passenger_decisions,1.1935074615384618,2.236547358812074,1.2541564444444444,2.0999396923076925,-8.971190671722407,-7.796227540749873,-8.449548507201374,8.971190671722407
wildcat_strike,bank_tellers,passengers_pickup_reject,passenger_decisions,0.32141015384615385,0.05300234907497566,0.3001477777777778,0.12210223076923077,5.431700692756006,4.0333439065663566,5.001419379145566,5.431700692756006
wildcat_strike,bank_tellers,drivers_idle_duration_avg,supply,926.053352076923,316.9165915360273,868.925185777778,922.6758683076923,5.1330313025447785,0.028461145401738084,4.65162764269981,5.1330313025447785
wildcat_strike,bank_tellers,traffic_length_avg,trip,4013.3710361538465,3735.418352607108,3951.4954466666672,3927.076316923077,3.486360979405166,1.0823948091304918,2.710255355911446,3.486360979405166
wildcat_strike,bank_tellers,passengers_reject,passenger_decisions,8.41957676923077,2.4686611124634856,7.9050373333333335,4.8895515384615384,3.308089753007506,1.9623266346391635,3.022059378257542,3.308089753007506
wildcat_strike,bank_tellers_drivers,passengers_acceptance_rate,passenger_decisions,1.161262685185185,2.2257121097770156,1.2078179999999998,2.0651926851851856,-9.155334108867269,-7.774705843071683,-8.754911644609216,9.155334108867269
wildcat_strike,bank_tellers_drivers,passengers_pickup_reject,passenger_decisions,0.3182871296296296,0.0537195834354325,0.28496244444444446,0.11873453703703707,5.353986353596855,4.038295221521191,4.679603148680145,5.353986353596855
wildcat_strike,bank_tellers_drivers,drivers_idle_duration_avg,supply,869.2787398148149,285.0806952781181,725.7889844444445,1045.0477295370372,4.922879464423636,-1.481157901978673,3.7137299702171456,4.922879464423636
wildcat_strike,bank_tellers_drivers,drivers_occupied_duration_avg,supply,690.6390289814815,240.76239344033326,596.5690153333334,691.2142929629629,3.7493940250044484,-0.004794406209542509,2.965388990646106,3.7493940250044484
wildcat_strike,bank_tellers_drivers,passengers_reject,passenger_decisions,8.821882962962961,2.4890035015927467,8.368740222222224,4.898919814814816,3.5204218748028806,2.1807592209876354,3.268521672589547,3.5204218748028806
wildcat_strike,managers,passengers_acceptance_rate,passenger_decisions,1.4192495833333334,2.237517292924415,1.5230733333333328,2.0822679166666664,-7.037924112436428,-5.702623555176075,-6.144935589238162,7.037924112436428
wildcat_strike,managers,drivers_idle_duration_avg,supply,883.8033633333333,311.7433813813089,958.8556962222223,911.54154125,4.82059528255281,-0.23374214912817995,5.453041063210655,4.82059528255281
wildcat_strike,managers,passengers_pickup_reject,passenger_decisions,0.26909750000000004,0.053376425984061816,0.24629666666666672,0.12722166666666668,4.365492680711581,2.8711052678180278,3.904077997492281,4.365492680711581
wildcat_strike,managers,drivers_occupied_duration_avg,supply,598.1220487500001,246.40506887466796,664.4829662222222,625.8103445833334,2.931304803706709,-0.23076177502567824,3.484374707336779,2.931304803706709
wildcat_strike,managers,passengers_reject,passenger_decisions,7.130833333333334,2.429155571118087,6.669629777777777,5.0589587499999995,2.613643500297345,1.1517466342927416,2.3572623239906423,2.613643500297345
wildcat_strike,managers_drivers,passengers_acceptance_rate,passenger_decisions,1.4034019512195122,2.2389249794139015,1.5069333333333337,2.0859495121951217,-7.186337182440964,-5.870594526668429,-6.295863316697361,7.186337182440964
wildcat_strike,managers_drivers,passengers_pickup_reject,passenger_decisions,0.2829678048780488,0.056031474933397926,0.24292511111111115,0.12560926829268293,4.5924529714131035,3.1844248080284734,3.7821191301184593,4.5924529714131035
wildcat_strike,managers_drivers,drivers_idle_duration_avg,supply,809.7917685365853,298.1153349358198,796.3357477777777,912.5585724390245,4.311759395566592,-0.8659881581031029,4.198369135387056,4.311759395566592
wildcat_strike,managers_drivers,drivers_occupied_duration_avg,supply,624.8787331707317,244.17371209493822,560.4496160000001,628.2921634146342,3.1728990095112724,-0.02844845442098244,2.6359292540900503,3.1728990095112724
wildcat_strike,managers_drivers,drivers_occupied_distance_avg,supply,5362.64401609756,2194.171150748365,4908.060179555556,5316.80688,2.849548181047608,0.04122336953541754,2.44072077440698,2.849548181047608
wildcat_strike,students,passengers_pickup_reject,passenger_decisions,0.23374958333333332,0.05292152599758162,0.21848155555555554,0.12763916666666666,3.6593715489669503,2.147329598736212,3.3503963418999514,3.6593715489669503
wildcat_strike,students,passengers_acceptance_rate,passenger_decisions,1.8826562500000001,2.2840136178960098,1.8804695555555555,2.0648266666666664,-3.4520764587312898,-1.5668485423574081,-3.4708842271140585,3.4520764587312898
wildcat_strike,students,drivers_idle_duration_avg,supply,699.6289879166667,302.51856071100366,647.1176431111111,937.2583141666668,3.3463425382562293,-2.0024382848947844,2.9038435887817413,3.3463425382562293
wildcat_strike,students,drivers_pickup_reject,driver_decisions,0.31014125,0.08274048125755744,0.2542593333333334,0.22402750000000002,2.788722131175484,1.056053247979593,2.1034160145662524,2.788722131175484
wildcat_strike,students,traffic_length_avg,trip,3953.2703491666666,3733.958562814994,3935.034658,3936.4093554166666,2.7508281067973366,0.21148747309759242,2.522097801679562,2.7508281067973366
wildcat_strike,students_drivers,drivers_idle_duration_avg,supply,1041.9408719444446,293.71977909355303,718.06488,926.234085,6.305057483999999,0.9750299075290147,3.575841793064923,6.305057483999999
wildcat_strike,students_drivers,drivers_occupied_duration_avg,supply,786.1824155555555,242.19083253514302,557.7557291111111,641.4643886111112,4.533773550111137,1.2061193284315443,2.630003525966312,4.533773550111137
wildcat_strike,students_drivers,drivers_occupied_distance_avg,supply,6538.521559722222,2173.8812317644206,4730.647988444444,5423.524050555556,3.925314634527725,1.0027667141685708,2.299413746141585,3.925314634527725
wildcat_strike,students_drivers,passengers_acceptance_rate,passenger_decisions,1.8509822222222223,2.251455302956859,1.84474,2.0700213888888888,-3.444470701028284,-1.8839568207105446,-3.4981600813839124,3.444470701028284
wildcat_strike,students_drivers,drivers_shift_duration_avg,supply,4642.481586666667,1670.1164625618032,3573.295618444444,4095.9186294444444,3.181127580834328,0.5849505108850296,2.0368479144602123,3.181127580834328
wildcat_strike-boycott_tncs,bank_tellers,passengers_acceptance_rate,passenger_decisions,1.822967878787879,2.2129546834219433,2.137711555555556,2.210958181818182,-3.3542781948926503,-3.3371062759559353,-0.6471664685028596,3.3542781948926503
wildcat_strike-boycott_tncs,bank_tellers,drivers_idle_duration_avg,supply,640.4923227272727,299.0315989608506,432.62262022222217,550.0756684848484,2.8773974864466703,0.7619167756114649,1.1257355298416727,2.8773974864466703
wildcat_strike-boycott_tncs,bank_tellers,drivers_occupied_duration_avg,supply,599.3038927272728,257.1948677187047,387.89610999999996,472.7537215151515,2.8512294992254597,1.0547034860685012,1.0892996394015322,2.8512294992254597
wildcat_strike-boycott_tncs,bank_tellers,drivers_occupied_distance_avg,supply,5318.439706363637,2354.2339607733206,3490.87094088889,4157.222279090909,2.6658417002623933,1.0443343365420013,1.0222280501817742,2.6658417002623933
wildcat_strike-boycott_tncs,bank_tellers,rides_offers_price_uber_avg,market,20.69061424242424,19.253647230546157,20.225930666666667,20.817100303030305,2.2984750786958266,-0.20231853320382176,1.555198712899433,2.2984750786958266
wildcat_strike-boycott_tncs,bank_tellers_drivers,passengers_acceptance_rate,passenger_decisions,1.6246039655172413,2.208081645293975,2.137808,2.1997401724137933,-5.018494049607909,-4.946749005255611,-0.6044239273848788,5.018494049607909
wildcat_strike-boycott_tncs,bank_tellers_drivers,drivers_idle_duration_avg,supply,625.7935687931034,289.087922538108,391.50326688888885,625.3000543103449,2.837327729877544,0.004158713530947238,0.863026503188961,2.837327729877544
wildcat_strike-boycott_tncs,bank_tellers_drivers,drivers_occupied_duration_avg,supply,559.7238325862069,242.32758230825064,335.738472,509.5803108620689,2.645266524943009,0.4179097243381232,0.7785117163493153,2.645266524943009
wildcat_strike-boycott_tncs,bank_tellers_drivers,drivers_occupied_distance_avg,supply,4992.051498103448,2194.226014347931,3015.018388888889,4478.1647620689655,2.5162085512275736,0.462161134452438,0.7381749875371482,2.5162085512275736
wildcat_strike-boycott_tncs,bank_tellers_drivers,rides_offers_price_uber_avg,market,20.7157,19.264295042342123,20.507643333333334,20.866576034482755,2.3215690386045122,-0.2413310830134008,1.9887756902973448,2.3215690386045122
wildcat_strike-boycott_tncs,baseline,drivers_idle_duration_avg,supply,566.1218173170732,301.25403900676656,375.3874100000001,586.5994580487804,2.2319693789208066,-0.17255955917811017,0.6247019364477926,2.2319693789208066
wildcat_strike-boycott_tncs,baseline,rides_in_progress,matching,2854.788333902439,1044.1549198042533,2707.809963555556,2849.409675365853,2.1916837647596523,0.006510604796660016,2.013773589485141,2.1916837647596523
wildcat_strike-boycott_tncs,baseline,drivers_busy,supply,3024.777343902439,1082.8066008240696,2875.4167035555556,3254.4610231707316,1.996962178443291,-0.23618770887217722,1.8433720428638074,1.996962178443291
wildcat_strike-boycott_tncs,baseline,drivers_occupied_duration_avg,supply,478.78956707317076,246.58644226437895,341.23029155555554,486.15223609756094,1.9352438868006392,-0.06136248266133603,0.7887875364074155,1.9352438868006392
wildcat_strike-boycott_tncs,baseline,rides_duration_avg,trip,980.6243626829267,531.0044008385694,960.6967077777778,1013.6072348780489,1.9238835755004966,-0.14113075813789921,1.8386149236973335,1.9238835755004966
wildcat_strike-boycott_tncs,drivers,drivers_idle_duration_avg,supply,749.5644364864866,318.2981690222115,494.6664853333334,598.4184808108108,3.6341645982095527,1.2736662306299962,1.4862082656088988,3.6341645982095527
wildcat_strike-boycott_tncs,drivers,rides_offers_price_uber_avg,market,21.372701081081082,19.440378109608886,20.83884,20.824924864864865,3.090812911644722,0.876185724006095,2.236884895060172,3.090812911644722
wildcat_strike-boycott_tncs,drivers,rides_offers_price_no_surge_avg,market,21.786992972972975,19.964822308063734,21.20407622222222,21.338514324324326,3.0730541472986173,0.7563502133721688,2.0899767808798875,3.0730541472986173
wildcat_strike-boycott_tncs,drivers,rides_offers_price_lyft_avg,market,22.449126756756755,20.849059582327378,21.831306888888886,22.185694864864864,2.989020048175356,0.49210634326926417,1.8348960209283875,2.989020048175356
wildcat_strike-boycott_tncs,drivers,drivers_occupied_duration_avg,supply,579.0597275675675,247.95653672139062,416.0567146666667,488.52084297297284,2.75950388916122,0.7545756461017435,1.400992523277094,2.75950388916122
wildcat_strike-boycott_tncs,managers,passengers_acceptance_rate,passenger_decisions,1.8461502222222217,2.243974587865603,2.190244888888889,2.210021555555556,-3.421689091062228,-3.1296589131823884,-0.46212937349212935,3.421689091062228
wildcat_strike-boycott_tncs,managers,drivers_idle_duration_avg,supply,665.8269226666666,339.0847354145516,578.7926195555556,598.1814684444445,2.7533683462770644,0.5700300104843441,2.019953732015724,2.7533683462770644
wildcat_strike-boycott_tncs,managers,drivers_occupied_duration_avg,supply,571.815675111111,249.71944939569735,486.71497777777785,493.005376,2.684437396312386,0.6568264302958796,1.9751850793488683,2.684437396312386
wildcat_strike-boycott_tncs,managers,drivers_occupied_distance_avg,supply,5241.332961777777,2262.5159514503266,4400.573810444444,4340.777785777778,2.678982258702971,0.8099092126581899,1.922850263197624,2.678982258702971
wildcat_strike-boycott_tncs,managers,traffic_length_avg,trip,3933.1098537777775,3729.096748600435,3867.9432204444447,3902.1379933333333,2.5589367229763313,0.38848009789024307,1.7415515309591723,2.5589367229763313
wildcat_strike-boycott_tncs,managers_drivers,passengers_acceptance_rate,passenger_decisions,1.8781552272727269,2.231142078298695,2.1675962222222225,2.2127468181818184,-3.0360414337383035,-2.8778237218408087,-0.5465581832008467,3.0360414337383035
wildcat_strike-boycott_tncs,managers_drivers,drivers_occupied_duration_avg,supply,545.7991411363637,250.06109772595457,351.2989182222222,493.71595795454544,2.4647611485661907,0.43407538955701125,0.8437434827363027,2.4647611485661907
wildcat_strike-boycott_tncs,managers_drivers,rides_offers_price_uber_avg,market,20.745390454545458,19.24573182696955,20.489659777777778,20.84576363636364,2.3987523398532002,-0.16055014142389276,1.9897028748691004,2.3987523398532002
wildcat_strike-boycott_tncs,managers_drivers,rides_in_progress,matching,2870.270189772727,1042.4706858965685,2742.868554888889,2852.554129318182,2.2124624822945482,0.02144443031449637,2.058248994017675,2.2124624822945482
wildcat_strike-boycott_tncs,managers_drivers,drivers_occupied_distance_avg,supply,4720.603674318182,2263.3050281053647,3174.6284244444437,4345.446998863636,2.209957662627727,0.3373950377926163,0.8195935508186696,2.209957662627727
wildcat_strike-boycott_tncs,students,rides_offers_price_lyft_avg,market,21.977192,20.74036426467037,21.665768666666665,22.175402666666667,2.3104673079478637,-0.3702692398774807,1.7287101157006723,2.3104673079478637
wildcat_strike-boycott_tncs,students,rides_offers_price_no_surge_avg,market,21.244922888888887,19.884861518956775,20.953619111111113,21.346701777777778,2.293716123269217,-0.17164804737048597,1.802438165796265,2.293716123269217
wildcat_strike-boycott_tncs,students,drivers_idle_duration_avg,supply,586.242746,315.87781290026567,513.8955953333333,625.3150324444445,2.278292420702114,-0.32925162684852344,1.668642481512487,2.278292420702114
wildcat_strike-boycott_tncs,students,rides_offers_price_uber_avg,market,20.76831444444445,19.35461124124608,20.505917333333336,20.84506711111111,2.2612638664384352,-0.12276836566080801,1.8415512247248171,2.2612638664384352
wildcat_strike-boycott_tncs,students,rides_in_progress,matching,2724.2294071111105,1054.261900504709,2633.344666666667,2859.8676668888884,2.0214145190335775,-0.16418352247369247,1.911402957032391,2.0214145190335775
wildcat_strike-boycott_tncs,students_drivers,passengers_acceptance_rate,passenger_decisions,1.9515174418604657,2.279543636802704,2.1624191111111113,2.2202100000000002,-2.8213547227086067,-2.3110258557159464,-1.007388552500112,2.8213547227086067
wildcat_strike-boycott_tncs,students_drivers,rides_offers_price_uber_avg,market,20.93197558139535,19.225202470417774,20.48171333333333,20.84122953488372,2.7300386356419333,0.1451512280191782,2.009829648592541,2.7300386356419333
wildcat_strike-boycott_tncs,students_drivers,rides_offers_price_no_surge_avg,market,21.330376744186047,19.7566531320937,20.91079622222222,21.345843953488373,2.6540531937951215,-0.02608513714384463,1.9464390893770378,2.6540531937951215
wildcat_strike-boycott_tncs,students_drivers,rides_offers_price_lyft_avg,market,21.98149860465116,20.641946952426952,21.609301777777777,22.1791188372093,2.502361655842661,-0.36916627406722025,1.807075985859121,2.502361655842661
wildcat_strike-boycott_tncs,students_drivers,rides_in_progress,matching,2691.4629851162795,1031.947817691379,2687.364370666667,2858.6396902325578,2.008762470358519,-0.2023592780274905,2.0038012967287377,2.008762470358519
wildcat_strike-long_rides,bank_tellers,rides_offers_price_lyft_avg,market,27.91488817829458,20.690980431232454,29.02502777777778,21.430417751937988,13.494686615165605,12.11337399824618,15.568492997895762,13.494686615165605
wildcat_strike-long_rides,bank_tellers,rides_offers_price_no_surge_avg,market,27.040246279069766,19.814540977290125,28.07655711111111,20.694832015503877,12.186006542859985,10.701413426579455,13.93372390085716,12.186006542859985
wildcat_strike-long_rides,bank_tellers,rides_offers_price_uber_avg,market,26.47598531007752,19.271066708343966,27.392379999999992,20.25584926356589,11.524499667165358,9.949308210157833,12.990302528069659,11.524499667165358
wildcat_strike-long_rides,bank_tellers,passengers_acceptance_rate,passenger_decisions,1.0781671705426357,2.2506252743046695,1.1058128888888885,2.0480282558139535,-10.084317225974825,-8.34177939290294,-9.846536282801653,10.084317225974825
wildcat_strike-long_rides,bank_tellers,drivers_idle_duration_avg,supply,1196.6079585271316,258.2762754376117,765.8865722222223,1297.2951098062015,7.907068188088227,-0.8484634859675798,4.277495156548708,7.907068188088227
wildcat_strike-long_rides,bank_tellers_drivers,rides_offers_price_lyft_avg,market,27.100926544502617,20.700148599585063,28.545569333333333,21.430490994764398,11.957031496568375,10.592708738055467,14.65570960663391,11.957031496568375
wildcat_strike-long_rides,bank_tellers_drivers,rides_offers_price_no_surge_avg,market,26.316280732984296,19.821867199170125,27.711405111111116,20.6844827486911,10.952697696598014,9.497913936202144,13.305546877392816,10.952697696598014
wildcat_strike-long_rides,bank_tellers_drivers,rides_offers_price_uber_avg,market,25.818092958115184,19.274165728734438,27.21844644444445,20.236267434554975,10.467222649650372,8.928309942733708,12.707133213418915,10.467222649650372
wildcat_strike-long_rides,bank_tellers_drivers,passengers_acceptance_rate,passenger_decisions,1.1877782722513086,2.237193817427386,1.1657415555555555,2.056001204188482,-9.0260276469314,-7.467589196089038,-9.215565542627512,9.0260276469314
wildcat_strike-long_rides,bank_tellers_drivers,drivers_idle_duration_avg,supply,1031.400662539267,228.15632305757262,710.0222993333334,1273.8507986649215,6.768723553131596,-2.0430619503806406,4.06055470639868,6.768723553131596
wildcat_strike-long_rides,baseline,rides_offers_price_lyft_avg,market,26.349104820143882,20.60618292821975,28.551725777777776,21.334774424460434,10.728117509309003,9.367065533494216,14.842743636331958,10.728117509309003
wildcat_strike-long_rides,baseline,rides_offers_price_no_surge_avg,market,25.476687230215827,19.722409629437678,27.741499555555553,20.573934460431655,9.704473343971653,8.268393857122856,13.524033741507157,9.704473343971653
wildcat_strike-long_rides,baseline,rides_offers_price_uber_avg,market,24.94354550359712,19.18909104172065,27.176954666666674,20.117277338129497,9.20443549697525,7.719771581208394,12.776845482321393,9.20443549697525
wildcat_strike-long_rides,baseline,drivers_idle_duration_avg,supply,1257.2516027338131,238.84692772739052,809.4285442222224,1410.7937030575538,8.581821709174207,-1.293857895754624,4.808137495303799,8.581821709174207
wildcat_strike-long_rides,baseline,drivers_occupied_duration_avg,supply,794.1963297482015,208.42851012438453,685.8853280000001,834.7877782733813,4.8819480484812585,-0.3383001528486007,3.9792547527770665,4.8819480484812585
wildcat_strike-long_rides,drivers,rides_offers_price_lyft_avg,market,26.14678039393939,20.56214186440678,28.69487711111111,21.361423181818182,10.43243483358035,8.93933009394547,15.192430097549343,10.43243483358035
wildcat_strike-long_rides,drivers,rides_offers_price_no_surge_avg,market,25.30561933333333,19.662922073011732,27.804000444444444,20.58891121212121,9.51629534582894,7.954633302259824,13.729764798985213,9.51629534582894
wildcat_strike-long_rides,drivers,rides_offers_price_uber_avg,market,24.788598303030305,19.12701136636245,27.218201555555556,20.12728006060606,9.055890895361063,7.45592885954947,12.942119654188977,9.055890895361063
wildcat_strike-long_rides,drivers,drivers_idle_duration_avg,supply,1141.1698324848485,225.29291067535857,799.543117777778,1377.291763,7.717847966935894,-1.9897358673203962,4.839051719571346,7.717847966935894
wildcat_strike-long_rides,drivers,drivers_occupied_duration_avg,supply,763.7259670909092,205.18422638070402,594.3945786666667,814.9951737272728,4.65503851475941,-0.42729148802731687,3.2437847490690346,4.65503851475941
wildcat_strike-long_rides,managers,rides_offers_price_lyft_avg,market,28.463902633333333,20.692731670474743,28.518923111111114,21.511091500000003,14.51700664634049,12.988262118508585,14.619788150621162,14.51700664634049
wildcat_strike-long_rides,managers,rides_offers_price_no_surge_avg,market,27.545640366666667,19.81030990352881,27.490111111111112,20.78789413333333,13.045479119078632,11.396802993626826,12.951830147350782,13.045479119078632
wildcat_strike-long_rides,managers,rides_offers_price_uber_avg,market,26.968669433333336,19.276614074638236,26.82318266666666,20.35591493333333,12.303690620428396,10.577314088733765,12.070979845094495,12.303690620428396
wildcat_strike-long_rides,managers,passengers_acceptance_rate,passenger_decisions,1.2812171333333333,2.2611229779131756,1.4008851111111114,2.0626231,-8.428174411198862,-6.7208761019707355,-7.398909616294984,8.428174411198862
wildcat_strike-long_rides,managers,drivers_idle_duration_avg,supply,974.4338349333334,250.79594589235845,680.260055111111,1207.5953468333335,6.097901451320096,-1.9647892175619497,3.6189782964040402,6.097901451320096
wildcat_strike-long_rides,managers_drivers,rides_offers_price_lyft_avg,market,27.51960117794486,20.721040122523462,25.074216233766236,21.475892907268175,12.700113856560895,11.290004241739513,8.131990254961007,12.700113856560895
wildcat_strike-long_rides,managers_drivers,rides_offers_price_no_surge_avg,market,26.735834135338344,19.840181139207505,24.26583714285714,20.727617067669172,11.629379973114366,10.132737143252566,7.463779764674208,11.629379973114366
wildcat_strike-long_rides,managers_drivers,rides_offers_price_uber_avg,market,26.239402832080202,19.295860179874868,23.74730116883117,20.2802734085213,11.10642040633676,9.531819699097774,7.120223423938456,11.10642040633676
wildcat_strike-long_rides,managers_drivers,drivers_idle_duration_avg,supply,1187.039743283208,238.1947279692388,1045.2247623376622,1238.2125150877193,7.995661205121434,-0.4312191555756587,6.800624583596757,7.995661205121434
wildcat_strike-long_rides,managers_drivers,passengers_acceptance_rate,passenger_decisions,1.364409573934837,2.2624301642335767,1.6533367532467533,2.059282781954887,-7.723878984649573,-5.976607470254826,-5.23881506463522,7.723878984649573
wildcat_strike-long_rides,students,rides_offers_price_lyft_avg,market,27.770382637795276,20.57787725044677,28.80602333333333,21.4217844488189,13.436025151294565,11.859556628569347,15.370663178459555,13.436025151294565
wildcat_strike-long_rides,students,rides_offers_price_no_surge_avg,market,26.872180787401575,19.691100372734237,27.959884888888894,20.68462838582677,12.110747569014071,10.435182573984676,13.94513864141991,12.110747569014071
wildcat_strike-long_rides,students,rides_offers_price_uber_avg,market,26.330634212598426,19.162845667602756,27.412488222222226,20.24462653543307,11.465108943942669,9.734765557654216,13.195569322888678,11.465108943942669
wildcat_strike-long_rides,students,drivers_idle_duration_avg,supply,1295.8285722440946,272.99998013020166,837.3433402222221,1308.1426684251967,8.619100866275716,-0.10376756954221011,4.755569389973073,8.619100866275716
wildcat_strike-long_rides,students,passengers_acceptance_rate,passenger_decisions,1.6218005511811024,2.3188177865713557,1.7269560000000004,2.04567688976378,-5.99504825894734,-3.6457622230909146,-5.090605788442865,5.99504825894734
wildcat_strike-long_rides,students_drivers,rides_offers_price_lyft_avg,market,26.622193566878984,20.7157999922179,28.857726000000007,21.364150445859874,11.03349227408034,9.822335308204478,15.209598982430228,11.03349227408034
wildcat_strike-long_rides,students_drivers,rides_offers_price_no_surge_avg,market,25.78428375796178,19.83136546044099,27.96595622222223,20.600030159235672,10.0394768805244,8.74313933871094,13.718823575899227,10.0394768805244
wildcat_strike-long_rides,students_drivers,rides_offers_price_uber_avg,market,25.2725850955414,19.286239577172502,27.365313555555556,20.142133248407642,9.575352720484565,8.20632319017106,12.922739384241977,9.575352720484565
wildcat_strike-long_rides,students_drivers,drivers_idle_duration_avg,supply,1166.4792881847136,229.30378751491568,821.6763144444446,1361.163842611465,7.897325350459096,-1.6405542674967262,4.991763624307944,7.897325350459096
wildcat_strike-long_rides,students_drivers,passengers_acceptance_rate,passenger_decisions,1.6486526751592359,2.2788816783398183,1.7611473333333332,2.040983184713376,-5.420602384588754,-3.3744364110560126,-4.453035342649107,5.420602384588754
