scenario,personality,is_compound,mechanism,failure,failure_timestamp,fr_mean,fr_mean_event,fr_p99,fr_peak,minutes_above_threshold,n_spikes,spike_minutes,spike_minutes_in_event,failure_mode,dominant_driver,share_not_served,share_cancel,d_not_served,d_cancel,d_demand,fr_scenario_effect,fr_personality_effect,fr_interaction_effect,fr_total_effect,fr_expected_from_components,fr_component_residual,causes_scenario,causes_personality,causes_interaction,causes_in_spike,scenario_traits,personality_traits,emergent_traits,index_source
normal,baseline,False,none,False,,0.08614763163381285,0.1769158279342266,0.22247223044400008,0.24869433908315577,14.333333333333334,1,10.333333333333334,0.0,not-served dominated,not_served,0.7437613503213288,0.25623864967867105,0.06837034328347251,0.04777854222564757,-0.005777089849436266,0.0,0.0,0.0,0.0,,,,,,passengers_drivers_ratio (+4.37); drivers_idle_duration_avg (-2.20); drivers_pickup_reject (+2.11),,,,rq1-healthiness
normal,bank_tellers,False,none,False,,0.08638164839353521,0.16755254074253864,0.17769552944547684,0.19179761904761905,0.0,0,0.0,0.0,no spike,none,,,,,,0.0,-0.009363287191687969,0.0,-0.009363287191687969,,,,passengers_acceptance_rate (-4.85); passengers_pickup_reject (+1.21); passengers_reject (+1.08),,,,passengers_acceptance_rate v; passengers_pickup_reject ^; passengers_reject ^,,rq1-healthiness
normal,students,False,none,False,,0.08541477697341829,0.17453762634538922,0.18025257833900407,0.19916636851520572,0.0,0,0.0,0.0,no spike,none,,,,,,0.0,-0.002378201588837392,0.0,-0.002378201588837392,,,,passengers_acceptance_rate (-1.62); drivers_idle_duration_avg (-0.71); drivers_pickup_reject (+0.45),,,,passengers_acceptance_rate v,,rq1-healthiness
normal,managers,False,none,False,,0.08703098372942807,0.18137473442072188,0.1870696427817316,0.21433385848912265,0.0,0,0.0,0.0,no spike,none,,,,,,0.0,0.004458906486495273,0.0,0.004458906486495273,,,,passengers_acceptance_rate (-3.53); drivers_idle_duration_avg (-1.27); passengers_pickup_reject (+1.21),,,,passengers_acceptance_rate v; passengers_pickup_reject ^,,rq1-healthiness
normal,drivers,False,none,False,,0.08688412708306562,0.16390570987636457,0.18184328878569672,0.20373960216998188,0.0,0,0.0,0.0,no spike,none,,,,,,0.0,-0.013010118057862036,0.0,-0.013010118057862036,,,,drivers_occupied_duration_avg (-0.77); drivers_occupied_distance_avg (-0.74); passengers_acceptance_rate (-0.68),,,,,,rq1-healthiness
normal,bank_tellers_drivers,False,none,False,,0.08881317686279627,0.18338690595830826,0.21558880190286445,0.24508953588395493,9.333333333333334,1,9.333333333333334,0.0,not-served dominated,not_served,0.8769997708124754,0.12300022918752475,0.048514705737207266,0.008200198618681237,0.0034116142867071514,0.0,0.0064710780240816446,0.0,0.0064710780240816446,,,,passengers_acceptance_rate (-4.91); passengers_pickup_reject (+1.45); passengers_reject (+1.17),,passengers_acceptance_rate (-8.49); drivers_idle_duration_avg (+4.62); passengers_pickup_reject (+4.47),,passengers_acceptance_rate v; passengers_pickup_reject ^; passengers_reject ^,,rq1-healthiness
normal,students_drivers,False,none,False,,0.08864242146621974,0.16371726597520223,0.17544594671418448,0.20701190476190479,0.0,0,0.0,0.0,no spike,none,,,,,,0.0,-0.013198561959024385,0.0,-0.013198561959024385,,,,passengers_acceptance_rate (-2.17); drivers_acceptance_rate (-1.15); passengers_rating_avg (+0.73),,,,passengers_acceptance_rate v,,rq1-healthiness
normal,managers_drivers,False,none,False,,0.09094497795933817,0.1820937283904045,0.22009374142322374,0.2505175983436853,13.333333333333334,1,21.666666666666668,0.0,demand-driven,demand,0.8533203945186922,0.14667960548130776,0.005142293512973295,0.009967807923796743,0.030140095558681256,0.0,0.005177900456177886,0.0,0.005177900456177886,,,,passengers_acceptance_rate (-3.66); passengers_pickup_reject (+1.46); drivers_acceptance_rate (-0.80),,passengers_acceptance_rate (-7.01); drivers_idle_duration_avg (+5.50); drivers_occupied_duration_avg (+4.56),,passengers_acceptance_rate v; passengers_pickup_reject ^,,rq1-healthiness
boycott_tncs,baseline,False,demand collapse (requests -60%),False,,0.08023458142910281,0.11516619779543094,0.1796904885506488,0.3001460894578958,9.333333333333334,1,9.333333333333334,9.333333333333334,demand-driven,demand,0.8656628491546036,0.13433715084539646,-0.016164358585634947,0.004417736765766261,0.14478497728002387,-0.03796047763251004,0.0,0.0,-0.03796047763251004,,,rides_offers_radius_avg (-2.22); drivers_pickup_reject (-1.78); passengers_pickup_accept (-1.70),,,rides_offers_price_uber_avg (+2.53); rides_offers_price_no_surge_avg (+2.45); rides_offers_price_lyft_avg (+2.39),passengers_pickup_reject v; rides_offers_radius_avg v; passengers_reject v,,,rq1-healthiness
boycott_tncs,bank_tellers,False,demand collapse (requests -60%),False,,0.08220983563291781,0.1325576162280247,0.1820716257465781,0.3411339884899553,11.0,1,11.0,11.0,demand-driven,demand,0.9008576774713148,0.09914232252868523,0.0025912552537075695,-0.0013755377362011934,0.14812922374151002,-0.03796047763251004,0.01371314930278178,0.0036782691298119785,-0.02056905919991628,,,rides_offers_radius_avg (-2.22); drivers_pickup_reject (-1.78); passengers_pickup_accept (-1.70),passengers_acceptance_rate (-6.09); passengers_pickup_reject (+1.57); passengers_reject (+1.48),passengers_pickup_reject (-1.29); drivers_idle_duration_avg (+1.24); passengers_reject (-0.94),passengers_acceptance_rate (-4.51); drivers_occupied_duration_avg (+2.26); drivers_occupied_distance_avg (+2.21),passengers_pickup_reject v; rides_offers_radius_avg v; passengers_reject v,passengers_acceptance_rate v; passengers_pickup_reject ^; passengers_reject ^,passengers_pickup_reject (-1.29); drivers_idle_duration_avg (+1.24); passengers_reject (-0.94),rq1-healthiness
boycott_tncs,students,False,demand collapse (requests -60%),False,,0.08210258322608519,0.13861245268672318,0.20529615158247566,0.32509344181027633,13.333333333333334,1,13.333333333333334,13.333333333333334,demand-driven,demand,0.8757963470274638,0.12420365297253617,-0.008444636103703954,0.0003791383347020033,0.14440242663361158,-0.03796047763251004,0.008180245912355416,0.015266008978936818,-0.014514222741217803,,,rides_offers_radius_avg (-2.22); drivers_pickup_reject (-1.78); passengers_pickup_accept (-1.70),passengers_acceptance_rate (-1.85); drivers_idle_duration_avg (-1.12); passengers_pickup_reject (+0.54),drivers_idle_duration_avg (+1.53); drivers_acceptance_rate (-0.73); passengers_rating_avg (+0.66),rides_offers_price_uber_avg (+2.30); drivers_idle_duration_avg (+2.21); rides_offers_price_no_surge_avg (+2.18),passengers_pickup_reject v; rides_offers_radius_avg v; passengers_reject v,passengers_acceptance_rate v,drivers_idle_duration_avg (+1.53); drivers_acceptance_rate (-0.73); passengers_rating_avg (+0.66),rq1-healthiness
boycott_tncs,managers,False,demand collapse (requests -60%),False,,0.082345174935339,0.12979481871965382,0.19359833171900054,0.30296568802559504,11.333333333333334,1,11.333333333333334,11.333333333333334,demand-driven,demand,0.8330857828753047,0.1669142171246954,-0.038411322811184284,0.010221303128768589,0.1500859637961347,-0.03796047763251004,0.019040010891920006,-0.004411389967697132,-0.023331856708287163,,,rides_offers_radius_avg (-2.22); drivers_pickup_reject (-1.78); passengers_pickup_accept (-1.70),passengers_acceptance_rate (-4.31); drivers_idle_duration_avg (-1.61); passengers_pickup_reject (+1.45),drivers_idle_duration_avg (+1.70); passengers_pickup_reject (-1.36); passengers_rating_avg (+0.70),passengers_acceptance_rate (-3.54); rides_offers_price_uber_avg (+2.50); rides_offers_price_no_surge_avg (+2.27),passengers_pickup_reject v; rides_offers_radius_avg v; passengers_reject v,passengers_acceptance_rate v; passengers_pickup_reject ^,drivers_idle_duration_avg (+1.70); passengers_pickup_reject (-1.36); passengers_rating_avg (+0.70),rq1-healthiness
boycott_tncs,drivers,False,demand collapse (requests -60%),True,79821.0,0.08388944567955736,0.13716134278451025,0.21103478535057366,0.347383496103222,12.666666666666666,1,12.666666666666666,12.666666666666666,demand-driven,demand,0.8769964370864475,0.12300356291355248,-0.02038492265187633,0.003819199995038172,0.15621232392107,-0.03796047763251004,0.003014931312212449,0.018980213676866864,-0.015965332643430724,,,rides_offers_radius_avg (-2.22); drivers_pickup_reject (-1.78); passengers_pickup_accept (-1.70),drivers_acceptance_rate (-0.54); drivers_occupied_duration_avg (-0.54); drivers_occupied_distance_avg (-0.47),drivers_idle_duration_avg (+1.87); drivers_acceptance_rate (-1.40); drivers_occupied_duration_avg (+0.90),drivers_idle_duration_avg (+2.79); drivers_occupied_duration_avg (+2.33); drivers_occupied_distance_avg (+2.29),passengers_pickup_reject v; rides_offers_radius_avg v; passengers_reject v,,drivers_idle_duration_avg (+1.87); drivers_acceptance_rate (-1.40); drivers_occupied_duration_avg (+0.90),rq1-healthiness
boycott_tncs,bank_tellers_drivers,False,demand collapse (requests -60%),True,80037.0,0.08539482775632315,0.12593134162276237,0.18273116810152704,0.31460909376070095,9.333333333333334,1,9.666666666666666,9.666666666666666,demand-driven,demand,0.8770362692006906,0.12296373079930946,-0.027848304484751524,0.0022030888835307496,0.146326699385895,-0.03796047763251004,0.03641235580476715,-0.02564721197743572,-0.027195333805178606,,,rides_offers_radius_avg (-2.22); drivers_pickup_reject (-1.78); passengers_pickup_accept (-1.70),passengers_acceptance_rate (-6.13); passengers_pickup_reject (+2.00); passengers_reject (+1.66),drivers_idle_duration_avg (+1.87); passengers_pickup_reject (-1.75); passengers_reject (-1.07),passengers_acceptance_rate (-4.03); drivers_idle_duration_avg (+2.43); drivers_occupied_duration_avg (+2.33),passengers_pickup_reject v; rides_offers_radius_avg v; passengers_reject v,passengers_acceptance_rate v; passengers_pickup_reject ^; passengers_reject ^,drivers_idle_duration_avg (+1.87); passengers_pickup_reject (-1.75); passengers_reject (-1.07),rq1-healthiness
boycott_tncs,students_drivers,False,demand collapse (requests -60%),False,,0.08270474094967192,0.12258474582004965,0.18427796491682172,0.35000261680877987,11.666666666666666,1,11.666666666666666,11.666666666666666,demand-driven,demand,0.8917779093786697,0.10822209062133022,0.004555395053565878,0.0037360179019501755,0.14453761532334927,-0.03796047763251004,0.010271950526573925,-0.0028534025019552184,-0.03054192960789133,,,rides_offers_radius_avg (-2.22); drivers_pickup_reject (-1.78); passengers_pickup_accept (-1.70),passengers_acceptance_rate (-1.96); drivers_acceptance_rate (-1.14); drivers_idle_duration_avg (-0.68),drivers_idle_duration_avg (+0.95); passengers_pickup_reject (-0.57); rides_offers_price_lyft_avg (-0.46),rides_offers_price_uber_avg (+2.85); rides_offers_price_no_surge_avg (+2.75); rides_offers_price_lyft_avg (+2.48),passengers_pickup_reject v; rides_offers_radius_avg v; passengers_reject v,passengers_acceptance_rate v,drivers_idle_duration_avg (+0.95); passengers_pickup_reject (-0.57); rides_offers_price_lyft_avg (-0.46),rq1-healthiness
boycott_tncs,managers_drivers,False,demand collapse (requests -60%),False,,0.08690449769223751,0.15510640559494404,0.1860718298287477,0.3180244264943109,11.0,1,11.0,11.0,demand-driven,demand,0.8720498738310821,0.1279501261689179,-0.01819909725915389,0.004696623654295157,0.14864652575633,-0.03796047763251004,0.023166518985115098,0.016773688814398002,0.001979730167003063,,,rides_offers_radius_avg (-2.22); drivers_pickup_reject (-1.78); passengers_pickup_accept (-1.70),passengers_acceptance_rate (-4.45); passengers_pickup_reject (+1.66); drivers_acceptance_rate (-1.06),passengers_pickup_reject (-1.25); drivers_acceptance_rate (-0.90); passengers_reject (-0.57),passengers_acceptance_rate (-3.30); drivers_idle_duration_avg (+3.02); drivers_occupied_duration_avg (+2.84),passengers_pickup_reject v; rides_offers_radius_avg v; passengers_reject v,passengers_acceptance_rate v; passengers_pickup_reject ^,passengers_pickup_reject (-1.25); drivers_acceptance_rate (-0.90); passengers_reject (-0.57),rq1-healthiness
flash_mob,baseline,False,"traffic slowdown (downtown 90%, midtown 70%)",False,,0.09120512811847961,0.2162694780702931,0.26575833118732667,0.280963906581741,75.0,1,77.66666666666667,77.66666666666667,not-served dominated,not_served,0.8892817662323482,0.11071823376765169,0.06176227714434182,0.009667746318083661,0.021310553036012994,0.03935365013606648,0.0,0.0,0.03935365013606648,,,rides_offers_price_uber_avg (+5.96); rides_offers_price_no_surge_avg (+5.77); rides_offers_price_lyft_avg (+5.41),,,rides_offers_price_uber_avg (+7.11); rides_offers_price_no_surge_avg (+6.84); rides_offers_price_lyft_avg (+6.34),rides_offers_price_uber_avg ^; rides_offers_price_no_surge_avg ^; rides_offers_price_lyft_avg ^,,,rq1-healthiness
flash_mob,bank_tellers,False,"traffic slowdown (downtown 90%, midtown 70%)",False,,0.09204961061733734,0.2394442881949729,0.282537738487618,0.3237075812274368,64.33333333333333,1,65.0,65.0,not-served dominated,not_served,0.9166394950344647,0.08336050496553522,0.09639075599444395,0.006419087303547418,0.015566353072599145,0.03935365013606648,-0.009363287191687969,0.03253809731636778,0.0625284602607463,,,rides_offers_price_uber_avg (+5.96); rides_offers_price_no_surge_avg (+5.77); rides_offers_price_lyft_avg (+5.41),passengers_acceptance_rate (-4.85); passengers_pickup_reject (+1.21); passengers_reject (+1.08),rides_offers_price_uber_avg (-1.03); passengers_acceptance_rate (+0.97); rides_offers_price_no_surge_avg (-0.88),passengers_acceptance_rate (-8.70); rides_offers_price_uber_avg (+7.14); rides_offers_price_no_surge_avg (+6.92),rides_offers_price_uber_avg ^; rides_offers_price_no_surge_avg ^; rides_offers_price_lyft_avg ^,passengers_acceptance_rate v; passengers_pickup_reject ^; passengers_reject ^,rides_offers_price_uber_avg (-1.03); passengers_acceptance_rate (+0.97); rides_offers_price_no_surge_avg (-0.88),rq1-healthiness
flash_mob,students,False,"traffic slowdown (downtown 90%, midtown 70%)",False,,0.09191046200418086,0.22152168260198327,0.2626809774525894,0.2914131905523693,80.66666666666667,1,81.0,81.0,not-served dominated,not_served,0.892499150588521,0.1075008494114792,0.06900202188362586,0.011744139727018618,0.02195824782092998,0.03935365013606648,-0.002378201588837392,0.007630406120527566,0.044605854667756656,,,rides_offers_price_uber_avg (+5.96); rides_offers_price_no_surge_avg (+5.77); rides_offers_price_lyft_avg (+5.41),passengers_acceptance_rate (-1.62); drivers_idle_duration_avg (-0.71); drivers_pickup_reject (+0.45),rides_offers_price_uber_avg (-1.30); rides_offers_price_no_surge_avg (-1.19); rides_offers_price_lyft_avg (-0.96),rides_offers_price_uber_avg (+7.28); rides_offers_price_no_surge_avg (+7.01); rides_offers_price_lyft_avg (+6.61),rides_offers_price_uber_avg ^; rides_offers_price_no_surge_avg ^; rides_offers_price_lyft_avg ^,passengers_acceptance_rate v,rides_offers_price_uber_avg (-1.30); rides_offers_price_no_surge_avg (-1.19); rides_offers_price_lyft_avg (-0.96),rq1-healthiness
flash_mob,managers,False,"traffic slowdown (downtown 90%, midtown 70%)",False,,0.09170078105930808,0.2284754674904993,0.27086514091815356,0.3131443814120153,62.666666666666664,1,69.0,69.0,not-served dominated,not_served,0.8989595871406001,0.10104041285939985,0.08004222439342025,0.008309475516694434,0.01704300702588929,0.03935365013606648,0.004458906486495273,0.00774708293371093,0.051559639556272685,,,rides_offers_price_uber_avg (+5.96); rides_offers_price_no_surge_avg (+5.77); rides_offers_price_lyft_avg (+5.41),passengers_acceptance_rate (-3.53); drivers_idle_duration_avg (-1.27); passengers_pickup_reject (+1.21),rides_offers_price_uber_avg (-1.95); rides_offers_price_no_surge_avg (-1.74); rides_offers_price_lyft_avg (-1.39),passengers_acceptance_rate (-7.06); rides_offers_price_uber_avg (+6.98); rides_offers_price_no_surge_avg (+6.82),rides_offers_price_uber_avg ^; rides_offers_price_no_surge_avg ^; rides_offers_price_lyft_avg ^,passengers_acceptance_rate v; passengers_pickup_reject ^,rides_offers_price_uber_avg (-1.95); rides_offers_price_no_surge_avg (-1.74); rides_offers_price_lyft_avg (-1.39),rq1-healthiness
flash_mob,drivers,False,"traffic slowdown (downtown 90%, midtown 70%)",False,,0.09131731992970381,0.23746177701998633,0.2663731788702652,0.2880789635823068,71.33333333333333,1,71.33333333333333,71.33333333333333,not-served dominated,not_served,0.8629879848676025,0.13701201513239758,0.06777455417418692,0.01604747832322224,0.01642110287754651,0.03935365013606648,-0.013010118057862036,0.034202417007555275,0.06054594908575972,,,rides_offers_price_uber_avg (+5.96); rides_offers_price_no_surge_avg (+5.77); rides_offers_price_lyft_avg (+5.41),drivers_occupied_duration_avg (-0.77); drivers_occupied_distance_avg (-0.74); passengers_acceptance_rate (-0.68),rides_offers_price_uber_avg (-1.10); drivers_acceptance_rate (-1.08); drivers_occupied_duration_avg (+1.02),rides_offers_price_uber_avg (+7.21); rides_offers_price_no_surge_avg (+6.96); rides_offers_price_lyft_avg (+6.56),rides_offers_price_uber_avg ^; rides_offers_price_no_surge_avg ^; rides_offers_price_lyft_avg ^,,rides_offers_price_uber_avg (-1.10); drivers_acceptance_rate (-1.08); drivers_occupied_duration_avg (+1.02),rq1-healthiness
flash_mob,bank_tellers_drivers,False,"traffic slowdown (downtown 90%, midtown 70%)",True,82178.0,0.09577777757796685,0.25374831554247906,0.2957109220246196,0.34059165154264975,86.33333333333333,1,86.66666666666667,86.66666666666667,not-served dominated,not_served,0.8790836758535131,0.12091632414648688,0.09123708491137483,0.012890621791159873,0.022421143194739004,0.03935365013606648,0.0064710780240816446,0.031007759448104327,0.07683248760825245,,,rides_offers_price_uber_avg (+5.96); rides_offers_price_no_surge_avg (+5.77); rides_offers_price_lyft_avg (+5.41),passengers_acceptance_rate (-4.91); passengers_pickup_reject (+1.45); passengers_reject (+1.17),rides_offers_price_uber_avg (-1.35); rides_offers_price_no_surge_avg (-1.04); passengers_acceptance_rate (+0.80),passengers_acceptance_rate (-8.98); rides_offers_price_uber_avg (+6.19); rides_offers_price_no_surge_avg (+6.04),rides_offers_price_uber_avg ^; rides_offers_price_no_surge_avg ^; rides_offers_price_lyft_avg ^,passengers_acceptance_rate v; passengers_pickup_reject ^; passengers_reject ^,rides_offers_price_uber_avg (-1.35); rides_offers_price_no_surge_avg (-1.04); passengers_acceptance_rate (+0.80),rq1-healthiness
flash_mob,students_drivers,False,"traffic slowdown (downtown 90%, midtown 70%)",False,,0.09422596386836432,0.2251622135071494,0.2730305522549285,0.29401032126814314,64.66666666666667,1,65.0,65.0,not-served dominated,not_served,0.8706458720583529,0.12935412794164716,0.0750939484887393,0.01582722011333629,0.014933311763962181,0.03935365013606648,-0.013198561959024385,0.0220912973958807,0.048246385572922795,,,rides_offers_price_uber_avg (+5.96); rides_offers_price_no_surge_avg (+5.77); rides_offers_price_lyft_avg (+5.41),passengers_acceptance_rate (-2.17); drivers_acceptance_rate (-1.15); passengers_rating_avg (+0.73),rides_offers_price_uber_avg (-1.59); rides_offers_price_no_surge_avg (-1.50); passengers_acceptance_rate (+1.43),rides_offers_price_uber_avg (+7.32); rides_offers_price_no_surge_avg (+7.05); rides_offers_price_lyft_avg (+6.55),rides_offers_price_uber_avg ^; rides_offers_price_no_surge_avg ^; rides_offers_price_lyft_avg ^,passengers_acceptance_rate v,rides_offers_price_uber_avg (-1.59); rides_offers_price_no_surge_avg (-1.50); passengers_acceptance_rate (+1.43),rq1-healthiness
flash_mob,managers_drivers,False,"traffic slowdown (downtown 90%, midtown 70%)",False,,0.09498585052325614,0.2309627240353078,0.28391048664319657,0.3174500505658732,74.0,1,80.0,80.0,not-served dominated,not_served,0.8590321512375422,0.14096784876245777,0.06143575309628104,0.017965208040739464,0.021673502197580963,0.03935365013606648,0.005177900456177886,0.009515345508836814,0.05404689610108118,,,rides_offers_price_uber_avg (+5.96); rides_offers_price_no_surge_avg (+5.77); rides_offers_price_lyft_avg (+5.41),passengers_acceptance_rate (-3.66); passengers_pickup_reject (+1.46); drivers_acceptance_rate (-0.80),rides_offers_price_uber_avg (-1.84); rides_offers_price_no_surge_avg (-1.64); rides_offers_price_lyft_avg (-1.28),passengers_acceptance_rate (-7.33); rides_offers_price_uber_avg (+6.03); rides_offers_price_no_surge_avg (+5.79),rides_offers_price_uber_avg ^; rides_offers_price_no_surge_avg ^; rides_offers_price_lyft_avg ^,passengers_acceptance_rate v; passengers_pickup_reject ^,rides_offers_price_uber_avg (-1.84); rides_offers_price_no_surge_avg (-1.64); rides_offers_price_lyft_avg (-1.28),rq1-healthiness
long_rides,baseline,False,ride lengths shifted to long/extreme,False,,0.09461849778939596,0.18274330434190142,0.23596313067050925,0.2505543237250555,41.333333333333336,2,43.333333333333336,29.666666666666668,not-served dominated,demand,0.8296249751483566,0.1703750248516435,0.02371111117036727,0.009156023351118585,0.030715525608486335,0.037309680847679494,0.0,0.0,0.037309680847679494,,,rides_offers_price_lyft_avg (+12.14); rides_offers_price_no_surge_avg (+10.80); rides_offers_price_uber_avg (+10.17),,,rides_offers_price_lyft_avg (+13.81); rides_offers_price_no_surge_avg (+12.68); rides_offers_price_uber_avg (+12.17),rides_offers_price_lyft_avg ^; rides_offers_price_no_surge_avg ^; rides_offers_price_uber_avg ^,,,rq1-healthiness
long_rides,bank_tellers,False,ride lengths shifted to long/extreme,False,,0.09594156709985727,0.21183670234826713,0.2543219020104386,0.28343866943866947,67.33333333333333,1,70.33333333333333,70.33333333333333,demand-driven,demand,0.8687521778524054,0.13124782214759453,0.014942427791594085,0.007449265502617162,0.04085927345282559,0.037309680847679494,0.008490069449887672,0.020603328556478034,0.0664030788540452,,,rides_offers_price_lyft_avg (+12.14); rides_offers_price_no_surge_avg (+10.80); rides_offers_price_uber_avg (+10.17),passengers_acceptance_rate (-6.69); passengers_reject (+1.57); passengers_pickup_reject (+1.39),rides_offers_price_uber_avg (-0.65); rides_offers_price_no_surge_avg (-0.52); traffic_duration_avg (-0.49),rides_offers_price_lyft_avg (+14.20); rides_offers_price_no_surge_avg (+12.76); rides_offers_price_uber_avg (+12.09),rides_offers_price_lyft_avg ^; rides_offers_price_no_surge_avg ^; rides_offers_price_uber_avg ^,passengers_acceptance_rate v; passengers_pickup_reject ^; passengers_reject ^,rides_offers_price_uber_avg (-0.65); rides_offers_price_no_surge_avg (-0.52); traffic_duration_avg (-0.49),rq1-healthiness
long_rides,students,False,ride lengths shifted to long/extreme,False,,0.09428789238077996,0.1945621988562205,0.24624470573073243,0.26323460947731614,36.333333333333336,2,43.333333333333336,32.333333333333336,demand-driven,demand,0.840068981681322,0.15993101831867784,0.011956674125634602,0.011435128587297078,0.03325793312452448,0.037309680847679494,0.00110164297117063,0.010717251543148454,0.04912857536199858,,,rides_offers_price_lyft_avg (+12.14); rides_offers_price_no_surge_avg (+10.80); rides_offers_price_uber_avg (+10.17),passengers_acceptance_rate (-1.93); drivers_idle_duration_avg (-0.75); passengers_pickup_reject (+0.46),drivers_idle_duration_avg (+0.74); drivers_acceptance_rate (+0.42); passengers_acceptance_rate (+0.33),rides_offers_price_lyft_avg (+14.34); rides_offers_price_no_surge_avg (+13.09); rides_offers_price_uber_avg (+12.53),rides_offers_price_lyft_avg ^; rides_offers_price_no_surge_avg ^; rides_offers_price_uber_avg ^,passengers_acceptance_rate v,drivers_idle_duration_avg (+0.74); drivers_acceptance_rate (+0.42); passengers_acceptance_rate (+0.33),rq1-healthiness
long_rides,managers,False,ride lengths shifted to long/extreme,False,,0.09198930758198204,0.20873217688533455,0.25389828768029643,0.2711727654870215,48.0,2,45.666666666666664,35.666666666666664,demand-driven,demand,0.8614439259604222,0.13855607403957784,0.015701635899325758,0.010232170863563171,0.033718041251512496,0.037309680847679494,0.011631264753731885,0.014357607789701243,0.06329855339111262,,,rides_offers_price_lyft_avg (+12.14); rides_offers_price_no_surge_avg (+10.80); rides_offers_price_uber_avg (+10.17),passengers_acceptance_rate (-4.78); drivers_idle_duration_avg (-1.64); passengers_pickup_reject (+1.22),drivers_idle_duration_avg (+1.95); rides_offers_price_uber_avg (-1.06); rides_offers_price_no_surge_avg (-0.96),rides_offers_price_lyft_avg (+14.43); rides_offers_price_no_surge_avg (+13.11); rides_offers_price_uber_avg (+12.53),rides_offers_price_lyft_avg ^; rides_offers_price_no_surge_avg ^; rides_offers_price_uber_avg ^,passengers_acceptance_rate v; passengers_pickup_reject ^,drivers_idle_duration_avg (+1.95); rides_offers_price_uber_avg (-1.06); rides_offers_price_no_surge_avg (-0.96),rq1-healthiness
long_rides,drivers,False,ride lengths shifted to long/extreme,True,85646.0,0.0976517081355576,0.21756882325154991,0.2693181631668244,0.2923002645120557,99.66666666666667,1,103.66666666666667,103.66666666666667,demand-driven,demand,0.7694582118760245,0.23054178812397558,-0.003725594159570448,0.021142800660147596,0.04990202231564732,0.037309680847679494,0.008142778839088621,0.026682740070559874,0.07213519975732799,,,rides_offers_price_lyft_avg (+12.14); rides_offers_price_no_surge_avg (+10.80); rides_offers_price_uber_avg (+10.17),passengers_rating_avg (-1.84); drivers_acceptance_rate (-1.10); drivers_removed (+0.53),passengers_rating_avg (-0.48); passengers_acceptance_rate (+0.42); traffic_length_avg (-0.34),rides_offers_price_lyft_avg (+10.89); rides_offers_price_no_surge_avg (+9.88); rides_offers_price_uber_avg (+9.40),rides_offers_price_lyft_avg ^; rides_offers_price_no_surge_avg ^; rides_offers_price_uber_avg ^,,passengers_rating_avg (-0.48); passengers_acceptance_rate (+0.42); traffic_length_avg (-0.34),rq1-healthiness
long_rides,bank_tellers_drivers,False,ride lengths shifted to long/extreme,True,83553.0,0.10146864123467074,0.2355477103023211,0.3078614154604991,0.33457903722324545,105.0,1,105.33333333333333,105.33333333333333,demand-driven,demand,0.7997592171908902,0.20024078280910984,0.015028891805564631,0.019861813485481508,0.05304883521994478,0.037309680847679494,0.03396251639764536,0.018841889562774328,0.09011408680809918,,,rides_offers_price_lyft_avg (+12.14); rides_offers_price_no_surge_avg (+10.80); rides_offers_price_uber_avg (+10.17),passengers_acceptance_rate (-6.89); passengers_rating_avg (-2.13); passengers_reject (+1.90),rides_offers_price_uber_avg (-0.81); drivers_busy (+0.67); rides_offers_price_no_surge_avg (-0.67),rides_offers_price_lyft_avg (+10.72); rides_offers_price_no_surge_avg (+9.86); rides_offers_price_uber_avg (+9.48),rides_offers_price_lyft_avg ^; rides_offers_price_no_surge_avg ^; rides_offers_price_uber_avg ^,passengers_acceptance_rate v; passengers_pickup_reject ^; passengers_reject ^,rides_offers_price_uber_avg (-0.81); drivers_busy (+0.67); rides_offers_price_no_surge_avg (-0.67),rq1-healthiness
long_rides,students_drivers,False,ride lengths shifted to long/extreme,True,85432.0,0.10006562606495274,0.21909304486173678,0.2836719134607475,0.31546004938725536,98.33333333333333,1,101.33333333333333,101.33333333333333,demand-driven,demand,0.7800024252261472,0.21999757477385284,-0.004856326629428874,0.021867373489611763,0.04928983410865615,0.037309680847679494,0.014025150429520655,0.022324590090314705,0.07365942136751485,,,rides_offers_price_lyft_avg (+12.14); rides_offers_price_no_surge_avg (+10.80); rides_offers_price_uber_avg (+10.17),passengers_acceptance_rate (-2.17); passengers_rating_avg (-1.89); drivers_acceptance_rate (-1.25),rides_offers_price_uber_avg (-0.64); rides_offers_price_no_surge_avg (-0.55); passengers_acceptance_rate (+0.51),rides_offers_price_lyft_avg (+10.91); rides_offers_price_no_surge_avg (+9.96); rides_offers_price_uber_avg (+9.49),rides_offers_price_lyft_avg ^; rides_offers_price_no_surge_avg ^; rides_offers_price_uber_avg ^,passengers_acceptance_rate v,rides_offers_price_uber_avg (-0.64); rides_offers_price_no_surge_avg (-0.55); passengers_acceptance_rate (+0.51),rq1-healthiness
long_rides,managers_drivers,False,ride lengths shifted to long/extreme,True,85681.0,0.09845685102857357,0.22213376209171218,0.2919733690560273,0.3150534941841339,84.0,1,84.33333333333333,84.33333333333333,demand-driven,demand,0.7879138681574744,0.21208613184252556,0.00910690780311431,0.02915447752165748,0.04828614500766434,0.037309680847679494,0.032118552300362535,0.007271905449448224,0.07670013859749025,,,rides_offers_price_lyft_avg (+12.14); rides_offers_price_no_surge_avg (+10.80); rides_offers_price_uber_avg (+10.17),passengers_acceptance_rate (-4.98); passengers_pickup_reject (+1.58); passengers_rating_avg (-1.38),drivers_idle_duration_avg (+1.11); traffic_length_avg (-1.08); traffic_duration_avg (-0.91),rides_offers_price_lyft_avg (+12.98); rides_offers_price_no_surge_avg (+11.85); rides_offers_price_uber_avg (+11.31),rides_offers_price_lyft_avg ^; rides_offers_price_no_surge_avg ^; rides_offers_price_uber_avg ^,passengers_acceptance_rate v; passengers_pickup_reject ^,drivers_idle_duration_avg (+1.11); traffic_length_avg (-1.08); traffic_duration_avg (-0.91),rq1-healthiness
underground_alarm,baseline,False,demand surge +100% and traffic +100%,False,,0.09102459091029658,0.1774443378191516,0.3030791175051692,0.36542669584245074,72.66666666666667,1,83.66666666666667,83.66666666666667,not-served dominated,not_served,0.8589464447047098,0.14105355529529007,0.04986834145823763,0.015381741791038928,0.042381376965413185,0.015515602415950902,0.0,0.0,0.015515602415950902,,,passengers_pickup_reject (+1.87); passengers_unassigned (+1.78); rides_offers_radius_avg (+1.75),,,drivers_idle_duration_avg (+5.77); rides_offers_price_uber_avg (+4.95); rides_offers_price_no_surge_avg (+4.71),passengers_pickup_reject ^; passengers_unassigned ^; passengers_drivers_ratio ^,,,rq1-healthiness
underground_alarm,bank_tellers,False,demand surge +100% and traffic +100%,True,82665.0,0.10084922973159212,0.20816569636124474,0.5936478346025883,0.6637505470459518,98.0,1,108.0,108.0,not-served dominated,not_served,0.8713886952382996,0.12861130476170035,0.1532529831763277,0.025977072933579554,0.03543889950997541,0.015515602415950902,0.005473969760730585,0.025247388781362567,0.046236960958044054,,,passengers_pickup_reject (+1.87); passengers_unassigned (+1.78); rides_offers_radius_avg (+1.75),passengers_acceptance_rate (-5.75); passengers_pickup_reject (+1.53); passengers_reject (+1.39),drivers_idle_duration_avg (+1.31); passengers_pickup_reject (+1.10); drivers_acceptance_rate (+0.59),passengers_acceptance_rate (-10.02); passengers_pickup_reject (+7.04); drivers_idle_duration_avg (+6.42),passengers_pickup_reject ^; passengers_unassigned ^; passengers_drivers_ratio ^,passengers_acceptance_rate v; passengers_pickup_reject ^; passengers_reject ^,drivers_idle_duration_avg (+1.31); passengers_pickup_reject (+1.10); drivers_acceptance_rate (+0.59),rq1-healthiness
underground_alarm,students,False,demand surge +100% and traffic +100%,True,82932.0,0.10303058272916933,0.17886291841852833,0.5206319166441665,0.6007322638427209,111.66666666666667,1,120.0,120.0,not-served dominated,not_served,0.8527560155014443,0.14724398449855566,0.09303607432083871,0.026748135624704416,0.06982823844932902,0.015515602415950902,0.004450347843985153,-0.0030317672446084076,0.016934183015327647,,,passengers_pickup_reject (+1.87); passengers_unassigned (+1.78); rides_offers_radius_avg (+1.75),passengers_acceptance_rate (-1.84); drivers_idle_duration_avg (-0.79); passengers_pickup_reject (+0.58),drivers_idle_duration_avg (+0.88); rides_offers_price_lyft_avg (+0.43); rides_offers_price_no_surge_avg (+0.40),drivers_idle_duration_avg (+6.85); rides_offers_price_uber_avg (+5.50); rides_offers_price_no_surge_avg (+5.25),passengers_pickup_reject ^; passengers_unassigned ^; passengers_drivers_ratio ^,passengers_acceptance_rate v,drivers_idle_duration_avg (+0.88); rides_offers_price_lyft_avg (+0.43); rides_offers_price_no_surge_avg (+0.40),rq1-healthiness
underground_alarm,managers,False,demand surge +100% and traffic +100%,True,82807.0,0.09973935220461434,0.19521784049136331,0.5760915160960962,0.6627732303258838,92.33333333333333,1,93.33333333333333,93.33333333333333,not-served dominated,not_served,0.8670449811075068,0.13295501889249323,0.12826514384937526,0.030217003940712476,0.06010479192797613,0.015515602415950902,0.015304283163796617,0.0024692195084151103,0.03328910508816263,,,passengers_pickup_reject (+1.87); passengers_unassigned (+1.78); rides_offers_radius_avg (+1.75),passengers_acceptance_rate (-4.06); drivers_idle_duration_avg (-1.71); passengers_pickup_reject (+1.36),drivers_idle_duration_avg (+1.89); drivers_occupied_duration_avg (+1.06); rides_offers_price_uber_avg (-0.93),passengers_acceptance_rate (-7.74); passengers_pickup_reject (+6.23); drivers_idle_duration_avg (+5.71),passengers_pickup_reject ^; passengers_unassigned ^; passengers_drivers_ratio ^,passengers_acceptance_rate v; passengers_pickup_reject ^,drivers_idle_duration_avg (+1.89); drivers_occupied_duration_avg (+1.06); rides_offers_price_uber_avg (-0.93),rq1-healthiness
underground_alarm,drivers,False,demand surge +100% and traffic +100%,True,82956.0,0.10373630519848455,0.17685798578696788,0.5976738036814545,0.6731182795698925,81.0,1,81.0,81.0,not-served dominated,not_served,0.7881017637874728,0.2118982362125272,0.12738303412084642,0.059592164140063277,0.072174525998432,0.015515602415950902,-0.001830708084542998,0.0012443560523592856,0.01492925038376719,,,passengers_pickup_reject (+1.87); passengers_unassigned (+1.78); rides_offers_radius_avg (+1.75),drivers_occupied_duration_avg (-0.73); drivers_occupied_distance_avg (-0.64); drivers_idle_duration_avg (-0.62),passengers_pickup_reject (-0.84); passengers_acceptance_rate (+0.71); rides_offers_price_uber_avg (-0.52),rides_offers_price_uber_avg (+4.88); drivers_idle_duration_avg (+4.85); rides_offers_price_no_surge_avg (+4.56),passengers_pickup_reject ^; passengers_unassigned ^; passengers_drivers_ratio ^,,passengers_pickup_reject (-0.84); passengers_acceptance_rate (+0.71); rides_offers_price_uber_avg (-0.52),rq1-healthiness
underground_alarm,bank_tellers_drivers,False,demand surge +100% and traffic +100%,True,82717.0,0.10222653085735808,0.20920931414100224,0.5600091554023384,0.6180734430416283,100.66666666666667,1,110.33333333333333,110.33333333333333,not-served dominated,not_served,0.8293085421110111,0.17069145788898885,0.14361762604834596,0.04167357755747386,0.03319210706360553,0.015515602415950902,0.016918406624361698,0.01484656969748896,0.04728057873780156,,,passengers_pickup_reject (+1.87); passengers_unassigned (+1.78); rides_offers_radius_avg (+1.75),passengers_acceptance_rate (-5.74); passengers_pickup_reject (+1.67); passengers_reject (+1.47),drivers_idle_duration_avg (+1.14); passengers_pickup_reject (+1.03); drivers_acceptance_rate (+0.90),passengers_acceptance_rate (-9.99); passengers_pickup_reject (+6.78); drivers_idle_duration_avg (+5.30),passengers_pickup_reject ^; passengers_unassigned ^; passengers_drivers_ratio ^,passengers_acceptance_rate v; passengers_pickup_reject ^; passengers_reject ^,drivers_idle_duration_avg (+1.14); passengers_pickup_reject (+1.03); drivers_acceptance_rate (+0.90),rq1-healthiness
underground_alarm,students_drivers,False,demand surge +100% and traffic +100%,True,82786.0,0.10422565010059812,0.19168206766293375,0.5934185957829121,0.6659387308533916,102.0,1,104.33333333333333,104.33333333333333,not-served dominated,not_served,0.8142276502573473,0.1857723497426527,0.13149342322722887,0.04858514359446139,0.05784031982633416,0.015515602415950902,0.0025122138128776117,0.011725516030904548,0.029753332259733062,,,passengers_pickup_reject (+1.87); passengers_unassigned (+1.78); rides_offers_radius_avg (+1.75),passengers_acceptance_rate (-2.14); drivers_acceptance_rate (-1.24); passengers_change_provider (+0.56),drivers_idle_duration_avg (+1.29); traffic_length_avg (+0.61); drivers_occupied_duration_avg (+0.61),drivers_idle_duration_avg (+5.40); passengers_acceptance_rate (-5.02); passengers_pickup_reject (+4.54),passengers_pickup_reject ^; passengers_unassigned ^; passengers_drivers_ratio ^,passengers_acceptance_rate v,drivers_idle_duration_avg (+1.29); traffic_length_avg (+0.61); drivers_occupied_duration_avg (+0.61),rq1-healthiness
underground_alarm,managers_drivers,False,demand surge +100% and traffic +100%,True,82863.0,0.09964149327357534,0.200938536776813,0.4995127170231122,0.6037896632041706,84.0,1,84.33333333333333,84.33333333333333,not-served dominated,not_served,0.8139508222158858,0.18604917778411423,0.11690715816813446,0.04762889797642229,0.048231331403950355,0.015515602415950902,0.016889808610950047,0.00660439034671137,0.03900980137361232,,,passengers_pickup_reject (+1.87); passengers_unassigned (+1.78); rides_offers_radius_avg (+1.75),passengers_acceptance_rate (-4.23); passengers_pickup_reject (+1.70); drivers_acceptance_rate (-1.00),drivers_idle_duration_avg (+1.12); drivers_acceptance_rate (+0.83); passengers_rating_avg (-0.67),passengers_acceptance_rate (-7.80); passengers_pickup_reject (+6.12); drivers_idle_duration_avg (+5.82),passengers_pickup_reject ^; passengers_unassigned ^; passengers_drivers_ratio ^,passengers_acceptance_rate v; passengers_pickup_reject ^,drivers_idle_duration_avg (+1.12); drivers_acceptance_rate (+0.83); passengers_rating_avg (-0.67),rq1-healthiness
wildcat_strike,baseline,False,supply collapse (drivers -60%),False,,0.08842530129213863,0.17039804369246447,0.19221708545893648,0.21995893189187365,0.0,0,0.0,0.0,no spike,none,,,,,,0.017271368264523496,0.0,0.0,0.017271368264523496,,,drivers_starting (-1.58); rides_offers_radius_avg (+1.28); passengers_pickup_reject (+0.93),,,,drivers_starting v; rides_offers_radius_avg ^,,,rq1-healthiness
wildcat_strike,bank_tellers,False,supply collapse (drivers -60%),False,,0.0876591676399225,0.21270835940919167,0.24447509716632437,0.27886465748096895,42.666666666666664,1,43.333333333333336,43.333333333333336,not-served dominated,not_served,0.9166596005518223,0.08334039944817775,0.04011422268849872,0.002478140819672972,0.022196936909206627,0.017271368264523496,0.01371314930278178,0.028597166413945413,0.05958168398125069,,,drivers_starting (-1.58); rides_offers_radius_avg (+1.28); passengers_pickup_reject (+0.93),passengers_acceptance_rate (-6.09); passengers_pickup_reject (+1.57); passengers_reject (+1.48),drivers_idle_duration_avg (+1.41); passengers_pickup_reject (+0.56); passengers_acceptance_rate (-0.50),passengers_acceptance_rate (-8.97); passengers_pickup_reject (+5.43); drivers_idle_duration_avg (+5.13),drivers_starting v; rides_offers_radius_avg ^,passengers_acceptance_rate v; passengers_pickup_reject ^; passengers_reject ^,drivers_idle_duration_avg (+1.41); passengers_pickup_reject (+0.56); passengers_acceptance_rate (-0.50),rq1-healthiness
wildcat_strike,students,False,supply collapse (drivers -60%),False,,0.08594754281083666,0.17444538170025448,0.19803859457578502,0.24158648507875496,7.333333333333333,1,8.0,0.0,not-served dominated,not_served,0.9327042468762753,0.06729575312372467,0.03035045460940154,-0.003470486278909659,0.02610062666999295,0.017271368264523496,0.008180245912355416,-0.004132907904565414,0.021318706272313498,,,drivers_starting (-1.58); rides_offers_radius_avg (+1.28); passengers_pickup_reject (+0.93),passengers_acceptance_rate (-1.85); drivers_idle_duration_avg (-1.12); passengers_pickup_reject (+0.54),drivers_idle_duration_avg (+0.70); passengers_rating_avg (-0.38); drivers_acceptance_rate (+0.36),passengers_pickup_reject (+3.66); passengers_acceptance_rate (-3.45); drivers_idle_duration_avg (+3.35),drivers_starting v; rides_offers_radius_avg ^,passengers_acceptance_rate v,drivers_idle_duration_avg (+0.70); passengers_rating_avg (-0.38); drivers_acceptance_rate (+0.36),rq1-healthiness
wildcat_strike,managers,False,supply collapse (drivers -60%),False,,0.0865817346019446,0.19469205535518744,0.21576633828612915,0.22784178969281202,3.3333333333333335,1,8.0,0.0,demand-driven,demand,0.9213943410958986,0.07860565890410143,0.002056598141553493,-0.0010036728161952936,0.022768118142975132,0.017271368264523496,0.019040010891920006,0.005254000770802958,0.04156537992724646,,,drivers_starting (-1.58); rides_offers_radius_avg (+1.28); passengers_pickup_reject (+0.93),passengers_acceptance_rate (-4.31); drivers_idle_duration_avg (-1.61); passengers_pickup_reject (+1.45),drivers_idle_duration_avg (+2.72); drivers_occupied_distance_avg (+1.13); drivers_occupied_duration_avg (+1.10),passengers_acceptance_rate (-7.04); drivers_idle_duration_avg (+4.82); passengers_pickup_reject (+4.37),drivers_starting v; rides_offers_radius_avg ^,passengers_acceptance_rate v; passengers_pickup_reject ^,drivers_idle_duration_avg (+2.72); drivers_occupied_distance_avg (+1.13); drivers_occupied_duration_avg (+1.10),rq1-healthiness
wildcat_strike,drivers,False,supply collapse (drivers -60%),False,,0.08800081375182482,0.16920549217770073,0.20093560251338416,0.21512947240878225,0.0,0,0.0,0.0,no spike,none,,,,,,0.017271368264523496,0.003014931312212449,-0.004207482826976194,0.01607881674975975,,,drivers_starting (-1.58); rides_offers_radius_avg (+1.28); passengers_pickup_reject (+0.93),drivers_acceptance_rate (-0.54); drivers_occupied_duration_avg (-0.54); drivers_occupied_distance_avg (-0.47),drivers_idle_duration_avg (+1.03); drivers_occupied_duration_avg (+0.80); drivers_occupied_distance_avg (+0.71),,drivers_starting v; rides_offers_radius_avg ^,,drivers_idle_duration_avg (+1.03); drivers_occupied_duration_avg (+0.80); drivers_occupied_distance_avg (+0.71),rq1-healthiness
wildcat_strike,bank_tellers_drivers,False,supply collapse (drivers -60%),False,,0.09143230814733093,0.20106104675496397,0.25611177581265465,0.3079466119912424,36.0,1,36.0,36.0,not-served dominated,demand,0.8831925062791508,0.11680749372084932,0.02743408169631715,0.00933225414696997,0.030382755464686377,0.017271368264523496,0.03641235580476715,-0.005749352742267649,0.047934371327022995,,,drivers_starting (-1.58); rides_offers_radius_avg (+1.28); passengers_pickup_reject (+0.93),passengers_acceptance_rate (-6.13); passengers_pickup_reject (+2.00); passengers_reject (+1.66),drivers_acceptance_rate (+1.18); drivers_total_length_avg (-0.45); drivers_shift_duration_avg (-0.39),passengers_acceptance_rate (-9.16); passengers_pickup_reject (+5.35); drivers_idle_duration_avg (+4.92),drivers_starting v; rides_offers_radius_avg ^,passengers_acceptance_rate v; passengers_pickup_reject ^; passengers_reject ^,drivers_acceptance_rate (+1.18); drivers_total_length_avg (-0.45); drivers_shift_duration_avg (-0.39),rq1-healthiness
wildcat_strike,students_drivers,False,supply collapse (drivers -60%),False,,0.08865170259797832,0.17328787595203488,0.21258277694188457,0.23757826763549028,8.0,1,12.0,0.0,demand-driven,demand,0.8962776921908565,0.10372230780914359,0.02298271174892437,0.0021298218750244874,0.02658410608800893,0.017271368264523496,0.010271950526573925,-0.0073821182670035235,0.020161200524093897,,,drivers_starting (-1.58); rides_offers_radius_avg (+1.28); passengers_pickup_reject (+0.93),passengers_acceptance_rate (-1.96); drivers_acceptance_rate (-1.14); drivers_idle_duration_avg (-0.68),drivers_acceptance_rate (+1.12); passengers_pickup_reject (-0.49); traffic_length_avg (+0.41),drivers_idle_duration_avg (+6.31); drivers_occupied_duration_avg (+4.53); drivers_occupied_distance_avg (+3.93),drivers_starting v; rides_offers_radius_avg ^,passengers_acceptance_rate v,drivers_acceptance_rate (+1.12); passengers_pickup_reject (-0.49); traffic_length_avg (+0.41),rq1-healthiness
wildcat_strike,managers_drivers,False,supply collapse (drivers -60%),False,,0.09188428514182347,0.17882910009227213,0.21529121159477843,0.25099039603921053,13.333333333333334,1,13.666666666666666,0.0,not-served dominated,not_served,0.9033646409443347,0.09663535905566546,0.0319717541847175,0.0036437801478227485,0.02417372133250464,0.017271368264523496,0.023166518985115098,-0.014735462585307446,0.025702424664331147,,,drivers_starting (-1.58); rides_offers_radius_avg (+1.28); passengers_pickup_reject (+0.93),passengers_acceptance_rate (-4.45); passengers_pickup_reject (+1.66); drivers_acceptance_rate (-1.06),drivers_acceptance_rate (+1.01); drivers_idle_duration_avg (-0.64); passengers_pickup_reject (-0.62),passengers_acceptance_rate (-7.19); passengers_pickup_reject (+4.59); drivers_idle_duration_avg (+4.31),drivers_starting v; rides_offers_radius_avg ^,passengers_acceptance_rate v; passengers_pickup_reject ^,drivers_acceptance_rate (+1.01); drivers_idle_duration_avg (-0.64); passengers_pickup_reject (-0.62),rq1-healthiness
boycott_tncs-long_rides,baseline,True,demand collapse (requests -60%) + ride lengths shifted to long/extreme,False,,0.08663749656728159,0.1106522589491605,0.20212902659458515,0.2899958203423265,10.0,1,10.0,10.0,demand-driven,demand,0.8817037312535904,0.11829626874640967,-0.02672554734035983,0.0031743777259746913,0.15063822513625558,-0.03478136454506142,0.0,0.0,-0.03478136454506142,-0.0006507967848305429,-0.03413056776023088,rides_offers_price_lyft_avg (+11.19); rides_offers_price_no_surge_avg (+9.75); rides_offers_price_uber_avg (+9.13),,,rides_offers_price_lyft_avg (+6.38); rides_offers_price_no_surge_avg (+5.84); rides_offers_price_uber_avg (+5.60),rides_offers_price_lyft_avg ^; rides_offers_price_no_surge_avg ^; rides_offers_price_uber_avg ^,,,rq1-healthiness
boycott_tncs-long_rides,bank_tellers,True,demand collapse (requests -60%) + ride lengths shifted to long/extreme,False,,0.08902614112920482,0.1371578893010752,0.23573857664075973,0.3968868507840046,21.666666666666668,2,31.0,31.0,demand-driven,demand,0.8904445995030029,0.10955540049699708,0.024509215765483792,0.005002439102268116,0.13865730837215579,-0.03478136454506142,0.008490069449887672,0.018015560902027022,-0.008275734193146728,0.02363080090145947,-0.04039660454449387,rides_offers_price_lyft_avg (+11.19); rides_offers_price_no_surge_avg (+9.75); rides_offers_price_uber_avg (+9.13),passengers_acceptance_rate (-6.69); passengers_reject (+1.57); passengers_pickup_reject (+1.39),drivers_idle_duration_avg (+1.83); drivers_busy (+0.54); passengers_reject (-0.50),rides_offers_price_lyft_avg (+10.08); rides_offers_price_no_surge_avg (+9.21); rides_offers_price_uber_avg (+8.86),rides_offers_price_lyft_avg ^; rides_offers_price_no_surge_avg ^; rides_offers_price_uber_avg ^,passengers_acceptance_rate v; passengers_pickup_reject ^; passengers_reject ^,drivers_idle_duration_avg (+1.83); drivers_busy (+0.54); passengers_reject (-0.50),rq1-healthiness
boycott_tncs-long_rides,students,True,demand collapse (requests -60%) + ride lengths shifted to long/extreme,False,,0.08764023824675811,0.12523737375376232,0.2217807488880116,0.34657335268316,13.666666666666666,1,12.0,12.0,demand-driven,demand,0.8650984860589038,0.13490151394109617,-0.018081142211950677,0.006844396990576008,0.159304479340322,-0.03478136454506142,0.00110164297117063,0.013483471833431182,-0.02019624974045961,0.02533246373725473,-0.04663035644888497,rides_offers_price_lyft_avg (+11.19); rides_offers_price_no_surge_avg (+9.75); rides_offers_price_uber_avg (+9.13),passengers_acceptance_rate (-1.93); drivers_idle_duration_avg (-0.75); passengers_pickup_reject (+0.46),drivers_idle_duration_avg (+0.74); passengers_rating_avg (+0.34); drivers_occupied_distance_avg (-0.34),rides_offers_price_lyft_avg (+6.73); rides_offers_price_no_surge_avg (+6.13); rides_offers_price_uber_avg (+5.94),rides_offers_price_lyft_avg ^; rides_offers_price_no_surge_avg ^; rides_offers_price_uber_avg ^,passengers_acceptance_rate v,drivers_idle_duration_avg (+0.74); passengers_rating_avg (+0.34); drivers_occupied_distance_avg (-0.34),rq1-healthiness
boycott_tncs-long_rides,managers,True,demand collapse (requests -60%) + ride lengths shifted to long/extreme,False,,0.08835799722791013,0.1289168780830169,0.22608009883793267,0.3385190546795379,17.0,1,11.0,11.0,demand-driven,demand,0.8656015351925197,0.13439846480748033,-0.014643544304628067,0.005574984948009495,0.1505897685238914,-0.03478136454506142,0.011631264753731885,0.006633354380124523,-0.016516745411205014,0.009295421037173568,-0.037443431202110466,rides_offers_price_lyft_avg (+11.19); rides_offers_price_no_surge_avg (+9.75); rides_offers_price_uber_avg (+9.13),passengers_acceptance_rate (-4.78); drivers_idle_duration_avg (-1.64); passengers_pickup_reject (+1.22),drivers_idle_duration_avg (+2.52); drivers_busy (+0.56); passengers_pickup_reject (-0.48),rides_offers_price_lyft_avg (+6.34); rides_offers_price_no_surge_avg (+5.44); rides_offers_price_uber_avg (+5.10),rides_offers_price_lyft_avg ^; rides_offers_price_no_surge_avg ^; rides_offers_price_uber_avg ^,passengers_acceptance_rate v; passengers_pickup_reject ^,drivers_idle_duration_avg (+2.52); drivers_busy (+0.56); passengers_pickup_reject (-0.48),rq1-healthiness
boycott_tncs-long_rides,drivers,True,demand collapse (requests -60%) + ride lengths shifted to long/extreme,False,,0.08596464474266843,0.11924370350026711,0.2312758208338627,0.3056068092491798,24.0,2,34.666666666666664,10.333333333333334,demand-driven,demand,0.8529870562365544,0.14701294376344567,-0.0021915209555405262,0.010441674858963124,0.1185800180923188,-0.03478136454506142,0.008142778839088621,0.0004486657120179871,-0.026189919993954813,0.045012156962596195,-0.07934485579563963,rides_offers_price_lyft_avg (+11.19); rides_offers_price_no_surge_avg (+9.75); rides_offers_price_uber_avg (+9.13),passengers_rating_avg (-1.84); drivers_acceptance_rate (-1.10); drivers_removed (+0.53),drivers_idle_duration_avg (+0.84); traffic_length_avg (-0.63); traffic_duration_avg (-0.51),drivers_idle_duration_avg (+7.53); rides_offers_price_lyft_avg (+6.53); rides_offers_price_no_surge_avg (+6.02),rides_offers_price_lyft_avg ^; rides_offers_price_no_surge_avg ^; rides_offers_price_uber_avg ^,,drivers_idle_duration_avg (+0.84); traffic_length_avg (-0.63); traffic_duration_avg (-0.51),rq1-healthiness
boycott_tncs-long_rides,bank_tellers_drivers,True,demand collapse (requests -60%) + ride lengths shifted to long/extreme,True,86461.0,0.08946375802561433,0.1360931167984383,0.25666348176292186,0.32658992487281613,41.0,2,45.666666666666664,45.666666666666664,not-served dominated,not_served,0.8255785757869726,0.17442142421302748,0.06882959439295405,0.026024306500122763,0.050757937706203994,-0.03478136454506142,0.03396251639764536,-0.008521658548367561,-0.009340506695783624,-0.007456119199491934,-0.03584690389393705,rides_offers_price_lyft_avg (+11.19); rides_offers_price_no_surge_avg (+9.75); rides_offers_price_uber_avg (+9.13),passengers_acceptance_rate (-6.89); passengers_rating_avg (-2.13); passengers_reject (+1.90),drivers_idle_duration_avg (+1.60); passengers_pickup_reject (-1.03); passengers_reject (-0.53),rides_offers_price_lyft_avg (+11.46); rides_offers_price_no_surge_avg (+10.24); rides_offers_price_uber_avg (+9.68),rides_offers_price_lyft_avg ^; rides_offers_price_no_surge_avg ^; rides_offers_price_uber_avg ^,passengers_acceptance_rate v; passengers_pickup_reject ^; passengers_reject ^,drivers_idle_duration_avg (+1.60); passengers_pickup_reject (-1.03); passengers_reject (-0.53),rq1-healthiness
boycott_tncs-long_rides,students_drivers,True,demand collapse (requests -60%) + ride lengths shifted to long/extreme,True,79878.0,0.09104468200375736,0.12739088310686103,0.2549191509702803,0.36150163905687277,29.333333333333332,2,38.333333333333336,10.666666666666666,demand-driven,demand,0.8580812486468475,0.1419187513531524,0.03144156569002778,0.010222032710852699,0.10688283321044635,-0.03478136454506142,0.014025150429520655,0.0027134737281798715,-0.018042740387360895,0.018820390803528944,-0.050888281620410494,rides_offers_price_lyft_avg (+11.19); rides_offers_price_no_surge_avg (+9.75); rides_offers_price_uber_avg (+9.13),passengers_acceptance_rate (-2.17); passengers_rating_avg (-1.89); drivers_acceptance_rate (-1.25),drivers_idle_duration_avg (+1.23); passengers_rating_avg (-0.61); rides_offers_price_uber_avg (-0.38),drivers_idle_duration_avg (+7.00); rides_offers_price_lyft_avg (+6.82); rides_offers_price_no_surge_avg (+6.50),rides_offers_price_lyft_avg ^; rides_offers_price_no_surge_avg ^; rides_offers_price_uber_avg ^,passengers_acceptance_rate v,drivers_idle_duration_avg (+1.23); passengers_rating_avg (-0.61); rides_offers_price_uber_avg (-0.38),rq1-healthiness
boycott_tncs-long_rides,managers_drivers,True,demand collapse (requests -60%) + ride lengths shifted to long/extreme,True,86617.0,0.09233079295174995,0.13724648098881367,0.24548544903749028,0.3230950693161932,31.666666666666668,2,41.333333333333336,41.333333333333336,demand-driven,demand,0.8489676087464433,0.15103239125355675,0.02092974289838697,0.014431939279426875,0.08829633126154719,-0.03478136454506142,0.032118552300362535,-0.005524330260709365,-0.008187142505408251,0.023394797479015683,-0.06370049228478647,rides_offers_price_lyft_avg (+11.19); rides_offers_price_no_surge_avg (+9.75); rides_offers_price_uber_avg (+9.13),passengers_acceptance_rate (-4.98); passengers_pickup_reject (+1.58); passengers_rating_avg (-1.38),drivers_idle_duration_avg (+1.08); passengers_rating_avg (-1.06); passengers_pickup_reject (-0.93),rides_offers_price_lyft_avg (+9.75); rides_offers_price_no_surge_avg (+8.85); rides_offers_price_uber_avg (+8.47),rides_offers_price_lyft_avg ^; rides_offers_price_no_surge_avg ^; rides_offers_price_uber_avg ^,passengers_acceptance_rate v; passengers_pickup_reject ^,drivers_idle_duration_avg (+1.08); passengers_rating_avg (-1.06); passengers_pickup_reject (-0.93),rq1-healthiness
flash_mob-boycott_tncs,baseline,True,"traffic slowdown (downtown 90%, midtown 70%) + demand collapse (requests -60%)",False,,0.0863659510848371,0.2227877460466708,0.321904255186591,0.41883224909695016,31.0,1,31.0,31.0,demand-driven,demand,0.883080584507559,0.11691941549244099,0.0019624855394907944,0.005427115346131616,0.17550088513034923,0.06966107061872981,0.0,0.0,0.06966107061872981,0.0013931725035564446,0.06826789811517336,rides_offers_price_uber_avg (+4.80); rides_offers_price_no_surge_avg (+4.61); rides_offers_price_lyft_avg (+4.32),,,rides_offers_price_uber_avg (+8.58); rides_offers_price_no_surge_avg (+8.27); rides_offers_price_lyft_avg (+7.69),rides_offers_price_uber_avg ^; rides_offers_price_no_surge_avg ^; rides_offers_price_lyft_avg ^,,,rq1-healthiness
flash_mob-boycott_tncs,bank_tellers,True,"traffic slowdown (downtown 90%, midtown 70%) + demand collapse (requests -60%)",False,,0.08799930990061218,0.23696832523934544,0.34379589992046145,0.4368082053678586,32.333333333333336,1,32.333333333333336,32.333333333333336,demand-driven,demand,0.8839992448010358,0.11600075519896426,0.0057093475818456585,0.0040653972277489014,0.18028644053915463,0.06966107061872981,0.01371314930278178,0.00046742988989287304,0.08384164981140446,0.037609538949736204,0.03251896155888648,rides_offers_price_uber_avg (+4.80); rides_offers_price_no_surge_avg (+4.61); rides_offers_price_lyft_avg (+4.32),passengers_acceptance_rate (-6.09); passengers_pickup_reject (+1.57); passengers_reject (+1.48),drivers_idle_duration_avg (+2.03); passengers_pickup_reject (-0.92); passengers_reject (-0.88),rides_offers_price_uber_avg (+8.19); rides_offers_price_no_surge_avg (+7.98); rides_offers_price_lyft_avg (+7.64),rides_offers_price_uber_avg ^; rides_offers_price_no_surge_avg ^; rides_offers_price_lyft_avg ^,passengers_acceptance_rate v; passengers_pickup_reject ^; passengers_reject ^,drivers_idle_duration_avg (+2.03); passengers_pickup_reject (-0.92); passengers_reject (-0.88),rq1-healthiness
flash_mob-boycott_tncs,students,True,"traffic slowdown (downtown 90%, midtown 70%) + demand collapse (requests -60%)",True,80429.0,0.08705872860146006,0.22556475207230292,0.32950955645648733,0.4400335093945268,32.333333333333336,1,32.333333333333336,32.333333333333336,demand-driven,demand,0.8929666811606914,0.10703331883930856,0.019385600039138796,0.0034724246662492706,0.17208666171347,0.06966107061872981,0.008180245912355416,-0.005403239886723282,0.07243807664436194,0.02428958760302083,0.0399682431289857,rides_offers_price_uber_avg (+4.80); rides_offers_price_no_surge_avg (+4.61); rides_offers_price_lyft_avg (+4.32),passengers_acceptance_rate (-1.85); drivers_idle_duration_avg (-1.12); passengers_pickup_reject (+0.54),passengers_rating_avg (-1.02); rides_offers_price_lyft_avg (-0.71); drivers_idle_duration_avg (+0.57),rides_offers_price_uber_avg (+8.25); rides_offers_price_no_surge_avg (+7.93); rides_offers_price_lyft_avg (+7.35),rides_offers_price_uber_avg ^; rides_offers_price_no_surge_avg ^; rides_offers_price_lyft_avg ^,passengers_acceptance_rate v,passengers_rating_avg (-1.02); rides_offers_price_lyft_avg (-0.71); drivers_idle_duration_avg (+0.57),rq1-healthiness
flash_mob-boycott_tncs,managers,True,"traffic slowdown (downtown 90%, midtown 70%) + demand collapse (requests -60%)",True,79514.0,0.0882178661537501,0.2612264372243235,0.35192101411300375,0.48377204339177793,33.666666666666664,1,33.666666666666664,33.666666666666664,demand-driven,demand,0.8621397943944059,0.13786020560559412,0.019348111248774683,0.013562160695175879,0.18507774859896572,0.06966107061872981,0.019040010891920006,0.01939868028573269,0.1080997617963825,0.0047288654695702426,0.08433088543489226,rides_offers_price_uber_avg (+4.80); rides_offers_price_no_surge_avg (+4.61); rides_offers_price_lyft_avg (+4.32),passengers_acceptance_rate (-4.31); drivers_idle_duration_avg (-1.61); passengers_pickup_reject (+1.45),drivers_idle_duration_avg (+1.90); passengers_pickup_reject (-1.04); drivers_acceptance_rate (-0.70),rides_offers_price_uber_avg (+8.65); rides_offers_price_no_surge_avg (+8.51); rides_offers_price_lyft_avg (+8.37),rides_offers_price_uber_avg ^; rides_offers_price_no_surge_avg ^; rides_offers_price_lyft_avg ^,passengers_acceptance_rate v; passengers_pickup_reject ^,drivers_idle_duration_avg (+1.90); passengers_pickup_reject (-1.04); drivers_acceptance_rate (-0.70),rq1-healthiness
flash_mob-boycott_tncs,drivers,True,"traffic slowdown (downtown 90%, midtown 70%) + demand collapse (requests -60%)",False,,0.08898217892195137,0.24119014305982078,0.36341315519206113,0.4175041881555791,32.0,1,32.0,32.0,demand-driven,demand,0.8574024187929637,0.14259758120703622,0.010065954365096668,0.010540675148963013,0.18529318830712418,0.06966107061872981,0.003014931312212449,0.015387465700937547,0.0880634676318798,0.05457580318797858,0.030472733131688773,rides_offers_price_uber_avg (+4.80); rides_offers_price_no_surge_avg (+4.61); rides_offers_price_lyft_avg (+4.32),drivers_acceptance_rate (-0.54); drivers_occupied_duration_avg (-0.54); drivers_occupied_distance_avg (-0.47),passengers_rating_avg (-1.51); drivers_acceptance_rate (-0.92); rides_offers_price_lyft_avg (+0.68),rides_offers_price_uber_avg (+8.77); rides_offers_price_no_surge_avg (+8.67); rides_offers_price_lyft_avg (+8.57),rides_offers_price_uber_avg ^; rides_offers_price_no_surge_avg ^; rides_offers_price_lyft_avg ^,,passengers_rating_avg (-1.51); drivers_acceptance_rate (-0.92); rides_offers_price_lyft_avg (+0.68),rq1-healthiness
flash_mob-boycott_tncs,bank_tellers_drivers,True,"traffic slowdown (downtown 90%, midtown 70%) + demand collapse (requests -60%)",False,,0.08941322310164655,0.25326853482577527,0.393525472052352,0.44136157033589785,32.0,1,32.0,32.0,demand-driven,demand,0.8607147640002266,0.1392852359997734,0.028306572939471485,0.012896365781249261,0.19044826760179392,0.06966107061872981,0.03641235580476715,-0.005931567025662665,0.10014185939783429,0.006753719974225053,0.05697578361884209,rides_offers_price_uber_avg (+4.80); rides_offers_price_no_surge_avg (+4.61); rides_offers_price_lyft_avg (+4.32),passengers_acceptance_rate (-6.13); passengers_pickup_reject (+2.00); passengers_reject (+1.66),passengers_pickup_reject (-1.48); drivers_idle_duration_avg (+1.15); traffic_length_avg (+0.99),rides_offers_price_uber_avg (+8.51); rides_offers_price_no_surge_avg (+8.31); rides_offers_price_lyft_avg (+8.02),rides_offers_price_uber_avg ^; rides_offers_price_no_surge_avg ^; rides_offers_price_lyft_avg ^,passengers_acceptance_rate v; passengers_pickup_reject ^; passengers_reject ^,passengers_pickup_reject (-1.48); drivers_idle_duration_avg (+1.15); traffic_length_avg (+0.99),rq1-healthiness
flash_mob-boycott_tncs,students_drivers,True,"traffic slowdown (downtown 90%, midtown 70%) + demand collapse (requests -60%)",False,,0.08801019468354768,0.21815793253010524,0.3185422486950933,0.3532292971977641,31.0,1,31.0,31.0,demand-driven,demand,0.8410090938831658,0.15899090611683406,-0.016141661052786634,0.007617257874314641,0.17676071569331153,0.06966107061872981,0.010271950526573925,-0.014901764043139476,0.06503125710216426,0.020631067397481925,0.03412823917810841,rides_offers_price_uber_avg (+4.80); rides_offers_price_no_surge_avg (+4.61); rides_offers_price_lyft_avg (+4.32),passengers_acceptance_rate (-1.96); drivers_acceptance_rate (-1.14); drivers_idle_duration_avg (-0.68),passengers_rating_avg (-1.36); drivers_idle_duration_avg (+0.64); traffic_length_avg (+0.59),rides_offers_price_uber_avg (+9.29); rides_offers_price_no_surge_avg (+9.01); rides_offers_price_lyft_avg (+8.53),rides_offers_price_uber_avg ^; rides_offers_price_no_surge_avg ^; rides_offers_price_lyft_avg ^,passengers_acceptance_rate v,passengers_rating_avg (-1.36); drivers_idle_duration_avg (+0.64); traffic_length_avg (+0.59),rq1-healthiness
flash_mob-boycott_tncs,managers_drivers,True,"traffic slowdown (downtown 90%, midtown 70%) + demand collapse (requests -60%)",True,81430.0,0.09068329735058366,0.2623709949806378,0.3919425230213943,0.4417949657869726,33.333333333333336,1,33.666666666666664,33.666666666666664,demand-driven,demand,0.8386921526590031,0.16130784734099685,0.019807900909367387,0.01996673747199527,0.18847779992776337,0.06966107061872981,0.023166518985115098,0.016416729948851932,0.10924431955269684,0.02768220682679126,0.05839559374079048,rides_offers_price_uber_avg (+4.80); rides_offers_price_no_surge_avg (+4.61); rides_offers_price_lyft_avg (+4.32),passengers_acceptance_rate (-4.45); passengers_pickup_reject (+1.66); drivers_acceptance_rate (-1.06),drivers_occupied_distance_avg (-1.65); drivers_occupied_duration_avg (-1.60); drivers_total_length_avg (-1.32),rides_offers_price_uber_avg (+9.45); rides_offers_price_no_surge_avg (+9.23); rides_offers_price_lyft_avg (+8.88),rides_offers_price_uber_avg ^; rides_offers_price_no_surge_avg ^; rides_offers_price_lyft_avg ^,passengers_acceptance_rate v; passengers_pickup_reject ^,drivers_occupied_distance_avg (-1.65); drivers_occupied_duration_avg (-1.60); drivers_total_length_avg (-1.32),rq1-healthiness
flash_mob-long_rides,baseline,True,"traffic slowdown (downtown 90%, midtown 70%) + ride lengths shifted to long/extreme",False,,0.09862398676614129,0.24461270886345765,0.29418034377609426,0.3140214592274678,111.0,1,119.33333333333333,119.33333333333333,not-served dominated,not_served,0.8603789424714098,0.13962105752859014,0.05512541190611373,0.01773480633689965,0.0336032863147103,0.09917908536923573,0.0,0.0,0.09917908536923573,0.07666333098374598,0.02251575438548975,rides_offers_price_lyft_avg (+14.80); rides_offers_price_no_surge_avg (+13.50); rides_offers_price_uber_avg (+12.89),,,rides_offers_price_lyft_avg (+17.14); rides_offers_price_no_surge_avg (+15.92); rides_offers_price_uber_avg (+15.37),rides_offers_price_lyft_avg ^; rides_offers_price_no_surge_avg ^; rides_offers_price_uber_avg ^,,,rq1-healthiness
flash_mob-long_rides,bank_tellers,True,"traffic slowdown (downtown 90%, midtown 70%) + ride lengths shifted to long/extreme",True,82443.0,0.10251782338487762,0.28003102013506737,0.323179652457537,0.3555404536154408,127.33333333333333,1,128.0,128.0,not-served dominated,not_served,0.8707174468650535,0.12928255313494647,0.09121151675056723,0.018908250054055286,0.036039453915481,0.09917908536923573,0.008490069449887672,0.026928241821722043,0.13459739664084544,0.1298047568565918,-0.003697429665634022,rides_offers_price_lyft_avg (+14.80); rides_offers_price_no_surge_avg (+13.50); rides_offers_price_uber_avg (+12.89),passengers_acceptance_rate (-6.69); passengers_reject (+1.57); passengers_pickup_reject (+1.39),drivers_idle_duration_avg (+1.89); passengers_pickup_reject (+0.89); rides_offers_price_lyft_avg (+0.75),rides_offers_price_lyft_avg (+17.55); rides_offers_price_no_surge_avg (+16.23); rides_offers_price_uber_avg (+15.60),rides_offers_price_lyft_avg ^; rides_offers_price_no_surge_avg ^; rides_offers_price_uber_avg ^,passengers_acceptance_rate v; passengers_pickup_reject ^; passengers_reject ^,drivers_idle_duration_avg (+1.89); passengers_pickup_reject (+0.89); rides_offers_price_lyft_avg (+0.75),rq1-healthiness
flash_mob-long_rides,students,True,"traffic slowdown (downtown 90%, midtown 70%) + ride lengths shifted to long/extreme",False,,0.09896453481891825,0.2496753605787861,0.29097938035257964,0.3079679713309816,115.0,1,119.0,119.0,not-served dominated,not_served,0.8637924658148757,0.13620753418512443,0.05290230711862428,0.013889206025534584,0.03388743787130318,0.09917908536923573,0.00110164297117063,0.003961008744157807,0.10424173708456416,0.095010988647422,0.008129105465971537,rides_offers_price_lyft_avg (+14.80); rides_offers_price_no_surge_avg (+13.50); rides_offers_price_uber_avg (+12.89),passengers_acceptance_rate (-1.93); drivers_idle_duration_avg (-0.75); passengers_pickup_reject (+0.46),drivers_idle_duration_avg (+1.07); traffic_length_avg (+0.79); rides_offers_price_lyft_avg (+0.54),rides_offers_price_lyft_avg (+17.64); rides_offers_price_no_surge_avg (+16.20); rides_offers_price_uber_avg (+15.49),rides_offers_price_lyft_avg ^; rides_offers_price_no_surge_avg ^; rides_offers_price_uber_avg ^,passengers_acceptance_rate v,drivers_idle_duration_avg (+1.07); traffic_length_avg (+0.79); rides_offers_price_lyft_avg (+0.54),rq1-healthiness
flash_mob-long_rides,managers,True,"traffic slowdown (downtown 90%, midtown 70%) + ride lengths shifted to long/extreme",False,,0.10137482636407769,0.2628420753582941,0.30436028184746405,0.3349816285057233,120.33333333333333,1,123.33333333333333,123.33333333333333,not-served dominated,not_served,0.883533137167005,0.11646686283299496,0.07737164651519496,0.01339637919397818,0.032947842435349414,0.09917908536923573,0.011631264753731885,0.0065981017411045895,0.1174084518640722,0.09876802170715815,0.007009165403182166,rides_offers_price_lyft_avg (+14.80); rides_offers_price_no_surge_avg (+13.50); rides_offers_price_uber_avg (+12.89),passengers_acceptance_rate (-4.78); drivers_idle_duration_avg (-1.64); passengers_pickup_reject (+1.22),drivers_idle_duration_avg (+1.76); drivers_occupied_duration_avg (+0.81); drivers_occupied_distance_avg (+0.73),rides_offers_price_lyft_avg (+17.49); rides_offers_price_no_surge_avg (+16.09); rides_offers_price_uber_avg (+15.46),rides_offers_price_lyft_avg ^; rides_offers_price_no_surge_avg ^; rides_offers_price_uber_avg ^,passengers_acceptance_rate v; passengers_pickup_reject ^,drivers_idle_duration_avg (+1.76); drivers_occupied_duration_avg (+0.81); drivers_occupied_distance_avg (+0.73),rq1-healthiness
flash_mob-long_rides,drivers,True,"traffic slowdown (downtown 90%, midtown 70%) + ride lengths shifted to long/extreme",False,,0.10181788131103475,0.26658258279250635,0.3102141468015309,0.33967593019629544,142.0,1,145.33333333333334,145.33333333333334,not-served dominated,not_served,0.801961264272213,0.19803873572778705,0.04710515644088492,0.0303249499477219,0.04132730843823689,0.09917908536923573,0.008142778839088621,0.013827095089960079,0.12114895929828443,0.13754848806186112,-0.02454230760266532,rides_offers_price_lyft_avg (+14.80); rides_offers_price_no_surge_avg (+13.50); rides_offers_price_uber_avg (+12.89),passengers_rating_avg (-1.84); drivers_acceptance_rate (-1.10); drivers_removed (+0.53),drivers_idle_duration_avg (+1.41); drivers_occupied_duration_avg (+0.74); drivers_occupied_distance_avg (+0.64),rides_offers_price_lyft_avg (+15.29); rides_offers_price_no_surge_avg (+14.17); rides_offers_price_uber_avg (+13.66),rides_offers_price_lyft_avg ^; rides_offers_price_no_surge_avg ^; rides_offers_price_uber_avg ^,,drivers_idle_duration_avg (+1.41); drivers_occupied_duration_avg (+0.74); drivers_occupied_distance_avg (+0.64),rq1-healthiness
flash_mob-long_rides,bank_tellers_drivers,True,"traffic slowdown (downtown 90%, midtown 70%) + ride lengths shifted to long/extreme",True,81949.0,0.10496536884601347,0.2813204730519594,0.3345182919483604,0.3532813939705927,131.66666666666666,1,141.0,141.0,not-served dominated,not_served,0.8225158297675483,0.17748417023245175,0.05885331053014684,0.0288896758696135,0.04145929786381277,0.09917908536923573,0.03396251639764536,0.0027452477908563866,0.13588684955773747,0.12651297999462463,-0.024588646834532518,rides_offers_price_lyft_avg (+14.80); rides_offers_price_no_surge_avg (+13.50); rides_offers_price_uber_avg (+12.89),passengers_acceptance_rate (-6.89); passengers_rating_avg (-2.13); passengers_reject (+1.90),passengers_rating_avg (+0.74); passengers_acceptance_rate (+0.65); drivers_idle_duration_avg (+0.60),rides_offers_price_lyft_avg (+15.68); rides_offers_price_no_surge_avg (+14.47); rides_offers_price_uber_avg (+13.86),rides_offers_price_lyft_avg ^; rides_offers_price_no_surge_avg ^; rides_offers_price_uber_avg ^,passengers_acceptance_rate v; passengers_pickup_reject ^; passengers_reject ^,passengers_rating_avg (+0.74); passengers_acceptance_rate (+0.65); drivers_idle_duration_avg (+0.60),rq1-healthiness
flash_mob-long_rides,students_drivers,True,"traffic slowdown (downtown 90%, midtown 70%) + ride lengths shifted to long/extreme",False,,0.10328253402923308,0.27667921961870073,0.3475851804736815,0.37050053563791724,143.33333333333334,1,148.33333333333334,148.33333333333334,not-served dominated,not_served,0.8049261566074007,0.19507384339259928,0.05931848886116703,0.033352308365284196,0.04167637839037543,0.09917908536923573,0.014025150429520655,0.018041360325722428,0.1312455961244788,0.12107921846994138,-0.003858772774983227,rides_offers_price_lyft_avg (+14.80); rides_offers_price_no_surge_avg (+13.50); rides_offers_price_uber_avg (+12.89),passengers_acceptance_rate (-2.17); passengers_rating_avg (-1.89); drivers_acceptance_rate (-1.25),passengers_rating_avg (+0.48); drivers_idle_duration_avg (+0.47); rides_offers_price_lyft_avg (+0.40),rides_offers_price_lyft_avg (+15.45); rides_offers_price_no_surge_avg (+14.29); rides_offers_price_uber_avg (+13.72),rides_offers_price_lyft_avg ^; rides_offers_price_no_surge_avg ^; rides_offers_price_uber_avg ^,passengers_acceptance_rate v,passengers_rating_avg (+0.48); drivers_idle_duration_avg (+0.47); rides_offers_price_lyft_avg (+0.40),rq1-healthiness
flash_mob-long_rides,managers_drivers,True,"traffic slowdown (downtown 90%, midtown 70%) + ride lengths shifted to long/extreme",True,82616.0,0.10296169231395931,0.29305880982288524,0.34140404316293343,0.37050715993079986,137.0,1,149.33333333333334,149.33333333333334,not-served dominated,not_served,0.8202327911186559,0.17976720888134404,0.06163615756015468,0.03031056473319653,0.044200419668113534,0.09917908536923573,0.032118552300362535,0.01632754865906505,0.1476251863286633,0.09345058194203101,0.022056052086269762,rides_offers_price_lyft_avg (+14.80); rides_offers_price_no_surge_avg (+13.50); rides_offers_price_uber_avg (+12.89),passengers_acceptance_rate (-4.98); passengers_pickup_reject (+1.58); passengers_rating_avg (-1.38),drivers_idle_duration_avg (+1.76); rides_offers_price_lyft_avg (+0.67); rides_offers_price_no_surge_avg (+0.62),rides_offers_price_lyft_avg (+15.34); rides_offers_price_no_surge_avg (+14.31); rides_offers_price_uber_avg (+13.86),rides_offers_price_lyft_avg ^; rides_offers_price_no_surge_avg ^; rides_offers_price_uber_avg ^,passengers_acceptance_rate v; passengers_pickup_reject ^,drivers_idle_duration_avg (+1.76); rides_offers_price_lyft_avg (+0.67); rides_offers_price_no_surge_avg (+0.62),rq1-healthiness
flash_mob-wildcat_strike,baseline,True,"traffic slowdown (downtown 90%, midtown 70%) + supply collapse (drivers -60%)",True,80548.0,0.08968277613228058,0.25519705368197765,0.29244434826188026,0.3410301953818828,75.0,1,75.33333333333333,75.33333333333333,not-served dominated,not_served,0.8737637555752109,0.1262362444247891,0.08377205640236629,0.014975163304633138,0.024079416916134286,0.10207037825403667,0.0,0.0,0.10207037825403667,0.05662501840058998,0.04544535985344669,rides_offers_price_uber_avg (+5.13); rides_offers_price_no_surge_avg (+4.96); rides_offers_price_lyft_avg (+4.65),,,rides_offers_price_uber_avg (+6.63); rides_offers_price_no_surge_avg (+6.44); rides_offers_price_lyft_avg (+6.07),rides_offers_price_uber_avg ^; rides_offers_price_no_surge_avg ^; rides_offers_price_lyft_avg ^,,,rq1-healthiness
flash_mob-wildcat_strike,bank_tellers,True,"traffic slowdown (downtown 90%, midtown 70%) + supply collapse (drivers -60%)",True,84488.0,0.09356083595138427,0.26394637737105914,0.3283585356628582,0.3626817155756208,82.33333333333333,1,84.0,84.0,not-served dominated,not_served,0.9114127512463424,0.08858724875365756,0.10862299071972564,0.007802128660203028,0.024045150574046343,0.10207037825403667,0.01371314930278178,-0.00496382561370029,0.11081970194311816,0.11776028213090317,-0.02065372949056679,rides_offers_price_uber_avg (+5.13); rides_offers_price_no_surge_avg (+4.96); rides_offers_price_lyft_avg (+4.65),passengers_acceptance_rate (-6.09); passengers_pickup_reject (+1.57); passengers_reject (+1.48),drivers_idle_duration_avg (+1.30); drivers_acceptance_rate (+1.17); passengers_pickup_reject (+0.96),passengers_acceptance_rate (-8.94); rides_offers_price_uber_avg (+6.50); passengers_pickup_reject (+6.30),rides_offers_price_uber_avg ^; rides_offers_price_no_surge_avg ^; rides_offers_price_lyft_avg ^,passengers_acceptance_rate v; passengers_pickup_reject ^; passengers_reject ^,drivers_idle_duration_avg (+1.30); drivers_acceptance_rate (+1.17); passengers_pickup_reject (+0.96),rq1-healthiness
flash_mob-wildcat_strike,students,True,"traffic slowdown (downtown 90%, midtown 70%) + supply collapse (drivers -60%)",False,,0.09293040958311126,0.2451605039056142,0.3120477627550828,0.3380576356376533,87.0,1,87.0,87.0,not-served dominated,not_served,0.8869833644126628,0.1130166355873371,0.08112401317331279,0.009912334749020526,0.02662174815071081,0.10207037825403667,0.008180245912355416,-0.018216795688718868,0.09203382847767322,0.06012251661655213,0.023731065948765673,rides_offers_price_uber_avg (+5.13); rides_offers_price_no_surge_avg (+4.96); rides_offers_price_lyft_avg (+4.65),passengers_acceptance_rate (-1.85); drivers_idle_duration_avg (-1.12); passengers_pickup_reject (+0.54),drivers_busy (+0.44); drivers_pickup_reject (-0.43); rides_offers_price_no_surge_avg (-0.38),rides_offers_price_uber_avg (+5.88); rides_offers_price_no_surge_avg (+5.72); rides_offers_price_lyft_avg (+5.39),rides_offers_price_uber_avg ^; rides_offers_price_no_surge_avg ^; rides_offers_price_lyft_avg ^,passengers_acceptance_rate v,drivers_busy (+0.44); drivers_pickup_reject (-0.43); rides_offers_price_no_surge_avg (-0.38),rq1-healthiness
flash_mob-wildcat_strike,managers,True,"traffic slowdown (downtown 90%, midtown 70%) + supply collapse (drivers -60%)",True,83144.0,0.09186553992364635,0.2476615701773901,0.304248304506852,0.3324490259986356,70.33333333333333,1,70.33333333333333,70.33333333333333,not-served dominated,not_served,0.8969226217233881,0.10307737827661183,0.09509491028225436,0.01003875416214102,0.02249041856853551,0.10207037825403667,0.019040010891920006,-0.026575494396507554,0.09453489474944912,0.06962610210510387,0.005868781752425251,rides_offers_price_uber_avg (+5.13); rides_offers_price_no_surge_avg (+4.96); rides_offers_price_lyft_avg (+4.65),passengers_acceptance_rate (-4.31); drivers_idle_duration_avg (-1.61); passengers_pickup_reject (+1.45),drivers_idle_duration_avg (+1.91); rides_offers_price_uber_avg (-1.02); rides_offers_price_no_surge_avg (-0.96),passengers_acceptance_rate (-7.44); rides_offers_price_uber_avg (+6.48); rides_offers_price_no_surge_avg (+6.31),rides_offers_price_uber_avg ^; rides_offers_price_no_surge_avg ^; rides_offers_price_lyft_avg ^,passengers_acceptance_rate v; passengers_pickup_reject ^,drivers_idle_duration_avg (+1.91); rides_offers_price_uber_avg (-1.02); rides_offers_price_no_surge_avg (-0.96),rq1-healthiness
flash_mob-wildcat_strike,drivers,True,"traffic slowdown (downtown 90%, midtown 70%) + supply collapse (drivers -60%)",False,,0.093325872177221,0.24676416059824088,0.2893636032417883,0.31366644710015373,74.33333333333333,1,74.66666666666667,74.66666666666667,not-served dominated,not_served,0.8634832237222728,0.1365167762777272,0.0813006127127211,0.018758930993389208,0.02339672377965003,0.10207037825403667,0.003014931312212449,-0.011447824395949213,0.0936374851702999,0.08661995258116906,0.004002601276918399,rides_offers_price_uber_avg (+5.13); rides_offers_price_no_surge_avg (+4.96); rides_offers_price_lyft_avg (+4.65),drivers_acceptance_rate (-0.54); drivers_occupied_duration_avg (-0.54); drivers_occupied_distance_avg (-0.47),drivers_removed (-0.46); passengers_acceptance_rate (+0.42); drivers_acceptance_rate (+0.41),rides_offers_price_uber_avg (+6.70); rides_offers_price_no_surge_avg (+6.49); rides_offers_price_lyft_avg (+6.09),rides_offers_price_uber_avg ^; rides_offers_price_no_surge_avg ^; rides_offers_price_lyft_avg ^,,drivers_removed (-0.46); passengers_acceptance_rate (+0.42); drivers_acceptance_rate (+0.41),rq1-healthiness
flash_mob-wildcat_strike,bank_tellers_drivers,True,"traffic slowdown (downtown 90%, midtown 70%) + supply collapse (drivers -60%)",True,81908.0,0.09749447812688575,0.27194310033319924,0.3376841044905757,0.35639882866034456,86.33333333333333,1,86.33333333333333,86.33333333333333,not-served dominated,not_served,0.8876431049791376,0.11235689502086245,0.1112566184151658,0.014874687166320741,0.026074027578628475,0.10207037825403667,0.03641235580476715,-0.019666309153545558,0.11881642490525826,0.08188342510642665,0.0005206439940644569,rides_offers_price_uber_avg (+5.13); rides_offers_price_no_surge_avg (+4.96); rides_offers_price_lyft_avg (+4.65),passengers_acceptance_rate (-6.13); passengers_pickup_reject (+2.00); passengers_reject (+1.66),drivers_acceptance_rate (+1.25); rides_offers_price_uber_avg (-0.71); drivers_idle_duration_avg (+0.63),passengers_acceptance_rate (-9.21); rides_offers_price_uber_avg (+5.80); passengers_pickup_reject (+5.72),rides_offers_price_uber_avg ^; rides_offers_price_no_surge_avg ^; rides_offers_price_lyft_avg ^,passengers_acceptance_rate v; passengers_pickup_reject ^; passengers_reject ^,drivers_acceptance_rate (+1.25); rides_offers_price_uber_avg (-0.71); drivers_idle_duration_avg (+0.63),rq1-healthiness
flash_mob-wildcat_strike,students_drivers,True,"traffic slowdown (downtown 90%, midtown 70%) + supply collapse (drivers -60%)",False,,0.09381662035921244,0.25269689546028334,0.29277520904481014,0.319070514583723,80.0,1,82.33333333333333,82.33333333333333,not-served dominated,not_served,0.8732122559080141,0.12678774409198587,0.0878692688973931,0.018793080491476988,0.024717826973604556,0.10207037825403667,0.010271950526573925,-0.01277210874826823,0.09957022003234237,0.07133419752946715,0.017964071976301288,rides_offers_price_uber_avg (+5.13); rides_offers_price_no_surge_avg (+4.96); rides_offers_price_lyft_avg (+4.65),passengers_acceptance_rate (-1.96); drivers_acceptance_rate (-1.14); drivers_idle_duration_avg (-0.68),drivers_acceptance_rate (+0.99); passengers_acceptance_rate (+0.52); drivers_occupied_distance_avg (-0.46),rides_offers_price_uber_avg (+6.34); rides_offers_price_no_surge_avg (+6.22); rides_offers_price_lyft_avg (+6.01),rides_offers_price_uber_avg ^; rides_offers_price_no_surge_avg ^; rides_offers_price_lyft_avg ^,passengers_acceptance_rate v,drivers_acceptance_rate (+0.99); passengers_acceptance_rate (+0.52); drivers_occupied_distance_avg (-0.46),rq1-healthiness
flash_mob-wildcat_strike,managers_drivers,True,"traffic slowdown (downtown 90%, midtown 70%) + supply collapse (drivers -60%)",False,,0.09361989560387401,0.2469185210659658,0.30158323328350545,0.3188617981110807,79.0,1,79.33333333333333,79.33333333333333,not-served dominated,not_served,0.8917920902910809,0.10820790970891908,0.08793834551035777,0.012016585011435437,0.024657302033529328,0.10207037825403667,0.023166518985115098,-0.031445051601126955,0.09379184563802481,0.051404901324119345,0.01922042532879037,rides_offers_price_uber_avg (+5.13); rides_offers_price_no_surge_avg (+4.96); rides_offers_price_lyft_avg (+4.65),passengers_acceptance_rate (-4.45); passengers_pickup_reject (+1.66); drivers_acceptance_rate (-1.06),drivers_acceptance_rate (+1.48); drivers_removed (-0.73); passengers_rating_avg (+0.69),passengers_acceptance_rate (-7.60); rides_offers_price_uber_avg (+6.02); rides_offers_price_no_surge_avg (+5.84),rides_offers_price_uber_avg ^; rides_offers_price_no_surge_avg ^; rides_offers_price_lyft_avg ^,passengers_acceptance_rate v; passengers_pickup_reject ^,drivers_acceptance_rate (+1.48); drivers_removed (-0.73); passengers_rating_avg (+0.69),rq1-healthiness
underground_alarm-flash_mob,baseline,True,"demand surge +100% and traffic +100% + traffic slowdown (downtown 90%, midtown 70%)",True,82530.0,0.11149786817882423,0.22517186081279722,0.6422272308479724,0.723818829008363,136.66666666666666,1,136.66666666666666,136.66666666666666,not-served dominated,not_served,0.8077841995106532,0.19221580048934683,0.13178624078444667,0.051300341414293495,0.051836389139226315,0.06324312540959653,0.0,0.0,0.06324312540959653,0.054869252552017383,0.008373872857579151,rides_offers_price_uber_avg (+7.73); rides_offers_price_no_surge_avg (+7.45); rides_offers_price_lyft_avg (+6.94),,,rides_offers_price_uber_avg (+9.23); rides_offers_price_no_surge_avg (+8.71); rides_offers_price_lyft_avg (+7.78),rides_offers_price_uber_avg ^; rides_offers_price_no_surge_avg ^; rides_offers_price_lyft_avg ^,,,rq1-healthiness
underground_alarm-flash_mob,bank_tellers,True,"demand surge +100% and traffic +100% + traffic slowdown (downtown 90%, midtown 70%)",True,82636.0,0.11224702871367681,0.2531579346836246,0.6797948449196649,0.7597695510413185,126.0,1,126.66666666666667,126.66666666666667,not-served dominated,not_served,0.8560428875205349,0.14395711247946505,0.19077951988742206,0.042249199992999455,0.03703315028877132,0.06324312540959653,0.005473969760730585,0.02251210411009677,0.09122919928042389,0.11265473864974773,-0.026899509130054428,rides_offers_price_uber_avg (+7.73); rides_offers_price_no_surge_avg (+7.45); rides_offers_price_lyft_avg (+6.94),passengers_acceptance_rate (-5.75); passengers_pickup_reject (+1.53); passengers_reject (+1.39),passengers_pickup_reject (+1.30); drivers_idle_duration_avg (+1.08); drivers_total_length_avg (-0.68),passengers_acceptance_rate (-9.93); rides_offers_price_uber_avg (+8.80); rides_offers_price_no_surge_avg (+8.42),rides_offers_price_uber_avg ^; rides_offers_price_no_surge_avg ^; rides_offers_price_lyft_avg ^,passengers_acceptance_rate v; passengers_pickup_reject ^; passengers_reject ^,passengers_pickup_reject (+1.30); drivers_idle_duration_avg (+1.08); drivers_total_length_avg (-0.68),rq1-healthiness
underground_alarm-flash_mob,students,True,"demand surge +100% and traffic +100% + traffic slowdown (downtown 90%, midtown 70%)",True,82708.0,0.11238149569310357,0.2460555120747175,0.6380508816884491,0.768445918997927,142.66666666666666,1,144.0,144.0,not-served dominated,not_served,0.8242631936851824,0.17573680631481764,0.15763355347147767,0.046802761753144344,0.04485307326625617,0.06324312540959653,0.004450347843985153,0.016433303417935113,0.0841267766715168,0.05946789142793654,0.020208537399595106,rides_offers_price_uber_avg (+7.73); rides_offers_price_no_surge_avg (+7.45); rides_offers_price_lyft_avg (+6.94),passengers_acceptance_rate (-1.84); drivers_idle_duration_avg (-0.79); passengers_pickup_reject (+0.58),drivers_idle_duration_avg (+0.99); passengers_acceptance_rate (+0.53); drivers_occupied_duration_avg (+0.45),rides_offers_price_uber_avg (+8.95); rides_offers_price_no_surge_avg (+8.45); rides_offers_price_lyft_avg (+7.54),rides_offers_price_uber_avg ^; rides_offers_price_no_surge_avg ^; rides_offers_price_lyft_avg ^,passengers_acceptance_rate v,drivers_idle_duration_avg (+0.99); passengers_acceptance_rate (+0.53); drivers_occupied_duration_avg (+0.45),rq1-healthiness
underground_alarm-flash_mob,managers,True,"demand surge +100% and traffic +100% + traffic slowdown (downtown 90%, midtown 70%)",True,82554.0,0.1107749132467423,0.23928092237117,0.6852734518099151,0.7634806088865692,123.33333333333333,1,123.33333333333333,123.33333333333333,not-served dominated,not_served,0.8250364241989621,0.17496357580103808,0.17519033325574715,0.05173999251537148,0.04043461246251068,0.06324312540959653,0.015304283163796617,-0.0011952216054238463,0.0773521869679693,0.06508555499414342,-0.003037651189970736,rides_offers_price_uber_avg (+7.73); rides_offers_price_no_surge_avg (+7.45); rides_offers_price_lyft_avg (+6.94),passengers_acceptance_rate (-4.06); drivers_idle_duration_avg (-1.71); passengers_pickup_reject (+1.36),drivers_idle_duration_avg (+2.33); drivers_occupied_duration_avg (+1.09); rides_offers_price_uber_avg (-1.03),rides_offers_price_uber_avg (+8.34); rides_offers_price_no_surge_avg (+7.95); passengers_acceptance_rate (-7.83),rides_offers_price_uber_avg ^; rides_offers_price_no_surge_avg ^; rides_offers_price_lyft_avg ^,passengers_acceptance_rate v; passengers_pickup_reject ^,drivers_idle_duration_avg (+2.33); drivers_occupied_duration_avg (+1.09); rides_offers_price_uber_avg (-1.03),rq1-healthiness
underground_alarm-flash_mob,drivers,True,"demand surge +100% and traffic +100% + traffic slowdown (downtown 90%, midtown 70%)",True,82622.0,0.1103792240336944,0.22212642671437083,0.6367157040889855,0.7277327586206898,121.0,1,121.0,121.0,not-served dominated,not_served,0.7766656466773095,0.2233343533226904,0.14992324351563227,0.06881039317118638,0.044839569214184895,0.06324312540959653,-0.001830708084542998,-0.0012147260138833937,0.06019769131117014,0.09031602561193194,-0.028287626216218803,rides_offers_price_uber_avg (+7.73); rides_offers_price_no_surge_avg (+7.45); rides_offers_price_lyft_avg (+6.94),drivers_occupied_duration_avg (-0.73); drivers_occupied_distance_avg (-0.64); drivers_idle_duration_avg (-0.62),drivers_idle_duration_avg (+1.01); drivers_occupied_duration_avg (+0.89); drivers_occupied_distance_avg (+0.85),rides_offers_price_uber_avg (+8.32); rides_offers_price_no_surge_avg (+7.94); rides_offers_price_lyft_avg (+7.30),rides_offers_price_uber_avg ^; rides_offers_price_no_surge_avg ^; rides_offers_price_lyft_avg ^,,drivers_idle_duration_avg (+1.01); drivers_occupied_duration_avg (+0.89); drivers_occupied_distance_avg (+0.85),rq1-healthiness
underground_alarm-flash_mob,bank_tellers_drivers,True,"demand surge +100% and traffic +100% + traffic slowdown (downtown 90%, midtown 70%)",True,82631.0,0.12121985730008678,0.2651092552508693,0.7583990641295368,0.9102844638949672,179.33333333333334,1,180.0,180.0,not-served dominated,not_served,0.8152983661886509,0.18470163381134905,0.1706389362369369,0.0554443832938839,0.05652262009348245,0.06324312540959653,0.016918406624361698,0.023018987813710395,0.10318051984766863,0.10072358169761067,-0.01446146847430374,rides_offers_price_uber_avg (+7.73); rides_offers_price_no_surge_avg (+7.45); rides_offers_price_lyft_avg (+6.94),passengers_acceptance_rate (-5.74); passengers_pickup_reject (+1.67); passengers_reject (+1.47),drivers_idle_duration_avg (+1.35); passengers_pickup_reject (+0.98); traffic_length_avg (+0.86),rides_offers_price_uber_avg (+8.53); rides_offers_price_no_surge_avg (+8.09); passengers_acceptance_rate (-7.94),rides_offers_price_uber_avg ^; rides_offers_price_no_surge_avg ^; rides_offers_price_lyft_avg ^,passengers_acceptance_rate v; passengers_pickup_reject ^; passengers_reject ^,drivers_idle_duration_avg (+1.35); passengers_pickup_reject (+0.98); traffic_length_avg (+0.86),rq1-healthiness
underground_alarm-flash_mob,students_drivers,True,"demand surge +100% and traffic +100% + traffic slowdown (downtown 90%, midtown 70%)",True,82680.0,0.11668480192868659,0.23233407340210893,0.7020795294098492,0.7858187927913066,142.66666666666666,1,142.66666666666666,142.66666666666666,not-served dominated,not_served,0.7727028631686405,0.22729713683135955,0.152896967388486,0.07192384078916335,0.049665142611234024,0.06324312540959653,0.0025122138128776117,0.0046499987764341,0.07040533799890825,0.08868606597880263,-0.020792941792771996,rides_offers_price_uber_avg (+7.73); rides_offers_price_no_surge_avg (+7.45); rides_offers_price_lyft_avg (+6.94),passengers_acceptance_rate (-2.14); drivers_acceptance_rate (-1.24); passengers_change_provider (+0.56),passengers_rating_avg (-0.97); drivers_idle_duration_avg (+0.94); rides_offers_price_uber_avg (-0.82),rides_offers_price_uber_avg (+8.17); rides_offers_price_no_surge_avg (+7.81); rides_offers_price_lyft_avg (+7.19),rides_offers_price_uber_avg ^; rides_offers_price_no_surge_avg ^; rides_offers_price_lyft_avg ^,passengers_acceptance_rate v,passengers_rating_avg (-0.97); drivers_idle_duration_avg (+0.94); rides_offers_price_uber_avg (-0.82),rq1-healthiness
underground_alarm-flash_mob,managers_drivers,True,"demand surge +100% and traffic +100% + traffic slowdown (downtown 90%, midtown 70%)",True,82753.0,0.11057734796209187,0.24599656416594182,0.6870108903827425,0.7755238587634197,121.33333333333333,1,121.33333333333333,121.33333333333333,not-served dominated,not_served,0.8006366783655641,0.19936332163443582,0.18094661609648457,0.06357576568886432,0.038235960441346355,0.06324312540959653,0.016889808610950047,0.00393489474219455,0.08406782876274113,0.07098898840756557,-0.003810968255774483,rides_offers_price_uber_avg (+7.73); rides_offers_price_no_surge_avg (+7.45); rides_offers_price_lyft_avg (+6.94),passengers_acceptance_rate (-4.23); passengers_pickup_reject (+1.70); drivers_acceptance_rate (-1.00),drivers_idle_duration_avg (+1.04); passengers_acceptance_rate (+0.50); rides_offers_price_uber_avg (-0.46),rides_offers_price_uber_avg (+8.63); passengers_acceptance_rate (-8.48); rides_offers_price_no_surge_avg (+8.24),rides_offers_price_uber_avg ^; rides_offers_price_no_surge_avg ^; rides_offers_price_lyft_avg ^,passengers_acceptance_rate v; passengers_pickup_reject ^,drivers_idle_duration_avg (+1.04); passengers_acceptance_rate (+0.50); rides_offers_price_uber_avg (-0.46),rq1-healthiness
underground_alarm-long_rides,baseline,True,demand surge +100% and traffic +100% + ride lengths shifted to long/extreme,True,83041.0,0.10856851886670428,0.35583487280161324,0.587059725228381,0.6982672912695967,131.33333333333334,1,131.66666666666666,131.66666666666666,not-served dominated,not_served,0.7709746900171467,0.22902530998285325,0.08994592069198613,0.058519152712377565,0.07249870687147153,0.21040124930739132,0.0,0.0,0.21040124930739132,0.052825283263630396,0.15757596604376092,rides_offers_price_lyft_avg (+14.19); rides_offers_price_no_surge_avg (+12.99); rides_offers_price_uber_avg (+12.38),,,rides_offers_price_lyft_avg (+14.45); rides_offers_price_no_surge_avg (+13.52); rides_offers_price_uber_avg (+13.08),rides_offers_price_lyft_avg ^; rides_offers_price_no_surge_avg ^; rides_offers_price_uber_avg ^,,,rq1-healthiness
underground_alarm-long_rides,bank_tellers,True,demand surge +100% and traffic +100% + ride lengths shifted to long/extreme,True,82739.0,0.1073106964153707,0.34854739722022293,0.5374570103446003,0.6204891774891774,116.33333333333333,1,116.33333333333333,116.33333333333333,not-served dominated,not_served,0.8374547951195869,0.16254520488041316,0.1330206150745512,0.03929126779086885,0.044685583705059394,0.21040124930739132,0.008490069449887672,-0.015777545031277984,0.203113773726001,0.098676000601471,0.09594770367464234,rides_offers_price_lyft_avg (+14.19); rides_offers_price_no_surge_avg (+12.99); rides_offers_price_uber_avg (+12.38),passengers_acceptance_rate (-6.69); passengers_reject (+1.57); passengers_pickup_reject (+1.39),passengers_pickup_reject (+1.82); rides_offers_price_uber_avg (-0.98); rides_offers_price_no_surge_avg (-0.96),rides_offers_price_lyft_avg (+15.70); rides_offers_price_no_surge_avg (+14.59); rides_offers_price_uber_avg (+14.07),rides_offers_price_lyft_avg ^; rides_offers_price_no_surge_avg ^; rides_offers_price_uber_avg ^,passengers_acceptance_rate v; passengers_pickup_reject ^; passengers_reject ^,passengers_pickup_reject (+1.82); rides_offers_price_uber_avg (-0.98); rides_offers_price_no_surge_avg (-0.96),rq1-healthiness
underground_alarm-long_rides,students,True,demand surge +100% and traffic +100% + ride lengths shifted to long/extreme,True,82783.0,0.10796164498394664,0.34246425541749653,0.5634477440448602,0.6538730573887654,121.33333333333333,1,121.33333333333333,121.33333333333333,not-served dominated,demand,0.7529964997223817,0.24700350027761836,0.06885565807372417,0.06336686000829737,0.07618409169454592,0.21040124930739132,0.00110164297117063,-0.014472260355287342,0.1970306319232746,0.06051076756217044,0.13541822138993354,rides_offers_price_lyft_avg (+14.19); rides_offers_price_no_surge_avg (+12.99); rides_offers_price_uber_avg (+12.38),passengers_acceptance_rate (-1.93); drivers_idle_duration_avg (-0.75); passengers_pickup_reject (+0.46),drivers_idle_duration_avg (+1.11); rides_offers_price_lyft_avg (-0.88); rides_offers_price_no_surge_avg (-0.79),rides_offers_price_lyft_avg (+14.10); rides_offers_price_no_surge_avg (+13.33); rides_offers_price_uber_avg (+12.99),rides_offers_price_lyft_avg ^; rides_offers_price_no_surge_avg ^; rides_offers_price_uber_avg ^,passengers_acceptance_rate v,drivers_idle_duration_avg (+1.11); rides_offers_price_lyft_avg (-0.88); rides_offers_price_no_surge_avg (-0.79),rq1-healthiness
underground_alarm-long_rides,managers,True,demand surge +100% and traffic +100% + ride lengths shifted to long/extreme,True,82679.0,0.10764267761443273,0.3572310348463292,0.6030661413101729,0.6740837414447358,123.0,1,133.0,133.0,not-served dominated,not_served,0.817349507363176,0.18265049263682404,0.10785250938333059,0.0433846823709586,0.054965592779894955,0.21040124930739132,0.011631264753731885,-0.010235102709015953,0.21179741135210725,0.06965211056174675,0.13051403603662862,rides_offers_price_lyft_avg (+14.19); rides_offers_price_no_surge_avg (+12.99); rides_offers_price_uber_avg (+12.38),passengers_acceptance_rate (-4.78); drivers_idle_duration_avg (-1.64); passengers_pickup_reject (+1.22),rides_offers_price_uber_avg (-1.75); rides_offers_price_no_surge_avg (-1.53); rides_offers_price_lyft_avg (-1.13),rides_offers_price_lyft_avg (+14.09); rides_offers_price_no_surge_avg (+13.04); rides_offers_price_uber_avg (+12.54),rides_offers_price_lyft_avg ^; rides_offers_price_no_surge_avg ^; rides_offers_price_uber_avg ^,passengers_acceptance_rate v; passengers_pickup_reject ^,rides_offers_price_uber_avg (-1.75); rides_offers_price_no_surge_avg (-1.53); rides_offers_price_lyft_avg (-1.13),rq1-healthiness
underground_alarm-long_rides,drivers,True,demand surge +100% and traffic +100% + ride lengths shifted to long/extreme,True,83009.0,0.11227976807794911,0.37450887347276735,0.6236905806189668,0.7355495151018568,133.0,1,133.0,133.0,not-served dominated,not_served,0.7157591342377545,0.28424086576224555,0.08188574499019464,0.07874748224918306,0.06787902632667925,0.21040124930739132,0.008142778839088621,0.01053122183206548,0.22907524997854542,0.08075237938654956,0.14018009175290724,rides_offers_price_lyft_avg (+14.19); rides_offers_price_no_surge_avg (+12.99); rides_offers_price_uber_avg (+12.38),passengers_rating_avg (-1.84); drivers_acceptance_rate (-1.10); drivers_removed (+0.53),passengers_rating_avg (+0.65); passengers_pickup_reject (-0.65); drivers_idle_duration_avg (+0.62),rides_offers_price_lyft_avg (+14.35); rides_offers_price_no_surge_avg (+13.46); rides_offers_price_uber_avg (+13.04),rides_offers_price_lyft_avg ^; rides_offers_price_no_surge_avg ^; rides_offers_price_uber_avg ^,,passengers_rating_avg (+0.65); passengers_pickup_reject (-0.65); drivers_idle_duration_avg (+0.62),rq1-healthiness
underground_alarm-long_rides,bank_tellers_drivers,True,demand surge +100% and traffic +100% + ride lengths shifted to long/extreme,True,82823.0,0.11343147905964128,0.3958383220531666,0.6339124774011308,0.7532572406038214,140.0,1,140.0,140.0,not-served dominated,not_served,0.7624078143035616,0.23759218569643858,0.12760317778463323,0.06871770891816266,0.049417445665452975,0.21040124930739132,0.03396251639764536,0.006040932853907971,0.25040469855894465,0.08651374252389368,0.1299284396374056,rides_offers_price_lyft_avg (+14.19); rides_offers_price_no_surge_avg (+12.99); rides_offers_price_uber_avg (+12.38),passengers_acceptance_rate (-6.89); passengers_rating_avg (-2.13); passengers_reject (+1.90),passengers_pickup_reject (+0.96); passengers_acceptance_rate (+0.87); passengers_rating_avg (+0.84),rides_offers_price_lyft_avg (+15.00); rides_offers_price_no_surge_avg (+14.05); rides_offers_price_uber_avg (+13.59),rides_offers_price_lyft_avg ^; rides_offers_price_no_surge_avg ^; rides_offers_price_uber_avg ^,passengers_acceptance_rate v; passengers_pickup_reject ^; passengers_reject ^,passengers_pickup_reject (+0.96); passengers_acceptance_rate (+0.87); passengers_rating_avg (+0.84),rq1-healthiness
underground_alarm-long_rides,students_drivers,True,demand surge +100% and traffic +100% + ride lengths shifted to long/extreme,True,82754.0,0.11175563412698215,0.3613652024874382,0.580194916964059,0.6763219749138668,131.66666666666666,1,131.66666666666666,131.66666666666666,not-served dominated,not_served,0.7345102107632075,0.26548978923679256,0.09712306541972543,0.07080650065997779,0.05360580252174576,0.21040124930739132,0.014025150429520655,-0.008494820743695702,0.21593157899321627,0.08687538938484965,0.11503103917884597,rides_offers_price_lyft_avg (+14.19); rides_offers_price_no_surge_avg (+12.99); rides_offers_price_uber_avg (+12.38),passengers_acceptance_rate (-2.17); passengers_rating_avg (-1.89); drivers_acceptance_rate (-1.25),drivers_idle_duration_avg (+0.80); rides_offers_price_uber_avg (-0.73); rides_offers_price_no_surge_avg (-0.73),rides_offers_price_lyft_avg (+14.74); rides_offers_price_no_surge_avg (+13.83); rides_offers_price_uber_avg (+13.42),rides_offers_price_lyft_avg ^; rides_offers_price_no_surge_avg ^; rides_offers_price_uber_avg ^,passengers_acceptance_rate v,drivers_idle_duration_avg (+0.80); rides_offers_price_uber_avg (-0.73); rides_offers_price_no_surge_avg (-0.73),rq1-healthiness
underground_alarm-long_rides,managers_drivers,True,demand surge +100% and traffic +100% + ride lengths shifted to long/extreme,True,82719.0,0.11208773092892939,0.37110168115333264,0.5930078323579466,0.708963440860215,133.0,1,137.0,137.0,not-served dominated,not_served,0.77723090678314,0.22276909321686003,0.11549453082882176,0.059835550942218964,0.04327597514891083,0.21040124930739132,0.032118552300362535,-0.01685174394864314,0.22566805765911072,0.06670157905978999,0.1268479262989582,rides_offers_price_lyft_avg (+14.19); rides_offers_price_no_surge_avg (+12.99); rides_offers_price_uber_avg (+12.38),passengers_acceptance_rate (-4.98); passengers_pickup_reject (+1.58); passengers_rating_avg (-1.38),traffic_length_avg (-1.27); traffic_duration_avg (-0.98); rides_offers_price_uber_avg (-0.96),rides_offers_price_lyft_avg (+14.59); rides_offers_price_no_surge_avg (+13.57); rides_offers_price_uber_avg (+13.10),rides_offers_price_lyft_avg ^; rides_offers_price_no_surge_avg ^; rides_offers_price_uber_avg ^,passengers_acceptance_rate v; passengers_pickup_reject ^,traffic_length_avg (-1.27); traffic_duration_avg (-0.98); rides_offers_price_uber_avg (-0.96),rq1-healthiness
underground_alarm-wildcat_strike,baseline,True,demand surge +100% and traffic +100% + supply collapse (drivers -60%),True,83511.0,0.10090158315917926,0.20231580761364257,0.5772142575326046,0.682608695652174,86.33333333333333,1,88.66666666666667,88.66666666666667,not-served dominated,not_served,0.7231443565220749,0.2768556434779251,0.08278474060869633,0.07714769671211226,0.07717703707155975,0.04918913218570159,0.0,0.0,0.04918913218570159,0.0327869706804744,0.016402161505227192,passengers_drivers_ratio (+3.40); passengers_unassigned (+2.68); rides_offers_radius_avg (+2.36),,,drivers_idle_duration_avg (+5.77); passengers_drivers_ratio (+5.22); rides_offers_price_uber_avg (+4.04),passengers_drivers_ratio ^; passengers_unassigned ^; passengers_pickup_reject ^,,,rq1-healthiness
underground_alarm-wildcat_strike,bank_tellers,True,demand surge +100% and traffic +100% + supply collapse (drivers -60%),True,82776.0,0.10485074474127606,0.24777255049178587,0.593212178159286,0.6782875816993464,100.0,1,100.0,100.0,not-served dominated,not_served,0.8226771547201488,0.17732284527985115,0.14022496847573038,0.04909729536894906,0.05747628395519638,0.04918913218570159,0.01371314930278178,0.03174359357536152,0.09464587506384489,0.08663152587578238,-0.005698800114719266,passengers_drivers_ratio (+3.40); passengers_unassigned (+2.68); rides_offers_radius_avg (+2.36),passengers_acceptance_rate (-6.09); passengers_pickup_reject (+1.57); passengers_reject (+1.48),drivers_idle_duration_avg (+2.20); passengers_pickup_reject (+1.62); drivers_acceptance_rate (+0.53),passengers_acceptance_rate (-10.53); passengers_pickup_reject (+7.49); drivers_idle_duration_avg (+6.52),passengers_drivers_ratio ^; passengers_unassigned ^; passengers_pickup_reject ^,passengers_acceptance_rate v; passengers_pickup_reject ^; passengers_reject ^,drivers_idle_duration_avg (+2.20); passengers_pickup_reject (+1.62); drivers_acceptance_rate (+0.53),rq1-healthiness
underground_alarm-wildcat_strike,students,True,demand surge +100% and traffic +100% + supply collapse (drivers -60%),True,83119.0,0.09982343061741311,0.22058300901761863,0.5627815035622585,0.6236196458834887,77.66666666666667,1,78.0,78.0,not-served dominated,not_served,0.7478386463989338,0.25216135360106623,0.09708191715049991,0.0726155336458289,0.0716076830789008,0.04918913218570159,0.008180245912355416,0.010086955491620642,0.06745633358967765,0.025622295531300576,0.033653792146021655,passengers_drivers_ratio (+3.40); passengers_unassigned (+2.68); rides_offers_radius_avg (+2.36),passengers_acceptance_rate (-1.85); drivers_idle_duration_avg (-1.12); passengers_pickup_reject (+0.54),drivers_idle_duration_avg (+1.98); drivers_occupied_duration_avg (+0.89); drivers_shift_duration_avg (+0.85),drivers_idle_duration_avg (+5.66); passengers_acceptance_rate (-5.57); passengers_drivers_ratio (+5.29),passengers_drivers_ratio ^; passengers_unassigned ^; passengers_pickup_reject ^,passengers_acceptance_rate v,drivers_idle_duration_avg (+1.98); drivers_occupied_duration_avg (+0.89); drivers_shift_duration_avg (+0.85),rq1-healthiness
underground_alarm-wildcat_strike,managers,True,demand surge +100% and traffic +100% + supply collapse (drivers -60%),True,82989.0,0.10707493052966975,0.24661022799047824,0.6314529890061791,0.6926229508196722,104.33333333333333,1,104.33333333333333,104.33333333333333,not-served dominated,not_served,0.7844308684381999,0.21556913156180008,0.13468028933872567,0.06377752339838155,0.05177671293727739,0.04918913218570159,0.019040010891920006,0.02525440948491567,0.09348355256253726,0.040510190959692466,0.03393335071092479,passengers_drivers_ratio (+3.40); passengers_unassigned (+2.68); rides_offers_radius_avg (+2.36),passengers_acceptance_rate (-4.31); drivers_idle_duration_avg (-1.61); passengers_pickup_reject (+1.45),drivers_idle_duration_avg (+1.35); passengers_pickup_reject (+1.18); traffic_length_avg (+0.60),passengers_acceptance_rate (-8.29); passengers_pickup_reject (+6.54); drivers_idle_duration_avg (+5.02),passengers_drivers_ratio ^; passengers_unassigned ^; passengers_pickup_reject ^,passengers_acceptance_rate v; passengers_pickup_reject ^,drivers_idle_duration_avg (+1.35); passengers_pickup_reject (+1.18); traffic_length_avg (+0.60),rq1-healthiness
underground_alarm-wildcat_strike,drivers,True,demand surge +100% and traffic +100% + supply collapse (drivers -60%),True,83063.0,0.10384854035723881,0.2237706791089282,0.5824515764677813,0.6906100699034113,96.66666666666667,1,96.66666666666667,96.66666666666667,not-served dominated,not_served,0.7200845778678873,0.2799154221321128,0.09768235045264595,0.08039020425167526,0.06655343955446251,0.04918913218570159,0.003014931312212449,0.018439940183073183,0.07064400368098722,0.02982384390585749,0.037805228462917284,passengers_drivers_ratio (+3.40); passengers_unassigned (+2.68); rides_offers_radius_avg (+2.36),drivers_acceptance_rate (-0.54); drivers_occupied_duration_avg (-0.54); drivers_occupied_distance_avg (-0.47),drivers_occupied_duration_avg (+0.78); drivers_occupied_distance_avg (+0.72); drivers_idle_duration_avg (+0.60),drivers_idle_duration_avg (+5.60); passengers_drivers_ratio (+4.97); rides_offers_price_uber_avg (+4.21),passengers_drivers_ratio ^; passengers_unassigned ^; passengers_pickup_reject ^,,drivers_occupied_duration_avg (+0.78); drivers_occupied_distance_avg (+0.72); drivers_idle_duration_avg (+0.60),rq1-healthiness
underground_alarm-wildcat_strike,bank_tellers_drivers,True,demand surge +100% and traffic +100% + supply collapse (drivers -60%),True,82825.0,0.10642927631143911,0.2529666474418757,0.6065320705504479,0.7015791988223801,113.0,1,113.0,113.0,not-served dominated,not_served,0.808839730612332,0.191160269387668,0.16031537327726805,0.054633058089743475,0.04806651189909624,0.04918913218570159,0.03641235580476715,0.014238484023465975,0.09983997201393471,0.04188418763569571,0.021543428573471857,passengers_drivers_ratio (+3.40); passengers_unassigned (+2.68); rides_offers_radius_avg (+2.36),passengers_acceptance_rate (-6.13); passengers_pickup_reject (+2.00); passengers_reject (+1.66),passengers_pickup_reject (+1.56); drivers_idle_duration_avg (+1.18); drivers_acceptance_rate (+0.78),passengers_acceptance_rate (-10.04); passengers_pickup_reject (+7.19); drivers_idle_duration_avg (+6.05),passengers_drivers_ratio ^; passengers_unassigned ^; passengers_pickup_reject ^,passengers_acceptance_rate v; passengers_pickup_reject ^; passengers_reject ^,passengers_pickup_reject (+1.56); drivers_idle_duration_avg (+1.18); drivers_acceptance_rate (+0.78),rq1-healthiness
underground_alarm-wildcat_strike,students_drivers,True,demand surge +100% and traffic +100% + supply collapse (drivers -60%),True,82952.0,0.10595728791618104,0.22284115369799637,0.6202095954537735,0.7136929460580912,96.33333333333333,1,96.33333333333333,96.33333333333333,not-served dominated,not_served,0.7191708284539018,0.28082917154609816,0.10742511460640573,0.08514942057508729,0.06816279330575178,0.04918913218570159,0.010271950526573925,0.010253395557779876,0.06971447827005539,0.03713036844437542,0.022312159299106044,passengers_drivers_ratio (+3.40); passengers_unassigned (+2.68); rides_offers_radius_avg (+2.36),passengers_acceptance_rate (-1.96); drivers_acceptance_rate (-1.14); drivers_idle_duration_avg (-0.68),drivers_idle_duration_avg (+2.10); drivers_acceptance_rate (+0.56); traffic_length_avg (+0.54),drivers_idle_duration_avg (+6.73); passengers_acceptance_rate (-5.52); passengers_drivers_ratio (+5.11),passengers_drivers_ratio ^; passengers_unassigned ^; passengers_pickup_reject ^,passengers_acceptance_rate v,drivers_idle_duration_avg (+2.10); drivers_acceptance_rate (+0.56); traffic_length_avg (+0.54),rq1-healthiness
underground_alarm-wildcat_strike,managers_drivers,True,demand surge +100% and traffic +100% + supply collapse (drivers -60%),True,82923.0,0.1063263401205236,0.24444339866568932,0.6244318693897921,0.7408191268191269,103.0,1,103.0,103.0,not-served dominated,not_served,0.735369562843528,0.2646304371564721,0.10549549989007323,0.07858368916453146,0.06582668992528834,0.04918913218570159,0.023166518985115098,0.01896107206693165,0.09131672323774834,0.02465589844187832,0.04349430581075492,passengers_drivers_ratio (+3.40); passengers_unassigned (+2.68); rides_offers_radius_avg (+2.36),passengers_acceptance_rate (-4.45); passengers_pickup_reject (+1.66); drivers_acceptance_rate (-1.06),drivers_occupied_duration_avg (-0.82); drivers_occupied_distance_avg (-0.77); drivers_total_length_avg (-0.64),passengers_acceptance_rate (-8.19); passengers_pickup_reject (+5.94); drivers_idle_duration_avg (+5.26),passengers_drivers_ratio ^; passengers_unassigned ^; passengers_pickup_reject ^,passengers_acceptance_rate v; passengers_pickup_reject ^,drivers_occupied_duration_avg (-0.82); drivers_occupied_distance_avg (-0.77); drivers_total_length_avg (-0.64),rq1-healthiness
wildcat_strike-boycott_tncs,baseline,True,supply collapse (drivers -60%) + demand collapse (requests -60%),False,,0.0832573145886259,0.1378101749642492,0.21029072401178964,0.3850319098710634,13.666666666666666,1,13.666666666666666,13.666666666666666,demand-driven,demand,0.8423337472731095,0.15766625272689053,0.004395691047835627,0.014764693269368726,0.15224699753699167,-0.01531650046369179,0.0,0.0,-0.01531650046369179,-0.02068910936798654,0.005372608904294751,rides_offers_radius_avg (-1.84); drivers_starting (-1.58); rides_offers_generated (-1.56),,,drivers_idle_duration_avg (+2.23); rides_in_progress (+2.19); drivers_busy (+2.00),passengers_pickup_reject v; rides_offers_radius_avg v; passengers_reject v,,,rq1-healthiness
wildcat_strike-boycott_tncs,bank_tellers,True,supply collapse (drivers -60%) + demand collapse (requests -60%),True,80144.0,0.08288733984506719,0.11957760581786972,0.19635294502624903,0.3357071297299071,10.333333333333334,1,11.0,11.0,demand-driven,demand,0.8812371499016247,0.1187628500983752,-0.00449865877250936,0.0033581645413486203,0.14385783573341812,-0.01531650046369179,0.01371314930278178,-0.03194571844916125,-0.03354906961007126,0.01158632617577085,-0.05884854508862389,rides_offers_radius_avg (-1.84); drivers_starting (-1.58); rides_offers_generated (-1.56),passengers_acceptance_rate (-6.09); passengers_pickup_reject (+1.57); passengers_reject (+1.48),drivers_idle_duration_avg (+1.91); passengers_pickup_reject (-1.29); passengers_reject (-1.08),passengers_acceptance_rate (-3.35); drivers_idle_duration_avg (+2.88); drivers_occupied_duration_avg (+2.85),passengers_pickup_reject v; rides_offers_radius_avg v; passengers_reject v,passengers_acceptance_rate v; passengers_pickup_reject ^; passengers_reject ^,drivers_idle_duration_avg (+1.91); passengers_pickup_reject (-1.29); passengers_reject (-1.08),rq1-healthiness
wildcat_strike-boycott_tncs,students,True,supply collapse (drivers -60%) + demand collapse (requests -60%),True,80054.0,0.08349073803770464,0.14400000683078013,0.22187576365850303,0.3298277413694808,14.333333333333334,1,15.0,15.0,demand-driven,demand,0.8728359815824129,0.12716401841758707,-0.01755791847735524,0.003196491602426505,0.15501164503725387,-0.01531650046369179,0.008180245912355416,-0.001990414045824479,-0.009126668597160853,-0.009556008293615137,-0.007750906215901132,rides_offers_radius_avg (-1.84); drivers_starting (-1.58); rides_offers_generated (-1.56),passengers_acceptance_rate (-1.85); drivers_idle_duration_avg (-1.12); passengers_pickup_reject (+0.54),drivers_idle_duration_avg (+1.37); rides_offers_price_lyft_avg (+0.77); passengers_acceptance_rate (+0.64),rides_offers_price_lyft_avg (+2.31); rides_offers_price_no_surge_avg (+2.29); drivers_idle_duration_avg (+2.28),passengers_pickup_reject v; rides_offers_radius_avg v; passengers_reject v,passengers_acceptance_rate v,drivers_idle_duration_avg (+1.37); rides_offers_price_lyft_avg (+0.77); passengers_acceptance_rate (+0.64),rq1-healthiness
wildcat_strike-boycott_tncs,managers,True,supply collapse (drivers -60%) + demand collapse (requests -60%),True,80031.0,0.08497802307823242,0.15048292917266112,0.22669684279886612,0.38038831853507205,15.0,1,15.0,15.0,demand-driven,demand,0.8882047164910796,0.11179528350892046,0.002103821550942672,0.006077677482979604,0.15706148909759346,-0.01531650046369179,0.019040010891920006,-0.006367256683508071,-0.002643746255279855,-0.019846498564880716,-0.0018372585823191456,rides_offers_radius_avg (-1.84); drivers_starting (-1.58); rides_offers_generated (-1.56),passengers_acceptance_rate (-4.31); drivers_idle_duration_avg (-1.61); passengers_pickup_reject (+1.45),drivers_idle_duration_avg (+2.50); passengers_pickup_reject (-0.97); traffic_length_avg (+0.81),passengers_acceptance_rate (-3.42); drivers_idle_duration_avg (+2.75); drivers_occupied_duration_avg (+2.68),passengers_pickup_reject v; rides_offers_radius_avg v; passengers_reject v,passengers_acceptance_rate v; passengers_pickup_reject ^,drivers_idle_duration_avg (+2.50); passengers_pickup_reject (-0.97); traffic_length_avg (+0.81),rq1-healthiness
wildcat_strike-boycott_tncs,drivers,True,supply collapse (drivers -60%) + demand collapse (requests -60%),False,,0.08666597868468853,0.13603896801540688,0.20807120013522626,0.32951404933704276,12.333333333333334,1,12.333333333333334,12.333333333333334,demand-driven,demand,0.871038302759811,0.1289616972401892,-0.023087768024436035,0.0034467134350745724,0.15918967215033222,-0.01531650046369179,0.003014931312212449,-0.0047861382610547565,-0.017087707412534098,-0.005916378518095872,-0.014186260206650675,rides_offers_radius_avg (-1.84); drivers_starting (-1.58); rides_offers_generated (-1.56),drivers_acceptance_rate (-0.54); drivers_occupied_duration_avg (-0.54); drivers_occupied_distance_avg (-0.47),drivers_idle_duration_avg (+1.93); rides_offers_price_lyft_avg (+1.18); drivers_occupied_duration_avg (+1.02),drivers_idle_duration_avg (+3.63); rides_offers_price_uber_avg (+3.09); rides_offers_price_no_surge_avg (+3.07),passengers_pickup_reject v; rides_offers_radius_avg v; passengers_reject v,,drivers_idle_duration_avg (+1.93); rides_offers_price_lyft_avg (+1.18); drivers_occupied_duration_avg (+1.02),rq1-healthiness
wildcat_strike-boycott_tncs,bank_tellers_drivers,True,supply collapse (drivers -60%) + demand collapse (requests -60%),True,80492.0,0.08842393055054565,0.18057460138400946,0.2535015861215567,0.40244048527943654,19.333333333333332,1,19.333333333333332,19.333333333333332,demand-driven,demand,0.8719252190847127,0.1280747809152872,-0.007015733541172288,0.008211300931284896,0.16052550948896727,-0.01531650046369179,0.03641235580476715,0.006352070614993127,0.027447925956068486,-0.05208567408768991,0.043121244238991246,rides_offers_radius_avg (-1.84); drivers_starting (-1.58); rides_offers_generated (-1.56),passengers_acceptance_rate (-6.13); passengers_pickup_reject (+2.00); passengers_reject (+1.66),passengers_pickup_reject (-1.23); passengers_reject (-1.07); drivers_acceptance_rate (+0.90),passengers_acceptance_rate (-5.02); drivers_idle_duration_avg (+2.84); drivers_occupied_duration_avg (+2.65),passengers_pickup_reject v; rides_offers_radius_avg v; passengers_reject v,passengers_acceptance_rate v; passengers_pickup_reject ^; passengers_reject ^,passengers_pickup_reject (-1.23); passengers_reject (-1.07); drivers_acceptance_rate (+0.90),rq1-healthiness
wildcat_strike-boycott_tncs,students_drivers,True,supply collapse (drivers -60%) + demand collapse (requests -60%),False,,0.08688685772783833,0.13693121523005697,0.21686801102246542,0.35954718119730705,14.333333333333334,1,14.333333333333334,14.333333333333334,demand-driven,demand,0.8775585349095328,0.12244146509046706,-0.008196425901112922,0.0030195946362153495,0.1607269107094982,-0.01531650046369179,0.010271950526573925,-0.011150910260766145,-0.01619546019788401,-0.030924630136945283,0.004457219412487348,rides_offers_radius_avg (-1.84); drivers_starting (-1.58); rides_offers_generated (-1.56),passengers_acceptance_rate (-1.96); drivers_acceptance_rate (-1.14); drivers_idle_duration_avg (-0.68),passengers_acceptance_rate (+0.79); drivers_occupied_distance_avg (-0.65); drivers_occupied_duration_avg (-0.61),passengers_acceptance_rate (-2.82); rides_offers_price_uber_avg (+2.73); rides_offers_price_no_surge_avg (+2.65),passengers_pickup_reject v; rides_offers_radius_avg v; passengers_reject v,passengers_acceptance_rate v,passengers_acceptance_rate (+0.79); drivers_occupied_distance_avg (-0.65); drivers_occupied_duration_avg (-0.61),rq1-healthiness
wildcat_strike-boycott_tncs,managers_drivers,True,supply collapse (drivers -60%) + demand collapse (requests -60%),False,,0.08475828543428764,0.13941049489148916,0.22326684290855103,0.3353986701356302,14.666666666666666,1,14.666666666666666,14.666666666666666,demand-driven,demand,0.8755667574899616,0.12443324251003852,-0.012122206972534641,0.0022024975839633246,0.14937718742349634,-0.01531650046369179,0.023166518985115098,-0.02156619905787513,-0.013716180536451822,-0.018650883138895985,-0.018231816382670935,rides_offers_radius_avg (-1.84); drivers_starting (-1.58); rides_offers_generated (-1.56),passengers_acceptance_rate (-4.45); passengers_pickup_reject (+1.66); drivers_acceptance_rate (-1.06),passengers_pickup_reject (-1.39); drivers_total_length_avg (-0.80); drivers_occupied_distance_avg (-0.77),passengers_acceptance_rate (-3.04); drivers_occupied_duration_avg (+2.46); rides_offers_price_uber_avg (+2.40),passengers_pickup_reject v; rides_offers_radius_avg v; passengers_reject v,passengers_acceptance_rate v; passengers_pickup_reject ^,passengers_pickup_reject (-1.39); drivers_total_length_avg (-0.80); drivers_occupied_distance_avg (-0.77),rq1-healthiness
wildcat_strike-long_rides,baseline,True,supply collapse (drivers -60%) + ride lengths shifted to long/extreme,False,,0.096558231143307,0.21845868211515868,0.2691699908485249,0.28216704288939054,82.33333333333333,1,92.66666666666667,92.66666666666667,demand-driven,demand,0.7758698505262633,0.22413014947373658,-0.01221047968704336,0.025810083739023496,0.04929984629243343,0.07302505862093675,0.0,0.0,0.07302505862093675,0.05458104911220299,0.01844400950873376,rides_offers_price_lyft_avg (+11.56); rides_offers_price_no_surge_avg (+10.15); rides_offers_price_uber_avg (+9.39),,,rides_offers_price_lyft_avg (+10.73); rides_offers_price_no_surge_avg (+9.70); rides_offers_price_uber_avg (+9.20),rides_offers_price_lyft_avg ^; rides_offers_price_no_surge_avg ^; rides_offers_price_uber_avg ^,,,rq1-healthiness
wildcat_strike-long_rides,bank_tellers,True,supply collapse (drivers -60%) + ride lengths shifted to long/extreme,False,,0.09697327075282122,0.23672242451631662,0.3094652093104032,0.32505643340857787,86.0,1,86.0,86.0,not-served dominated,demand,0.8407834385552084,0.15921656144479154,0.037406725767973735,0.02277050921199861,0.044287736730736826,0.07302505862093675,0.008490069449887672,0.009773672951270268,0.09128880102209469,0.10378154408262644,-0.02098281251041942,rides_offers_price_lyft_avg (+11.56); rides_offers_price_no_surge_avg (+10.15); rides_offers_price_uber_avg (+9.39),passengers_acceptance_rate (-6.69); passengers_reject (+1.57); passengers_pickup_reject (+1.39),drivers_idle_duration_avg (+1.74); passengers_pickup_reject (+0.78); passengers_acceptance_rate (+0.72),rides_offers_price_lyft_avg (+13.49); rides_offers_price_no_surge_avg (+12.19); rides_offers_price_uber_avg (+11.52),rides_offers_price_lyft_avg ^; rides_offers_price_no_surge_avg ^; rides_offers_price_uber_avg ^,passengers_acceptance_rate v; passengers_pickup_reject ^; passengers_reject ^,drivers_idle_duration_avg (+1.74); passengers_pickup_reject (+0.78); passengers_acceptance_rate (+0.72),rq1-healthiness
wildcat_strike-long_rides,students,True,supply collapse (drivers -60%) + ride lengths shifted to long/extreme,False,,0.09456234489012726,0.22149702301182267,0.2753382707876167,0.30022573363431154,78.33333333333333,1,84.66666666666667,84.66666666666667,demand-driven,demand,0.8263939993642926,0.17360600063570739,0.008097925108366044,0.019179710760653834,0.04345810569335645,0.07302505862093675,0.00110164297117063,0.0019366979254933636,0.07606339951760074,0.06116539275078603,0.013796363795644084,rides_offers_price_lyft_avg (+11.56); rides_offers_price_no_surge_avg (+10.15); rides_offers_price_uber_avg (+9.39),passengers_acceptance_rate (-1.93); drivers_idle_duration_avg (-0.75); passengers_pickup_reject (+0.46),drivers_idle_duration_avg (+1.79); passengers_acceptance_rate (+0.62); passengers_rating_avg (-0.46),rides_offers_price_lyft_avg (+13.44); rides_offers_price_no_surge_avg (+12.11); rides_offers_price_uber_avg (+11.47),rides_offers_price_lyft_avg ^; rides_offers_price_no_surge_avg ^; rides_offers_price_uber_avg ^,passengers_acceptance_rate v,drivers_idle_duration_avg (+1.79); passengers_acceptance_rate (+0.62); passengers_rating_avg (-0.46),rq1-healthiness
wildcat_strike-long_rides,managers,True,supply collapse (drivers -60%) + ride lengths shifted to long/extreme,False,,0.0966430297460921,0.24238535469601555,0.2984306364956274,0.3235530474040632,91.33333333333333,1,100.0,100.0,not-served dominated,demand,0.8439799731360386,0.15602002686396146,0.024271616219009463,0.016377204396780826,0.04036103543175131,0.07302505862093675,0.011631264753731885,0.012295407827124988,0.09695173120179362,0.07419265767270719,0.011127808775354547,rides_offers_price_lyft_avg (+11.56); rides_offers_price_no_surge_avg (+10.15); rides_offers_price_uber_avg (+9.39),passengers_acceptance_rate (-4.78); drivers_idle_duration_avg (-1.64); passengers_pickup_reject (+1.22),drivers_idle_duration_avg (+0.91); passengers_acceptance_rate (+0.73); rides_offers_price_uber_avg (-0.62),rides_offers_price_lyft_avg (+14.52); rides_offers_price_no_surge_avg (+13.05); rides_offers_price_uber_avg (+12.30),rides_offers_price_lyft_avg ^; rides_offers_price_no_surge_avg ^; rides_offers_price_uber_avg ^,passengers_acceptance_rate v; passengers_pickup_reject ^,drivers_idle_duration_avg (+0.91); passengers_acceptance_rate (+0.73); rides_offers_price_uber_avg (-0.62),rq1-healthiness
wildcat_strike-long_rides,drivers,True,supply collapse (drivers -60%) + ride lengths shifted to long/extreme,False,,0.0985644061216981,0.22409621794116658,0.2873975086807126,0.30321239251323,111.66666666666667,1,110.0,110.0,demand-driven,demand,0.7339642483214032,0.2660357516785969,-0.0012872965149201322,0.033943990678425316,0.05180270377051791,0.07302505862093675,0.008142778839088621,-0.0025052430130807213,0.07866259444694465,0.07705630635578667,-0.00653649074793064,rides_offers_price_lyft_avg (+11.56); rides_offers_price_no_surge_avg (+10.15); rides_offers_price_uber_avg (+9.39),passengers_rating_avg (-1.84); drivers_acceptance_rate (-1.10); drivers_removed (+0.53),traffic_duration_avg (-0.46); passengers_pickup_reject (-0.46); passengers_acceptance_rate (+0.44),rides_offers_price_lyft_avg (+10.43); rides_offers_price_no_surge_avg (+9.52); rides_offers_price_uber_avg (+9.06),rides_offers_price_lyft_avg ^; rides_offers_price_no_surge_avg ^; rides_offers_price_uber_avg ^,,traffic_duration_avg (-0.46); passengers_pickup_reject (-0.46); passengers_acceptance_rate (+0.44),rq1-healthiness
wildcat_strike-long_rides,bank_tellers_drivers,True,supply collapse (drivers -60%) + ride lengths shifted to long/extreme,True,88071.0,0.10096609808775449,0.2564379010417486,0.33155038330483233,0.3471673164789682,113.33333333333333,1,127.33333333333333,127.33333333333333,not-served dominated,demand,0.8063413039162641,0.19365869608373587,0.039060561717716644,0.026756107054755906,0.04860115574949664,0.07302505862093675,0.03396251639764536,0.004016702528944538,0.11100427754752665,0.06767358593270967,0.00936817521717162,rides_offers_price_lyft_avg (+11.56); rides_offers_price_no_surge_avg (+10.15); rides_offers_price_uber_avg (+9.39),passengers_acceptance_rate (-6.89); passengers_rating_avg (-2.13); passengers_reject (+1.90),passengers_acceptance_rate (+0.84); drivers_acceptance_rate (+0.56); drivers_total_length_avg (-0.43),rides_offers_price_lyft_avg (+11.96); rides_offers_price_no_surge_avg (+10.95); rides_offers_price_uber_avg (+10.47),rides_offers_price_lyft_avg ^; rides_offers_price_no_surge_avg ^; rides_offers_price_uber_avg ^,passengers_acceptance_rate v; passengers_pickup_reject ^; passengers_reject ^,passengers_acceptance_rate (+0.84); drivers_acceptance_rate (+0.56); drivers_total_length_avg (-0.43),rq1-healthiness
wildcat_strike-long_rides,students_drivers,True,supply collapse (drivers -60%) + ride lengths shifted to long/extreme,True,85529.0,0.09859118396671084,0.22413796603714872,0.29792687492455655,0.31976018099547515,104.66666666666667,1,104.66666666666667,104.66666666666667,demand-driven,demand,0.7447030400868935,0.2552969599131066,0.007340119556390953,0.040232611985366096,0.049984157321132504,0.07302505862093675,0.014025150429520655,-0.008345866507530608,0.0787043425429268,0.06952352093551417,-0.004844328822108029,rides_offers_price_lyft_avg (+11.56); rides_offers_price_no_surge_avg (+10.15); rides_offers_price_uber_avg (+9.39),passengers_acceptance_rate (-2.17); passengers_rating_avg (-1.89); drivers_acceptance_rate (-1.25),drivers_idle_duration_avg (+0.94); passengers_acceptance_rate (+0.87); passengers_rating_avg (+0.79),rides_offers_price_lyft_avg (+11.03); rides_offers_price_no_surge_avg (+10.04); rides_offers_price_uber_avg (+9.58),rides_offers_price_lyft_avg ^; rides_offers_price_no_surge_avg ^; rides_offers_price_uber_avg ^,passengers_acceptance_rate v,drivers_idle_duration_avg (+0.94); passengers_acceptance_rate (+0.87); passengers_rating_avg (+0.79),rq1-healthiness
wildcat_strike-long_rides,managers_drivers,True,supply collapse (drivers -60%) + ride lengths shifted to long/extreme,False,,0.10247619774213712,0.250143853210805,0.3046631373193441,0.34864660940754433,128.0,2,133.0,124.33333333333333,not-served dominated,not_served,0.8254700231234408,0.1745299768765592,0.04550651206260737,0.025367168092912656,0.04215102216503984,0.07302505862093675,0.032118552300362535,-0.0004333812047161989,0.10471022971658309,0.04711749197634377,0.025474185439876784,rides_offers_price_lyft_avg (+11.56); rides_offers_price_no_surge_avg (+10.15); rides_offers_price_uber_avg (+9.39),passengers_acceptance_rate (-4.98); passengers_pickup_reject (+1.58); passengers_rating_avg (-1.38),drivers_idle_duration_avg (+1.46); passengers_acceptance_rate (+0.77); drivers_acceptance_rate (+0.58),rides_offers_price_lyft_avg (+12.70); rides_offers_price_no_surge_avg (+11.63); rides_offers_price_uber_avg (+11.11),rides_offers_price_lyft_avg ^; rides_offers_price_no_surge_avg ^; rides_offers_price_uber_avg ^,passengers_acceptance_rate v; passengers_pickup_reject ^,drivers_idle_duration_avg (+1.46); passengers_acceptance_rate (+0.77); drivers_acceptance_rate (+0.58),rq1-healthiness
