scenario,personality,metric,family,is_compound,level,reference_level,scenario_effect,personality_effect,interaction_effect,total_effect,scale,scenario_effect_z,personality_effect_z,interaction_effect_z,total_effect_z,scen_dev,scen_dev_z,pers_dev,pers_dev_z,abs_z
wildcat_strike,managers,drivers_idle_duration_avg,supply,False,851.3913032222222,781.1735767222222,-62.47094494444434,-190.57678199999987,323.26545344444423,70.21772650000003,118.66998750599998,-0.5264258154681764,-1.6059391764102466,2.7240708475519124,0.5917058556734894,260.7945084999999,2.197645032083736,132.68867144444437,1.1181316711416658,2.7240708475519124
boycott_tncs-long_rides,managers,drivers_idle_duration_avg,supply,True,1083.0314629444442,998.3249126111112,-20.3887358611114,-194.07722130555555,299.17250749999994,84.70655033333298,118.66998750599998,-0.17181038179582298,-1.635436434976813,2.5210460857668306,0.7137992689941945,278.78377163888854,2.349235703971008,105.09528619444438,0.8856096507900177,2.5210460857668306
wildcat_strike-boycott_tncs,managers,drivers_idle_duration_avg,supply,True,799.521165888889,781.1735767222222,-87.63558761111108,-190.57678199999987,296.55995877777775,18.347589166666808,118.66998750599998,-0.7384814766807,-1.6059391764102466,2.4990308418359244,0.15461018874497773,208.92437116666667,1.7605493651552244,105.98317677777789,0.8930916654256777,2.4990308418359244
underground_alarm-flash_mob,managers,drivers_idle_duration_avg,supply,True,615.2222098518517,743.0898619999999,-200.85606859259258,-203.15612192592596,276.14453837037036,-127.86765214814818,118.66998750599998,-1.6925599539853093,-1.7119418834998557,2.326995596560659,-1.0775062409245064,75.28846977777778,0.6344356425753495,72.9884164444444,0.6150537130608031,2.326995596560659
underground_alarm-wildcat_strike,bank_tellers,drivers_idle_duration_avg,supply,True,734.7614542777776,781.1735767222222,-179.37851705555545,-128.34300061111105,261.30939522222195,-46.41212244444455,118.66998750599998,-1.5115744159531999,-1.0815118743028602,2.201983843716256,-0.39110244653980386,81.9308781666665,0.6904094277630564,132.9663946111109,1.120471969413396,2.201983843716256
underground_alarm-wildcat_strike,students_drivers,drivers_idle_duration_avg,supply,True,769.7122285,781.1735767222222,-179.37851705555545,-81.05339272222216,248.9705615555555,-11.461348222222114,118.66998750599998,-1.5115744159531999,-0.683015094428354,2.098007818050604,-0.09658169233094951,69.59204450000004,0.5864334020974042,167.91716883333333,1.4149927236222501,2.098007818050604
flash_mob-boycott_tncs,bank_tellers,drivers_idle_duration_avg,supply,True,815.5506563888889,781.1735767222222,-78.52910666666662,-128.34300061111105,241.24918694444443,34.37707966666676,118.66998750599998,-0.661743616200315,-1.0815118743028602,2.0329418753182797,0.28968638481510456,162.7200802777778,1.3711982591179648,112.90618633333338,0.9514300010154195,2.0329418753182797
underground_alarm-wildcat_strike,students,drivers_idle_duration_avg,supply,True,703.2906307222221,781.1735767222222,-179.37851705555545,-133.46085116666666,234.95642222222205,-77.88294600000006,118.66998750599998,-1.5115744159531999,-1.1246386215378918,1.9799144430713165,-0.6562985944197751,55.577905166666596,0.4683400271181166,101.49557105555539,0.8552758215334246,1.9799144430713165
long_rides,managers,drivers_idle_duration_avg,supply,False,994.3532915277776,998.3249126111112,-41.3774770277779,-194.07722130555555,231.48307724999984,-3.9716210833336163,118.66998750599998,-0.34867684658419507,-1.635436434976813,1.950645501149109,-0.033467780411899094,190.10560022222194,1.601968654564914,37.40585594444428,0.31520906617229616,1.950645501149109
flash_mob,managers,rides_offers_price_uber_avg,market,False,23.608580444444446,20.79602388888889,3.725555555555559,0.30303722222221907,-1.2160362222222219,2.812556555555556,0.625182768000003,5.959146262898181,0.48471781010799964,-1.945089155467919,4.498774917538262,2.509519333333337,4.014057107430262,-0.9129990000000028,-1.4603713453599194,1.945089155467919
wildcat_strike-boycott_tncs,drivers,drivers_idle_duration_avg,supply,True,869.1817177777776,781.1735767222222,-87.63558761111108,-53.40989644444437,229.05362511111093,88.00814105555548,118.66998750599998,-0.7384814766807,-0.45007080195187477,1.9301731627765608,0.7416208841439861,141.41803749999985,1.1916916860958608,175.64372866666656,1.4801023608246862,1.9301731627765608
wildcat_strike-boycott_tncs,bank_tellers,drivers_idle_duration_avg,supply,True,791.9969020555556,781.1735767222222,-87.63558761111108,-128.34300061111105,226.80191355555553,10.8233253333334,118.66998750599998,-0.7384814766807,-1.0815118743028602,1.9111985963939566,0.09120524541039637,139.16632594444445,1.1727171197132567,98.45891294444448,0.8296867220910964,1.9111985963939566
flash_mob-wildcat_strike,managers,drivers_idle_duration_avg,supply,True,673.9456807777777,781.1735767222222,-143.25709299999983,-190.57678199999987,226.60597905555528,-107.22789594444441,118.66998750599998,-1.2071889111200649,-1.6059391764102466,1.9095475091720056,-0.903580578358306,83.34888605555545,0.7023585980519407,36.029197055555414,0.3036083327617589,1.9095475091720056
flash_mob-boycott_tncs,managers,drivers_idle_duration_avg,supply,True,737.0689802777779,781.1735767222222,-78.52910666666662,-190.57678199999987,225.00129222222222,-44.10459644444427,118.66998750599998,-0.661743616200315,-1.6059391764102466,1.8960252457332238,-0.3716575468773377,146.4721855555556,1.2342816295329089,34.42451022222235,0.2900860693229772,1.8960252457332238
underground_alarm,managers,drivers_idle_duration_avg,supply,False,624.7595191851851,743.0898619999999,-139.60501622222216,-203.15612192592596,224.43079533333332,-118.3303428148148,118.66998750599998,-1.1764138444454095,-1.7119418834998557,1.891217822214619,-0.9971379057306464,84.82577911111116,0.7148039777692095,21.274673407407363,0.17927593871476333,1.891217822214619
flash_mob-long_rides,bank_tellers,drivers_idle_duration_avg,supply,True,925.203826638889,998.3249126111112,-133.95277425000018,-163.21498108333344,224.0466693611114,-73.1210859722222,118.66998750599998,-1.1287839247748086,-1.3753686548174724,1.8879808961788553,-0.6161716834134257,90.09389511111124,0.7591969714040467,60.83168827777797,0.512612241361383,1.8879808961788553
boycott_tncs,drivers,drivers_idle_duration_avg,supply,False,888.2943465555555,781.1735767222222,-61.12974666666662,-53.40989644444437,221.66041294444437,107.12076983333338,118.66998750599998,-0.5151238990698965,-0.45007080195187477,1.8678725565150764,0.9026778554933051,160.53066627777775,1.35274865744518,168.2505165,1.4178017545632016,1.8678725565150764
boycott_tncs,bank_tellers_drivers,drivers_idle_duration_avg,supply,False,849.4899111111112,781.1735767222222,-61.12974666666662,-92.01204077777788,221.4581218333335,68.316334388889,118.66998750599998,-0.5151238990698965,-0.7753606679458506,1.8661679038445718,0.5756833368288247,160.3283751666669,1.3510440047746752,129.44608105555562,1.0908072358987213,1.8661679038445718
flash_mob,managers_drivers,rides_offers_price_uber_avg,market,False,23.56595522222223,20.79602388888889,3.725555555555559,0.19641022222222304,-1.1520344444444426,2.7699313333333393,0.625182768000003,5.959146262898181,0.31416448481225906,-1.8427162478100116,4.430594499900429,2.5735211111111163,4.116430015088169,-0.9556242222222195,-1.5285517629977525,1.8427162478100116
boycott_tncs-long_rides,bank_tellers,drivers_idle_duration_avg,supply,True,1031.88855175,998.3249126111112,-20.3887358611114,-163.21498108333344,217.16735608333363,33.56363913888879,118.66998750599998,-0.17181038179582298,-1.3753686548174724,1.830010777344639,0.28283174073134376,196.77862022222223,1.658200395548816,53.95237500000019,0.4546421225271666,1.830010777344639
underground_alarm-long_rides,bank_tellers,passengers_pickup_reject,passenger_decisions,True,0.4187310833333333,0.11379150000000002,0.14638883333333333,0.06862486111111107,0.08992588888888886,0.30493958333333326,0.049415058,2.96243370458724,1.3887439150857837,1.8198074135395907,6.170985033212615,0.2363147222222222,4.782241118126831,0.15855074999999993,3.2085513286253744,1.8198074135395907
wildcat_strike-long_rides,students,drivers_idle_duration_avg,supply,True,1016.156108138889,998.3249126111112,-104.92355350000014,-89.48062883333353,212.23537786111137,17.83119552777771,118.66998750599998,-0.8841625056604575,-0.7540291417727617,1.7884503261650777,0.15025867873185847,107.31182436111123,0.9042878205046202,122.75474902777785,1.0344211843923161,1.7884503261650777
flash_mob-long_rides,managers_drivers,drivers_idle_duration_avg,supply,True,991.8642256666667,998.3249126111112,-133.95277425000018,-81.15870836111128,208.6507956666669,-6.4606869444445465,118.66998750599998,-1.1287839247748086,-0.683902560931911,1.7582440181525887,-0.054442467554131097,74.69802141666673,0.6294600933777801,127.49208730555563,1.0743414572206778,1.7582440181525887
flash_mob-long_rides,managers,drivers_idle_duration_avg,supply,True,878.8892031388889,998.3249126111112,-133.95277425000018,-194.07722130555555,208.59428608333337,-119.43570947222236,118.66998750599998,-1.1287839247748086,-1.635436434976813,1.7577678271246704,-1.0064525326269513,74.6415118333332,0.6289839023498618,14.517064777777819,0.12233139214785749,1.7577678271246704
underground_alarm-long_rides,managers,rides_offers_price_uber_avg,market,True,27.602893027777778,20.522367444444445,7.738272833333333,0.43471774999999724,-1.0924649999999971,7.080525583333333,0.625182768000003,12.377616961658315,0.6953450610781952,-1.747433000264639,11.325529022471871,6.645807833333336,10.630183961393676,-0.6577472499999999,-1.052087939186444,1.747433000264639
boycott_tncs,bank_tellers_drivers,passengers_pickup_reject,passenger_decisions,False,0.0654445,0.12836083333333334,-0.07544400000000001,0.09875955555555554,-0.08623188888888887,-0.06291633333333334,0.049415058,-1.5267410998485524,1.9985720861757472,-1.7450528721202527,-1.2732218857930582,-0.1616758888888889,-3.271793971968805,0.012527666666666673,0.2535192140554945,1.7450528721202527
flash_mob,managers,rides_offers_price_no_surge_avg,market,False,23.83094188888889,21.27252911111111,3.4188154444444443,0.17170700000000494,-1.032109666666667,2.5584127777777823,0.5929510439999985,5.7657634285984205,0.28958039915350137,-1.7406321771594173,4.314711650592504,2.3867057777777774,4.025131251439003,-0.860402666666662,-1.451051778005916,1.7406321771594173
wildcat_strike-long_rides,bank_tellers,drivers_idle_duration_avg,supply,True,936.1606576388889,998.3249126111112,-104.92355350000014,-163.21498108333344,205.97427961111123,-62.16425497222235,118.66998750599998,-0.8841625056604575,-1.3753686548174724,1.7356897387445762,-0.5238414217333537,101.05072611111109,0.8515272330841187,42.75929852777779,0.3603210839271038,1.7356897387445762
boycott_tncs,managers,drivers_idle_duration_avg,supply,False,731.0150115555554,781.1735767222222,-61.12974666666662,-190.57678199999987,201.5479634999997,-50.15856516666679,118.66998750599998,-0.5151238990698965,-1.6059391764102466,1.6983903658859776,-0.4226727095941656,140.41821683333308,1.183266466816081,10.97118149999983,0.09245118947573094,1.6983903658859776
flash_mob-boycott_tncs,managers_drivers,drivers_occupied_distance_avg,supply,True,4541.202913055556,5108.079767277777,529.6723081666678,735.4295247777782,-1831.9786871666674,-566.8768542222215,1111.921141191,0.4763577996181686,0.661404390593784,-1.6475796882541507,-0.5098174980421982,-1302.3063789999997,-1.1712218886359822,-1096.5491623888893,-0.9861752976603667,1.6475796882541507
flash_mob,managers_drivers,rides_offers_price_no_surge_avg,market,False,23.829385999999996,21.27252911111111,3.4188154444444443,0.11113344444444806,-0.9730920000000047,2.5568568888888876,0.5929510439999985,5.7657634285984205,0.187424317014017,-1.6411000703120562,4.312087675300381,2.4457234444444396,4.124663358286364,-0.8619585555555567,-1.453675753298039,1.6411000703120562
underground_alarm-wildcat_strike,bank_tellers,passengers_pickup_reject,passenger_decisions,True,0.3693241111111111,0.12836083333333334,0.08302761111111115,0.0776849444444444,0.08025072222222218,0.24096327777777773,0.049415058,1.6802087151473373,1.5720905243993522,1.6240135187582332,4.876312758304923,0.16327833333333333,3.3042222339055707,0.15793566666666659,3.196104043157585,1.6240135187582332
boycott_tncs-long_rides,bank_tellers_drivers,drivers_idle_duration_avg,supply,True,1104.7605652500001,998.3249126111112,-20.3887358611114,-62.78151622222231,189.6059047222226,106.43565263888888,118.66998750599998,-0.17181038179582298,-0.5290429159188044,1.5977578552676266,0.8969045575529994,169.2171688611112,1.4259474734718036,126.82438850000028,1.0687149393488222,1.5977578552676266
flash_mob-boycott_tncs,managers_drivers,drivers_occupied_duration_avg,supply,True,526.3358245000001,591.2400875555555,50.353567277777756,76.1359320555556,-191.39376238888883,-64.90426305555548,119.98649182799998,0.41966030101087826,0.6345375291469982,-1.595127580388389,-0.5409297502305126,-141.04019511111107,-1.1754672793775107,-115.25783033333323,-0.9605900512413909,1.595127580388389
flash_mob,students_drivers,rides_offers_price_uber_avg,market,False,23.717766222222217,20.79602388888889,3.725555555555559,0.19200466666666927,-0.9958178888889009,2.9217423333333272,0.625182768000003,5.959146262898181,0.30711765661888546,-1.5928428291051298,4.673421090411937,2.729737666666658,4.3663034337930515,-0.8038132222222316,-1.2857251724862442,1.5928428291051298
underground_alarm-wildcat_strike,bank_tellers_drivers,passengers_pickup_reject,passenger_decisions,True,0.3869907222222222,0.12836083333333334,0.08302761111111115,0.09875955555555554,0.07684272222222213,0.2586298888888888,0.049415058,1.6802087151473373,1.9985720861757472,1.5550466868261519,5.233827488149236,0.15987033333333328,3.235255401973489,0.17560227777777768,3.553618773001899,1.5550466868261519
boycott_tncs,students,drivers_idle_duration_avg,supply,False,768.5129106111111,781.1735767222222,-61.12974666666662,-133.46085116666666,181.92993172222225,-12.660666111111027,118.66998750599998,-0.5151238990698965,-1.1246386215378918,1.5330744996751924,-0.10668802093259595,120.80018505555563,1.0179506006052959,48.46908055555559,0.40843587813730053,1.5330744996751924
underground_alarm-long_rides,managers,rides_offers_price_no_surge_avg,market,True,28.12214925,20.972370111111108,7.703691083333339,0.3546692222222241,-0.9085811666666714,7.149779138888892,0.5929510439999985,12.992119941917766,0.5981425040247083,-1.5323038484551073,12.057958597487366,6.795109916666668,11.459816093462658,-0.5539119444444474,-0.934161344430399,1.5323038484551073
flash_mob-boycott_tncs,drivers,passengers_rating_avg,passenger_experience,True,4.871114388888889,4.890071722222222,0.020294666666666572,-0.007513166666667459,-0.03173883333333283,-0.018957333333333715,0.021075158999998813,0.9629662422318007,-0.3564939494249074,-1.5059831023497672,-0.8995108095428738,-0.011444166666666256,-0.5430168601179665,-0.03925200000000029,-1.8624770517746745,1.5059831023497672
flash_mob,students_drivers,rides_offers_price_no_surge_avg,market,False,23.947295666666665,21.27252911111111,3.4188154444444443,0.14519244444445079,-0.889241333333338,2.674766555555557,0.5929510439999985,5.7657634285984205,0.2448641349292424,-1.4996876088362874,4.510939954691375,2.5295741111111063,4.266075819762133,-0.7440488888888872,-1.254823473907045,1.4996876088362874
flash_mob-boycott_tncs,bank_tellers_drivers,passengers_pickup_reject,passenger_decisions,True,0.11244433333333333,0.12836083333333334,-0.04144433333333333,0.09875955555555554,-0.07323172222222223,-0.015916500000000014,0.049415058,-0.8386984658266178,1.9985720861757472,-1.481971795362908,-0.32209817501377846,-0.11467605555555556,-2.320670261189526,0.02552783333333332,0.5166002908128393,1.481971795362908
flash_mob-wildcat_strike,managers_drivers,drivers_acceptance_rate,driver_decisions,True,1.9910798333333333,2.173982944444444,-0.2673137222222217,-0.21423194444444404,0.29864255555555497,-0.1829031111111108,0.20223405300000016,-1.3218037133549487,-1.0593267615738478,1.476717452503188,-0.9044130224256083,0.03132883333333325,0.15491373914823936,0.08441061111111092,0.41739069092934034,1.476717452503188
wildcat_strike-long_rides,managers_drivers,drivers_idle_duration_avg,supply,True,985.6071466666667,998.3249126111112,-104.92355350000014,-81.15870836111128,173.3644959166669,-12.717765944444523,118.66998750599998,-0.8841625056604575,-0.683902560931911,1.4608958807541927,-0.10716918583817589,68.44094241666676,0.5767333750937352,92.20578755555562,0.7769933198222817,1.4608958807541927
flash_mob,students_drivers,passengers_acceptance_rate,passenger_decisions,False,1.932303,2.1753686666666665,-0.15665822222222214,-0.2523707777777777,0.16596333333333346,-0.2430656666666664,0.11626549199999957,-1.3474180474996202,-2.1706421521682344,1.4274513484476896,-2.090608851220165,0.00930511111111132,0.08003330094806937,-0.08640744444444426,-0.7431908037205448,1.4274513484476896
wildcat_strike,bank_tellers,drivers_idle_duration_avg,supply,False,757.4891065,781.1735767222222,-62.47094494444434,-128.34300061111105,167.1294753333333,-23.684470222222103,118.66998750599998,-0.5264258154681764,-1.0815118743028602,1.4083550428020664,-0.19958264696897024,104.65853038888895,0.88192922733389,38.78647472222224,0.32684316849920614,1.4083550428020664
flash_mob-long_rides,drivers,drivers_idle_duration_avg,supply,True,995.5998644444445,998.3249126111112,-133.95277425000018,-35.66905833333351,166.89678441666695,-2.7250481666667383,118.66998750599998,-1.1287839247748086,-0.30057354081654447,1.4063942191637004,-0.022963246427652646,32.94401016666677,0.27761029438889184,131.22772608333344,1.105820678347156,1.4063942191637004
boycott_tncs,drivers,drivers_acceptance_rate,driver_decisions,False,2.0111595,2.173982944444444,0.23042066666666727,-0.10954972222222192,-0.2836943888888892,-0.16282344444444385,0.20223405300000016,1.1393761992529867,-0.541697704205245,-1.4028022713310748,-0.8051237762833331,-0.05327372222222193,-0.2634260720780881,-0.3932441111111111,-1.9444999755363197,1.4028022713310748
wildcat_strike-boycott_tncs,managers_drivers,passengers_pickup_reject,passenger_decisions,True,0.06605516666666666,0.12836083333333334,-0.07547200000000001,0.08194411111111113,-0.0687777777777778,-0.062305666666666676,0.049415058,-1.527307728749403,1.6582822003590714,-1.3918384508984651,-1.2608639792887966,-0.1442497777777778,-2.919146179647868,0.013166333333333335,0.2664437494606062,1.3918384508984651
flash_mob,managers,rides_offers_price_lyft_avg,market,False,24.187901888888888,22.076257222222218,2.8971866666666664,-0.04366199999999765,-0.7418799999999983,2.1116446666666704,0.5353149690000025,5.412115921358913,-0.08156319648890192,-1.38587568620745,3.9446770386625607,2.155306666666668,4.026240235151462,-0.785541999999996,-1.4674388826963518,1.38587568620745
wildcat_strike-boycott_tncs,students,drivers_idle_duration_avg,supply,True,722.9447439444443,781.1735767222222,-87.63558761111108,-133.46085116666666,162.8676059999999,-58.228832777777825,118.66998750599998,-0.7384814766807,-1.1246386215378918,1.3724414186170306,-0.4906786796015611,75.23201838888883,0.6339599419363307,29.406754833333252,0.24780279707913877,1.3724414186170306
boycott_tncs,managers,passengers_pickup_reject,passenger_decisions,False,0.05758316666666667,0.12836083333333334,-0.07544400000000001,0.07180549999999997,-0.06713916666666662,-0.07077766666666667,0.049415058,-1.5267410998485524,1.4531096978576847,-1.3586782932981,-1.4323096952889678,-0.14258316666666665,-2.8854193931466527,0.004666333333333342,0.09443140455958465,1.3586782932981
flash_mob-boycott_tncs,students_drivers,passengers_rating_avg,passenger_experience,True,4.878832166666667,4.890071722222222,0.020294666666666572,-0.0029574999999999463,-0.02857672222222174,-0.011239555555555114,0.021075158999998813,0.9629662422318007,-0.14033108836806937,-1.3559433749573775,-0.5333082210936462,-0.008282055555555168,-0.39297713272557677,-0.031534222222221686,-1.4962744633254468,1.3559433749573775
underground_alarm-wildcat_strike,managers,drivers_idle_duration_avg,supply,True,571.3313750555556,781.1735767222222,-179.37851705555545,-190.57678199999987,160.11309738888872,-209.8422016666666,118.66998750599998,-1.5115744159531999,-1.6059391764102466,1.3492299169644166,-1.7682836753990299,-19.26541966666673,-0.16234449898878323,-30.463684611111148,-0.25670925944583,1.3492299169644166
flash_mob,bank_tellers_drivers,rides_offers_price_uber_avg,market,False,23.648014666666672,20.79602388888889,3.725555555555559,-0.03119855555555162,-0.8423662222222248,2.8519907777777824,0.625182768000003,5.959146262898181,-0.04990309578646523,-1.3473919393476,4.561851227764116,2.883189333333334,4.611754323550581,-0.8735647777777764,-1.3972950351340652,1.3473919393476
underground_alarm-flash_mob,bank_tellers_drivers,drivers_idle_duration_avg,supply,True,609.6346761481481,743.0898619999999,-200.85606859259258,-92.45886688888879,159.8597496296295,-133.45518585185187,118.66998750599998,-1.6925599539853093,-0.7791259511526791,1.3470950236810884,-1.1245908814569003,-40.99631896296307,-0.345464930304221,67.40088274074071,0.5679690725284092,1.3470950236810884
flash_mob-boycott_tncs,managers_drivers,drivers_total_length_avg,supply,True,20604.150558166668,22410.883365944446,2672.1382157222215,3383.088174388886,-7861.959197888886,-1806.7328077777784,5978.65403394,0.4469464532573484,0.5658611712909892,-1.3150048745516332,-0.30219725000329567,-5189.820982166664,-0.8680584212942848,-4478.8710235,-0.749143703260644,1.3150048745516332
underground_alarm,bank_tellers,drivers_idle_duration_avg,supply,False,654.7322631851852,743.0898619999999,-139.60501622222216,-104.51319251851851,155.7606099259259,-88.35759881481476,118.66998750599998,-1.1764138444454095,-0.880704504272694,1.312552678224986,-0.7445656704931176,16.155593703703744,0.13613883377957636,51.2474174074074,0.4318481739522919,1.312552678224986
flash_mob,students_drivers,rides_offers_price_lyft_avg,market,False,24.318438444444446,22.076257222222218,2.8971866666666664,0.04692644444444838,-0.7019318888888861,2.2421812222222286,0.5353149690000025,5.412115921358913,0.0876613716446404,-1.3112502536593234,4.18852703934423,2.19525477777778,4.10086566769959,-0.6550054444444378,-1.223588882014683,1.3112502536593234
flash_mob-wildcat_strike,bank_tellers,drivers_idle_duration_avg,supply,True,664.2577343888888,781.1735767222222,-143.25709299999983,-128.34300061111105,154.68425127777755,-116.91584233333333,118.66998750599998,-1.2071889111200649,-1.0815118743028602,1.3034824940042795,-0.9852182914186457,11.427158277777721,0.09629358288421463,26.341250666666497,0.2219706197014193,1.3034824940042795
underground_alarm-flash_mob,bank_tellers,passengers_pickup_reject,passenger_decisions,True,0.424704,0.1297406666666667,0.15496266666666655,0.07570362962962959,0.06429703703703721,0.29496333333333336,0.049415058,3.135940195935145,1.5319951588365959,1.3011628365798378,5.969098191351579,0.21925970370370376,4.437103032514983,0.1400006666666668,2.8331579954164336,1.3011628365798378
flash_mob,students,rides_offers_price_uber_avg,market,False,23.70549766666667,20.79602388888889,3.725555555555559,-0.005286111111111325,-0.8107956666666674,2.90947377777778,0.625182768000003,5.959146262898181,-0.008455305203023924,-1.2968938175638638,4.653797140131293,2.9147598888888915,4.6622524453343175,-0.8160817777777787,-1.3053491227668876,1.2968938175638638
boycott_tncs,bank_tellers,passengers_pickup_reject,passenger_decisions,False,0.06672183333333334,0.12836083333333334,-0.07544400000000001,0.0776849444444444,-0.06387994444444439,-0.061639,0.049415058,-1.5267410998485524,1.5720905243993522,-1.2927222395336335,-1.2473728149828338,-0.1393239444444444,-2.819463339382186,0.013805000000000012,0.27936828486571863,1.2927222395336335
wildcat_strike-boycott_tncs,bank_tellers,passengers_pickup_reject,passenger_decisions,True,0.0667225,0.12836083333333334,-0.07547200000000001,0.0776849444444444,-0.06385127777777773,-0.06163833333333334,0.049415058,-1.527307728749403,1.5720905243993522,-1.2921421194684772,-1.2473593238185279,-0.13932327777777775,-2.8194498482178805,0.013833666666666675,0.2799484049308749,1.2921421194684772
underground_alarm,students_drivers,drivers_idle_duration_avg,supply,False,691.6113935555555,743.0898619999999,-139.60501622222216,-65.05988029629623,153.186428074074,-51.47846844444439,118.66998750599998,-1.1764138444454095,-0.5482420758914025,1.2908607415697997,-0.4337951787670124,13.58141185185184,0.11444689712439016,88.12654777777777,0.7426186656783972,1.2908607415697997
flash_mob,managers_drivers,rides_offers_price_lyft_avg,market,False,24.276448444444444,22.076257222222218,2.8971866666666664,-0.011681666666660817,-0.6853137777777789,2.2001912222222266,0.5353149690000025,5.412115921358913,-0.02182204373713443,-1.2802066399487806,4.110087237672998,2.2118728888888874,4.131909281410132,-0.6969954444444397,-1.302028683685915,1.2802066399487806
underground_alarm-long_rides,managers_drivers,traffic_length_avg,trip,True,3948.273763416667,3918.707275333333,78.01773077777807,52.588738611111694,-101.03998130555601,29.566488083333752,79.72573270199983,0.9785765289783418,0.6596206372624853,-1.2673446562507606,0.37085250999006636,-23.022250527777942,-0.28876812727241885,-48.45124269444432,-0.6077240189882753,1.2673446562507606
flash_mob-wildcat_strike,bank_tellers_drivers,drivers_acceptance_rate,driver_decisions,True,1.9243280000000003,2.173982944444444,-0.2673137222222217,-0.23600422222222162,0.2536629999999995,-0.2496549444444438,0.20223405300000016,-1.3218037133549487,-1.1669855730094152,1.2543040909139043,-1.2344851954504596,-0.013650722222222189,-0.06749962244104446,0.017658777777777912,0.08731851790448908,1.2543040909139043
boycott_tncs,managers_drivers,passengers_pickup_reject,passenger_decisions,False,0.07299983333333335,0.12836083333333334,-0.07544400000000001,0.08194411111111113,-0.06186111111111112,-0.055360999999999994,0.049415058,-1.5267410998485524,1.6582822003590714,-1.2518676212241038,-1.1203265207135849,-0.13730511111111113,-2.778608721072656,0.020083000000000018,0.4064145791349676,1.2518676212241038
boycott_tncs,bank_tellers,drivers_idle_duration_avg,supply,False,738.3932538333332,781.1735767222222,-61.12974666666662,-128.34300061111105,146.69242438888875,-42.78032288888892,118.66998750599998,-0.5151238990698965,-1.0815118743028602,1.236137522821193,-0.3604982505515637,85.56267772222213,0.7210136237512965,18.3494237777777,0.15462564851833283,1.236137522821193
wildcat_strike-boycott_tncs,bank_tellers_drivers,passengers_pickup_reject,passenger_decisions,True,0.09077733333333333,0.12836083333333334,-0.07547200000000001,0.09875955555555554,-0.06087105555555554,-0.037583500000000006,0.049415058,-1.527307728749403,1.9985720861757472,-1.231832117966057,-0.7605677605397125,-0.13634305555555554,-2.7591398467154598,0.037888500000000006,0.7667399682096903,1.231832117966057
flash_mob,managers,drivers_idle_duration_avg,supply,False,610.4281614444443,686.4553451111112,-70.96497388888906,-151.1905260000002,146.12831622222234,-76.02718366666693,118.66998750599998,-0.598002708016642,-1.2740418127401925,1.2313839353428266,-0.6406605854140077,75.16334233333328,0.6333812273261846,-5.062209777777866,-0.04265787739736582,1.2313839353428266
boycott_tncs-long_rides,students_drivers,drivers_idle_duration_avg,supply,True,980.6205008055556,998.3249126111112,-20.3887358611114,-143.33811036111115,146.0224344166669,-17.70441180555565,118.66998750599998,-0.17181038179582298,-1.2078716225858197,1.2304916979053695,-0.1491903064762732,125.6336985555555,1.0586813161095465,2.6843240555557486,0.022620075319549793,1.2304916979053695
flash_mob,students,rides_offers_price_no_surge_avg,market,False,23.93829444444444,21.27252911111111,3.4188154444444443,-0.050240555555550515,-0.7028095555555609,2.665765333333333,0.5929510439999985,5.7657634285984205,-0.08472968563581892,-1.1852741683604535,4.495759574602148,2.7160058888888834,4.580489260237967,-0.7530501111111114,-1.2700038539962724,1.1852741683604535
wildcat_strike,bank_tellers_drivers,drivers_acceptance_rate,driver_decisions,False,2.119870166666667,2.173982944444444,-0.057731611111111025,-0.23600422222222162,0.2396230555555554,-0.05411277777777723,0.20223405300000016,-0.2854692879596839,-1.1669855730094152,1.18487985579538,-0.2675750051737191,0.18189144444444438,0.8994105678356961,0.003618833333333793,0.01789428278596472,1.18487985579538
underground_alarm-wildcat_strike,bank_tellers_drivers,drivers_idle_duration_avg,supply,True,650.3770086666666,781.1735767222222,-179.37851705555545,-92.01204077777788,140.59398977777778,-130.79656805555555,118.66998750599998,-1.5115744159531999,-0.7753606679458506,1.1847476580434402,-1.1021874258556104,-38.78452727777767,-0.3268267579097597,48.581948999999895,0.4093869900975896,1.1847476580434402
wildcat_strike-boycott_tncs,drivers,rides_offers_price_lyft_avg,market,True,22.03780377777778,21.92458222222222,-0.4192202222222221,-0.10028905555555312,0.6327308333333335,0.11322155555555824,0.5353149690000025,-0.7831281516475213,-0.1873458830095832,1.1819785919966128,0.2115045573395085,0.21351061111111136,0.39885044034909156,0.5324417777777803,0.9946327089870296,1.1819785919966128
underground_alarm-wildcat_strike,managers,passengers_pickup_reject,passenger_decisions,True,0.34152744444444444,0.12836083333333334,0.08302761111111115,0.07180549999999997,0.05833349999999998,0.2131666111111111,0.049415058,1.6802087151473373,1.4531096978576847,1.1804802495627948,4.313798662567817,0.14136111111111113,2.860688964710132,0.13013899999999995,2.6335899474204796,1.1804802495627948
flash_mob-wildcat_strike,bank_tellers,drivers_acceptance_rate,driver_decisions,True,2.055997722222222,2.173982944444444,-0.2673137222222217,-0.08736449999999962,0.23669299999999938,-0.11798522222222196,0.20223405300000016,-1.3218037133549487,-0.43199697926243685,1.1703914177104446,-0.5834092749069409,-0.03062072222222234,-0.1514122956445041,0.14932849999999975,0.7383944384480078,1.1703914177104446
flash_mob-boycott_tncs,managers_drivers,drivers_shift_duration_avg,supply,True,3424.9815990555558,3766.5394167777777,254.91528661111124,486.2720998888899,-1082.745204222223,-341.5578177222219,934.3746984599999,0.2728191238817283,0.5204251577984129,-1.1587912279803398,-0.3655469463001987,-827.8299176111118,-0.8859721040986115,-596.4731043333331,-0.6383660701819269,1.1587912279803398
flash_mob-boycott_tncs,bank_tellers_drivers,drivers_idle_duration_avg,supply,True,746.9502043888888,781.1735767222222,-78.52910666666662,-92.01204077777788,136.31777511111113,-34.22337233333337,118.66998750599998,-0.661743616200315,-0.7753606679458506,1.1487131496008531,-0.2883911345453123,57.78866844444451,0.48696953340053817,44.30573433333325,0.37335248165500257,1.1487131496008531
underground_alarm,bank_tellers_drivers,drivers_idle_duration_avg,supply,False,646.8532057037036,743.0898619999999,-139.60501622222216,-92.45886688888879,135.8272268148146,-96.23665629629636,118.66998750599998,-1.1764138444454095,-0.7791259511526791,1.1445794313237552,-0.8109603642743336,-3.7777894074075675,-0.03183441312165436,43.3683599259258,0.36545348017107604,1.1445794313237552
wildcat_strike,managers,drivers_occupied_distance_avg,supply,False,5478.292769888889,5108.079767277777,-320.18541644444394,-565.4559739999986,1255.8543930555543,370.21300261111173,1111.921141191,-0.28795694639053915,-0.5085396374371728,1.1294455573624445,0.3329489735347324,935.6689766111103,0.8414886109719053,690.3984190555557,0.6209059199252717,1.1294455573624445
underground_alarm-long_rides,managers,rides_offers_price_lyft_avg,market,True,28.948589222222225,21.73318947222222,7.594743194444444,0.22452147222222152,-0.6038649166666623,7.215399750000003,0.5353149690000025,14.18742914780029,0.41941937966285503,-1.1280553536448175,13.478793173818326,6.990878277777782,13.059373794155471,-0.3793434444444408,-0.7086359739819624,1.1280553536448175
flash_mob,managers,drivers_occupied_duration_avg,supply,False,569.2963050000001,549.7100088888889,-66.26172244444444,-49.42904322222216,135.27706177777782,19.58629611111121,119.98649182799998,-0.5522431853364818,-0.41195506651764136,1.127435761449687,0.16323750959556402,69.01533933333337,0.5751925761132053,85.84801855555565,0.7154806949320457,1.127435761449687
wildcat_strike,students_drivers,drivers_acceptance_rate,driver_decisions,False,2.11337,2.173982944444444,-0.057731611111111025,-0.23009238888888883,0.22721105555555599,-0.06061294444444387,0.20223405300000016,-0.2854692879596839,-1.137752942571391,1.1235054244576497,-0.2997168060734253,0.16947944444444496,0.8380361364979658,-0.0028813333333328472,-0.014247518113741364,1.1235054244576497
underground_alarm,managers_drivers,drivers_idle_duration_avg,supply,False,762.2670600740742,743.0898619999999,-139.60501622222216,25.472958740740864,133.30925555555552,19.177198074074226,118.66998750599998,-1.1764138444454095,0.21465375766937655,1.1233611661821012,0.16160107940606822,-6.295760666666638,-0.053052678263308284,158.7822142962964,1.3380149238514778,1.1233611661821012
underground_alarm-long_rides,students,drivers_idle_duration_avg,supply,True,982.7516737222222,998.3249126111112,-58.35492211111125,-89.48062883333353,132.26231205555575,-15.573238888889023,118.66998750599998,-0.4917412004291381,-0.7540291417727617,1.1145388554866793,-0.13123148671522053,73.9073899444445,0.6227976550575411,42.78168322222223,0.3605097137139176,1.1145388554866793
long_rides,managers_drivers,drivers_idle_duration_avg,supply,False,1007.3938171666665,998.3249126111112,-41.3774770277779,-81.15870836111128,131.60508994444444,9.068904555555264,118.66998750599998,-0.34867684658419507,-0.683902560931911,1.1090006218951567,0.07642121437905046,90.22761291666654,0.7603237753109616,50.446381583333164,0.42509806096324565,1.1090006218951567
wildcat_strike,managers,drivers_occupied_duration_avg,supply,False,613.0338711111111,591.2400875555555,-36.199209555555626,-74.44642744444445,132.43942055555567,21.793783555555592,119.98649182799998,-0.30169404075457934,-0.6204567390066127,1.1037860890658167,0.18163530930462463,96.24021100000004,0.8020920483112373,57.99299311111122,0.48332935005920397,1.1037860890658167
flash_mob,drivers,rides_offers_price_uber_avg,market,False,23.854641222222224,20.79602388888889,3.725555555555559,0.020138222222218616,-0.6870764444444433,3.058617333333334,0.625182768000003,5.959146262898181,0.03221173591626972,-1.099000931587481,4.89235706722697,3.0384791111111156,4.8601453313107,-0.6669382222222247,-1.0667891956712112,1.099000931587481
underground_alarm,bank_tellers,passengers_pickup_reject,passenger_decisions,False,0.35211111111111115,0.1297406666666667,0.09237014814814806,0.07570362962962959,0.0542966666666668,0.22237044444444445,0.049415058,1.8692712684491448,1.5319951588365959,1.0987878768991186,4.500054304184859,0.14666681481481486,2.9680591453482634,0.1300002962962964,2.6307830357357145,1.0987878768991186
underground_alarm-flash_mob,managers,drivers_occupied_duration_avg,supply,True,540.4428452592593,577.3077211111112,-87.37091200000015,-80.09057340740736,130.5966095555557,-36.86487585185182,119.98649182799998,-0.7281729023734264,-0.6674965838839324,1.0884276018567594,-0.3072418844005993,43.22569755555554,0.360254699483333,50.506036148148326,0.42093101797282695,1.0884276018567594
underground_alarm-flash_mob,bank_tellers,drivers_idle_duration_avg,supply,True,566.4072614814814,743.0898619999999,-200.85606859259258,-104.51319251851851,128.6866605925926,-176.68260051851848,118.66998750599998,-1.6925599539853093,-0.880704504272694,1.084407804341314,-1.4888566539166894,-72.16940799999998,-0.6081521496439954,24.173468074074094,0.20370330006861992,1.084407804341314
flash_mob,drivers,drivers_acceptance_rate,driver_decisions,False,1.8006126666666666,2.1823948888888887,-0.19288511111111095,0.02973322222222219,-0.21863033333333326,-0.381782222222222,0.20223405300000016,-0.9537716732162352,0.14702381612369786,-1.081075763898838,-1.8878236209913752,-0.4115154444444442,-2.034847437115073,-0.18889711111111107,-0.9340519477751401,1.081075763898838
flash_mob-boycott_tncs,managers_drivers,passengers_pickup_reject,passenger_decisions,True,0.11544438888888887,0.12836083333333334,-0.04144433333333333,0.08194411111111113,-0.05341622222222227,-0.012916444444444466,0.049415058,-0.8386984658266178,1.6582822003590714,-1.0809705459057088,-0.26138681137325526,-0.0948605555555556,-1.9196690117323265,0.028527888888888867,0.5773116544533625,1.0809705459057088
long_rides,managers_drivers,traffic_length_avg,trip,False,3894.4756870555557,3918.707275333333,9.263323777778169,52.588738611111694,-86.08365066666738,-24.23158827777752,79.72573270199983,0.11618988579763542,0.6596206372624853,-1.079747375774297,-0.30393685271417636,-76.82032688888921,-0.9635574899766616,-33.49491205555569,-0.4201267385118117,1.079747375774297
boycott_tncs-long_rides,managers_drivers,drivers_idle_duration_avg,supply,True,1024.7611729444445,998.3249126111112,-20.3887358611114,-81.15870836111128,127.98370455555596,26.43626033333328,118.66998750599998,-0.17181038179582298,-0.683902560931911,1.078484183282526,0.22277124055479197,107.59496869444456,0.9066738014867031,46.82499619444468,0.394581622350615,1.078484183282526
wildcat_strike-boycott_tncs,bank_tellers,passengers_reject,passenger_decisions,True,3.194167,4.9192779444444446,-2.447722388888889,2.6564443888888887,-1.9338329444444442,-1.7251109444444443,1.798897884,-1.3606788971512787,1.47670660603706,-1.0750098500001595,-0.9589821411143782,-4.381555333333333,-2.4356887471514383,0.7226114444444445,0.40169675603690047,1.0750098500001595
flash_mob-long_rides,students,drivers_idle_duration_avg,supply,True,901.7833211388888,998.3249126111112,-133.95277425000018,-89.48062883333353,126.89181161111128,-96.54159147222242,118.66998750599998,-1.1287839247748086,-0.7540291417727617,1.0692830957338357,-0.8135299708137347,-7.0609626388888955,-0.05950082904097287,37.41118277777775,0.31525395396107403,1.0692830957338357
wildcat_strike-boycott_tncs,bank_tellers_drivers,passengers_reject,passenger_decisions,True,3.5380461666666667,4.9192779444444446,-2.447722388888889,2.984888777777779,-1.9183981666666678,-1.3812317777777778,1.798897884,-1.3606788971512787,1.6592875028240228,-1.066429719957727,-0.7678211142849828,-4.366120555555557,-2.4271086171090057,1.066490611111111,0.5928577828662958,1.066429719957727
boycott_tncs,bank_tellers_drivers,passengers_reject,passenger_decisions,False,3.4595555555555557,4.9192779444444446,-2.5283425555555556,2.984888777777779,-1.916268611111112,-1.4597223888888888,1.798897884,-1.4054953191303856,1.6592875028240228,-1.0652459087061286,-0.8114537250124915,-4.444611166666668,-2.4707412278365144,1.0686201666666668,0.5940415941178943,1.0652459087061286
long_rides,managers,rides_offers_price_uber_avg,market,False,26.647958027777772,20.522367444444445,6.355252527777779,0.43471774999999724,-0.6643796944444489,6.125590583333327,0.625182768000003,10.165431379544595,0.6953450610781952,-1.0626967479763385,9.79807969264645,5.69087283333333,9.102734631568257,-0.22966194444445165,-0.36735168689814335,1.0626967479763385
boycott_tncs-long_rides,managers_drivers,passengers_rating_avg,passenger_experience,True,4.815464138888889,4.879489861111111,-0.012791583333333634,-0.028985111111111017,-0.02224902777777693,-0.06402572222222158,0.021075158999998813,-0.606950739177548,-1.37532111198367,-1.0556991659127308,-3.0379710170739487,-0.035040611111110564,-1.6626499050902788,-0.05123413888888795,-2.4310202778964007,1.0556991659127308
underground_alarm,managers,drivers_occupied_duration_avg,supply,False,539.3196608148147,577.3077211111112,-84.49669859259268,-80.09057340740736,126.59921170370359,-37.98806029629645,119.98649182799998,-0.7042184274686375,-0.6674965838839324,1.0551122028401572,-0.31660280851241274,42.10251311111091,0.35089377537151967,46.508638296296226,0.38761561895622476,1.0551122028401572
underground_alarm-flash_mob,managers_drivers,drivers_idle_duration_avg,supply,True,691.6605116296297,743.0898619999999,-200.85606859259258,25.472958740740864,123.95375948148148,-51.42935037037023,118.66998750599998,-1.6925599539853093,0.21465375766937655,1.044524922320518,-0.4333812739954148,-76.9023091111111,-0.6480350316647914,149.42671822222235,1.2591786799898945,1.044524922320518
flash_mob,bank_tellers_drivers,rides_offers_price_no_surge_avg,market,False,23.956909,21.27252911111111,3.4188154444444443,-0.11913277777777509,-0.615302777777778,2.6843798888888912,0.5929510439999985,5.7657634285984205,-0.2009150316594693,-1.0376957490908465,4.527152647848104,2.8035126666666663,4.728067679507574,-0.7344355555555531,-1.2386107807503157,1.0376957490908465
flash_mob-boycott_tncs,managers,passengers_pickup_reject,passenger_decisions,True,0.10752766666666667,0.12836083333333334,-0.04144433333333333,0.07180549999999997,-0.0511943333333333,-0.020833166666666666,0.049415058,-0.8386984658266178,1.4531096978576847,-1.0360067438013187,-0.4215955117702516,-0.09263866666666663,-1.8747052096279364,0.020611166666666667,0.417102954056366,1.0360067438013187
flash_mob,bank_tellers,rides_offers_price_uber_avg,market,False,23.501755999999997,20.79602388888889,3.725555555555559,-0.3748658888888876,-0.644957555555564,2.7057321111111072,0.625182768000003,5.959146262898181,-0.5996100789663572,-1.031630410445927,4.327905773485897,3.080597999999995,4.927515852452254,-1.0198234444444516,-1.6312404894122843,1.031630410445927
wildcat_strike,drivers,drivers_idle_duration_avg,supply,False,787.6390765000001,781.1735767222222,-62.47094494444434,-53.40989644444437,122.34634116666666,6.46549977777795,118.66998750599998,-0.5264258154681764,-0.45007080195187477,1.0309796414234964,0.05448302400344529,59.87539622222232,0.5045538259553201,68.93644472222229,0.5809088394716216,1.0309796414234964
boycott_tncs-long_rides,bank_tellers_drivers,passengers_pickup_reject,passenger_decisions,True,0.10711099999999998,0.11379150000000002,-0.04705525000000002,0.09129188888888884,-0.05091713888888885,-0.006680500000000034,0.049415058,-0.9522451638122134,1.8474508092025075,-1.0303972301092685,-0.1351915847189744,-0.09797238888888887,-1.982642393921482,0.04037474999999999,0.817053579093239,1.0303972301092685
underground_alarm-flash_mob,managers,rides_offers_price_uber_avg,market,True,25.330375925925924,20.71385214814815,4.8342477777777795,0.42477511111111,-0.642499111111114,4.6165237777777755,0.625182768000003,7.732535228446597,0.6794414895183226,-1.0276980492704668,7.384278668694453,4.1917486666666655,6.70483717917613,-0.21772400000000403,-0.3482565597521442,1.0276980492704668
underground_alarm,bank_tellers_drivers,passengers_pickup_reject,passenger_decisions,False,0.3553088148148148,0.1297406666666667,0.09237014814814806,0.08245696296296293,0.05074103703703711,0.2255681481481481,0.049415058,1.8692712684491448,1.668660653255996,1.0268335015823944,4.564765423287535,0.14311118518518517,2.896104770031539,0.13319800000000004,2.69549415483839,1.0268335015823944
wildcat_strike-boycott_tncs,drivers,drivers_occupied_duration_avg,supply,True,673.4332738333334,591.2400875555555,24.58608194444446,-64.84396305555549,122.45106738888887,82.19318627777784,119.98649182799998,0.20490708220462417,-0.5404271936586743,1.0205404418725887,0.6850203304185387,147.03714933333333,1.225447524077213,57.60710433333338,0.48011324821391443,1.0205404418725887
flash_mob-wildcat_strike,managers,rides_offers_price_uber_avg,market,True,23.70224605555556,20.713286055555557,3.2048839999999963,0.4210811666666636,-0.6370051666666576,2.9889600000000023,0.625182768000003,5.126315317763174,0.6735329062471241,-1.0189103079479864,4.780937916062312,2.5678788333333387,4.107405009815188,-0.215923999999994,-0.3453774017008623,1.0189103079479864
flash_mob,drivers,drivers_occupied_duration_avg,supply,False,513.6284283333333,549.7100088888889,-66.26172244444444,-91.86231488888882,122.04245677777772,-36.08158055555555,119.98649182799998,-0.5522431853364818,-0.7656054734942411,1.0171349700991754,-0.3007136887315474,55.78073433333327,0.46489178476269366,30.180141888888897,0.2515294966049343,1.0171349700991754
flash_mob-boycott_tncs,students,passengers_rating_avg,passenger_experience,True,4.891065000000001,4.890071722222222,0.020294666666666572,0.002133611111111655,-0.021434999999999427,0.0009932777777788004,0.021075158999998813,0.9629662422318007,0.10123819759138118,-1.0170741772339955,0.04713026258918646,-0.0011403333333328547,-0.054107935002194796,-0.01930138888888777,-0.9158359796426143,1.0170741772339955
flash_mob,drivers,drivers_occupied_distance_avg,supply,False,4622.501541444444,4814.078261555555,-495.62502588888947,-820.1789037777776,1124.2272095555559,-191.57672011111117,1111.921141191,-0.4457375685455679,-0.7376232660701714,1.0110673930989158,-0.17229344151682346,628.6021836666664,0.5653298245533479,304.0483057777783,0.27344412702874443,1.0110673930989158
wildcat_strike,managers_drivers,drivers_acceptance_rate,driver_decisions,False,2.1063261666666664,2.173982944444444,-0.057731611111111025,-0.21423194444444404,0.2043067777777774,-0.06765677777777768,0.20223405300000016,-0.2854692879596839,-1.0593267615738478,1.010249138298075,-0.3345469112354566,0.14657516666666637,0.7247798503383911,-0.009925166666666652,-0.04907762327577281,1.010249138298075
underground_alarm-flash_mob,drivers,drivers_idle_duration_avg,supply,True,588.2447757037037,743.0898619999999,-200.85606859259258,-73.81534133333332,119.82632362962966,-154.84508629629624,118.66998750599998,-1.6925599539853093,-0.6220219862212525,1.0097441328505339,-1.3048378073560278,-81.02974496296292,-0.6828158211347755,46.01098229629633,0.3877221466292814,1.0097441328505339
underground_alarm-flash_mob,students,drivers_idle_duration_avg,supply,True,565.8635836296297,743.0898619999999,-200.85606859259258,-94.26833585185182,117.89812607407418,-177.2262783703702,118.66998750599998,-1.6925599539853093,-0.7943738584036304,0.9934957317503149,-1.493438080638625,-82.9579425185184,-0.6990642222349944,23.62979022222237,0.19912187334668452,0.9934957317503149
flash_mob-wildcat_strike,students_drivers,drivers_acceptance_rate,driver_decisions,True,1.8763389444444445,2.173982944444444,-0.2673137222222217,-0.23009238888888883,0.19976211111111097,-0.2976439999999996,0.20223405300000016,-1.3218037133549487,-1.137752942571391,0.9877768266411138,-1.471779829285226,-0.06755161111111074,-0.33402688671383496,-0.03033027777777786,-0.14997611593027727,0.9877768266411138
flash_mob-boycott_tncs,bank_tellers_drivers,traffic_length_avg,trip,True,3962.2742312222226,3913.363475055555,11.805097777777519,-41.43301738888886,78.53867577777874,48.9107561666674,79.72573270199983,0.14807136137466193,-0.5196944071214482,0.9851107429936317,0.6134876972468455,90.34377355555625,1.1331821043682937,37.10565838888988,0.46541633587218345,0.9851107429936317
underground_alarm-long_rides,managers_drivers,traffic_duration_avg,trip,True,967.4707974166666,759.4386755833334,275.93545080555555,81.49586319444438,-149.3991921666667,208.03212183333324,151.775726445,1.818047307489239,0.5369492546884734,-0.98434180264527,1.3706547595324423,126.53625863888885,0.8337055048439689,-67.90332897222231,-0.4473925479567966,0.98434180264527
underground_alarm-long_rides,bank_tellers,rides_offers_price_uber_avg,market,True,27.699020388888886,20.522367444444445,7.738272833333333,0.05367991666667038,-0.6152998055555621,7.176652944444442,0.625182768000003,12.377616961658315,0.08586275792340796,-0.9841918828376266,11.479287836744097,7.122973027777771,11.39342507882069,-0.5616198888888917,-0.8983291249142187,0.9841918828376266
underground_alarm-flash_mob,bank_tellers_drivers,passengers_pickup_reject,passenger_decisions,True,0.41536999999999996,0.1297406666666667,0.15496266666666655,0.08245696296296293,0.04820970370370381,0.2856293333333333,0.049415058,3.135940195935145,1.668660653255996,0.9756075507126555,5.780208399903796,0.20317237037037036,4.1115477466478,0.13066666666666674,2.6442682039686516,0.9756075507126555
underground_alarm-flash_mob,students_drivers,passengers_rating_avg,passenger_experience,True,4.887932000000001,4.889138074074075,0.014875259259258478,0.0043615555555556185,-0.0204428888888879,-0.001206074074073804,0.021075158999998813,0.7058195508398923,0.20695243891426224,-0.9699992720761467,-0.05722728232199207,-0.0055676296296294225,-0.26417972123625433,-0.01608133333333228,-0.7630468331618845,0.9699992720761467
flash_mob,bank_tellers,passengers_acceptance_rate,passenger_decisions,False,1.5681384444444446,2.1753686666666665,-0.15665822222222214,-0.563307222222222,0.11273522222222221,-0.6072302222222219,0.11626549199999957,-1.3474180474996202,-4.845007856864563,0.9696361343589603,-5.222789770005224,-0.043922999999999934,-0.3777819131406599,-0.45057199999999975,-3.875371722505603,0.9696361343589603
wildcat_strike-boycott_tncs,managers,passengers_pickup_reject,passenger_decisions,True,0.077,0.12836083333333334,-0.07547200000000001,0.07180549999999997,-0.0476943333333333,-0.05136083333333334,0.049415058,-1.527307728749403,1.4531096978576847,-0.9651781311950155,-1.0393761620867337,-0.12316633333333331,-2.4924858599444186,0.02411116666666667,0.48793156666266924,0.9651781311950155
underground_alarm-long_rides,managers_drivers,rides_offers_price_uber_avg,market,True,27.840502749999995,20.522367444444445,7.738272833333333,0.1826642777777785,-0.6028018055555613,7.3181353055555505,0.625182768000003,12.377616961658315,0.2921774033569934,-0.9642009287683347,11.705593436246973,7.135471027777772,11.41341603288998,-0.4201375277777828,-0.6720235254113414,0.9642009287683347
underground_alarm-long_rides,bank_tellers,rides_offers_price_no_surge_avg,market,True,28.133048305555555,20.972370111111108,7.703691083333339,0.027085888888890963,-0.5700987777777833,7.160678194444447,0.5929510439999985,12.992119941917766,0.04567980639037551,-0.9614601130169942,12.076339635291147,7.133592305555556,12.030659828900772,-0.5430128888888923,-0.9157803066266187,0.9614601130169942
long_rides,managers,rides_offers_price_no_surge_avg,market,False,27.159079027777775,20.972370111111108,6.401837444444446,0.3546692222222241,-0.5697977500000029,6.186708916666667,0.5929510439999985,10.79656998537043,0.5981425040247083,-0.9609524357292544,10.433760053665885,5.832039694444443,9.835617549641176,-0.2151285277777788,-0.3628099317045461,0.9609524357292544
flash_mob-wildcat_strike,bank_tellers,passengers_pickup_reject,passenger_decisions,True,0.3423602777777778,0.12836083333333334,0.08888927777777778,0.0776849444444444,0.04742522222222226,0.21399944444444444,0.049415058,1.7988297773075117,1.5720905243993522,0.9597321978701767,4.330652499577041,0.13631450000000003,2.758561975177688,0.12511016666666666,2.5318227222695286,0.9597321978701767
underground_alarm-long_rides,bank_tellers_drivers,passengers_pickup_reject,passenger_decisions,True,0.39888841666666663,0.11379150000000002,0.14638883333333333,0.09129188888888884,0.04741619444444442,0.2850969166666666,0.049415058,2.96243370458724,1.8474508092025075,0.959549505020199,5.769434018809947,0.19380502777777775,3.921983209607439,0.13870808333333326,2.8070003142227065,0.959549505020199
flash_mob,students,rides_offers_price_lyft_avg,market,False,24.314451777777776,22.076257222222218,2.8971866666666664,-0.14540933333332973,-0.5135827777777777,2.238194555555559,0.5353149690000025,5.412115921358913,-0.271633228573754,-0.9594029823921761,4.181079710392982,2.3836038888888886,4.452712938966736,-0.6589921111111074,-1.23103621096593,0.9594029823921761
flash_mob-wildcat_strike,managers,rides_offers_price_no_surge_avg,market,True,23.88159583333333,21.16593622222222,2.942321777777771,0.3416487222222244,-0.5683108888888881,2.715659611111107,0.5929510439999985,4.962166451262338,0.5761836928686228,-0.9584448743948742,4.579905269736086,2.3740108888888827,4.003721576867464,-0.22666216666666372,-0.38226118152625144,0.9584448743948742
underground_alarm-flash_mob,managers,drivers_shift_duration_avg,supply,True,3419.3728301481483,3692.5826028148153,-596.4172708148153,-566.7063485925928,889.9138467407411,-273.20977266666705,934.3746984599999,-0.6383063152264365,-0.6065086624526715,0.9524164644092595,-0.2923985132698486,293.49657592592575,0.314110149182823,323.20749814814826,0.345907801956588,0.9524164644092595
boycott_tncs,students_drivers,drivers_idle_duration_avg,supply,False,751.5687155,781.1735767222222,-61.12974666666662,-81.05339272222216,112.57827816666668,-29.604861222222098,118.66998750599998,-0.5151238990698965,-0.683015094428354,0.9486668072748781,-0.24947218622337236,51.44853150000006,0.43354290820498154,31.52488544444452,0.2656517128465241,0.9486668072748781
underground_alarm-long_rides,bank_tellers,passengers_acceptance_rate,passenger_decisions,True,1.1298563888888888,2.0987324444444444,-0.3016006944444447,-0.777291861111111,0.11001650000000018,-0.9688760555555556,0.11626549199999957,-2.5940688785322976,-6.685490662277625,0.9462523927564044,-8.33330714805352,-0.19158419444444452,-1.6478164857758932,-0.6672753611111109,-5.739238269521221,0.9462523927564044
wildcat_strike-long_rides,students_drivers,drivers_idle_duration_avg,supply,True,861.9496382222223,998.3249126111112,-104.92355350000014,-143.33811036111115,111.88638947222239,-136.3752743888889,118.66998750599998,-0.8841625056604575,-1.2078716225858197,0.9428364477291732,-1.149197680517104,6.962835972222251,0.05867394206871568,-31.451720888888758,-0.2650351748566465,0.9428364477291732
boycott_tncs,bank_tellers,passengers_reject,passenger_decisions,False,3.3593336666666667,4.9192779444444446,-2.5283425555555556,2.6564443888888887,-1.688046111111111,-1.5599442777777779,1.798897884,-1.4054953191303856,1.47670660603706,-0.9383779513696459,-0.8671666644629717,-4.216388666666667,-2.3438732705000316,0.9683982777777778,0.5383286546674141,0.9383779513696459
underground_alarm-flash_mob,students_drivers,drivers_idle_duration_avg,supply,True,588.5061052592592,743.0898619999999,-200.85606859259258,-65.05988029629623,111.33219214814812,-154.58375674074068,118.66998750599998,-1.6925599539853093,-0.5482420758914025,0.9381663762500956,-1.3026356536266164,-89.52387644444445,-0.7543935777352138,46.272311851851896,0.3899243003586931,0.9381663762500956
boycott_tncs-long_rides,managers_drivers,passengers_pickup_reject,passenger_decisions,True,0.09894449999999999,0.11379150000000002,-0.04705525000000002,0.0783052777777778,-0.0460970277777778,-0.014847000000000027,0.049415058,-0.9522451638122134,1.5846440527860515,-0.9328538636497766,-0.3004549746759384,-0.09315227777777782,-1.8850990274619899,0.032208249999999994,0.6517901891362748,0.9328538636497766
underground_alarm-long_rides,managers_drivers,passengers_acceptance_rate,passenger_decisions,True,1.3262974166666668,2.0987324444444444,-0.3016006944444447,-0.5787444444444443,0.10791011111111137,-0.7724350277777776,0.11626549199999957,-2.5940688785322976,-4.977783472024927,0.9281353328046105,-6.643717017752615,-0.19369058333333333,-1.6659335457276871,-0.4708343333333329,-4.0496481392203165,0.9281353328046105
underground_alarm,managers,rides_offers_price_uber_avg,market,False,20.90315103703704,20.71385214814815,0.34292466666666854,0.42477511111111,-0.5784008888888863,0.18929888888889224,0.625182768000003,0.548519063895035,0.6794414895183226,-0.925170875613263,0.30278967780009464,-0.23547622222221776,-0.37665181171822804,-0.1536257777777763,-0.24572938609494044,0.925170875613263
flash_mob,students,drivers_idle_duration_avg,supply,False,640.2692255555555,686.4553451111112,-70.96497388888906,-84.72034988888902,109.49920422222237,-46.186119555555706,118.66998750599998,-0.598002708016642,-0.7139155541295186,0.9227202810372426,-0.3891979811089179,38.53423033333331,0.32471757302060056,24.778854333333356,0.208804726907724,0.9227202810372426
flash_mob-boycott_tncs,drivers,drivers_acceptance_rate,driver_decisions,True,1.8736939444444443,2.173982944444444,-0.004618611111110393,-0.10954972222222192,-0.1861206666666675,-0.3002889999999998,0.20223405300000016,-0.022837949606391905,-0.541697704205245,-0.920323080637005,-1.484858734448642,-0.19073927777777788,-0.9431610302433968,-0.2956703888888894,-1.46202078484225,0.920323080637005
flash_mob-boycott_tncs,bank_tellers,passengers_pickup_reject,passenger_decisions,True,0.11916650000000001,0.12836083333333334,-0.04144433333333333,0.0776849444444444,-0.0454349444444444,-0.009194333333333332,0.049415058,-0.8386984658266178,1.5720905243993522,-0.9194554510984163,-0.1860633925256818,-0.08687927777777774,-1.7581539169250342,0.03225,0.6526350733009358,0.9194554510984163
underground_alarm,managers,drivers_occupied_distance_avg,supply,False,4857.784101407407,4987.797185851851,-595.3894565925921,-556.310210814815,1021.6865829629633,-130.01308444444385,1111.921141191,-0.5354601459909819,-0.5003144469570392,0.9188480595562876,-0.11692653339173346,426.2971263703712,0.38338791356530566,465.3763721481482,0.4185336125992484,0.9188480595562876
underground_alarm-long_rides,managers_drivers,rides_offers_price_no_surge_avg,market,True,28.283304388888894,20.972370111111108,7.703691083333339,0.14998677777778013,-0.5427435833333334,7.310934277777786,0.5929510439999985,12.992119941917766,0.25294968158919456,-0.9153261282281083,12.329743495278851,7.160947500000006,12.076793813689658,-0.39275680555555326,-0.6623764466389137,0.9153261282281083
long_rides,managers_drivers,traffic_duration_avg,trip,False,752.2842546944445,759.4386755833334,48.97386574999996,81.49586319444438,-137.62414983333326,-7.154420888888922,151.775726445,0.32267258340382216,0.5369492546884734,-0.9067599480948955,-0.0471381100025999,-88.6502840833333,-0.5840873646910734,-56.12828663888888,-0.36981069340642203,0.9067599480948955
underground_alarm-flash_mob,managers,drivers_occupied_distance_avg,supply,True,4764.556790888889,4987.797185851851,-673.7068110370365,-556.310210814815,1006.776626888889,-223.24039496296245,1111.921141191,-0.6058944165009905,-0.5003144469570392,0.9054388747483578,-0.2007699887096718,333.0698158518526,0.2995444582473673,450.466416074074,0.40512442779131863,0.9054388747483578
wildcat_strike-long_rides,managers,drivers_idle_duration_avg,supply,True,806.7407080277778,998.3249126111112,-104.92355350000014,-194.07722130555555,107.41657022222228,-191.58420458333342,118.66998750599998,-0.8841625056604575,-1.635436434976813,0.9051704856444117,-1.614428454992859,2.493016722222137,0.021007979983954206,-86.66065108333328,-0.7302659493324012,0.9051704856444117
boycott_tncs,managers_drivers,drivers_acceptance_rate,driver_decisions,False,2.007553222222222,2.173982944444444,0.23042066666666727,-0.21423194444444404,-0.1826184444444452,-0.16642972222222197,0.20223405300000016,1.1393761992529867,-1.0593267615738478,-0.9030054124685176,-0.8229559747893784,0.04780222222222208,0.2363707867844691,-0.39685038888888924,-1.9623321740423654,0.9030054124685176
boycott_tncs,drivers,drivers_occupied_duration_avg,supply,False,639.9625931666666,591.2400875555555,5.279484444444506,-64.84396305555549,108.28698422222203,48.722505611111046,119.98649182799998,0.04400065677403603,-0.5404271936586743,0.9024931271217669,0.4060665902371286,113.56646866666654,0.946493783895803,43.44302116666654,0.36206593346309257,0.9024931271217669
underground_alarm,bank_tellers_drivers,drivers_acceptance_rate,driver_decisions,False,1.9331207407407407,2.2053745925925923,-0.20165162962962935,-0.2525962222222218,0.18199399999999955,-0.2722538518518516,0.20223405300000016,-0.9971200529202131,-1.2490291247944358,0.8999176810247649,-1.346231496689884,-0.019657629629629803,-0.09720237189544823,-0.07060222222222223,-0.34911144376967096,0.8999176810247649
underground_alarm,managers,drivers_shift_duration_avg,supply,False,3553.931040518518,3692.5826028148153,-412.5273819259264,-566.7063485925928,840.5821682222218,-138.65156229629747,934.3746984599999,-0.4415010194580804,-0.6065086624526715,0.8996200021336587,-0.14838967977709328,428.05478629629533,0.45811898267557827,273.87581962962895,0.2931113396809871,0.8996200021336587
wildcat_strike-boycott_tncs,bank_tellers_drivers,drivers_acceptance_rate,driver_decisions,True,2.3086689444444444,2.173982944444444,0.18915361111111162,-0.23600422222222162,0.1815366111111103,0.1346860000000003,0.20223405300000016,0.9353202801662264,-1.1669855730094152,0.8976560001549796,0.6659907073117909,0.3706902222222219,1.832976280321206,-0.054467611111111314,-0.2693295728544356,0.8976560001549796
underground_alarm-flash_mob,drivers,drivers_occupied_duration_avg,supply,True,509.4869157777778,577.3077211111112,-87.37091200000015,-87.6755319259259,107.2256385925927,-67.82080533333334,119.98649182799998,-0.7281729023734264,-0.7307116875423637,0.8936475844822607,-0.5652370054335293,19.854726592592556,0.16547468210883431,19.550106666666807,0.16293589693989696,0.8936475844822607
flash_mob-long_rides,bank_tellers,passengers_pickup_reject,passenger_decisions,True,0.31800475,0.11379150000000002,0.0915279722222222,0.06862486111111107,0.04406041666666671,0.20421324999999999,0.049415058,1.852228367762357,1.3887439150857837,0.8916394809587538,4.132611763806895,0.1355883888888889,2.743867848721111,0.11268527777777779,2.280383396044537,0.8916394809587538
underground_alarm-wildcat_strike,students,drivers_occupied_duration_avg,supply,True,567.8613194999999,591.2400875555555,-74.0738298888889,-55.900419166666666,106.59548099999995,-23.37876805555561,119.98649182799998,-0.6173514098159761,-0.4658892706588974,0.888395680013747,-0.19484500046112652,32.521651111111055,0.2710442701977709,50.695061833333284,0.4225064093548496,0.888395680013747
underground_alarm,students,drivers_idle_duration_avg,supply,False,614.1847808148149,743.0898619999999,-139.60501622222216,-94.26833585185182,104.96827088888892,-128.90508118518505,118.66998750599998,-1.1764138444454095,-0.7943738584036304,0.8845393270440995,-1.0862483758049404,-34.63674533333324,-0.29187451740131,10.699935037037108,0.09016546864046915,0.8845393270440995
underground_alarm-long_rides,students,rides_offers_price_lyft_avg,market,True,28.86039938888889,21.73318947222222,7.594743194444444,0.005815277777777794,-0.4733485555555532,7.1272099166666685,0.5353149690000025,14.18742914780029,0.010863282580423727,-0.884243077378901,13.314049353001812,7.121394638888891,13.303186070421388,-0.4675332777777754,-0.8733797947984773,0.884243077378901
flash_mob-boycott_tncs,bank_tellers_drivers,passengers_reject,passenger_decisions,True,3.9623421666666667,4.9192779444444446,-2.351185277777778,2.984888777777779,-1.5906392777777785,-0.9569357777777778,1.798897884,-1.3070143106454275,1.6592875028240228,-0.88422988982613,-0.5319566976475346,-3.9418245555555567,-2.1912442004715578,1.3942495000000004,0.7750576129978928,0.88422988982613
flash_mob-wildcat_strike,managers,rides_offers_price_lyft_avg,market,True,24.160817055555558,21.92458222222222,2.488545388888891,0.2202223333333322,-0.47253288888888534,2.236234833333338,0.5353149690000025,4.6487498631649125,0.41138833413293013,-0.8827193638384566,4.177418833459386,2.0160125000000058,3.766030499326456,-0.25231055555555315,-0.4713310297055265,0.8827193638384566
flash_mob,bank_tellers,rides_offers_price_no_surge_avg,market,False,23.74868022222222,21.27252911111111,3.4188154444444443,-0.4213302222222204,-0.5213341111111127,2.476151111111111,0.5929510439999985,5.7657634285984205,-0.7105649386835744,-0.8792194842836198,4.175979005631226,2.8974813333333316,4.8865439443148,-0.9426643333333331,-1.5897844229671942,0.8792194842836198
flash_mob-boycott_tncs,bank_tellers,passengers_reject,passenger_decisions,True,3.6484349444444444,4.9192779444444446,-2.351185277777778,2.6564443888888887,-1.5761021111111106,-1.2708430000000002,1.798897884,-1.3070143106454275,1.47670660603706,-0.8761487381409976,-0.7064564427493651,-3.927287388888889,-2.183163048786425,1.080342277777778,0.6005578678960624,0.8761487381409976
underground_alarm-long_rides,bank_tellers,rides_offers_price_lyft_avg,market,True,28.851902694444444,21.73318947222222,7.594743194444444,-0.00798244444444407,-0.46804752777777736,7.1187132222222225,0.5353149690000025,14.18742914780029,-0.014911677996518031,-0.874340444191418,13.298177025612352,7.1266956666666665,13.313088703608871,-0.47602997222222143,-0.889252122187936,0.874340444191418
boycott_tncs,drivers,drivers_occupied_distance_avg,supply,False,5698.8007238888895,5108.079767277777,144.84550855555608,-525.4249873333329,971.3004353888891,590.7209566111123,1111.921141191,0.13026599026654828,-0.47253799560869947,0.8735335622349176,0.5312615568927666,1116.1459439444452,1.0037995525014658,445.87544805555626,0.40099556662621816,0.8735335622349176
wildcat_strike-boycott_tncs,drivers,rides_offers_price_no_surge_avg,market,True,21.342202000000004,21.16593622222222,-0.3505920555555555,0.01032511111111134,0.5165327222222267,0.17626577777778252,0.5929510439999985,-0.5912664445119965,0.017413092051342043,0.8711220385712449,0.29726868611059054,0.16594066666667118,0.2798555940592484,0.526857833333338,0.8885351306225869,0.8711220385712449
underground_alarm-long_rides,bank_tellers_drivers,passengers_acceptance_rate,passenger_decisions,True,1.0977352222222223,2.0987324444444444,-0.3016006944444447,-0.8005881944444444,0.10119166666666701,-1.000997222222222,0.11626549199999957,-2.5940688785322976,-6.885862526126388,0.8703499630541054,-8.60958144160458,-0.2004090277777777,-1.7237189154781922,-0.6993965277777774,-6.015512563072283,0.8703499630541054
wildcat_strike-boycott_tncs,bank_tellers_drivers,traffic_length_avg,trip,True,3927.578945055555,3913.363475055555,-13.703655944443653,-41.43301738888886,69.35214333333215,14.215469999999641,79.72573270199983,-0.1718849796672977,-0.5196944071214482,0.8698840510197346,0.17830466423098876,55.6484873888885,0.6979990713524369,27.919125944443294,0.35018964389828644,0.8698840510197346
wildcat_strike-long_rides,students_drivers,passengers_acceptance_rate,passenger_decisions,True,1.7097610277777777,2.0987324444444444,-0.23798080555555545,-0.2518674166666668,0.10087680555555556,-0.3889714166666667,0.11626549199999957,-2.0468739387913684,-2.166312741072542,0.8676418412744165,-3.345544838589494,-0.1371039999999999,-1.179232097516952,-0.15099061111111123,-1.2986708997981256,0.8676418412744165
underground_alarm-long_rides,managers,passengers_pickup_reject,passenger_decisions,True,0.3628056388888889,0.11379150000000002,0.14638883333333333,0.0601115833333333,0.042513722222222244,0.24901413888888888,0.049415058,2.96243370458724,1.2164628711623349,0.8603394176370742,5.039235993386649,0.18890255555555557,3.822773122224314,0.10262530555555555,2.076802288799409,0.8603394176370742
wildcat_strike-boycott_tncs,bank_tellers_drivers,drivers_idle_duration_avg,supply,True,703.3173557222223,781.1735767222222,-87.63558761111108,-92.01204077777788,101.79140738888907,-77.85622099999989,118.66998750599998,-0.7384814766807,-0.7753606679458506,0.8577687545786795,-0.6560733900478709,14.155819777777992,0.11928727789797955,9.779366611111186,0.08240808663282895,0.8577687545786795
underground_alarm-flash_mob,bank_tellers_drivers,traffic_length_avg,trip,True,3894.414987185185,3913.6261661481485,-41.19667014814786,-46.344808370370174,68.33029955555457,-19.21117896296346,79.72573270199983,-0.5167299032814594,-0.5813030097020063,0.8570670627883811,-0.24096585019508474,27.133629407406715,0.34033715950692167,21.9854911851844,0.27576405308637475,0.8570670627883811
underground_alarm-flash_mob,drivers,drivers_occupied_distance_avg,supply,True,4553.742895925926,4987.797185851851,-673.7068110370365,-706.9466689629626,946.5991900740737,-434.05428992592533,1111.921141191,-0.6058944165009905,-0.6357884950417783,0.8513186367336745,-0.39036427480909436,272.89237903703724,0.24542422023268395,239.65252111111113,0.21553014169189622,0.8513186367336745
flash_mob,bank_tellers,drivers_acceptance_rate,driver_decisions,False,2.0139303333333336,2.1823948888888887,-0.19288511111111095,-0.14724722222222209,0.17166777777777797,-0.16846455555555506,0.20223405300000016,-0.9537716732162352,-0.7281030075692642,0.8488569320112367,-0.8330177487742627,-0.021217333333332977,-0.10491474120499855,0.02442055555555589,0.12075392444197253,0.8488569320112367
underground_alarm-wildcat_strike,students,drivers_shift_duration_avg,supply,True,3749.344615833333,3766.5394167777777,-506.04353455555565,-303.84459461111146,792.6933282222226,-17.194800944444523,934.3746984599999,-0.5415852284844581,-0.32518495536308545,0.8483677153594901,-0.018402468488053377,286.64979366666694,0.30678248687503196,488.84873361111113,0.5231827599964046,0.8483677153594901
wildcat_strike-long_rides,bank_tellers_drivers,passengers_acceptance_rate,passenger_decisions,True,1.1583984166666665,2.0987324444444444,-0.23798080555555545,-0.8005881944444444,0.098234972222222,-0.9403340277777779,0.11626549199999957,-2.0468739387913684,-6.885862526126388,0.8449194213380387,-8.087817043579719,-0.13974583333333346,-1.2019545174533297,-0.7023532222222224,-6.040943104788349,0.8449194213380387
underground_alarm-long_rides,managers,traffic_length_avg,trip,True,3937.6461448333334,3918.707275333333,78.01773077777807,8.133434472222689,-67.21229575000052,18.938869500000237,79.72573270199983,0.9785765289783418,0.10201768232879058,-0.843043939166138,0.23755027214099442,10.805435027777548,0.13553258981220384,-59.07886127777783,-0.7410262568373474,0.843043939166138
boycott_tncs-long_rides,drivers,drivers_idle_duration_avg,supply,True,1041.871912638889,998.3249126111112,-20.3887358611114,-35.66905833333351,99.60479422222261,43.5470000277777,118.66998750599998,-0.17181038179582298,-0.30057354081654447,0.839342754773498,0.36695883216113045,79.21605836111121,0.667532372977675,63.9357358888891,0.5387692139569535,0.839342754773498
underground_alarm,drivers,passengers_pickup_reject,passenger_decisions,False,0.19964185185185185,0.1297406666666667,0.09237014814814806,0.01896311111111107,-0.04143207407407398,0.06990118518518515,0.049415058,1.8692712684491448,0.38375167162833385,-0.8384503783052119,1.4145725617722669,0.05093807407407408,1.030820890143933,-0.022468962962962913,-0.454698706676878,0.8384503783052119
underground_alarm-long_rides,bank_tellers_drivers,passengers_rating_avg,passenger_experience,True,4.872197583333333,4.879489861111111,0.02004247222222233,-0.044988472222221354,0.017653722222220836,-0.007292277777778189,0.021075158999998813,0.9509998108305355,-2.1346682234864223,0.8376554702254835,-0.3460129424304035,0.037696194444443165,1.788655281056019,-0.02733475000000052,-1.2970127532609388,0.8376554702254835
underground_alarm-long_rides,bank_tellers_drivers,passengers_reject,passenger_decisions,True,11.250213027777777,4.786481527777778,1.5463517777777769,3.419787055555555,1.4975926666666668,6.463731499999999,1.798897884,0.8596106491266388,1.9010456824549553,0.8325056580402685,3.5931619896218625,3.0439444444444437,1.6921163071669074,4.917379722222222,2.733551340495224,0.8325056580402685
flash_mob,students,drivers_occupied_duration_avg,supply,False,533.1605971111111,549.7100088888889,-66.26172244444444,-49.67607644444445,99.38838711111111,-16.549411777777777,119.98649182799998,-0.5522431853364818,-0.414013908462753,0.8283298027713307,-0.137927291027904,33.12666466666667,0.27608661743484897,49.71231066666667,0.41431589430857774,0.8283298027713307
flash_mob,drivers,rides_offers_price_no_surge_avg,market,False,24.141285444444446,21.27252911111111,3.4188154444444443,-0.05935088888888984,-0.4907082222222172,2.8687563333333372,0.5929510439999985,5.7657634285984205,-0.1000940794176087,-0.8275695391510575,4.838099810029754,2.928107222222227,4.938193889447363,-0.5500591111111071,-0.9276636185686662,0.8275695391510575
underground_alarm,managers_drivers,drivers_acceptance_rate,driver_decisions,False,1.9679994074074072,2.2053745925925923,-0.20165162962962935,-0.20274051851851826,0.16701696296296253,-0.23737518518518508,0.20223405300000016,-0.9971200529202131,-1.0025043533025475,0.8258597426367279,-1.1737646635860326,-0.034634666666666813,-0.1712603102834852,-0.03572355555555573,-0.1766446106658196,0.8258597426367279
underground_alarm-flash_mob,students_drivers,rides_offers_price_uber_avg,market,True,25.225453851851853,20.71385214814815,4.8342477777777795,0.19300918518518273,-0.5156552592592583,4.511601703703704,0.625182768000003,7.732535228446597,0.3087244163856765,-0.8248072174299848,7.216452427402289,4.318592518518521,6.907728011016612,-0.32264607407407553,-0.5160828010443083,0.8248072174299848
underground_alarm-wildcat_strike,managers_drivers,drivers_occupied_duration_avg,supply,True,495.2880405555556,591.2400875555555,-74.0738298888889,76.1359320555556,-98.01414916666664,-95.95204699999994,119.98649182799998,-0.6173514098159761,0.6345375291469982,-0.8168765306278761,-0.7996904112968541,-172.08797905555554,-1.4342279404438523,-21.87821711111104,-0.1823390014808779,0.8168765306278761
wildcat_strike,managers,drivers_shift_duration_avg,supply,False,3995.349108055556,3766.5394167777777,-63.3172536666666,-468.15509311111146,760.2820380555563,228.80969127777826,934.3746984599999,-0.06776430672943483,-0.5010357128491455,0.8136800357593411,0.2448800161807608,696.9647843888897,0.7459157290299063,292.12694494444486,0.3126443229101956,0.8136800357593411
boycott_tncs-long_rides,managers_drivers,traffic_length_avg,trip,True,3911.2921704444448,3918.707275333333,4.810539638888713,52.588738611111694,-64.81438313888884,-7.415104888888436,79.72573270199983,0.060338606819326804,0.6596206372624853,-0.8129669172330234,-0.09300767315121126,-60.00384350000013,-0.7526283104136966,-12.225644527777149,-0.15334627997053807,0.8129669172330234
wildcat_strike-boycott_tncs,managers,traffic_length_avg,trip,True,3950.609553611111,3913.363475055555,-13.703655944443653,-13.735993222222078,64.6857277222216,37.24607855555587,79.72573270199983,-0.1718849796672977,-0.17229058619711532,0.8113531921243671,0.46717762625995396,50.982071777777946,0.6394682124570694,50.94973449999952,0.6390626059272517,0.8113531921243671
long_rides,bank_tellers_drivers,rides_offers_price_uber_avg,market,False,26.53032983333333,20.522367444444445,6.355252527777779,0.15954977777777657,-0.5068399166666708,6.007962388888885,0.625182768000003,10.165431379544595,0.2552050151481075,-0.8107067926521423,9.609929602040559,5.848412611111108,9.354724586892452,-0.34729013888889426,-0.5555017775040347,0.8107067926521423
flash_mob-long_rides,managers,drivers_occupied_duration_avg,supply,True,679.4245782222223,682.0953701666667,-62.61252072222226,-36.804673694444546,96.74640247222237,-2.6707919444444315,119.98649182799998,-0.5218297474017074,-0.3067401432754935,0.8063107854749836,-0.022259105202217244,34.133881750000114,0.2844810380732762,59.941728777777826,0.4995706421994901,0.8063107854749836
underground_alarm-long_rides,students_drivers,drivers_idle_duration_avg,supply,True,891.7274701944444,998.3249126111112,-58.35492211111125,-143.33811036111115,95.09559005555559,-106.59744241666681,118.66998750599998,-0.4917412004291381,-1.2078716225858197,0.8013449066112655,-0.8982679164036923,36.74066794444434,0.30960370618212735,-48.24252030555556,-0.40652671597455425,0.8013449066112655
wildcat_strike-boycott_tncs,managers,drivers_occupied_duration_avg,supply,True,637.5244440555555,591.2400875555555,24.58608194444446,-74.44642744444445,96.14470199999994,46.284356499999944,119.98649182799998,0.20490708220462417,-0.6204567390066127,0.8012960503739277,0.3857463935719392,120.7307839444444,1.0062031325785519,21.698274555555486,0.18083931136731501,0.8012960503739277
wildcat_strike-boycott_tncs,managers_drivers,drivers_total_length_avg,supply,True,23668.694017611113,22410.883365944446,2647.5920212777746,3383.088174388886,-4772.869543999994,1257.8106516666667,5978.65403394,0.4428408143785804,0.5658611712909892,-0.7983184035913548,0.21038358207821492,-2125.277522722219,-0.35547758921277434,-1389.781369611108,-0.23245723230036552,0.7983184035913548
flash_mob,bank_tellers_drivers,passengers_acceptance_rate,passenger_decisions,False,1.540118222222222,2.1753686666666665,-0.15665822222222214,-0.5712884444444442,0.09269622222222185,-0.6352504444444445,0.11626549199999957,-1.3474180474996202,-4.913654383748243,0.7972806086110417,-5.463791822636821,-0.0639620000000003,-0.5501374388885786,-0.4785922222222223,-4.116373775137202,0.7972806086110417
wildcat_strike,drivers,drivers_occupied_duration_avg,supply,False,585.6935675555555,591.2400875555555,-36.199209555555626,-64.84396305555549,95.49665261111113,-5.546519999999987,119.98649182799998,-0.30169404075457934,-0.5404271936586743,0.7958950308173447,-0.0462262035959089,59.297443055555505,0.49420099006276536,30.65268955555564,0.2554678371586704,0.7958950308173447
wildcat_strike-long_rides,students_drivers,passengers_rating_avg,passenger_experience,True,4.884644333333333,4.879489861111111,0.028372138888888898,-0.039926777777777644,0.016709111111111064,0.005154472222222317,0.021075158999998813,1.346236053967161,-1.8944947356164616,0.7928344033424376,0.24457572169313682,0.04508124999999996,2.1390704573095984,-0.02321766666666658,-1.1016603322740242,0.7928344033424376
underground_alarm-long_rides,students,rides_offers_price_no_surge_avg,market,True,28.239321888888888,20.972370111111108,7.703691083333339,0.03329538888889516,-0.470034694444454,7.266951777777781,0.5929510439999985,12.992119941917766,0.05615200314732095,-0.7927040506980795,12.255567894367006,7.233656388888885,12.199415891219687,-0.43673930555555884,-0.7365520475507585,0.7927040506980795
flash_mob-long_rides,students,traffic_length_avg,trip,True,4089.519912166667,3918.707275333333,111.14386386111119,-3.4824931111111255,63.15126608333367,170.81263683333373,79.72573270199983,1.3940776722184112,-0.04368091697730827,0.7921064371948956,2.1425031924359987,174.29512994444485,2.1861841094133068,59.66877297222254,0.7484255202175873,0.7921064371948956
wildcat_strike-boycott_tncs,students_drivers,passengers_acceptance_rate,passenger_decisions,True,2.051584111111111,2.148158888888889,0.03916955555555557,-0.2278020000000005,0.09205766666666682,-0.09657477777777812,0.11626549199999957,0.3368975168965501,-1.959325988144456,0.791788389513435,-0.8306400817344709,0.13122722222222238,1.1286859064099852,-0.1357443333333337,-1.167537598631021,0.791788389513435
underground_alarm,bank_tellers_drivers,traffic_length_avg,trip,False,3857.5017596296298,3913.6261661481485,-72.836535925926,-46.344808370370174,63.05693777777742,-56.124406518518754,79.72573270199983,-0.9135887931964904,-0.5813030097020063,0.7909232770989097,-0.7039685257995871,-9.77959814814858,-0.1226655160975807,16.712129407407247,0.20962026739690343,0.7909232770989097
wildcat_strike-long_rides,students_drivers,drivers_acceptance_rate,driver_decisions,True,1.8611394444444442,2.1232066666666665,-0.16929994444444407,-0.25260355555555525,0.1598362777777771,-0.26206722222222223,0.20223405300000016,-0.8371485510624856,-1.2490653864092565,0.7903529371375303,-1.295861000334212,-0.009463666666666981,-0.04679561392495535,-0.09276727777777816,-0.45871244927172616,0.7903529371375303
underground_alarm-flash_mob,drivers,passengers_pickup_reject,passenger_decisions,True,0.26469133333333333,0.1297406666666667,0.15496266666666655,0.01896311111111107,-0.03897511111111099,0.13495066666666664,0.049415058,3.135940195935145,0.38375167162833385,-0.7887294417647145,2.7309624257987646,0.11598755555555557,2.3472107541704306,-0.02001199999999992,-0.40497777013638064,0.7887294417647145
wildcat_strike-long_rides,bank_tellers,passengers_pickup_reject,passenger_decisions,True,0.2934119722222222,0.11379150000000002,0.07238916666666662,0.06862486111111107,0.0386064444444445,0.1796204722222222,0.049415058,1.4649212122075546,1.3887439150857837,0.7812688279035208,3.634933955196859,0.11099561111111111,2.2461900401110753,0.10723130555555557,2.1700127429893046,0.7812688279035208
underground_alarm-wildcat_strike,drivers,drivers_occupied_duration_avg,supply,True,545.9186203888889,591.2400875555555,-74.0738298888889,-64.84396305555549,93.59632577777779,-45.321467166666594,119.98649182799998,-0.6173514098159761,-0.5404271936586743,0.7800571910373681,-0.37772141243728236,19.522495888888898,0.162705781221392,28.7523627222223,0.23962999737869384,0.7800571910373681
underground_alarm-wildcat_strike,bank_tellers_drivers,drivers_acceptance_rate,driver_decisions,True,1.9705116666666667,2.173982944444444,-0.12496094444444417,-0.23600422222222162,0.15749388888888838,-0.2034712777777774,0.20223405300000016,-0.6179025865858707,-1.1669855730094152,0.7787703730038396,-1.0061177865914464,0.03253294444444421,0.16086778641796884,-0.07851033333333324,-0.38821520000557563,0.7787703730038396
underground_alarm-wildcat_strike,students,drivers_occupied_distance_avg,supply,True,5035.1270841666665,5108.079767277777,-577.3703812777776,-359.11298838888797,863.5306865555549,-72.95268311111067,1111.921141191,-0.5192547923491635,-0.32296623841888206,0.7766114471306936,-0.06560958363735188,286.1603052777773,0.25735665478153014,504.4176981666669,0.4536452087118116,0.7766114471306936
wildcat_strike-boycott_tncs,students,rides_offers_price_lyft_avg,market,True,21.89955811111111,21.92458222222222,-0.4192202222222221,-0.019349944444442713,0.41354605555555324,-0.02502411111111158,0.5353149690000025,-0.7831281516475213,-0.03614683983261193,0.7725284729625248,-0.046746518517608394,-0.005674166666668867,-0.01059967868499645,0.3941961111111105,0.7363816331299129,0.7725284729625248
underground_alarm-wildcat_strike,managers_drivers,drivers_occupied_distance_avg,supply,True,4408.930544555556,5108.079767277777,-577.3703812777776,735.4295247777782,-857.2083662222221,-699.1492227222216,1111.921141191,-0.5192547923491635,0.661404390593784,-0.7709255040371387,-0.6287759057925182,-1434.5787474999997,-1.290180296386302,-121.77884144444397,-0.10952111344335469,0.7709255040371387
wildcat_strike-long_rides,managers_drivers,passengers_acceptance_rate,passenger_decisions,True,1.3711008333333332,2.0987324444444444,-0.23798080555555545,-0.5787444444444443,0.08909363888888855,-0.7276316111111112,0.11626549199999957,-2.0468739387913684,-4.977783472024927,0.7662947737656233,-6.258362637050673,-0.1488871666666669,-1.280579165025745,-0.48965080555555573,-4.211488698259304,0.7662947737656233
long_rides,managers,rides_offers_price_lyft_avg,market,False,28.047674055555554,21.73318947222222,6.499906444444445,0.22452147222222152,-0.40994333333333444,6.314484583333332,0.5353149690000025,12.142209392325837,0.41941937966285503,-0.7657983749251975,11.795830397063494,6.0899631111111105,11.37641101740064,-0.18542186111111292,-0.3463789952623425,0.7657983749251975
wildcat_strike-boycott_tncs,managers_drivers,drivers_occupied_distance_avg,supply,True,5366.720883222222,5108.079767277777,374.71053938888963,735.4295247777782,-851.4989482222227,258.6411159444451,1111.921141191,0.3369938078410219,0.661404390593784,-0.765790771196387,0.2326074272384188,-476.78840883333305,-0.42879696335536516,-116.06942344444451,-0.10438638060260308,0.765790771196387
flash_mob,students_drivers,passengers_rating_avg,passenger_experience,False,4.893461444444445,4.88952911111111,0.004543000000000852,0.01539588888888943,-0.016006555555555302,0.003932333333334981,0.021075158999998813,0.21556183751691305,0.7305230242339001,-0.7594986854218373,0.18658617632897584,-0.01146355555555445,-0.5439368479049242,-0.0006106666666658711,-0.02897566118793715,0.7594986854218373
underground_alarm-wildcat_strike,bank_tellers_drivers,passengers_drivers_ratio,demand,True,0.3785197222222223,0.18343266666666666,0.23793466666666677,0.009768166666666689,-0.05261577777777782,0.19508705555555564,0.06994165499999999,3.4019021521104524,0.13966164607724382,-0.7522809944628537,2.7892828037248427,0.18531888888888895,2.6496211576475988,-0.04284761111111113,-0.6126193483856098,0.7522809944628537
flash_mob,managers_drivers,passengers_acceptance_rate,passenger_decisions,False,1.6799607777777779,2.1753686666666665,-0.15665822222222214,-0.4258803333333332,0.08713066666666669,-0.49540788888888865,0.11626549199999957,-1.3474180474996202,-3.6629985906165072,0.749411241184676,-4.261005396931451,-0.06952755555555545,-0.5980068063149443,-0.3387496666666665,-2.913587349431831,0.749411241184676
flash_mob,bank_tellers,drivers_idle_duration_avg,supply,False,603.6450241111112,686.4553451111112,-70.96497388888906,-100.51773588888898,88.672388777778,-82.81032100000004,118.66998750599998,-0.598002708016642,-0.8470358681364719,0.7472183206667541,-0.6978202554863598,17.707414888888934,0.14921561265011207,-11.845347111110982,-0.09981754746971783,0.7472183206667541
flash_mob-long_rides,bank_tellers,rides_offers_price_lyft_avg,market,True,30.045424916666665,21.73318947222222,7.920445694444453,-0.00798244444444407,0.39977219444443435,8.312235444444443,0.5353149690000025,14.795860667300742,-0.014911677996518031,0.7467980863513504,15.527747075655574,8.320217888888887,15.542658753652093,0.3917897499999903,0.7318864083548323,0.7467980863513504
wildcat_strike-boycott_tncs,drivers,drivers_occupied_distance_avg,supply,True,5787.731436055556,5108.079767277777,374.71053938888963,-525.4249873333329,830.3661167222217,679.6516687777785,1111.921141191,0.3369938078410219,-0.47253799560869947,0.7467850785108741,0.6112408907431965,1205.0766561111113,1.083778886351896,304.94112938888884,0.2742470829021746,0.7467850785108741
boycott_tncs-long_rides,students,drivers_idle_duration_avg,supply,True,976.8048958333334,998.3249126111112,-20.3887358611114,-89.48062883333353,88.34934791666706,-21.52001677777787,118.66998750599998,-0.17181038179582298,-0.7540291417727617,0.744496142398263,-0.1813433811703217,67.96061205555566,0.57268576060244,-1.1312809166664692,-0.009532999374498696,0.744496142398263
flash_mob-long_rides,drivers,drivers_occupied_duration_avg,supply,True,680.0602183333333,682.0953701666667,-62.61252072222226,-28.547722916666658,89.12509180555548,-2.0351518333334297,119.98649182799998,-0.5218297474017074,-0.23792447367816763,0.7427927131440416,-0.016961507935833387,26.512571083333228,0.2209629657423342,60.57736888888883,0.504868239465874,0.7427927131440416
flash_mob-long_rides,bank_tellers_drivers,passengers_rating_avg,passenger_experience,True,4.85873375,4.879489861111111,0.008667416666667371,-0.044988472222221354,0.015564944444443007,-0.020756111111110975,0.021075158999998813,0.41126221950059116,-2.1346682234864223,0.7385445796372822,-0.9848614243485492,0.02423236111111038,1.1498067991378733,-0.029423527777778347,-1.39612364384914,0.7385445796372822
long_rides,students,drivers_idle_duration_avg,supply,False,954.8925791111112,998.3249126111112,-41.3774770277779,-89.48062883333353,87.4257723611114,-43.43233350000003,118.66998750599998,-0.34867684658419507,-0.7540291417727617,0.7367134201197344,-0.36599256823722237,46.0482953333335,0.38803657353553933,-2.054856472222127,-0.017315721653027305,0.7367134201197344
underground_alarm-long_rides,students_drivers,rides_offers_price_uber_avg,market,True,27.949013305555557,20.522367444444445,7.738272833333333,0.14737433333333172,-0.4590013055555531,7.426645861111112,0.625182768000003,12.377616961658315,0.23572999909257095,-0.7341873913510534,11.879159569399834,7.27927152777778,11.643429570307262,-0.31162697222222135,-0.4984573922584824,0.7341873913510534
underground_alarm-long_rides,students_drivers,rides_offers_price_no_surge_avg,market,True,28.350776583333335,20.972370111111108,7.703691083333339,0.10885463888888935,-0.4341392500000012,7.378406472222228,0.5929510439999985,12.992119941917766,0.18358115731539149,-0.7321671061936814,12.443533993039475,7.269551833333338,12.259952835724084,-0.32528461111111184,-0.5485859488782899,0.7321671061936814
boycott_tncs,students,drivers_acceptance_rate,driver_decisions,False,2.2249867777777776,2.173982944444444,0.23042066666666727,-0.03212433333333298,-0.14729250000000071,0.05100383333333358,0.20223405300000016,1.1393761992529867,-0.158847300228577,-0.7283268955698603,0.25220200345454946,0.08312816666666656,0.4110493036831264,-0.1794168333333337,-0.8871741957984373,0.7283268955698603
flash_mob-wildcat_strike,managers_drivers,drivers_removed,supply,True,0.5006848888888888,0.43673111111111107,0.1086758888888888,0.06565744444444443,-0.11037955555555545,0.06395377777777778,0.1519665,0.7151305642288845,0.43205209335244565,-0.7263413683644451,0.42084128921688513,-0.0017036666666666589,-0.011210804135560526,-0.04472211111111102,-0.2942892750119994,0.7263413683644451
flash_mob-long_rides,managers,drivers_occupied_distance_avg,supply,True,5691.483920527778,5772.043823916667,-638.8170366111117,-248.6657177777779,806.9228510000003,-80.55990338888932,1111.921141191,-0.5745164948719858,-0.2236361092221228,0.7257015098531985,-0.07245109424090998,168.10581438888858,0.15118501498121273,558.2571332222224,0.5020654006310756,0.7257015098531985
wildcat_strike-long_rides,managers,passengers_acceptance_rate,passenger_decisions,True,1.3891153055555554,2.0987324444444444,-0.23798080555555545,-0.5559878055555556,0.08435147222222206,-0.709617138888889,0.11626549199999957,-2.0468739387913684,-4.782053522429146,0.7255073777370019,-6.103420083483512,-0.1536293333333334,-1.3213665610543663,-0.47163633333333355,-4.056546144692144,0.7255073777370019
wildcat_strike-long_rides,bank_tellers,passengers_acceptance_rate,passenger_decisions,True,1.1676128055555555,2.0987324444444444,-0.23798080555555545,-0.777291861111111,0.08415302777777756,-0.9311196388888889,0.11626549199999957,-2.0468739387913684,-6.685490662277625,0.7238005562112778,-8.008564044857716,-0.1538277777777779,-1.3230733825800907,-0.6931388333333335,-5.961690106066348,0.7238005562112778
underground_alarm-wildcat_strike,drivers,drivers_occupied_distance_avg,supply,True,4802.062375111111,5108.079767277777,-577.3703812777776,-525.4249873333329,796.777976444444,-306.01739216666647,1111.921141191,-0.5192547923491635,-0.47253799560869947,0.7165777742034833,-0.2752150137543795,219.4075951666664,0.19732298185431985,271.3529891111111,0.24403977859478387,0.7165777742034833
underground_alarm,drivers,passengers_acceptance_rate,passenger_decisions,False,2.1046764444444443,2.1616777777777774,-0.06988362962962924,-0.07022911111111085,0.08311140740740708,-0.057001333333333015,0.11626549199999957,-0.6010694009674814,-0.6040408886852783,0.7148415748965943,-0.49026871475616535,0.013227777777777838,0.11377217392911287,0.012882296296296225,0.110800686211316,0.7148415748965943
flash_mob-boycott_tncs,students,rides_offers_price_lyft_avg,market,True,23.834208166666667,21.92458222222222,2.3107167777777775,-0.019349944444442713,-0.38174088888888846,1.9096259444444463,0.5353149690000025,4.316555507674897,-0.03614683983261193,-0.7131145418967103,3.5672941259455744,1.928975888888889,3.6034409657781867,-0.4010908333333312,-0.7492613817293222,0.7131145418967103
flash_mob-wildcat_strike,bank_tellers_drivers,rides_offers_price_uber_avg,market,True,23.63959272222222,20.713286055555557,3.2048839999999963,0.16717561111111223,-0.4457529444444468,2.9263066666666617,0.625182768000003,5.126315317763174,0.26740278150326663,-0.7129962104848747,4.680721888781566,2.7591310555555495,4.4133191072783,-0.27857733333333456,-0.4455934289816081,0.7129962104848747
underground_alarm-long_rides,students,rides_offers_price_uber_avg,market,True,27.851881055555552,20.522367444444445,7.738272833333333,0.0350476666666637,-0.44380688888888997,7.329513611111107,0.625182768000003,12.377616961658315,0.05605987314522964,-0.7098834318621011,11.723793402941444,7.294465944444443,11.667733529796214,-0.40875922222222627,-0.6538235587168715,0.7098834318621011
wildcat_strike,drivers,drivers_occupied_distance_avg,supply,False,5048.315670277777,5108.079767277777,-320.18541644444394,-525.4249873333329,785.8463067777766,-59.76409700000022,1111.921141191,-0.28795694639053915,-0.47253799560869947,0.7067464388131351,-0.05374850318610342,465.66089033333265,0.418789492422596,260.4213194444437,0.23420844320443568,0.7067464388131351
wildcat_strike,students,drivers_idle_duration_avg,supply,False,668.8839989444444,781.1735767222222,-62.47094494444434,-133.46085116666666,83.64221833333329,-112.28957777777771,118.66998750599998,-0.5264258154681764,-1.1246386215378918,0.7048304300959357,-0.9462340069101324,21.17127338888895,0.17840461462775936,-49.81863283333337,-0.41980819144195614,0.7048304300959357
underground_alarm-long_rides,students_drivers,passengers_acceptance_rate,passenger_decisions,True,1.626933083333333,2.0987324444444444,-0.3016006944444447,-0.2518674166666668,0.08166875000000018,-0.4717993611111113,0.11626549199999957,-2.5940688785322976,-2.166312741072542,0.7024332722902895,-4.05794834731455,-0.21993194444444453,-1.891635606242008,-0.1701986666666666,-1.4638794687822525,0.7024332722902895
boycott_tncs,managers,passengers_rating_avg,passenger_experience,False,4.893395833333333,4.890071722222222,-0.01040461111111135,-0.0010103333333333353,0.014739055555555325,0.003324111111110639,0.021075158999998813,-0.4936907527536061,-0.04793953551351106,0.6993567904069504,0.15772650213983327,0.0043344444444439745,0.20566603765334435,0.01372872222222199,0.6514172548934394,0.6993567904069504
flash_mob-boycott_tncs,managers,drivers_acceptance_rate,driver_decisions,True,1.9932020000000001,2.173982944444444,-0.004618611111110393,-0.03544466666666635,-0.14071766666666718,-0.18078094444444393,0.20223405300000016,-0.022837949606391905,-0.17526557046585184,-0.6958158855010786,-0.8939194055733224,-0.14533627777777758,-0.7186538351074705,-0.17616233333333353,-0.8710814559669304,0.6958158855010786
flash_mob-boycott_tncs,managers,rides_offers_price_uber_avg,market,True,23.700237000000005,20.713286055555557,2.999609444444438,0.4210811666666636,-0.43373966666665353,2.986950944444448,0.625182768000003,4.79797204590326,0.6735329062471241,-0.6937805852426364,4.777724366907748,2.5658697777777846,4.1041914606606245,-0.012658499999989914,-0.020247678995512275,0.6937805852426364
underground_alarm-flash_mob,students_drivers,rides_offers_price_no_surge_avg,market,True,25.325236444444442,21.185985777777777,4.414968370370371,0.13529037037037028,-0.4110080740740756,4.1392506666666655,0.5929510439999985,7.445755286283604,0.22816448632540162,-0.6931568436096329,6.980762928999372,4.003960296296295,6.752598442673971,-0.2757177037037053,-0.4649923572842313,0.6931568436096329
wildcat_strike-boycott_tncs,managers_drivers,drivers_shift_duration_avg,supply,True,3846.6743151111114,3766.5394167777777,240.70026094444484,486.2720998888899,-646.837462500001,80.1348983333337,934.3746984599999,0.25760571357631756,0.5204251577984129,-0.6922677418021843,0.08576312957254614,-406.1372015555562,-0.43466202822586675,-160.56536261111114,-0.1718425840037714,0.6922677418021843
wildcat_strike-boycott_tncs,managers,drivers_occupied_distance_avg,supply,True,5687.071732611112,5108.079767277777,374.71053938888963,-565.4559739999986,769.7373999444435,578.9919653333345,1111.921141191,0.3369938078410219,-0.5085396374371728,0.6922589844095985,0.5207131548134476,1144.4479393333331,1.0292527922506205,204.2814259444449,0.18371934697242576,0.6922589844095985
boycott_tncs,bank_tellers_drivers,traffic_length_avg,trip,False,3918.9676949444447,3913.363475055555,-7.859312222221888,-41.43301738888886,54.89654950000022,5.6042198888894745,79.72573270199983,-0.09857936648382469,-0.5196944071214482,0.6885675131415029,0.07029373953623005,47.03723727777833,0.5899881466576782,13.463532111111363,0.16887310602005468,0.6885675131415029
flash_mob-wildcat_strike,managers_drivers,passengers_rating_avg,passenger_experience,True,4.907980055555556,4.890071722222222,0.00793422222222162,-0.0045058888888895865,0.014480000000001603,0.017908333333333637,0.021075158999998813,0.37647270999104054,-0.21380094398765107,0.6870648045883031,0.8497365705916926,0.022414222222223223,1.0635375145793438,0.009974111111112016,0.47326386060065206,0.6870648045883031
flash_mob-boycott_tncs,drivers,rides_offers_price_lyft_avg,market,True,24.500444555555553,21.92458222222222,2.3107167777777775,-0.10028905555555312,0.36543461111110886,2.5758623333333333,0.5353149690000025,4.316555507674897,-0.1873458830095832,0.6826534512826357,4.811863075947949,2.6761513888888864,4.999208958957532,0.26514555555555575,0.49530756827305245,0.6826534512826357
flash_mob,bank_tellers_drivers,traffic_length_avg,trip,False,3939.3594564444443,3907.7084513333334,17.659444111111043,-40.010996222223184,54.002557222223004,31.651005111110862,79.72573270199983,0.22150243732621194,-0.5018579932250601,0.6773541664906946,0.3969986105918464,71.66200133333405,0.8988566038169066,13.99156099999982,0.1754961732656345,0.6773541664906946
underground_alarm-flash_mob,bank_tellers,drivers_total_length_avg,supply,True,16768.088481333336,22120.633773407408,-2947.6061751851885,1643.0141574814807,-4047.953274370364,-5352.545292074072,5978.65403394,-0.4930216999431698,0.27481338578119996,-0.6770676562635483,-0.8952759704255181,-6995.559449555552,-1.170089356206718,-2404.9391168888833,-0.4022542704823483,0.6770676562635483
long_rides,bank_tellers_drivers,drivers_busy,supply,False,3654.162867277778,3255.854975888889,77.03035997222196,-334.8103977777778,656.0879291944448,398.30789138888895,972.4624552439999,0.07921165445188763,-0.3442913358477893,0.6746665906292765,0.40958690923337476,733.1182891666667,0.7538782450811641,321.277531416667,0.33037525478148716,0.6746665906292765
flash_mob-wildcat_strike,managers_drivers,drivers_idle_duration_avg,supply,True,757.5426983333333,781.1735767222222,-143.25709299999983,39.60815694444466,80.01805766666632,-23.630878388888846,118.66998750599998,-1.2071889111200649,0.33376726312069477,0.674290604965477,-0.19913104303389315,-63.239035333333504,-0.5328983061545879,119.62621461111098,1.0080578680861718,0.674290604965477
boycott_tncs,drivers,drivers_busy,supply,False,2715.5916991666663,3341.0385382777777,-1029.8282727777773,-251.3264514444445,655.7078851111105,-625.4468391111113,972.4624552439999,-1.0589902645849538,-0.2584433466702674,0.6742757847104619,-0.6431578265447594,-374.12038766666683,-0.3847144798744919,404.381433666666,0.4158324380401945,0.6742757847104619
long_rides,bank_tellers_drivers,rides_offers_price_no_surge_avg,market,False,27.07648861111111,20.972370111111108,6.401837444444446,0.10029083333333588,-0.39800977777778,6.104118500000002,0.5929510439999985,10.79656998537043,0.16913847162960072,-0.6712354785528989,10.294472978447134,6.003827666666666,10.12533450681753,-0.29771894444444413,-0.5020970069232982,0.6712354785528989
underground_alarm,managers_drivers,passengers_rating_avg,passenger_experience,False,4.888697259259259,4.889138074074075,0.005675999999999348,0.00794659259259145,-0.014063407407406636,-0.0004408148148158375,0.021075158999998813,0.2693218115222603,0.37705967450076644,-0.6672978081639824,-0.020916322140955727,-0.008387407407407288,-0.3979759966417221,-0.006116814814815186,-0.290238133663216,0.6672978081639824
wildcat_strike-boycott_tncs,managers_drivers,passengers_reject,passenger_decisions,True,3.0829630000000003,4.9192779444444446,-2.447722388888889,1.8113886666666676,-1.199981222222223,-1.8363149444444442,1.798897884,-1.3606788971512787,1.0069435751621951,-0.6670646693707618,-1.0207999913598453,-3.647703611111112,-2.0277435665220405,0.6114074444444446,0.3398789057914333,0.6670646693707618
wildcat_strike-long_rides,bank_tellers,passengers_rating_avg,passenger_experience,True,4.898616611111111,4.879489861111111,0.028372138888888898,0.004783750000000531,-0.01402913888888957,0.01912674999999986,0.021075158999998813,1.346236053967161,0.2269852388777138,-0.6656717934555255,0.9075494993893491,0.014342999999999329,0.6805642605116354,-0.009245388888889039,-0.4386865545778117,0.6656717934555255
flash_mob-long_rides,managers_drivers,rides_offers_price_lyft_avg,market,True,30.105036916666666,21.73318947222222,7.920445694444453,0.09529916666667049,0.3561025833333211,8.371847444444445,0.5353149690000025,14.795860667300742,0.17802447565532217,0.6652206718570566,15.63910581481312,8.276548277777774,15.461081339157799,0.4514017499999916,0.8432451475123788,0.6652206718570566
long_rides,managers,drivers_occupied_duration_avg,supply,False,726.2926631666667,682.0953701666667,1.350163111111101,-36.804673694444546,79.65180358333339,44.197292999999945,119.98649182799998,0.011252625945981927,-0.3067401432754935,0.6638397570412663,0.3683522397117547,81.00196669444449,0.6750923829872483,42.847129888888844,0.3570996137657728,0.6638397570412663
underground_alarm-long_rides,students_drivers,rides_offers_price_lyft_avg,market,True,28.99703825,21.73318947222222,7.594743194444444,0.023103194444445307,-0.3539976111111116,7.263848777777778,0.5353149690000025,14.18742914780029,0.043158132655254026,-0.6612884593389914,13.56929882111655,7.240745583333332,13.526140688461298,-0.3308944166666663,-0.6181303266837374,0.6612884593389914
boycott_tncs,managers,drivers_occupied_duration_avg,supply,False,600.9692368888888,591.2400875555555,5.279484444444506,-74.44642744444445,78.89609233333317,9.729149333333226,119.98649182799998,0.04400065677403603,-0.6204567390066127,0.657541454303292,0.08108537207071535,84.17557677777768,0.7015421110773281,4.449664888888719,0.03708471529667934,0.657541454303292
boycott_tncs,students,passengers_rating_avg,passenger_experience,False,4.895611277777777,4.890071722222222,-0.01040461111111135,0.002133611111111655,0.013810555555554771,0.005539555555555076,0.021075158999998813,-0.4936907527536061,0.10123819759138118,0.6553001832895091,0.26284762812728424,0.0034059444444434206,0.16160943053590304,0.015944166666666426,0.7565383808808903,0.6553001832895091
flash_mob-wildcat_strike,managers_drivers,rides_offers_price_uber_avg,market,True,23.672887999999997,20.713286055555557,3.2048839999999963,0.1641431666666655,-0.40942522222222166,2.95960194444444,0.625182768000003,5.126315317763174,0.26255228881590786,-0.6548888471958326,4.733978759383249,2.7954587777777746,4.471426470567342,-0.24528205555555616,-0.39233655837992476,0.6548888471958326
underground_alarm-wildcat_strike,students,drivers_total_length_avg,supply,True,22847.576336388887,22410.883365944446,-2307.683517444446,-1167.8028585555585,3912.1793464444454,436.692970444441,5978.65403394,-0.385987130940182,-0.19532872314171412,0.654357874571022,0.07304202048912596,1604.4958289999995,0.26837074363084,2744.376487888887,0.4590291514293079,0.654357874571022
wildcat_strike-boycott_tncs,students_drivers,drivers_occupied_distance_avg,supply,True,4723.447470555556,5108.079767277777,374.71053938888963,-32.14960927777702,-727.1932268333339,-384.6322967222213,1111.921141191,0.3369938078410219,-0.02891356957503385,-0.6539971225427221,-0.3459168842767341,-352.4826874444443,-0.31700331470170023,-759.342836111111,-0.682910692117756,0.6539971225427221
underground_alarm-long_rides,drivers,passengers_rating_avg,passenger_experience,True,4.874466527777778,4.879489861111111,0.02004247222222233,-0.03880583333333387,0.013740027777778607,-0.0050233333333329355,0.021075158999998813,0.9509998108305355,-1.841306788401267,0.6519536947635546,-0.23835328280717685,0.03378250000000094,1.60295350559409,-0.025065805555555265,-1.1893530936377124,0.6519536947635546
flash_mob-long_rides,bank_tellers_drivers,passengers_acceptance_rate,passenger_decisions,True,1.1366078888888889,2.0987324444444444,-0.23706058333333369,-0.8005881944444444,0.07552422222222255,-0.9621245555555555,0.11626549199999957,-2.038959103474439,-6.885862526126388,0.6495841622742441,-8.275237467326583,-0.16153636111111114,-1.3893749412001948,-0.7250639722222219,-6.236278363852144,0.6495841622742441
underground_alarm-long_rides,drivers,passengers_pickup_reject,passenger_decisions,True,0.2424029444444444,0.11379150000000002,0.14638883333333333,0.014263833333333309,-0.03204122222222225,0.1286114444444444,0.049415058,2.96243370458724,0.2886535786992967,-0.6484100903457859,2.602677192940751,0.11434761111111108,2.314023614241454,-0.01777738888888894,-0.3597565116464892,0.6484100903457859
long_rides,bank_tellers,rides_offers_price_uber_avg,market,False,26.52609611111111,20.522367444444445,6.355252527777779,0.05367991666667038,-0.4052037777777855,6.003728666666664,0.625182768000003,10.165431379544595,0.08586275792340796,-0.6481365106624044,9.603157626805597,5.9500487499999934,9.51729486888219,-0.3515238611111151,-0.5622737527389965,0.6481365106624044
wildcat_strike-boycott_tncs,students,passengers_acceptance_rate,passenger_decisions,True,2.046736166666667,2.148158888888889,0.03916955555555557,-0.21558083333333355,0.07498855555555561,-0.10142272222222237,0.11626549199999957,0.3368975168965501,-1.8542116807395814,0.6449768909553653,-0.872337272887666,0.11415811111111118,0.9818744078519154,-0.14059227777777794,-1.2092347897842162,0.6449768909553653
long_rides,students_drivers,rides_offers_price_uber_avg,market,False,26.62199147222222,20.522367444444445,6.355252527777779,0.14737433333333172,-0.40300283333333553,6.099624027777775,0.625182768000003,10.165431379544595,0.23572999909257095,-0.6446160290415003,9.756545349595665,5.952249694444443,9.520815350503094,-0.2556285000000038,-0.4088860299489293,0.6446160290415003
wildcat_strike,managers_drivers,drivers_idle_duration_avg,supply,False,682.0233698333334,781.1735767222222,-62.47094494444434,39.60815694444466,-76.28741888888908,-99.15020688888876,118.66998750599998,-0.5264258154681764,0.33376726312069477,-0.6428535174913705,-0.8355120698388521,-138.75836383333342,-1.169279332959547,-36.67926194444442,-0.3090862543706758,0.6428535174913705
boycott_tncs-long_rides,managers_drivers,drivers_occupied_distance_avg,supply,True,6115.9499639722235,5772.043823916667,578.7806914166658,479.8063896666672,-714.6809410277765,343.90614005555653,1111.921141191,0.5205231468094246,0.43151116737715534,-0.6427442689526238,0.30929004523395615,-135.90024961111067,-0.12222112214319925,-234.8745513611093,-0.21123310157546848,0.6427442689526238
flash_mob-wildcat_strike,managers,drivers_acceptance_rate,driver_decisions,True,2.0010178888888888,2.173982944444444,-0.2673137222222217,-0.03544466666666635,0.12979333333333276,-0.1729650555555553,0.20223405300000016,-1.3218037133549487,-0.17526557046585184,0.6417976172061025,-0.855271666614698,-0.13752038888888896,-0.6800060961488462,0.09434866666666641,0.46653204674025067,0.6417976172061025
underground_alarm-wildcat_strike,managers_drivers,drivers_total_length_avg,supply,True,19663.681485444446,22410.883365944446,-2307.683517444446,3383.088174388886,-3822.6065374444406,-2747.2018805000007,5978.65403394,-0.385987130940182,0.5658611712909892,-0.6393757718282455,-0.4595017314774382,-6130.2900548888865,-1.0253629027684275,-439.5183630555548,-0.07351460053725623,0.6393757718282455
flash_mob-long_rides,drivers,drivers_occupied_distance_avg,supply,True,5673.676698027777,5772.043823916667,-638.8170366111117,-167.86768480555656,708.3175955277784,-98.36712588888986,1111.921141191,-0.5745164948719858,-0.15097085448501346,0.637021430107072,-0.08846591924992715,69.5005589166667,0.06250493523508627,540.4499107222218,0.48605057562205856,0.637021430107072
flash_mob-boycott_tncs,students_drivers,drivers_idle_duration_avg,supply,True,697.0573923888888,781.1735767222222,-78.52910666666662,-81.05339272222216,75.46631505555547,-84.11618433333331,118.66998750599998,-0.661743616200315,-0.683015094428354,0.6359342967971567,-0.7088244138315122,-3.0627916111111517,-0.025809319403158226,-5.587077666666687,-0.04708079763119721,0.6359342967971567
boycott_tncs-long_rides,drivers,traffic_length_avg,trip,True,3890.403467666667,3918.707275333333,4.810539638888713,17.24786683333332,-50.36221413888825,-28.303807666666216,79.72573270199983,0.060338606819326804,0.21634002283557158,-0.6316933370450538,-0.35501470739015545,-45.551674499999535,-0.571354730225727,-33.11434730555493,-0.41535331420948224,0.6316933370450538
flash_mob-wildcat_strike,bank_tellers_drivers,drivers_idle_duration_avg,supply,True,620.6949104444444,781.1735767222222,-143.25709299999983,-92.01204077777788,74.79046749999998,-160.47866627777773,118.66998750599998,-1.2071889111200649,-0.7753606679458506,0.6302391116053547,-1.3523104674605606,-68.46662549999985,-0.5769497995147101,-17.221573277777907,-0.14512155634049584,0.6302391116053547
underground_alarm-flash_mob,bank_tellers,passengers_acceptance_rate,passenger_decisions,True,1.3995323703703704,2.1616777777777774,-0.166392444444444,-0.6688438518518516,0.0730908888888886,-0.762145407407407,0.11626549199999957,-1.431142134971954,-5.752728865172257,0.6286550517404499,-6.55521594840376,-0.09330155555555542,-0.8024870832315041,-0.595752962962963,-5.1240738134318065,0.6286550517404499
boycott_tncs,managers,passengers_reject,passenger_decisions,False,2.8418613888888893,4.9192779444444446,-2.5283425555555556,1.5759258888888894,-1.124999888888889,-2.0774165555555553,1.798897884,-1.4054953191303856,0.8760507769260845,-0.6253828518533567,-1.154827394057658,-3.6533424444444447,-2.0308781709837422,0.4509260000000004,0.2506679250727277,0.6253828518533567
underground_alarm-long_rides,drivers,drivers_idle_duration_avg,supply,True,978.3364788888889,998.3249126111112,-58.35492211111125,-35.66905833333351,74.03554672222242,-19.98843372222234,118.66998750599998,-0.4917412004291381,-0.30057354081654447,0.6238775976822207,-0.16843714356346182,15.68062461111117,0.13213639725308263,38.36648838888891,0.32330405686567626,0.6238775976822207
wildcat_strike,managers_drivers,passengers_pickup_reject,passenger_decisions,False,0.22550005555555558,0.12836083333333334,0.046000166666666675,0.08194411111111113,-0.03080505555555557,0.09713922222222224,0.049415058,0.9308937099024892,1.6582822003590714,-0.6233940989314547,1.965781811330106,0.015195111111111104,0.3074996109710345,0.05113905555555556,1.0348881014276166,0.6233940989314547
wildcat_strike-long_rides,students,passengers_acceptance_rate,passenger_decisions,True,1.7089685,2.0987324444444444,-0.23798080555555545,-0.22420844444444432,0.07242530555555526,-0.3897639444444445,0.11626549199999957,-2.0468739387913684,-1.9284178012547795,0.6229303666091701,-3.352361373436978,-0.1655555000000002,-1.4239435721821982,-0.15178313888888906,-1.3054874346456093,0.6229303666091701
flash_mob-long_rides,managers_drivers,rides_offers_price_no_surge_avg,market,True,29.493953666666666,20.972370111111108,8.002762888888892,0.14998677777778013,0.36883388888888646,8.521583555555559,0.5929510439999985,13.496498521872763,0.25294968158919456,0.6220309292328143,14.371479132694772,8.371596777777778,14.118529451105577,0.5188206666666666,0.8749806108220088,0.6220309292328143
wildcat_strike-long_rides,managers,rides_offers_price_uber_avg,market,True,26.44143044444444,20.522367444444445,5.871735972222222,0.43471774999999724,-0.38739072222222504,5.919062999999994,0.625182768000003,9.392031055184479,0.6953450610781952,-0.6196439538177149,9.467732162444959,5.484345249999997,8.772387101366764,0.0473270277777722,0.0757011072604803,0.6196439538177149
flash_mob-long_rides,managers_drivers,rides_offers_price_uber_avg,market,True,29.14934152777778,20.522367444444445,8.057299749999999,0.1826642777777785,0.3870100555555567,8.626974083333334,0.625182768000003,12.887910803709099,0.2921774033569934,0.6190350652076111,13.799123272273704,8.444309805555555,13.50694586891671,0.5696743333333352,0.9112124685646045,0.6190350652076111
flash_mob-long_rides,bank_tellers,rides_offers_price_no_surge_avg,market,True,29.368244055555554,20.972370111111108,8.002762888888892,0.027085888888890963,0.3660251666666632,8.395873944444446,0.5929510439999985,13.496498521872763,0.04567980639037551,0.6172940757427253,14.159472404005864,8.368788055555555,14.113792597615488,0.39311105555555415,0.6629738821331008,0.6172940757427253
underground_alarm-flash_mob,drivers,drivers_shift_duration_avg,supply,True,3235.2629525925922,3692.5826028148153,-596.4172708148153,-436.244761111112,575.3423817037042,-457.3196502222231,934.3746984599999,-0.6383063152264365,-0.4668841759415293,0.6157512426780832,-0.48943924848988274,-21.074889111111133,-0.022555072548353317,139.0976205925922,0.14886706673655392,0.6157512426780832
flash_mob,managers_drivers,passengers_pickup_reject,passenger_decisions,False,0.26355544444444445,0.13755566666666666,0.08420266666666668,0.07218488888888897,-0.030387777777777847,0.1259997777777778,0.049415058,1.7039880165002879,1.460787294611472,-0.6149497543396154,2.549825556772144,0.05381488888888883,1.0890382621606725,0.04179711111111112,0.8458375402718565,0.6149497543396154
boycott_tncs-long_rides,students_drivers,passengers_rating_avg,passenger_experience,True,4.813820166666667,4.879489861111111,-0.012791583333333634,-0.039926777777777644,-0.012951333333332649,-0.06566969444444393,0.021075158999998813,-0.606950739177548,-1.8944947356164616,-0.6145307531645848,-3.1159762279585945,-0.025742916666666282,-1.2214814923421329,-0.05287811111111029,-2.5090254887810466,0.6145307531645848
underground_alarm,students_drivers,traffic_length_avg,trip,False,3865.337988148148,3913.6261661481485,-72.836535925926,-24.38985666666713,48.93821459259243,-48.2881780000007,79.72573270199983,-0.9135887931964904,-0.30592201338345726,0.6138321083296218,-0.6056786982503259,-23.89832133333357,-0.2997566848668687,24.548357925925302,0.3079100949461645,0.6138321083296218
underground_alarm-flash_mob,bank_tellers,drivers_occupied_distance_avg,supply,True,3835.908924592593,4987.797185851851,-673.7068110370365,202.77021222222356,-680.9516624444454,-1151.8882612592583,1111.921141191,-0.6058944165009905,0.18236024544423401,-0.6124100327070543,-1.0359442037638107,-1354.658473481482,-1.2183044492080448,-478.1814502222219,-0.4300497872628203,0.6124100327070543
wildcat_strike-boycott_tncs,students_drivers,drivers_occupied_duration_avg,supply,True,531.291806611111,591.2400875555555,24.58608194444446,-11.185141055555505,-73.34922183333344,-59.94828094444449,119.98649182799998,0.20490708220462417,-0.09322000239484747,-0.6113123295452223,-0.4996252497354456,-48.763139888888986,-0.40640524734059813,-84.53436288888895,-0.7045323319400698,0.6113123295452223
underground_alarm,students_drivers,drivers_occupied_duration_avg,supply,False,561.2220750370371,577.3077211111112,-84.49669859259268,-4.768841037037191,73.17989355555585,-16.08564607407402,119.98649182799998,-0.7042184274686375,-0.03974481597372895,0.6099011017045056,-0.13406214173786088,-11.31680503703683,-0.09431732576413188,68.41105251851866,0.5701562857307767,0.6099011017045056
wildcat_strike-boycott_tncs,students_drivers,drivers_total_length_avg,supply,True,21809.759397111113,22410.883365944446,2647.5920212777746,371.79497116666244,-3620.5109612777705,-601.1239688333335,5978.65403394,0.4428408143785804,0.06218706903862196,-0.6055729167007533,-0.10054503328355095,-972.9189399999959,-0.1627321023221729,-3248.715990111108,-0.5433858476621314,0.6055729167007533
underground_alarm-wildcat_strike,drivers,drivers_idle_duration_avg,supply,True,620.1323512777777,781.1735767222222,-179.37851705555545,-53.40989644444437,71.7471880555554,-161.04122544444442,118.66998750599998,-1.5115744159531999,-0.45007080195187477,0.6045942159716486,-1.357051001933426,-107.63132900000005,-0.9069801999815512,18.337291611111027,0.15452341401977387,0.6045942159716486
underground_alarm-long_rides,bank_tellers_drivers,drivers_occupied_duration_avg,supply,True,602.8253825555555,682.0953701666667,-32.74457758333347,25.630980749999935,-72.15639077777769,-79.26998761111122,119.98649182799998,-0.27290219994324566,0.21361555254688014,-0.6013709516669051,-0.6606575990632707,-104.90096836111115,-0.8742731516101507,-46.52541002777775,-0.387755399120025,0.6013709516669051
flash_mob-long_rides,bank_tellers_drivers,drivers_idle_duration_avg,supply,True,872.8445010277777,998.3249126111112,-133.95277425000018,-62.78151622222231,71.25387888888895,-125.48041158333353,118.66998750599998,-1.1287839247748086,-0.5290429159188044,0.6004372325840713,-1.0573896081095417,-62.69889536111123,-0.5283466921907373,8.47236266666664,0.07139431666526697,0.6004372325840713
underground_alarm-wildcat_strike,managers,traffic_length_avg,trip,True,3874.848532277778,3913.363475055555,-72.27481066666633,-13.735993222222078,47.495861111111026,-38.51494277777738,79.72573270199983,-0.9065430723204052,-0.17229058619711532,0.5957406661741429,-0.48309299234337766,-24.7789495555553,-0.3108024061462623,33.75986788888895,0.42345007997702755,0.5957406661741429
flash_mob-boycott_tncs,students_drivers,traffic_length_avg,trip,True,3951.0318382777778,3913.363475055555,11.805097777777519,-21.534101055555766,47.39736650000077,37.668363222222524,79.72573270199983,0.14807136137466193,-0.2701022659276935,0.5945052481005528,0.4724743435475213,59.20246427777829,0.7425766094752148,25.863265444445005,0.32440298217285934,0.5945052481005528
flash_mob-wildcat_strike,bank_tellers_drivers,rides_offers_price_no_surge_avg,market,True,23.838673000000004,21.16593622222222,2.942321777777771,0.08169677777777906,-0.3512817777777677,2.672736777777782,0.5929510439999985,4.962166451262338,0.13777997122099556,-0.5924296471561126,4.50751677532722,2.591040000000003,4.369736804106225,-0.26958499999998864,-0.454649675935117,0.5924296471561126
wildcat_strike-boycott_tncs,students,rides_offers_price_no_surge_avg,market,True,21.184899277777777,21.16593622222222,-0.3505920555555555,0.018954388888889895,0.3506007222222216,0.018963055555555997,0.5929510439999985,-0.5912664445119965,0.031966195322003586,0.5912810606708747,0.03198081148088179,8.666666666101719e-06,1.4616158878211216e-05,0.3695551111111115,0.6232472559928783,0.5912810606708747
underground_alarm,bank_tellers,drivers_acceptance_rate,driver_decisions,False,1.9804785925925927,2.2053745925925923,-0.20165162962962935,-0.14257548148148036,0.11933111111111017,-0.22489599999999954,0.20223405300000016,-0.9971200529202131,-0.7050023443948891,0.5900643800631838,-1.1120580172519183,-0.08232051851851918,-0.40705567285702926,-0.023244370370370193,-0.11493796433170522,0.5900643800631838
flash_mob-boycott_tncs,bank_tellers_drivers,passengers_rating_avg,passenger_experience,True,4.8919974999999996,4.890071722222222,0.020294666666666572,-0.005958388888888777,-0.012410500000000546,0.001925777777777249,0.021075158999998813,0.9629662422318007,-0.28272094596719827,-0.5888686296507298,0.09137666661387263,0.007884166666666026,0.3740976125810709,-0.018368888888889323,-0.8715895756179282,0.5888686296507298
underground_alarm,students_drivers,drivers_acceptance_rate,driver_decisions,False,1.8707866666666666,2.2053745925925923,-0.20165162962962935,-0.2515670370370371,0.11863074074074076,-0.3345879259259257,0.20223405300000016,-0.9971200529202131,-1.2439400452357887,0.5866012127084288,-1.654458885447573,-0.08302088888888859,-0.4105188402117843,-0.13293629629629633,-0.6573388325273599,0.5866012127084288
flash_mob-long_rides,managers,rides_offers_price_uber_avg,market,True,28.648971999999997,20.522367444444445,8.057299749999999,0.43471774999999724,-0.3654129444444436,8.126604555555552,0.625182768000003,12.887910803709099,0.6953450610781952,-0.5844897894633619,12.998766075323932,7.691886805555555,12.303421014245737,0.06930480555555363,0.11085527161483322,0.5844897894633619
underground_alarm,bank_tellers,drivers_occupied_duration_avg,supply,False,561.6962597777778,577.3077211111112,-84.49669859259268,-1.1396182222223388,70.02485548148161,-15.61146133333341,119.98649182799998,-0.7042184274686375,-0.009497887677689382,0.58360615778201,-0.13011015736431697,-14.47184311111107,-0.12061226968662753,68.88523725925927,0.5741082701043206,0.58360615778201
flash_mob-long_rides,managers,drivers_shift_duration_avg,supply,True,4276.347108166666,4447.656883916667,-445.789195111111,-269.4232438333338,543.9026631944439,-171.30977575000088,934.3746984599999,-0.4770989581009026,-0.288346039632052,0.5821033725451719,-0.1833416251877828,98.11346808333292,0.10500441444426928,274.4794193611101,0.29375733291311984,0.5821033725451719
flash_mob-long_rides,drivers,rides_offers_price_lyft_avg,market,True,29.891724749999998,21.73318947222222,7.920445694444453,-0.07260594444444379,0.3106955277777672,8.158535277777776,0.5353149690000025,14.795860667300742,-0.1356321953411384,0.5803976084550061,15.240626080414609,8.23114122222222,15.376258275755749,0.23808958333332342,0.4447654131138677,0.5803976084550061
wildcat_strike-long_rides,managers_drivers,drivers_acceptance_rate,driver_decisions,True,1.8137239166666665,2.1232066666666665,-0.16929994444444407,-0.2570144999999999,0.11683169444444408,-0.3094827499999999,0.20223405300000016,-0.8371485510624856,-1.270876473014165,0.577705350366706,-1.5303196737099447,-0.052468249999999994,-0.25944320069577964,-0.14018280555555584,-0.6931711226474591,0.577705350366706
underground_alarm-wildcat_strike,managers_drivers,drivers_shift_duration_avg,supply,True,3207.1083771111107,3766.5394167777777,-506.04353455555565,486.2720998888899,-539.6596050000012,-559.431039666667,934.3746984599999,-0.5415852284844581,0.5204251577984129,-0.5775623054535265,-0.5987223761395717,-1045.7031395555568,-1.1191475339379846,-53.387505111111295,-0.057137147655113574,0.5775623054535265
flash_mob-boycott_tncs,students_drivers,passengers_pickup_reject,passenger_decisions,True,0.08408366666666667,0.12836083333333334,-0.04144433333333333,0.02563950000000001,-0.02847233333333335,-0.04427716666666667,0.049415058,-0.8386984658266178,0.5188600608340885,-0.5761873907611997,-0.8960257957537291,-0.06991666666666668,-1.4148858565878175,-0.00283283333333334,-0.057327329927111204,0.5761873907611997
flash_mob-long_rides,bank_tellers_drivers,rides_offers_price_lyft_avg,market,True,29.967695722222224,21.73318947222222,7.920445694444453,0.0062989999999985,0.30776155555555107,8.234506250000003,0.5353149690000025,14.795860667300742,0.011766904280232205,0.5749167749417999,15.382544346522774,8.228207250000004,15.370777442242542,0.31406055555554957,0.5866836792220321,0.5749167749417999
boycott_tncs,managers_drivers,passengers_reject,passenger_decisions,False,3.170120444444444,4.9192779444444446,-2.5283425555555556,1.8113886666666676,-1.0322036111111124,-1.7491575000000004,1.798897884,-1.4054953191303856,1.0069435751621951,-0.5737977793469416,-0.9723495233151324,-3.560546166666668,-1.9792930984773274,0.7791850555555553,0.4331457958152535,0.5737977793469416
flash_mob-boycott_tncs,managers,rides_offers_price_no_surge_avg,market,True,23.901407777777777,21.16593622222222,2.7328177777777753,0.3416487222222244,-0.338994944444444,2.7354715555555558,0.5929510439999985,4.6088421724370585,0.5761836928686228,-0.5717081500651592,4.613317715240522,2.3938228333333313,4.037134022371899,0.0026537777777804195,0.004475542803463628,0.5717081500651592
flash_mob-boycott_tncs,students,drivers_idle_duration_avg,supply,True,636.9672905,781.1735767222222,-78.52910666666662,-133.46085116666666,67.78367161111112,-144.20628622222216,118.66998750599998,-0.661743616200315,-1.1246386215378918,0.5711947311672545,-1.215187506570952,-10.745435055555504,-0.09054888503306047,-65.67717955555554,-0.5534438903706373,0.5711947311672545
flash_mob-boycott_tncs,bank_tellers,passengers_rating_avg,passenger_experience,True,4.903584611111111,4.890071722222222,0.020294666666666572,0.005221277777777367,-0.012003055555554809,0.01351288888888913,0.021075158999998813,0.9629662422318007,0.24774559365258694,-0.5695357057830731,0.6411761301013146,0.008291611111111763,0.3934305364487276,-0.006781777777777442,-0.32179011213048614,0.5695357057830731
boycott_tncs,bank_tellers_drivers,passengers_change_provider,passenger_decisions,False,1.816703611111111,3.141777555555556,-1.6200179444444447,0.9435558333333334,-0.6486118333333337,-1.325073944444445,1.1403640290000001,-1.4206147363882209,0.8274163419208773,-0.5687761248503338,-1.1619745193176774,-2.2686297777777784,-1.9893908612385547,0.29494399999999965,0.2586402170705435,0.5687761248503338
boycott_tncs,students_drivers,passengers_pickup_reject,passenger_decisions,False,0.050555,0.12836083333333334,-0.07544400000000001,0.02563950000000001,-0.028001333333333336,-0.07780583333333334,0.049415058,-1.5267410998485524,0.5188600608340885,-0.566655883179037,-1.574536922193501,-0.10344533333333335,-2.0933969830275894,-0.002361833333333327,-0.0477958223449485,0.566655883179037
underground_alarm-flash_mob,students_drivers,passengers_acceptance_rate,passenger_decisions,True,1.8116935555555553,2.1616777777777774,-0.166392444444444,-0.24933607407407354,0.06574429629629552,-0.34998422222222203,0.11626549199999957,-1.431142134971954,-2.1445406524755812,0.5654669770484931,-3.010215810399042,-0.10064814814814849,-0.8656751579234608,-0.18359177777777802,-1.5790736754270882,0.5654669770484931
long_rides,bank_tellers_drivers,passengers_acceptance_rate,passenger_decisions,False,1.1798266388888887,2.0987324444444444,-0.18403994444444427,-0.8005881944444444,0.065722333333333,-0.9189058055555557,0.11626549199999957,-1.5829283588671774,-6.885862526126388,0.5652780735089759,-7.90351281148459,-0.11831761111111128,-1.0176502853582017,-0.7348658611111114,-6.320584452617412,0.5652780735089759
underground_alarm-wildcat_strike,bank_tellers_drivers,traffic_length_avg,trip,True,3844.661630833333,3913.363475055555,-72.27481066666633,-41.43301738888886,45.005983833333175,-68.70184422222201,79.72573270199983,-0.9065430723204052,-0.5196944071214482,0.5645101312716346,-0.8617273481702188,-27.26882683333315,-0.3420329410487706,3.5729664444443188,0.04481572415018642,0.5645101312716346
underground_alarm,students_drivers,drivers_shift_duration_avg,supply,False,3752.6517023703705,3692.5826028148153,-412.5273819259264,-54.310343333334,526.9068248148155,60.06909955555511,934.3746984599999,-0.4415010194580804,-0.05812480092070794,0.563913840650055,0.06428802027126662,114.37944288888912,0.12241282119197461,472.59648148148153,0.5057890397293471,0.563913840650055
underground_alarm-wildcat_strike,students_drivers,drivers_acceptance_rate,driver_decisions,True,1.9325497222222225,2.173982944444444,-0.12496094444444417,-0.23009238888888883,0.11362011111111148,-0.24143322222222152,0.20223405300000016,-0.6179025865858707,-1.137752942571391,0.5618248233946603,-1.1938307057626014,-0.01134083333333269,-0.056077763191210384,-0.11647227777777736,-0.5759281191767307,0.5618248233946603
boycott_tncs-long_rides,managers,drivers_busy,supply,True,2447.498737055556,3255.854975888889,-961.0985668888889,-391.8038171666667,544.5461452222225,-808.356238833333,972.4624552439999,-0.988314316615689,-0.40289865696497196,0.5599662406355738,-0.8312467329450872,-416.5524216666663,-0.42834807598011526,152.74232805555584,0.1570675836706018,0.5599662406355738
wildcat_strike,bank_tellers,passengers_pickup_reject,passenger_decisions,False,0.2796943888888889,0.12836083333333334,0.046000166666666675,0.0776849444444444,0.027648444444444503,0.15133355555555558,0.049415058,0.9308937099024892,1.5720905243993522,0.5595145602064153,3.0624987945082567,0.07364861111111118,1.4904082701089045,0.10533338888888891,2.1316050846057673,0.5595145602064153
wildcat_strike-long_rides,bank_tellers_drivers,drivers_acceptance_rate,driver_decisions,True,1.8278405833333333,2.1232066666666665,-0.16929994444444407,-0.23866022222222227,0.1125940833333332,-0.29536608333333314,0.20223405300000016,-0.8371485510624856,-1.180118870595063,0.5567513564757223,-1.4605160651818263,-0.05670586111111087,-0.2803971945867634,-0.12606613888888907,-0.6233675141193407,0.5567513564757223
flash_mob-wildcat_strike,bank_tellers,rides_offers_price_uber_avg,market,True,24.16587755555556,20.713286055555557,3.2048839999999963,-0.09995900000000191,0.34766650000000965,3.452591500000004,0.625182768000003,5.126315317763174,-0.15988764424805998,0.5561037792391743,5.522531452754288,3.552550500000006,5.682419097002349,0.24770750000000774,0.3962161349911143,0.5561037792391743
flash_mob-long_rides,managers_drivers,passengers_acceptance_rate,passenger_decisions,True,1.3469527777777779,2.0987324444444444,-0.23706058333333369,-0.5787444444444443,0.06402536111111146,-0.7517796666666665,0.11626549199999957,-2.038959103474439,-4.977783472024927,0.5506824080795332,-6.466060167419833,-0.17303522222222223,-1.4882766953949058,-0.5147190833333328,-4.427101063945394,0.5506824080795332
flash_mob-boycott_tncs,students,rides_offers_price_no_surge_avg,market,True,23.591203722222225,21.16593622222222,2.7328177777777753,0.018954388888889895,-0.32650466666666134,2.425267500000004,0.5929510439999985,4.6088421724370585,0.031966195322003586,-0.5506435480138258,4.090164819745237,2.406313111111114,4.058198624423233,-0.30755027777777144,-0.5186773526918221,0.5506435480138258
underground_alarm-flash_mob,bank_tellers_drivers,drivers_acceptance_rate,driver_decisions,True,1.7686262962962964,2.2053745925925923,-0.29548614814814766,-0.2525962222222218,0.11133407407407359,-0.43674829629629586,0.20223405300000016,-1.4611097575547647,-1.2490291247944358,0.5505209059627237,-2.159617976386477,-0.18415207407407408,-0.910588851592041,-0.1412621481481482,-0.6985082188317121,0.5505209059627237
long_rides,students_drivers,rides_offers_price_no_surge_avg,market,False,27.15742286111111,20.972370111111108,6.401837444444446,0.10885463888888935,-0.3256393333333314,6.185052750000004,0.5929510439999985,10.79656998537043,0.18358115731539149,-0.5491841807657433,10.43096696192008,6.076198111111115,10.247385804604686,-0.21678469444444204,-0.3656030234503518,0.5491841807657433
wildcat_strike,managers,drivers_total_length_avg,supply,False,23619.575699611112,22410.883365944446,-110.32600488889148,-1961.3328857777778,3280.3512243333353,1208.692333666666,5978.65403394,-0.018453318131904917,-0.32805592607358774,0.5486772115782634,0.2021679673727707,3170.025219444444,0.5302238934463586,1319.0183385555574,0.2206212855046757,0.5486772115782634
wildcat_strike-boycott_tncs,bank_tellers,drivers_occupied_duration_avg,supply,True,674.2378325000001,591.2400875555555,24.58608194444446,-6.789234888888814,65.2008978888889,82.99774494444455,119.98649182799998,0.20490708220462417,-0.05658332688500591,0.5434019854697815,0.6917257407893997,89.78697983333336,0.7483090676744056,58.41166300000009,0.4868186585847756,0.5434019854697815
flash_mob-long_rides,drivers,passengers_rating_avg,passenger_experience,True,4.860771638888889,4.879489861111111,0.008667416666667371,-0.03880583333333387,0.011420194444444753,-0.018718222222221748,0.021075158999998813,0.41126221950059116,-1.841306788401267,0.5418793967080104,-0.8881651721926654,0.020087611111112125,0.9531416162086016,-0.02738563888888912,-1.2994273916932566,0.5418793967080104
flash_mob-long_rides,bank_tellers,passengers_acceptance_rate,passenger_decisions,True,1.1472749166666665,2.0987324444444444,-0.23706058333333369,-0.777291861111111,0.0628949166666668,-0.9514575277777779,0.11626549199999957,-2.038959103474439,-6.685490662277625,0.5409594505192222,-8.183490315232842,-0.17416566666666689,-1.4979996529552166,-0.7143969444444442,-6.144531211758403,0.5409594505192222
boycott_tncs-long_rides,bank_tellers,drivers_busy,supply,True,2492.813148,3255.854975888889,-961.0985668888889,-327.85157166666704,525.9083106666671,-763.0418278888887,972.4624552439999,-0.988314316615689,-0.33713545432908876,0.5408006322822118,-0.7846491386625661,-435.1902562222217,-0.44751368433347727,198.0567390000001,0.203665177953123,0.5408006322822118
flash_mob-wildcat_strike,bank_tellers,drivers_total_length_avg,supply,True,20264.688653166668,22410.883365944446,-691.0549502222239,1777.203974222215,-3232.3437367777697,-2146.1947127777785,5978.65403394,-0.11558704455872502,0.29725820630082816,-0.5406473962915729,-0.3589762345494697,-3923.3986869999935,-0.6562344408502979,-1455.1397625555546,-0.24338918999074471,0.5406473962915729
flash_mob-long_rides,students,rides_offers_price_lyft_avg,market,True,29.94818133333333,21.73318947222222,7.920445694444453,0.005815277777777794,0.2887308888888782,8.214991861111109,0.5353149690000025,14.795860667300742,0.010863282580423727,0.5393663648678519,15.346090314749016,8.209176583333331,15.335227032168595,0.294546166666656,0.5502296474482756,0.5393663648678519
underground_alarm-wildcat_strike,students_drivers,traffic_length_avg,trip,True,3862.360366,3913.363475055555,-72.27481066666633,-21.534101055555766,42.80580266666675,-51.00310905555534,79.72573270199983,-0.9065430723204052,-0.2701022659276935,0.5369132551803192,-0.6397320830677795,-29.469007999999576,-0.369629817140086,21.271701611110984,0.2668109892526257,0.5369132551803192
flash_mob-wildcat_strike,bank_tellers_drivers,drivers_total_length_avg,supply,True,20063.24411238889,22410.883365944446,-691.0549502222239,1540.1042032222176,-3196.6885065555507,-2347.639253555557,5978.65403394,-0.11558704455872502,0.25760048908654976,-0.5346836409011774,-0.3926701963733527,-3887.7434567777746,-0.6502706854599024,-1656.584303333333,-0.2770831518146276,0.5346836409011774
wildcat_strike,managers_drivers,traffic_speed_avg,trip,False,5.1504573888888885,5.128053111111111,-0.153103555555556,-0.3413095555555552,0.5168173888888887,0.022404277777777537,0.9735492899999999,-0.15726328099479792,-0.3505827173430071,0.5308589859778838,0.02301298764007885,0.36371383333333274,0.3735957049830859,0.17550783333333353,0.18027626863487672,0.5308589859778838
boycott_tncs-long_rides,bank_tellers_drivers,passengers_reject,passenger_decisions,True,5.656106277777777,4.786481527777778,-1.6008238055555557,3.419787055555555,-0.9493385000000005,0.869624749999999,1.798897884,-0.8898914272976907,1.9010456824549553,-0.5277334019033181,0.4834208532539465,-2.5501623055555562,-1.4176248292010087,2.4704485555555546,1.3733122805516373,0.5277334019033181
underground_alarm-flash_mob,students,passengers_acceptance_rate,passenger_decisions,True,1.8421857037037037,2.1616777777777774,-0.166392444444444,-0.2144199999999996,0.06132037037036997,-0.31949207407407365,0.11626549199999957,-1.431142134971954,-1.8442273482143816,0.5274167710086343,-2.7479527121777014,-0.10507207407407404,-0.9037253639633197,-0.15309962962962964,-1.3168105772057475,0.5274167710086343
underground_alarm-wildcat_strike,bank_tellers,drivers_acceptance_rate,driver_decisions,True,2.068237888888889,2.173982944444444,-0.12496094444444417,-0.08736449999999962,0.10658038888888877,-0.10574505555555502,0.20223405300000016,-0.6179025865858707,-0.43199697926243685,0.5270150467136644,-0.5228845191346432,-0.0183805555555554,-0.09088753987220632,0.019215888888889143,0.09501806745122754,0.5270150467136644
long_rides,bank_tellers_drivers,drivers_total_length_avg,supply,False,24617.875706416668,25669.58224572222,-78.05066802777219,2165.393014777779,-3139.0488860555597,-1051.7065393055527,5978.65403394,-0.013054889542811683,0.36218737570114273,-0.5250427384216597,-0.17591025226332863,-3217.099554083332,-0.5380976279644714,-973.6558712777805,-0.16285536272051698,0.5250427384216597
underground_alarm,drivers,rides_offers_price_uber_avg,market,False,20.807029185185183,20.71385214814815,0.34292466666666854,0.07801399999999958,-0.3277616296296344,0.09317703703703373,0.625182768000003,0.548519063895035,0.12478590900637108,-0.5242652971356895,0.14903967576571667,0.015163037037034144,0.02425376675934554,-0.24974762962963482,-0.3994793881293184,0.5242652971356895
flash_mob-wildcat_strike,students_drivers,passengers_acceptance_rate,passenger_decisions,True,1.840629611111111,2.148158888888889,-0.14000900000000005,-0.2278020000000005,0.06028172222222228,-0.3075292777777783,0.11626549199999957,-1.2042180150925657,-1.959325988144456,0.5184833537901555,-2.645060649446866,-0.07972727777777777,-0.6857346613024101,-0.16752027777777823,-1.4408426343543006,0.5184833537901555
underground_alarm-flash_mob,bank_tellers_drivers,passengers_reject,passenger_decisions,True,9.602209851851853,4.92674074074074,1.0933581481481482,2.650147999999999,0.9319629629629658,4.675469111111113,1.798897884,0.6077933371720772,1.4732064691227347,0.5180744117007176,2.5990742179955295,2.025321111111114,1.1258677488727948,3.5821109629629646,1.9912808808234521,0.5180744117007176
wildcat_strike,managers_drivers,drivers_occupied_duration_avg,supply,False,569.0942126111111,591.2400875555555,-36.199209555555626,76.1359320555556,-62.082597444444446,-22.145874944444472,119.98649182799998,-0.30169404075457934,0.6345375291469982,-0.5174132229271236,-0.1845697345347047,-98.28180700000007,-0.819107263681703,14.053334611111154,0.11712430621987469,0.5174132229271236
long_rides,bank_tellers,rides_offers_price_no_surge_avg,market,False,27.094581388888887,20.972370111111108,6.401837444444446,0.027085888888890963,-0.3067120555555576,6.1222112777777795,0.5929510439999985,10.79656998537043,0.04567980639037551,-0.5172637077869086,10.324986083973899,6.0951253888888886,10.279306277583522,-0.2796261666666666,-0.47158390139653306,0.5172637077869086
flash_mob-boycott_tncs,drivers,drivers_idle_duration_avg,supply,True,710.2135817222222,781.1735767222222,-78.52910666666662,-53.40989644444437,60.97900811111106,-70.95999499999994,118.66998750599998,-0.661743616200315,-0.45007080195187477,0.5138536658902736,-0.5979607522619161,-17.550098555555564,-0.14788995031004137,7.569111666666686,0.06378286393839883,0.5138536658902736
wildcat_strike-long_rides,managers,passengers_pickup_reject,passenger_decisions,True,0.27159713888888887,0.11379150000000002,0.07238916666666662,0.0601115833333333,0.025304888888888932,0.15780563888888885,0.049415058,1.4649212122075546,1.2164628711623349,0.5120886206161882,3.1934727039860777,0.09769405555555555,1.9770098328237427,0.08541647222222223,1.7285514917785232,0.5120886206161882
boycott_tncs-long_rides,bank_tellers_drivers,rides_offers_price_uber_avg,market,True,26.0714025,20.522367444444445,5.709335777777778,0.15954977777777657,-0.3198504999999976,5.5490350555555565,0.625182768000003,9.132266706650094,0.2552050151481075,-0.5116111901535905,8.87586053164461,5.38948527777778,8.620655516496504,-0.16030072222222103,-0.25640617500548296,0.5116111901535905
boycott_tncs-long_rides,drivers,traffic_duration_avg,trip,True,715.9883188611111,759.4386755833334,-3.306226250000236,37.06905297222215,-77.21318344444421,-43.450356722222296,151.775726445,-0.02178362988233389,0.24423571436935348,-0.508732096053742,-0.2862800115667224,-80.51940969444445,-0.5305157259360759,-40.14413047222206,-0.26449638168438855,0.508732096053742
long_rides,managers_drivers,passengers_acceptance_rate,passenger_decisions,False,1.3950784722222223,2.0987324444444444,-0.18403994444444427,-0.5787444444444443,0.05913041666666641,-0.7036539722222221,0.11626549199999957,-1.5829283588671774,-4.977783472024927,0.5085809697228704,-6.052130861169235,-0.12490952777777786,-1.074347389144307,-0.5196140277777779,-4.469202502302057,0.5085809697228704
long_rides,students_drivers,passengers_acceptance_rate,passenger_decisions,False,1.7216084444444444,2.0987324444444444,-0.18403994444444427,-0.2518674166666668,0.05878336111111104,-0.377124,0.11626549199999957,-1.5829283588671774,-2.166312741072542,0.5055959433871511,-3.2436451565525686,-0.12525658333333323,-1.0773324154800263,-0.19308405555555574,-1.660716797685391,0.5055959433871511
underground_alarm-flash_mob,managers_drivers,passengers_acceptance_rate,passenger_decisions,True,1.5612995555555556,2.1616777777777774,-0.166392444444444,-0.49237481481481415,0.05838903703703635,-0.6003782222222218,0.11626549199999957,-1.431142134971954,-4.234917913690298,0.5022043603190237,-5.163855688343228,-0.10800340740740766,-0.9289377746529303,-0.4339857777777778,-3.732713553371274,0.5022043603190237
underground_alarm-long_rides,students,traffic_length_avg,trip,True,3953.219526277778,3918.707275333333,78.01773077777807,-3.4824931111111255,-40.02298672222196,34.512250944444986,79.72573270199983,0.9785765289783418,-0.04368091697730827,-0.502008390086806,0.4328872219142275,37.99474405555611,0.4765681388915358,-43.505479833333084,-0.5456893070641142,0.502008390086806
wildcat_strike,bank_tellers,passengers_acceptance_rate,passenger_decisions,False,1.3869063888888888,2.148158888888889,0.004530111111110902,-0.7076235555555557,-0.05815905555555556,-0.7612525000000003,0.11626549199999957,0.03896350527730892,-6.086273264603381,-0.5002262886012281,-6.5475360479273,-0.05362894444444466,-0.4612627833239192,-0.7657826111111112,-6.586499553204609,0.5002262886012281
wildcat_strike,bank_tellers,rides_offers_price_uber_avg,market,False,20.78653344444444,20.713286055555557,-0.13908705555555656,-0.09995900000000191,0.3122934444444425,0.07324738888888405,0.625182768000003,-0.22247423101648234,-0.15988764424805998,0.49952343607212313,0.11716156080758082,0.17320638888888595,0.2770492050556408,0.2123344444444406,0.3396357918240631,0.49952343607212313
boycott_tncs-long_rides,bank_tellers,passengers_reject,passenger_decisions,True,5.123217527777777,4.786481527777778,-1.6008238055555557,2.8326667499999996,-0.8951069444444446,0.33673599999999926,1.798897884,-0.8898914272976907,1.57466789815847,-0.49758630126024683,0.1871901696005326,-2.4959307500000003,-1.3874777285579376,1.937559805555555,1.0770815968982232,0.49758630126024683
long_rides,managers_drivers,traffic_speed_avg,trip,False,5.1654926111111115,5.221678027777777,-0.2423712499999997,-0.2971298333333321,0.48331566666666603,-0.056185416666665766,0.9735492899999999,-0.24895632146164856,-0.30520266039465976,0.49644704344313795,-0.057711938413170405,0.24094441666666633,0.2474907219814894,0.18618583333333394,0.19124438304847818,0.49644704344313795
wildcat_strike-boycott_tncs,students_drivers,drivers_idle_duration_avg,supply,True,671.3216708333333,781.1735767222222,-87.63558761111108,-81.05339272222216,58.8370744444444,-109.85190588888884,118.66998750599998,-0.7384814766807,-0.683015094428354,0.4958041681892785,-0.9256924029197753,-28.79851316666668,-0.24267730849142144,-22.21631827777776,-0.18721092623907543,0.4958041681892785
boycott_tncs,bank_tellers,passengers_rating_avg,passenger_experience,False,4.895323722222222,4.890071722222222,-0.01040461111111135,0.005221277777777367,0.010435333333333574,0.00525199999999959,0.021075158999998813,-0.4936907527536061,0.24774559365258694,0.4951484984447406,0.2492033393437215,3.072222222222365e-05,0.0014577456911345488,0.01565661111111094,0.7428940920973276,0.4951484984447406
wildcat_strike,students_drivers,passengers_pickup_reject,passenger_decisions,False,0.17561183333333333,0.12836083333333334,0.046000166666666675,0.02563950000000001,-0.024388666666666697,0.04725099999999999,0.049415058,0.9308937099024892,0.5188600608340885,-0.4935472638050268,0.9562065069315508,0.021611499999999978,0.4373464460974624,0.0012508333333333121,0.02531279702906175,0.4935472638050268
underground_alarm-wildcat_strike,bank_tellers,passengers_drivers_ratio,demand,True,0.3824160555555556,0.18343266666666666,0.23793466666666677,-0.004548833333333335,-0.03440244444444451,0.19898338888888892,0.06994165499999999,3.4019021521104524,-0.0650375421246943,-0.4918734685995709,2.8449911413861875,0.20353222222222225,2.9100286835108817,-0.03895127777777785,-0.5569110107242652,0.4918734685995709
underground_alarm-long_rides,drivers,passengers_acceptance_rate,passenger_decisions,True,1.7980722777777778,2.0987324444444444,-0.3016006944444447,-0.05602027777777785,0.05696080555555594,-0.3006601666666666,0.11626549199999957,-2.5940688785322976,-0.48183065167589073,0.48992013516406185,-2.5859793950441263,-0.24463988888888877,-2.1041487433682358,0.0009405277777780885,0.008089483488171123,0.48992013516406185
wildcat_strike-long_rides,managers,passengers_rating_avg,passenger_experience,True,4.901680222222223,4.879489861111111,0.028372138888888898,0.004113944444444684,-0.010295722222221748,0.022190361111111834,0.021075158999998813,1.346236053967161,0.19520348313599512,-0.4885240591647412,1.0529154779384147,0.01807641666666715,0.8577119948024198,-0.006181777777777064,-0.29332057602874606,0.4885240591647412
long_rides,bank_tellers,traffic_duration_avg,trip,False,760.2633121666667,759.4386755833334,48.97386574999996,25.905855694444426,-74.05508486111114,0.8246365833332447,151.775726445,0.32267258340382216,0.17068510427345646,-0.4879244303136113,0.005433257363667265,-25.08121911111118,-0.16525184690978917,-48.149229166666714,-0.31723932604015487,0.4879244303136113
underground_alarm-wildcat_strike,bank_tellers,traffic_length_avg,trip,True,3888.0512973888885,3913.363475055555,-72.27481066666633,8.101090666666096,38.861542333333546,-25.312177666666685,79.72573270199983,-0.9065430723204052,0.10161199392104037,0.4874403911543951,-0.31749068724496976,-33.41326833333278,-0.4191026811660101,46.96263299999964,0.5890523850754354,0.4874403911543951
wildcat_strike,bank_tellers,rides_offers_price_no_surge_avg,market,False,21.220735055555558,21.16593622222222,-0.10793899999999823,-0.12558366666666387,0.28832149999999857,0.05479883333333646,0.5929510439999985,-0.18203695076047205,-0.2117943259185225,0.4862484060319814,0.09241712935298685,0.18038250000000033,0.30421145527150933,0.1627378333333347,0.27445408011345884,0.4862484060319814
wildcat_strike-boycott_tncs,bank_tellers,passengers_change_provider,passenger_decisions,True,1.7551387222222223,3.141777555555556,-1.586286944444445,0.7493705555555552,-0.549722444444444,-1.3866388333333337,1.1403640290000001,-1.3910355852205198,0.657132754540397,-0.4820587377931437,-1.2159615684732665,-2.1360093888888887,-1.8730943230136634,0.19964811111111125,0.1750740167472533,0.4820587377931437
wildcat_strike,drivers,passengers_pickup_reject,passenger_decisions,False,0.16461050000000002,0.12836083333333334,0.046000166666666675,0.014056333333333365,-0.02380683333333336,0.03624966666666668,0.049415058,0.9308937099024892,0.284454453809067,-0.48177285015699794,0.7335753135545583,0.022193333333333315,0.44912085974549126,-0.009750499999999995,-0.19731839634793097,0.48177285015699794
underground_alarm,drivers,traffic_length_avg,trip,False,3846.759282740741,3913.6261661481485,-72.836535925926,-32.39210985185218,38.3617623703708,-66.86688340740739,79.72573270199983,-0.9135887931964904,-0.40629428860726746,0.481171650234436,-0.8387114315693219,-34.4747735555552,-0.43241714296205447,5.969652518518615,0.07487736162716851,0.481171650234436
flash_mob-long_rides,students_drivers,passengers_rating_avg,passenger_experience,True,4.858304305555555,4.879489861111111,0.008667416666667371,-0.039926777777777644,0.010073805555554038,-0.021185555555556235,0.021075158999998813,0.41126221950059116,-1.8944947356164616,0.47799428490929086,-1.0052382312065797,0.01874122222222141,0.889256504409882,-0.029852972222223606,-1.4165004507071708,0.47799428490929086
wildcat_strike-long_rides,managers_drivers,drivers_occupied_distance_avg,supply,True,5721.681205805556,5772.043823916667,1.1123664444439783,479.8063896666672,-531.2813742222224,-50.36261811111126,1111.921141191,0.0010004004809662142,0.43151116737715534,-0.4778049040898321,-0.04529333623171054,-530.1690077777785,-0.4768045036088659,-51.47498455555524,-0.04629373671267678,0.4778049040898321
boycott_tncs-long_rides,managers,passengers_pickup_reject,passenger_decisions,True,0.10329197222222222,0.11379150000000002,-0.04705525000000002,0.0601115833333333,-0.023555861111111076,-0.010499527777777795,0.049415058,-0.9522451638122134,1.2164628711623349,-0.47669398892764786,-0.21247628157752635,-0.0706111111111111,-1.4289391527398612,0.036555722222222226,0.7397688822346871,0.47669398892764786
long_rides,drivers,passengers_rating_avg,passenger_experience,False,4.835989083333333,4.879489861111111,0.005318500000000448,-0.03880583333333387,-0.01001344444444463,-0.043500777777778055,0.021075158999998813,0.2523587129283697,-1.841306788401267,-0.4751301968561753,-2.0640782723290725,-0.004694944444444182,-0.2227714839278056,-0.0488192777777785,-2.3164369852574422,0.4751301968561753
flash_mob,bank_tellers_drivers,rides_offers_price_lyft_avg,market,False,24.45869466666667,22.076257222222218,2.8971866666666664,-0.2626781111111036,-0.25207111111111047,2.3824374444444523,0.5353149690000025,5.412115921358913,-0.4906982362211926,-0.47088373333178596,4.450533951805934,2.645115555555556,4.941232188027127,-0.5147492222222141,-0.9615819695529786,0.47088373333178596
wildcat_strike-boycott_tncs,students,rides_offers_price_uber_avg,market,True,20.725378111111112,20.713286055555557,-0.3138831666666668,0.03247111111111067,0.29350411111111185,0.012092055555555703,0.625182768000003,-0.5020662480362307,0.05193858943839366,0.4694692914362451,0.019341632838408056,-0.02037905555555497,-0.03259695659998557,0.3259752222222225,0.5214078808746387,0.4694692914362451
underground_alarm,bank_tellers,rides_offers_price_no_surge_avg,market,False,21.50112362962963,21.185985777777777,0.28963666666666654,-0.25182140740740877,0.27732259259259706,0.31513785185185483,0.5929510439999985,0.48846640814189585,-0.4246917345969112,0.4676989700900126,0.5314736436349973,0.5669592592592636,0.9561653782319084,0.02550118518518829,0.043007235493101426,0.4676989700900126
flash_mob-long_rides,students_drivers,drivers_idle_duration_avg,supply,True,776.2877636666667,998.3249126111112,-133.95277425000018,-143.33811036111115,55.253735666666785,-222.03714894444454,118.66998750599998,-1.1287839247748086,-1.2078716225858197,0.4656083381139072,-1.8710472092467212,-78.69903858333339,-0.6631755866609014,-88.08437469444436,-0.7422632844719125,0.4656083381139072
flash_mob-boycott_tncs,students_drivers,passengers_acceptance_rate,passenger_decisions,True,1.8738588888888885,2.148158888888889,0.0072722222222223465,-0.2278020000000005,-0.0537702222222225,-0.27430000000000065,0.11626549199999957,0.0625484148144522,-1.959325988144456,-0.46247791410217143,-2.359255487432175,-0.04649800000000015,-0.39992949928771926,-0.281572222222223,-2.4218039022466273,0.46247791410217143
wildcat_strike-long_rides,students,passengers_rating_avg,passenger_experience,True,4.901344555555555,4.879489861111111,0.028372138888888898,0.003226916666667634,-0.009744361111112099,0.021854694444444434,0.021075158999998813,1.346236053967161,0.15311470089823834,-0.4623624007350382,1.036988354130361,0.0186277777777768,0.8838736532321227,-0.006517444444444465,-0.3092476998367999,0.4623624007350382
flash_mob-wildcat_strike,students_drivers,drivers_occupied_distance_avg,supply,True,4337.686364055556,5108.079767277777,-224.3288449999991,-32.14960927777702,-513.9149489444453,-770.3934032222214,1111.921141191,-0.20174888010467734,-0.02891356957503385,-0.4621865075737126,-0.6928489572534238,-738.2437939444444,-0.66393538767839,-546.0645582222223,-0.49110007714874643,0.4621865075737126
wildcat_strike-long_rides,drivers,traffic_duration_avg,trip,True,734.6752048055556,759.4386755833334,8.21875283333327,37.06905297222215,-70.05127658333322,-24.763470777777798,151.775726445,0.05415064072390755,0.24423571436935348,-0.4615446634592006,-0.16315830836593956,-61.83252374999995,-0.407394022735293,-32.98222361111107,-0.2173089490898471,0.4615446634592006
boycott_tncs,students_drivers,rides_offers_price_lyft_avg,market,False,21.512269055555556,21.92458222222222,-0.23984516666666522,0.07454188888889135,-0.24700988888888986,-0.41231316666666373,0.5353149690000025,-0.44804494653812693,0.13924865398055214,-0.4614290710949439,-0.7702253636525187,-0.4868550555555551,-0.9094740176330709,-0.1724679999999985,-0.32218041711439177,0.4614290710949439
underground_alarm-wildcat_strike,managers,rides_offers_price_uber_avg,market,True,21.14030361111111,20.713286055555557,0.2923134999999988,0.4210811666666636,-0.28637711111110775,0.42701755555555465,0.625182768000003,0.467564870565974,0.6735329062471241,-0.4580694250854757,0.6830283517276224,0.005936388888891031,0.009495445480498299,0.13470405555555587,0.21546348116164843,0.4580694250854757
flash_mob-wildcat_strike,drivers,drivers_removed,supply,True,0.5338890555555555,0.43673111111111107,0.1086758888888888,0.057861333333333376,-0.06937927777777769,0.09715794444444448,0.1519665,0.7151305642288845,0.38075058209100937,-0.4565432366855701,0.6393379096343238,0.0392966111111111,0.2585873275433144,-0.011517944444444317,-0.07579265459456075,0.4565432366855701
underground_alarm-flash_mob,managers_drivers,rides_offers_price_uber_avg,market,True,25.429330074074077,20.71385214814815,4.8342477777777795,0.16628948148148126,-0.2850593333333329,4.715477925925928,0.625182768000003,7.732535228446597,0.26598538858236803,-0.45596159703066463,7.542559019998301,4.549188444444447,7.276573631415933,-0.11876985185185163,-0.1899762084482966,0.45596159703066463
boycott_tncs,managers_drivers,drivers_occupied_distance_avg,supply,False,5481.406966388889,5108.079767277777,144.84550855555608,735.4295247777782,-506.9478342222228,373.32719911111144,1111.921141191,0.13026599026654828,0.661404390593784,-0.45592067228726424,0.33574970857306796,-362.10232566666673,-0.32565468202071596,228.48169055555536,0.20548371830651974,0.45592067228726424
wildcat_strike-long_rides,drivers,passengers_pickup_reject,passenger_decisions,True,0.17795875,0.11379150000000002,0.07238916666666662,0.014263833333333309,-0.022485749999999943,0.06416724999999998,0.049415058,1.4649212122075546,0.2886535786992967,-0.4550384216891933,1.298536369217658,0.04990341666666667,1.0098827905183612,-0.008221916666666634,-0.1663848429898966,0.4550384216891933
flash_mob-boycott_tncs,students,rides_offers_price_uber_avg,market,True,23.46157838888889,20.713286055555557,2.999609444444438,0.03247111111111067,-0.283788222222217,2.748292333333332,0.625182768000003,4.79797204590326,0.05193858943839366,-0.4539284138142074,4.395982221527447,2.715821222222221,4.344043632089053,-0.25131711111110633,-0.40198982437581376,0.4539284138142074
boycott_tncs-long_rides,drivers,passengers_rating_avg,passenger_experience,True,4.818347861111111,4.879489861111111,-0.012791583333333634,-0.03880583333333387,-0.009544583333332746,-0.06114200000000025,0.021075158999998813,-0.606950739177548,-1.841306788401267,-0.45288309964035306,-2.901140627219168,-0.02233616666666638,-1.0598338388179012,-0.04835041666666662,-2.29418988804162,0.45288309964035306
wildcat_strike,drivers,drivers_shift_duration_avg,supply,False,3868.140832333334,3766.5394167777777,-63.3172536666666,-254.73953877777785,419.65820800000074,101.60141555555629,934.3746984599999,-0.06776430672943483,-0.2726310324943833,0.4491326752443801,0.10873733602056199,356.34095433333414,0.38136836851494527,164.9186692222229,0.1765016427499968,0.4491326752443801
underground_alarm-flash_mob,students,drivers_occupied_duration_avg,supply,True,505.1730825185185,577.3077211111112,-87.37091200000015,-38.510952444444456,53.747225851851965,-72.13463859259264,119.98649182799998,-0.7281729023734264,-0.32096073364366473,0.4479439729673765,-0.6011896630497146,-33.62368614814818,-0.2802289294060499,15.23627340740751,0.12698323932371175,0.4479439729673765
wildcat_strike,bank_tellers_drivers,drivers_total_length_avg,supply,False,21163.010279,22410.883365944446,-110.32600488889148,1540.1042032222176,-2677.651285277774,-1247.873086944448,5978.65403394,-0.018453318131904917,0.25760048908654976,-0.4478685787933395,-0.2087214078386947,-2787.9772901666656,-0.46632189692524445,-1137.5470820555565,-0.19026808970678977,0.4478685787933395
wildcat_strike-long_rides,managers_drivers,traffic_length_avg,trip,True,3934.427648555556,3918.707275333333,-1.2710621944447666,52.588738611111694,-35.597303194444066,15.720373222222861,79.72573270199983,-0.01594293525273407,0.6596206372624853,-0.44649703411946373,0.1971806678902875,-36.86836538888883,-0.4624399693721978,16.991435416667628,0.2131236031430216,0.44649703411946373
flash_mob-long_rides,bank_tellers_drivers,passengers_reject,passenger_decisions,True,9.79155086111111,4.786481527777778,0.7828563888888889,3.419787055555555,0.8024258888888882,5.005069333333332,1.798897884,0.4351866750480256,1.9010456824549553,0.44606528031742804,2.782297637820409,1.585282277777777,0.8812519553654536,4.222212944444443,2.3471109627723834,0.44606528031742804
flash_mob-wildcat_strike,students_drivers,passengers_rating_avg,passenger_experience,True,4.904412166666666,4.890071722222222,0.00793422222222162,-0.0029574999999999463,0.009363722222222037,0.014340444444443712,0.021075158999998813,0.37647270999104054,-0.14033108836806937,0.4443013797534132,0.6804430013763844,0.017297944444443658,0.8207740897444538,0.006406222222222091,0.3039702913853438,0.4443013797534132
flash_mob-wildcat_strike,students_drivers,drivers_removed,supply,True,0.5359351111111111,0.43673111111111107,0.1086758888888888,0.057990722222222346,-0.06746261111111107,0.09920400000000007,0.1519665,0.7151305642288845,0.3816020124318343,-0.4439308078498292,0.6528017688108897,0.041213277777777724,0.27119975637905536,-0.009471888888888724,-0.06232879541799491,0.4439308078498292
wildcat_strike-long_rides,drivers,passengers_acceptance_rate,passenger_decisions,True,1.8563168888888886,2.0987324444444444,-0.23798080555555545,-0.05602027777777785,0.05158552777777747,-0.24241555555555583,0.11626549199999957,-2.0468739387913684,-0.48183065167589073,0.4436873477280573,-2.0850172427392017,-0.18639527777777798,-1.6031865910633112,-0.004434750000000376,-0.03814330394783344,0.4436873477280573
flash_mob-wildcat_strike,students,drivers_busy,supply,True,3347.169080277778,3341.0385382777777,-243.8260073333331,-180.81732049999982,430.77386983333326,6.130542000000332,972.4624552439999,-0.25073050997342095,-0.18593758507070698,0.4429722376533787,0.006304142609250783,186.94786250000016,0.19224172767995773,249.95654933333344,0.25703465258267166,0.4429722376533787
boycott_tncs,students,drivers_busy,supply,False,2560.4483369444447,3341.0385382777777,-1029.8282727777773,-180.81732049999982,430.0553919444442,-780.590201333333,972.4624552439999,-1.0589902645849538,-0.18593758507070698,0.4422334143856888,-0.8026944352699721,-599.7728808333331,-0.6167568501992651,249.23807144444436,0.25629582931498185,0.4422334143856888
boycott_tncs,bank_tellers,passengers_change_provider,passenger_decisions,False,1.769028277777778,3.141777555555556,-1.6200179444444447,0.7493705555555552,-0.5021018888888886,-1.372749277777778,1.1403640290000001,-1.4206147363882209,0.657132754540397,-0.44029965530321774,-1.2037816371510417,-2.1221198333333335,-1.8609143916914386,0.24726866666666658,0.21683309923717925,0.44029965530321774
wildcat_strike-long_rides,bank_tellers,traffic_length_avg,trip,True,3894.237435138889,3918.707275333333,-1.2710621944447666,11.722375249999914,-34.921153249999406,-24.46984019444426,79.72573270199983,-0.01594293525273407,0.1470337725689647,-0.4380160842237509,-0.30692524690752027,-36.19221544444417,-0.4539590194764849,-23.198777999999493,-0.29098231165478616,0.4380160842237509
wildcat_strike-long_rides,drivers,drivers_acceptance_rate,driver_decisions,True,1.8208360555555556,2.1232066666666665,-0.16929994444444407,-0.22152569444444437,0.08845502777777758,-0.30237061111111085,0.20223405300000016,-0.8371485510624856,-1.0953926460863848,0.4373893835662657,-1.4951518135826047,-0.08084491666666649,-0.3997591674962199,-0.13307066666666678,-0.6580032625201191,0.4373893835662657
boycott_tncs-long_rides,bank_tellers,drivers_acceptance_rate,driver_decisions,True,2.1392918888888888,2.1232066666666665,-0.04532325000000004,-0.026591138888888644,0.08799961111111099,0.016085222222222306,0.20223405300000016,-0.22411285007475967,-0.13148695036482616,0.43513745487319544,0.07953765443360962,0.04267636111111095,0.21102460479843577,0.06140847222222234,0.3036505045083693,0.43513745487319544
boycott_tncs-long_rides,bank_tellers,rides_offers_price_uber_avg,market,True,26.55595838888889,20.522367444444445,5.709335777777778,0.05367991666667038,0.2705752499999967,6.033590944444445,0.625182768000003,9.132266706650094,0.08586275792340796,0.43279383861711845,9.65092330319062,5.979911027777774,9.565060545267213,0.3242551666666671,0.5186565965405264,0.43279383861711845
wildcat_strike-long_rides,bank_tellers_drivers,drivers_total_length_avg,supply,True,24862.74914058333,25669.58224572222,-390.33322583332847,2165.393014777779,-2581.8928940833393,-806.8331051388886,5978.65403394,-0.06528780953329298,0.36218737570114273,-0.43185186488903476,-0.134952298721185,-2972.226119916668,-0.49713967442232776,-416.49987930556017,-0.06966448918789203,0.43185186488903476
boycott_tncs,managers_drivers,drivers_total_length_avg,supply,False,24903.31808538889,22410.883365944446,1687.9683012222195,3383.088174388886,-2578.62175616666,2492.4347194444454,5978.65403394,0.2823324935077117,0.5658611712909892,-0.43130472871120784,0.4168889360874931,-890.6534549444405,-0.14897223520349612,804.4664182222259,0.1345564425797814,0.43130472871120784
underground_alarm,drivers,drivers_occupied_duration_avg,supply,False,456.8095274074074,577.3077211111112,-84.49669859259268,-87.6755319259259,51.674036814814826,-120.49819370370375,119.98649182799998,-0.7042184274686375,-0.7307116875423637,0.43066545264853057,-1.0042646623624707,-32.82266177777785,-0.27355297482010693,-36.00149511111107,-0.30004623489383314,0.43066545264853057
underground_alarm,students,rides_offers_price_lyft_avg,market,False,22.311615037037033,21.98292407407407,0.1848917777777821,-0.08612074074073917,0.2299199259259197,0.32869096296296263,0.5353149690000025,0.34538876826697,-0.16087863356710796,0.4295040102379775,0.6140141449378396,0.4148117037037018,0.7748927785049475,0.14379918518518053,0.26862537667086955,0.4295040102379775
underground_alarm-wildcat_strike,students_drivers,passengers_rating_avg,passenger_experience,True,4.908235833333334,4.890071722222222,0.012083111111111045,-0.0029574999999999463,0.009038500000000838,0.018164111111111936,0.021075158999998813,0.5733342799981592,-0.14033108836806937,0.4288698367590653,0.8618730283891551,0.021121611111111882,1.0022041167572247,0.006081000000000891,0.2885387483909959,0.4288698367590653
long_rides,bank_tellers,drivers_idle_duration_avg,supply,False,844.5853218888889,998.3249126111112,-41.3774770277779,-163.21498108333344,50.85286738888897,-153.73959072222237,118.66998750599998,-0.34867684658419507,-1.3753686548174724,0.4285234072879449,-1.2955220941137224,9.475390361111067,0.07984656070374985,-112.36211369444447,-0.9468452475295275,0.4285234072879449
flash_mob-wildcat_strike,students,drivers_pickup_reject,driver_decisions,True,0.33236099999999996,0.218435,0.12262044444444448,0.026018555555555573,-0.03471300000000008,0.11392599999999997,0.081543,1.5037519400125636,0.3190777326754666,-0.4257017769765654,1.3971278957114648,0.0879074444444444,1.0780501630359982,-0.008694444444444505,-0.10662404430109884,0.4257017769765654
boycott_tncs,students,passengers_acceptance_rate,passenger_decisions,False,2.055474277777778,2.148158888888889,0.07352455555555526,-0.21558083333333355,0.049371666666667036,-0.09268461111111126,0.11626549199999957,0.6323850206177731,-1.8542116807395814,0.4246459187276928,-0.7971807413941155,0.1228962222222223,1.057030939345466,-0.16620916666666652,-1.4295657620118887,0.4246459187276928
flash_mob-wildcat_strike,drivers,passengers_acceptance_rate,passenger_decisions,True,2.0035705555555556,2.148158888888889,-0.14000900000000005,-0.053737611111111416,0.049158277777777926,-0.14458833333333354,0.11626549199999957,-1.2042180150925657,-0.462197425794333,0.42281055997060685,-1.2436048809162918,-0.09085072222222212,-0.7814074551219587,-0.004579333333333491,-0.039386865823726136,0.42281055997060685
boycott_tncs-long_rides,bank_tellers_drivers,rides_offers_price_no_surge_avg,market,True,26.60463616666667,20.972370111111108,5.782665861111113,0.10029083333333588,-0.2506906388888872,5.6322660555555615,0.5929510439999985,9.752349573586596,0.16913847162960072,-0.42278471625203484,9.498703328964162,5.531975222222226,9.32956485733456,-0.15039980555555132,-0.2536462446224341,0.42278471625203484
long_rides,drivers,passengers_acceptance_rate,passenger_decisions,False,1.9071654444444448,2.0987324444444444,-0.18403994444444427,-0.05602027777777785,0.04849322222222252,-0.1915669999999996,0.11626549199999957,-1.5829283588671774,-0.48183065167589073,0.4170904142582797,-1.6476685962847886,-0.13554672222222175,-1.1658379446088978,-0.007527055555555329,-0.06474023741761104,0.4170904142582797
long_rides,students,drivers_acceptance_rate,driver_decisions,False,2.0172031666666665,2.1232066666666665,-0.1654620277777774,-0.02484266666666679,0.08430119444444428,-0.10600349999999992,0.20223405300000016,-0.8181709525337816,-0.12284116496773553,0.41684965115367695,-0.5241624663478403,-0.08116083333333313,-0.40132130138010463,0.05945852777777749,0.29400848618594144,0.41684965115367695
wildcat_strike-long_rides,bank_tellers_drivers,traffic_duration_avg,trip,True,732.8445165555555,759.4386755833334,8.21875283333327,28.224515999999767,-63.03742786111093,-26.59415902777789,151.775726445,0.05415064072390755,0.18596198918690515,-0.4153327369113547,-0.175220107000542,-54.81867502777766,-0.3611820961874471,-34.81291186111116,-0.22937074772444954,0.4153327369113547
underground_alarm-wildcat_strike,drivers,passengers_rating_avg,passenger_experience,True,4.903383222222222,4.890071722222222,0.012083111111111045,-0.007513166666667459,0.008741555555555891,0.013311499999999477,0.021075158999998813,0.5733342799981592,-0.3564939494249074,0.4147800524568466,0.6316203830300985,0.020824666666666936,0.9881143324550059,0.001228388888888432,0.05828610303193921,0.4147800524568466
flash_mob-boycott_tncs,bank_tellers,drivers_total_length_avg,supply,True,24390.423901555558,22410.883365944446,2672.1382157222215,1777.203974222215,-2469.801654333325,1979.5405356111114,5978.65403394,0.4469464532573484,0.29725820630082816,-0.413103290525359,0.33110136903281756,202.33656138889637,0.033843162731989396,-692.5976801111101,-0.11584508422453083,0.413103290525359
boycott_tncs,students_drivers,passengers_change_provider,passenger_decisions,False,1.7278333888888886,3.141777555555556,-1.6200179444444447,0.6755838333333326,-0.46951005555555536,-1.4139441666666674,1.1403640290000001,-1.4206147363882209,0.5924282212985627,-0.41171945415296446,-1.2399059692426226,-2.089528,-1.8323341905411854,0.20607377777777725,0.1807087671455982,0.41171945415296446
flash_mob-wildcat_strike,drivers,drivers_acceptance_rate,driver_decisions,True,1.8801922222222225,2.173982944444444,-0.2673137222222217,-0.10954972222222192,0.08307272222222206,-0.2937907222222216,0.20223405300000016,-1.3218037133549487,-0.541697704205245,0.41077514389835224,-1.4527262736618414,-0.18424099999999966,-0.9110285694565965,-0.026476999999999862,-0.13092256030689275,0.41077514389835224
long_rides,bank_tellers,passengers_acceptance_rate,passenger_decisions,False,1.1850909444444444,2.0987324444444444,-0.18403994444444427,-0.777291861111111,0.04769030555555531,-0.9136415,0.11626549199999957,-1.5829283588671774,-6.685490662277625,0.41018452453248544,-7.858234496612317,-0.13634963888888896,-1.172743834334692,-0.7296015555555557,-6.27530613774514,0.41018452453248544
wildcat_strike,students_drivers,traffic_length_avg,trip,False,3913.1990215000005,3913.363475055555,-11.235251444443293,-21.534101055555766,32.60489894444436,-0.16445355555470087,79.72573270199983,-0.14092377785273674,-0.2701022659276935,0.4089633025552175,-0.0020627412252126687,21.369647500001065,0.26803952470248077,11.070797888888592,0.13886103662752403,0.4089633025552175
wildcat_strike,students_drivers,rides_offers_price_no_surge_avg,market,False,20.970079666666667,21.16593622222222,-0.10793899999999823,0.15425183333333337,-0.24216938888888961,-0.19585655555555448,0.5929510439999985,-0.18203695076047205,0.2601426119309333,-0.4084137996540743,-0.33030813848361307,-0.35010838888888784,-0.5904507504145464,-0.08791755555555625,-0.14827118772314102,0.4084137996540743
flash_mob-long_rides,students_drivers,rides_offers_price_lyft_avg,market,True,29.892761194444443,21.73318947222222,7.920445694444453,0.023103194444445307,0.21602283333332295,8.159571722222221,0.5353149690000025,14.795860667300742,0.043158132655254026,0.4035434199362393,15.242562219892235,8.136468527777776,15.199404087236982,0.23912602777776826,0.44670155259149336,0.4035434199362393
underground_alarm-wildcat_strike,students_drivers,passengers_pickup_reject,passenger_decisions,True,0.2569165,0.12836083333333334,0.08302761111111115,0.02563950000000001,0.019888555555555493,0.12855566666666665,0.049415058,1.6802087151473373,0.5188600608340885,0.4024796562123937,2.6015484321938196,0.10291616666666664,2.082688371359731,0.0455280555555555,0.9213397170464822,0.4024796562123937
wildcat_strike-long_rides,bank_tellers_drivers,passengers_rating_avg,passenger_experience,True,4.871353833333333,4.879489861111111,0.028372138888888898,-0.044988472222221354,0.008480305555554679,-0.008136027777777777,0.021075158999998813,1.346236053967161,-2.1346682234864223,0.40238394194583094,-0.38604822757343066,0.03685244444444358,1.7486199959129918,-0.036508166666666675,-1.7322842815405912,0.40238394194583094
underground_alarm,students,rides_offers_price_no_surge_avg,market,False,21.708988592592593,21.185985777777777,0.28963666666666654,-0.003190296296295969,0.2365564444444459,0.5230028148148165,0.5929510439999985,0.48846640814189585,-0.005380370485182883,0.39894768183331925,0.8820337194900323,0.5261931111111124,0.8874140899752151,0.23336614814814993,0.3935673113481364,0.39894768183331925
underground_alarm,bank_tellers_drivers,rides_offers_price_lyft_avg,market,False,22.315627037037032,21.98292407407407,0.1848917777777821,-0.06566740740740684,0.21347859259258684,0.3327029629629621,0.5353149690000025,0.34538876826697,-0.1226705980781317,0.39879062786414593,0.6215087980529842,0.39837037037036893,0.7441793961311159,0.14781118518518,0.27612002978601424,0.39879062786414593
underground_alarm-long_rides,drivers,rides_offers_price_uber_avg,market,True,28.081242194444446,20.522367444444445,7.738272833333333,0.0698787222222208,-0.24927680555555298,7.558874750000001,0.625182768000003,12.377616961658315,0.11177326983238357,-0.3987262898384169,12.090663941652283,7.48899602777778,11.978890671819899,-0.17939808333333218,-0.28695302000603334,0.3987262898384169
boycott_tncs,students_drivers,drivers_acceptance_rate,driver_decisions,False,2.094398222222222,2.173982944444444,0.23042066666666727,-0.23009238888888883,-0.07991300000000057,-0.07958472222222213,0.20223405300000016,1.1393761992529867,-1.137752942571391,-0.39515105796747546,-0.3935278012858797,0.1505076666666667,0.7442251412855112,-0.3100053888888894,-1.5329040005388666,0.39515105796747546
underground_alarm,students,passengers_acceptance_rate,passenger_decisions,False,1.9232097037037033,2.1616777777777774,-0.06988362962962924,-0.2144199999999996,0.04583555555555474,-0.2384680740740741,0.11626549199999957,-0.6010694009674814,-1.8442273482143816,0.3942318117533525,-2.0510649374285106,-0.0240480740740745,-0.20683758921412893,-0.16858444444444487,-1.449995536461029,0.3942318117533525
wildcat_strike-long_rides,students_drivers,rides_duration_avg,trip,True,1164.320230638889,1045.5835645277778,175.9922882777778,34.14708561111115,-91.40270777777778,118.73666611111116,233.70435070499997,0.7530552501349412,0.14611232314718134,-0.3911040059889748,0.5080635672931478,84.58958050000001,0.3619512441459664,-57.255622166666626,-0.24499168284179348,0.3911040059889748
wildcat_strike,bank_tellers_drivers,drivers_shift_duration_avg,supply,False,3444.599505,3766.5394167777777,-63.3172536666666,106.4102321666669,-365.0328902777778,-321.9399117777775,934.3746984599999,-0.06776430672943483,0.11388389726524928,-0.3906707778789503,-0.3445511873431359,-428.3501439444444,-0.45843508460838517,-258.6226581111109,-0.27678688061370105,0.3906707778789503
flash_mob-boycott_tncs,drivers,drivers_busy,supply,True,2849.315395055555,3341.0385382777777,-619.7670772777778,-251.3264514444445,379.3703854999999,-491.72314322222246,972.4624552439999,-0.6373172289949975,-0.2584433466702674,0.3901131436532553,-0.5056474320120097,-240.39669177777796,-0.24720408534174226,128.04393405555538,0.13166979698298786,0.3901131436532553
underground_alarm-wildcat_strike,managers,rides_offers_price_no_surge_avg,market,True,21.533707,21.16593622222222,0.2570981111111088,0.3416487222222244,-0.2309760555555549,0.36777077777777833,0.5929510439999985,0.43359078917670213,0.5761836928686228,-0.38953646830168237,0.6202380137436426,0.026122055555553914,0.04405432087501976,0.11067266666666953,0.18664722456694044,0.38953646830168237
wildcat_strike,students_drivers,rides_offers_price_lyft_avg,market,False,21.6605575,21.92458222222222,-0.13052049999999582,0.07454188888889135,-0.20804611111111626,-0.26402472222222073,0.5353149690000025,-0.24382000795497127,0.13924865398055214,-0.3886424313890525,-0.49321378536347166,-0.3385666111111121,-0.6324624393440238,-0.1335042222222249,-0.24939377740850038,0.3886424313890525
flash_mob-wildcat_strike,drivers,drivers_pickup_reject,driver_decisions,True,0.3411388888888889,0.218435,0.12262044444444448,0.03173199999999998,-0.03164855555555557,0.12270388888888889,0.081543,1.5037519400125636,0.3891443778129328,-0.38812105950916165,1.5047752583163347,0.09097188888888891,1.115630880503402,8.344444444441379e-05,0.0010233183037711702,0.38812105950916165
long_rides,students_drivers,drivers_occupied_distance_avg,supply,False,5236.916243166667,5772.043823916667,76.48346274999949,-184.07212802777758,-427.53891547222156,-535.1275807499997,1111.921141191,0.06878497036946037,-0.16554422900046167,-0.38450470958244076,-0.48126396821344203,-351.05545272222207,-0.3157197392129804,-611.6110434999991,-0.5500489385829024,0.38450470958244076
wildcat_strike,students,passengers_rating_avg,passenger_experience,False,4.901099500000001,4.890071722222222,0.016991166666667112,0.002133611111111655,-0.008097000000000243,0.011027777777778525,0.021075158999998813,0.806217721378428,0.10123819759138118,-0.3841963896927515,0.5232595292770577,0.00889416666666687,0.42202133168567646,-0.005963388888888588,-0.2829581921013703,0.3841963896927515
boycott_tncs-long_rides,students_drivers,rides_offers_price_uber_avg,market,True,26.139981027777775,20.522367444444445,5.709335777777778,0.14737433333333172,-0.2390965277777788,5.6176135833333305,0.625182768000003,9.132266706650094,0.23572999909257095,-0.3824426072117484,8.985554098530917,5.470239249999999,8.749824099438346,-0.09172219444444707,-0.14671260811917744,0.3824426072117484
underground_alarm-wildcat_strike,managers_drivers,drivers_removed,supply,True,0.5607593888888889,0.43673111111111107,0.1162131666666667,0.06565744444444443,-0.05784233333333333,0.1240282777777778,0.1519665,0.7647288492310259,0.43205209335244565,-0.3806255545355939,0.8161553880478777,0.05837083333333337,0.38410329469543203,0.007815111111111106,0.051426538816851775,0.3806255545355939
underground_alarm,students,drivers_acceptance_rate,driver_decisions,False,1.9999731111111112,2.2053745925925923,-0.20165162962962935,-0.08029814814814795,0.07654829629629623,-0.20540148148148107,0.20223405300000016,-0.9971200529202131,-0.3970555253033864,0.37851338664659095,-1.0156621915770085,-0.12510333333333312,-0.6186066662736222,-0.0037498518518517265,-0.018542138656795437,0.37851338664659095
underground_alarm-wildcat_strike,drivers,drivers_shift_duration_avg,supply,True,3357.674767388889,3766.5394167777777,-506.04353455555565,-254.73953877777785,351.91842394444484,-408.86464938888867,934.3746984599999,-0.5415852284844581,-0.2726310324943833,0.3766352240963536,-0.43758103688248784,-154.1251106111108,-0.16495000438810453,97.17888516666699,0.10400419160197028,0.3766352240963536
flash_mob-wildcat_strike,students,rides_offers_price_no_surge_avg,market,True,23.90426705555556,21.16593622222222,2.942321777777771,0.018954388888889895,-0.22294533333332112,2.7383308333333396,0.5929510439999985,4.962166451262338,0.031966195322003586,-0.37599281692692604,4.618139829657415,2.7193764444444497,4.586173634335411,-0.20399094444443122,-0.3440266216049225,0.37599281692692604
flash_mob-wildcat_strike,students,rides_offers_price_lyft_avg,market,True,24.193676222222226,21.92458222222222,2.488545388888891,-0.019349944444442713,-0.20010144444444222,2.269094000000006,0.5353149690000025,4.6487498631649125,-0.03614683983261193,-0.37380132451413156,4.238801698818169,2.288443944444449,4.274948538650781,-0.21945138888888494,-0.40994816434674347,0.37380132451413156
wildcat_strike-long_rides,drivers,traffic_speed_avg,trip,True,5.37847388888889,5.221678027777777,-0.060173138888888644,-0.14333424999999878,0.3603032500000003,0.15679586111111288,0.9735492899999999,-0.061808004491368536,-0.14722854967106883,0.370092458287346,0.16105590412490867,0.30013011111111165,0.30828445379597746,0.21696900000000152,0.22286390861627717,0.370092458287346
flash_mob-wildcat_strike,students,rides_offers_price_uber_avg,market,True,23.719421833333335,20.713286055555557,3.2048839999999963,0.03247111111111067,-0.23121933333332834,3.0061357777777786,0.625182768000003,5.126315317763174,0.05193858943839366,-0.3698427806527886,4.808411126548779,2.973664666666668,4.756472537110385,-0.19874822222221766,-0.31790419121439495,0.3698427806527886
long_rides,students_drivers,rides_offers_price_lyft_avg,market,False,28.061605916666668,21.73318947222222,6.499906444444445,0.023103194444445307,-0.1945931944444439,6.328416444444446,0.5353149690000025,12.142209392325837,0.043158132655254026,-0.36351158796839655,11.821855937012694,6.305313250000001,11.77869780435744,-0.1714899999999986,-0.3203534553131425,0.36351158796839655
wildcat_strike,bank_tellers_drivers,traffic_length_avg,trip,False,3889.3642362777778,3913.363475055555,-11.235251444443293,-41.43301738888886,28.669030055554686,-23.999238777777464,79.72573270199983,-0.14092377785273674,-0.5196944071214482,0.3595956924311284,-0.3010224925430566,17.433778611111393,0.21867191457839164,-12.763987333334171,-0.16009871469031983,0.3595956924311284
underground_alarm-flash_mob,managers_drivers,passengers_pickup_reject,passenger_decisions,True,0.35097466666666666,0.1297406666666667,0.15496266666666655,0.08403681481481481,-0.01776548148148141,0.22123399999999996,0.049415058,3.135940195935145,1.7006317146246155,-0.3595155444617997,4.477056366097961,0.13719718518518514,2.7764246514733455,0.0662713333333334,1.3411161701628158,0.3595155444617997
wildcat_strike,students,drivers_acceptance_rate,driver_decisions,False,2.1566806111111108,2.173982944444444,-0.057731611111111025,-0.03212433333333298,0.0725536111111107,-0.01730233333333331,0.20223405300000016,-0.2854692879596839,-0.158847300228577,0.3587606045313775,-0.08555598365688341,0.014821999999999669,0.07329131657169358,0.04042927777777772,0.1999133043028005,0.3587606045313775
wildcat_strike,students,drivers_occupied_duration_avg,supply,False,541.9748840555555,591.2400875555555,-36.199209555555626,-55.900419166666666,42.83442522222231,-49.265203499999984,119.98649182799998,-0.30169404075457934,-0.4658892706588974,0.35699372962437503,-0.4105895817891017,6.6352156666666815,0.05529968886979569,-13.065993944444358,-0.10889554103452237,0.35699372962437503
underground_alarm-flash_mob,managers_drivers,drivers_pickup,supply,True,1380.850054074074,854.6119791851852,606.2680145925926,21.895487629629542,-101.92542733333335,526.2380748888888,285.871840779,2.1207685686722897,0.07659197061859746,-0.3565423829628928,1.8408181563279946,504.3425872592593,1.7642261857093968,-80.0299397037038,-0.27995041234429535,0.3565423829628928
boycott_tncs-long_rides,drivers,drivers_busy,supply,True,2333.7343533055555,3255.854975888889,-961.0985668888889,-304.75747027777834,343.73541458333375,-922.1206225833334,972.4624552439999,-0.988314316615689,-0.3133873895432928,0.35346908534076754,-0.9482326208182142,-617.3631523055551,-0.6348452312749215,38.97794430555541,0.040081695797474726,0.35346908534076754
flash_mob-long_rides,students,rides_offers_price_no_surge_avg,market,True,29.214308055555556,20.972370111111108,8.002762888888892,0.03329538888889516,0.2058796666666609,8.241937944444448,0.5929510439999985,13.496498521872763,0.05615200314732095,0.3472119136140039,13.899862438634088,8.208642555555553,13.843710435486766,0.23917505555555607,0.4033639167613248,0.3472119136140039
boycott_tncs-long_rides,students_drivers,rides_offers_price_no_surge_avg,market,True,26.658879583333338,20.972370111111108,5.782665861111113,0.10885463888888935,-0.20501102777777191,5.68650947222223,0.5929510439999985,9.752349573586596,0.18358115731539149,-0.3457469716130096,9.590183759288978,5.577654833333341,9.406602601973587,-0.09615638888888256,-0.16216581429761812,0.3457469716130096
long_rides,drivers,traffic_length_avg,trip,False,3917.861604,3918.707275333333,9.263323777778169,17.24786683333332,-27.356861944444518,-0.8456713333330299,79.72573270199983,0.11618988579763542,0.21634002283557158,-0.3431371655962003,-0.010607256962993295,-18.09353816666635,-0.22694727979856485,-10.108995111111199,-0.1267971427606287,0.3431371655962003
underground_alarm-flash_mob,students,rides_offers_price_uber_avg,market,True,25.796424296296298,20.71385214814815,4.8342477777777795,0.03422822222221811,0.21409614814815114,5.082572148148149,0.625182768000003,7.732535228446597,0.054749145328679215,0.3424536937143317,8.129738067489608,5.048343925925931,8.074988922160928,0.24832437037036925,0.3972028390430109,0.3424536937143317
wildcat_strike,bank_tellers_drivers,passengers_acceptance_rate,passenger_decisions,False,1.399961611111111,2.148158888888889,0.004530111111110902,-0.7130659444444449,-0.03966144444444408,-0.7481972777777781,0.11626549199999957,0.03896350527730892,-6.1330832749965705,-0.3411282553592448,-6.435248025078507,-0.03513133333333318,-0.3021647500819359,-0.752727388888889,-6.474211530355816,0.3411282553592448
boycott_tncs-long_rides,students,passengers_rating_avg,passenger_experience,True,4.877082111111112,4.879489861111111,-0.012791583333333634,0.003226916666667634,0.007156916666667179,-0.0024077499999988206,0.021075158999998813,-0.606950739177548,0.15311470089823834,0.33959016236449663,-0.11424587591481308,-0.005634666666666455,-0.2673605768130514,0.010383833333334813,0.492704863262735,0.33959016236449663
boycott_tncs-long_rides,students,drivers_occupied_distance_avg,supply,True,6187.486490444445,5772.043823916667,578.7806914166658,213.06460891666575,-376.4026338055537,415.4426665277779,1111.921141191,0.5205231468094246,0.19161845298529728,-0.33851558340043936,0.3736260163942825,202.37805761111213,0.18200756340898522,-163.33802488888796,-0.14689713041514207,0.33851558340043936
wildcat_strike-long_rides,students,drivers_acceptance_rate,driver_decisions,True,1.9956056666666666,2.1232066666666665,-0.16929994444444407,-0.02484266666666679,0.06654161111111101,-0.12760099999999985,0.20223405300000016,-0.8371485510624856,-0.12284116496773553,0.3290326734000181,-0.6309570426302031,-0.10275833333333306,-0.5081158776624675,0.04169894444444422,0.2061915084322826,0.3290326734000181
flash_mob-wildcat_strike,drivers,passengers_rating_avg,passenger_experience,True,4.897411055555555,4.890071722222222,0.00793422222222162,-0.007513166666667459,0.006918277777778314,0.007339333333332476,0.021075158999998813,0.37647270999104054,-0.3564939494249074,0.3282669315936693,0.34824569215980244,0.014852499999999935,0.7047396415847098,-0.0005948888888891446,-0.0282270178312381,0.3282669315936693
long_rides,students,passengers_acceptance_rate,passenger_decisions,False,1.7285210555555555,2.0987324444444444,-0.18403994444444427,-0.22420844444444432,0.038036999999999654,-0.37021138888888894,0.11626549199999957,-1.5829283588671774,-1.9284178012547795,0.32715640166043247,-3.1841897584615246,-0.14600294444444462,-1.255771957206745,-0.18617144444444467,-1.601261399594347,0.32715640166043247
wildcat_strike,students,passengers_pickup_reject,passenger_decisions,False,0.18488872222222222,0.12836083333333334,0.046000166666666675,0.026639166666666658,-0.016111444444444456,0.05652788888888888,0.049415058,0.9308937099024892,0.5390900617108789,-0.32604321630958033,1.1439405553037878,0.02988872222222222,0.6048504935929089,0.010527722222222202,0.2130468454012986,0.32604321630958033
long_rides,students,drivers_busy,supply,False,3442.803817722222,3255.854975888889,77.03035997222196,-205.43838705555572,315.3568689166668,186.94884183333306,972.4624552439999,0.07921165445188763,-0.21125585460675633,0.32428693490026905,0.19224273474540038,392.3872288888888,0.40349858935215666,109.9184818611111,0.11303108029351272,0.32428693490026905
wildcat_strike-long_rides,students,drivers_busy,supply,True,3194.455231472222,3255.854975888889,-167.28346752777816,-205.43838705555572,311.3221101666668,-61.39974441666709,972.4624552439999,-0.17202048945509693,-0.21125585460675633,0.3201379225366116,-0.06313842152524163,144.03864263888863,0.14811743308151468,105.88372311111107,0.10888206792985528,0.3201379225366116
boycott_tncs-long_rides,students,rides_waiting_duration_avg,passenger_experience,True,634.9826991944444,783.5034112777778,-206.58928119444442,-14.912685055555585,72.98125416666664,-148.52071208333336,230.60188418399997,-0.895869875155072,-0.0646685308245642,0.31648160389025287,-0.6440568020893833,-133.60802702777778,-0.5793882712648191,58.06856911111106,0.2518130730656887,0.31648160389025287
underground_alarm-flash_mob,students,rides_offers_price_no_surge_avg,market,True,25.784168074074074,21.185985777777777,4.414968370370371,-0.003190296296295969,0.18640422222222242,4.598182296296297,0.5929510439999985,7.445755286283604,-0.005380370485182883,0.3143669685860657,7.754741884384487,4.601372592592593,7.760122254869669,0.18321392592592645,0.30898659810088286,0.3143669685860657
boycott_tncs-long_rides,students,drivers_total_length_avg,supply,True,29035.58661302778,25669.58224572222,3704.9781850000036,1507.640270444448,-1846.6140881388928,3366.004367305559,5978.65403394,0.619701050431644,0.25217051561869624,-0.30886786183912257,0.5630037042112176,1858.3640968611107,0.31083318859252146,-338.97381769444473,-0.056697346220426326,0.30886786183912257
flash_mob-long_rides,students,traffic_duration_avg,trip,True,1039.3277796944444,759.4386755833334,222.4841485833332,10.956213666666486,46.44874186111133,279.889104111111,151.775726445,1.4658743779029533,0.07218686362629115,0.3060353783115858,1.8440966198408302,268.9328904444445,1.771909756214539,57.404955527777815,0.3782222419378769,0.3060353783115858
boycott_tncs-long_rides,students_drivers,traffic_duration_avg,trip,True,732.2036133055556,759.4386755833334,-3.306226250000236,22.16918722222215,-46.098023249999756,-27.235062277777843,151.775726445,-0.02178362988233389,0.14606543313272,-0.30372460952578345,-0.17944280627539738,-49.40424949999999,-0.32550823940811735,-23.928836027777606,-0.15765917639306345,0.30372460952578345
boycott_tncs-long_rides,managers,passengers_no_ratings_count,passenger_experience,True,0.3974492222222222,0.5457818333333333,-0.17287891666666666,0.08039891666666676,-0.05585261111111123,-0.14833261111111112,0.18532499999999996,-0.9328418543999282,0.4338266109087645,-0.3013765606966747,-0.8003918041878384,-0.2287315277777779,-1.234218415096603,0.024546305555555537,0.13245005021208983,0.3013765606966747
boycott_tncs-long_rides,managers,passengers_rating_avg,passenger_experience,True,4.877117583333334,4.879489861111111,-0.012791583333333634,0.004113944444444684,0.006305361111111907,-0.002372277777777043,0.021075158999998813,-0.606950739177548,0.19520348313599512,0.29918450964532517,-0.11256274639622775,-0.006486222222221727,-0.3077662295322229,0.01041930555555659,0.4943879927813203,0.29918450964532517
long_rides,drivers,traffic_duration_avg,trip,False,800.0902818611112,759.4386755833334,48.97386574999996,37.06905297222215,-45.39131244444434,40.65160627777777,151.775726445,0.32267258340382216,0.24423571436935348,-0.2990683260599849,0.26783997171319074,3.5825533055556207,0.023604257343837254,-8.322259472222186,-0.054832611690631416,0.2990683260599849
long_rides,drivers,rides_offers_price_uber_avg,market,False,26.76337994444445,20.522367444444445,6.355252527777779,0.0698787222222208,-0.1841187499999961,6.241012500000004,0.625182768000003,10.165431379544595,0.11177326983238357,-0.29450387858418264,9.982700770792794,6.171133777777783,9.870927500960413,-0.11424002777777531,-0.18273060875179908,0.29450387858418264
flash_mob-long_rides,students_drivers,drivers_occupied_distance_avg,supply,True,5269.909204833334,5772.043823916667,-638.8170366111117,-184.07212802777758,320.75454555555643,-502.13461908333284,1111.921141191,-0.5745164948719858,-0.16554422900046167,0.28846878944309856,-0.45159193442934886,-318.06249105555526,-0.2860477054288872,136.68241752777885,0.12292456044263689,0.28846878944309856
flash_mob-long_rides,students_drivers,drivers_occupied_duration_avg,supply,True,624.8535788055556,682.0953701666667,-62.61252072222226,-29.152857166666763,34.523586527777866,-57.241791361111154,119.98649182799998,-0.5218297474017074,-0.2429678268155155,0.2877289434986336,-0.4770686307185893,-28.08893419444439,-0.2341008039030738,5.370729361111103,0.04476111668311811,0.2877289434986336
long_rides,students,traffic_length_avg,trip,False,3947.2219638611114,3918.707275333333,9.263323777778169,-3.4824931111111255,22.73385786111112,28.514688527778162,79.72573270199983,0.11618988579763542,-0.04368091697730827,0.2851508175670973,0.35765978638742446,31.997181638889288,0.4013407033647327,19.251364749999993,0.24146990058978904,0.2851508175670973
underground_alarm,managers_drivers,traffic_speed_avg,trip,False,4.517953925925926,5.131238074074073,-0.5943585925925907,-0.29556585185185114,0.2766402962962946,-0.6132841481481472,0.9735492899999999,-0.6105069344692252,-0.30359618653910286,0.2841564357735751,-0.6299466852347531,-0.3177182962962961,-0.32635049869565014,-0.018925555555556528,-0.019439750765527786,0.2841564357735751
underground_alarm,managers_drivers,drivers_total_length_avg,supply,False,21032.291503333334,22120.633773407408,-2006.0951711851885,2616.1758605925934,-1698.4229594814788,-1088.342270074074,5978.65403394,-0.33554294324389083,0.4375860930806368,-0.28408115770535713,-0.1820380078686112,-3704.5181306666673,-0.619624100949248,917.7529011111146,0.15350493537527965,0.28408115770535713
