scenario,personality,metric,family,spike_level,own_baseline_level,reference_level,dev_vs_own,dev_vs_reference
boycott_tncs,bank_tellers,drivers_accept,driver_decisions,2.1843936363636365,1.3939139333172261,2.849141515151515,0.8740512381288637,-0.7350267239739213
boycott_tncs,bank_tellers,drivers_acceptance_rate,driver_decisions,2.1807587878787875,2.4052251872432957,2.1816221212121216,-1.1099337427832097,-0.004268981017425901
boycott_tncs,bank_tellers,drivers_busy,supply,3029.583543636363,1092.5347876878473,3244.5980893939395,1.9919008137568583,-0.22110318459917014
boycott_tncs,bank_tellers,drivers_change_provider,driver_decisions,0.6738378787878788,0.42963487798985267,0.8860112121212121,0.9066585978682459,-0.7877412491918356
boycott_tncs,bank_tellers,drivers_change_zone,driver_decisions,1.305050909090909,0.7786925634211163,1.607878787878788,1.0119540527539344,-0.582203933398862
boycott_tncs,bank_tellers,drivers_demand_pressure,market,0.0,0.0,0.0,,
boycott_tncs,bank_tellers,drivers_idle,supply,7936.653627878788,5869.544264960135,7527.321632727273,0.6273314159576654,0.12422507716408686
boycott_tncs,bank_tellers,drivers_idle_duration_avg,supply,515.2133093939393,324.06135064266726,557.1207539393939,1.6107860358678083,-0.35314274001533674
boycott_tncs,bank_tellers,drivers_occupied_distance_avg,supply,4687.179416363637,2231.723575510993,4169.504505454546,2.2083003460322357,0.4655680081364395
boycott_tncs,bank_tellers,drivers_occupied_duration_avg,supply,515.2715627272727,243.75816329064992,474.74147848484847,2.262866388541769,0.33778872625531775
boycott_tncs,bank_tellers,drivers_passengers_served,supply,1.7614136363636366,0.9139760497704759,2.0323230303030306,0.9840897016170547,-0.3145944301560285
boycott_tncs,bank_tellers,drivers_pickup,supply,783.3366833333333,304.0687584005799,927.6974166666668,1.6765132362346342,-0.5049840968594557
boycott_tncs,bank_tellers,drivers_pickup_accept,driver_decisions,0.8916669696969697,0.3625108021261174,1.0844942424242425,1.456779368761586,-0.5308580148147706
boycott_tncs,bank_tellers,drivers_pickup_reject,driver_decisions,0.22979727272727274,0.08102734960135298,0.2487869696969697,1.8244352442995688,-0.23287954784220546
boycott_tncs,bank_tellers,drivers_reject,driver_decisions,1.0182318181818184,0.6363202705967624,1.3300506060606059,0.8422843075680155,-0.6876986922650972
boycott_tncs,bank_tellers,drivers_removed,supply,0.31717242424242426,0.2186679028750906,0.45378727272727276,0.648198921257867,-0.898980028393419
boycott_tncs,bank_tellers,drivers_shift_duration_avg,supply,3194.9135833333335,1846.7115857598453,2963.107281818182,1.4428922356261813,0.24808709171727966
boycott_tncs,bank_tellers,drivers_starting,supply,0.4886354545454545,0.24166632519932352,0.48222272727272725,1.586460910666146,0.04119357417617208
boycott_tncs,bank_tellers,drivers_total_length_avg,supply,20354.107922424242,11340.192565672867,18192.83205575758,1.5076830513323922,0.36149873439697233
boycott_tncs,bank_tellers,drivers_waiting,supply,2.470959393939394,1.5613638705001207,3.1967675757575758,0.846225897132506,-0.6752426369501685
boycott_tncs,bank_tellers,passengers_accept,passenger_decisions,8.208231515151516,5.064664858661512,10.852323333333333,0.9205396802026821,-0.774277024382657
boycott_tncs,bank_tellers,passengers_acceptance_rate,passenger_decisions,1.7021812121212123,2.2269594805508577,2.2143996969696973,-4.513620158504532,-4.405593405552241
boycott_tncs,bank_tellers,passengers_arrivals,demand,2.396918787878788,1.2436865233148104,2.3746972727272726,1.5079473973570185,0.029056484949045617
boycott_tncs,bank_tellers,passengers_change_provider,passenger_decisions,2.7264136363636364,1.5125694008214545,3.1593430303030297,1.0644357456685278,-0.37964139777281
boycott_tncs,bank_tellers,passengers_departures,demand,2.3913130303030306,1.25701621647741,2.53530303030303,1.5352424437715722,-0.1948868733335368
boycott_tncs,bank_tellers,passengers_drivers_ratio,demand,0.13518848484848484,0.12938797052428125,0.1984872727272727,0.0829336155142967,-0.9050227347177855
boycott_tncs,bank_tellers,passengers_no_ratings_count,passenger_experience,0.49939363636363626,0.2772853926069099,0.4989387878787878,1.1984796641398971,0.002454328799937661
boycott_tncs,bank_tellers,passengers_offers_discarded,passenger_decisions,64.73631272727273,39.0572119255859,83.5928793939394,0.9593529361455265,-0.7044679148618089
boycott_tncs,bank_tellers,passengers_pickup_accept,passenger_decisions,0.9819181818181819,0.3918673375211404,1.1952018181818183,1.4831327498685167,-0.5361028615742678
boycott_tncs,bank_tellers,passengers_pickup_reject,passenger_decisions,0.14196909090909093,0.051682863010388984,0.13813090909090908,1.827099502720445,0.07767231231787387
boycott_tncs,bank_tellers,passengers_rating_avg,passenger_experience,4.903798787878788,4.883949113312394,4.894078181818181,0.9418517111256738,0.46123524195510507
boycott_tncs,bank_tellers,passengers_ratings_count,passenger_experience,1.9019190909090908,0.9667303503261657,1.8793442424242424,1.613919336522414,0.03895896401196032
boycott_tncs,bank_tellers,passengers_reject,passenger_decisions,4.860959393939393,2.460193708625272,4.911565151515151,1.3345758570663375,-0.02813153432769155
boycott_tncs,bank_tellers,passengers_unassigned,demand,17.308586060606057,11.189975817830392,24.83580787878788,0.7609616360411467,-0.9361483739500002
boycott_tncs,bank_tellers,rides_dispatched,matching,2.1843936363636365,1.3939139333172261,2.849141515151515,0.8740512381288637,-0.7350267239739213
boycott_tncs,bank_tellers,rides_duration_avg,trip,988.9489566666667,537.2529971128292,1009.4090509090909,1.9327665838964363,-0.08754691207375286
boycott_tncs,bank_tellers,rides_in_progress,matching,2848.4478275757574,1052.6508749939599,2841.1774245454544,2.1737249490331987,0.008800469581917457
boycott_tncs,bank_tellers,rides_length_avg,trip,6389.300852727273,4477.705007992269,6466.837537575757,1.6523438845388427,-0.06702110563259144
boycott_tncs,bank_tellers,rides_offers_generated,matching,68.46449454545454,43.34658744382701,92.22282878787878,0.8505983172811715,-0.8045574436693514
boycott_tncs,bank_tellers,rides_offers_lyft,matching,25.663990606060604,16.17107838125151,34.640807878787875,0.8493760991195191,-0.8031986240946356
boycott_tncs,bank_tellers,rides_offers_price_lyft_avg,market,21.625473333333332,20.731280521865184,22.18652484848485,1.6704050199428364,-1.048077389279051
boycott_tncs,bank_tellers,rides_offers_price_no_surge_avg,market,20.896653333333333,19.84663776757671,21.329930606060607,1.7708301155409156,-0.7307133988742502
boycott_tncs,bank_tellers,rides_offers_price_uber_avg,market,20.457528484848485,19.319647767576708,20.8143703030303,1.8200769047296765,-0.5707799965814396
boycott_tncs,bank_tellers,rides_offers_radius_avg,matching,944.0123969696971,1310.704646535395,1627.1878066666666,-0.7734521870851147,-1.44099995409971
boycott_tncs,bank_tellers,rides_offers_surge_lyft_avg,market,1.0,1.0,1.0,,
boycott_tncs,bank_tellers,rides_offers_surge_uber_avg,market,1.0,1.0,1.0,,
boycott_tncs,bank_tellers,rides_offers_uber,matching,42.798889090909086,27.175550840782797,57.581970000000005,0.8309474569693662,-0.7862572832334467
boycott_tncs,bank_tellers,rides_partial_acceptances,matching,5.004596060606061,3.034467294032375,6.673787575757575,0.9138090099733686,-0.7742246455135463
boycott_tncs,bank_tellers,rides_waiting_duration_avg,passenger_experience,734.5780442424242,450.99165754288475,809.6651515151515,1.2297661300688354,-0.3256135895785413
boycott_tncs,bank_tellers,traffic_duration_avg,trip,731.4431975757576,504.239059772892,745.5813872727273,1.4969728238144793,-0.09315184995733179
boycott_tncs,bank_tellers,traffic_length_avg,trip,3842.4932581818184,3737.7033726890554,3903.845770303031,1.314379710807405,-0.7695446632085129
boycott_tncs,bank_tellers,traffic_speed_avg,trip,5.0486739393939395,6.937316958202464,5.148310606060606,-1.9399562386908267,-0.10234373101609079
boycott_tncs,bank_tellers_drivers,drivers_accept,driver_decisions,2.1101731034482762,1.3934935039845449,2.847299310344828,0.7924487989240563,-0.815057073966815
boycott_tncs,bank_tellers_drivers,drivers_acceptance_rate,driver_decisions,2.171046206896552,2.314329671576914,2.1897744827586205,-0.708503155402626,-0.09260693530217971
boycott_tncs,bank_tellers_drivers,drivers_busy,supply,2962.9572896551726,1070.2404453248007,3244.4097417241373,1.9463135405628298,-0.28942243533540396
boycott_tncs,bank_tellers_drivers,drivers_change_provider,driver_decisions,0.6729886206896551,0.44114340014489256,0.8841393103448276,0.8607775575838368,-0.7839444543927128
boycott_tncs,bank_tellers_drivers,drivers_change_zone,driver_decisions,1.3866662068965518,0.7923609369717458,1.6075289655172413,1.1425859044908513,-0.4246212975006835
boycott_tncs,bank_tellers_drivers,drivers_demand_pressure,market,0.0,0.0,0.0,,
boycott_tncs,bank_tellers_drivers,drivers_idle,supply,8020.758726551724,5755.353125163004,7526.046187586207,0.6875108444339909,0.15013657386905385
boycott_tncs,bank_tellers_drivers,drivers_idle_duration_avg,supply,640.1372313793104,351.53106161072196,552.3900903448276,2.4320064056128463,0.739421507312843
boycott_tncs,bank_tellers_drivers,drivers_occupied_distance_avg,supply,4732.051604482758,2280.576673146583,4139.788066896552,2.204720137536331,0.5326488683827179
boycott_tncs,bank_tellers_drivers,drivers_occupied_duration_avg,supply,531.6299127586207,252.36392878773242,471.6130417241379,2.327478532926978,0.500196898168476
boycott_tncs,bank_tellers_drivers,drivers_passengers_served,supply,1.5279886206896551,0.9401433083796185,2.0264937931034477,0.6826373141104161,-0.5788907810278222
boycott_tncs,bank_tellers_drivers,drivers_pickup,supply,775.3635058620689,312.75597988167107,929.7277403448276,1.6182339775746837,-0.5399770542706008
boycott_tncs,bank_tellers_drivers,drivers_pickup_accept,driver_decisions,0.8927593103448276,0.37573857280850037,1.0867231034482756,1.4233702445960272,-0.5339868821277789
boycott_tncs,bank_tellers_drivers,drivers_pickup_reject,driver_decisions,0.20994137931034484,0.08369808983337358,0.2502862068965517,1.5481805854208366,-0.4947675163558715
boycott_tncs,bank_tellers_drivers,drivers_reject,driver_decisions,0.9975286206896554,0.6535663921758031,1.3258044827586208,0.7585892317351809,-0.7239938381608425
boycott_tncs,bank_tellers_drivers,drivers_removed,supply,0.31316103448275867,0.23282058198502775,0.4529882758620689,0.5286721250915887,-0.9201188510580308
boycott_tncs,bank_tellers_drivers,drivers_shift_duration_avg,supply,3373.1194334482757,1910.3151809900992,2938.2205455172416,1.5655435178939603,0.4654437760866359
boycott_tncs,bank_tellers_drivers,drivers_starting,supply,0.4309762068965516,0.23982779280367061,0.48080517241379317,1.227884180897657,-0.3200873980538795
boycott_tncs,bank_tellers_drivers,drivers_total_length_avg,supply,20721.22604965517,11583.847693499154,18048.610464482757,1.528333685857113,0.4470262988960963
boycott_tncs,bank_tellers_drivers,drivers_waiting,supply,2.3646551724137934,1.5629191668679063,3.1936203448275866,0.745880727283279,-0.7712128947876223
boycott_tncs,bank_tellers_drivers,passengers_accept,passenger_decisions,8.376609310344827,5.1421138927795225,10.847701379310346,0.9471666112616037,-0.7236170094311903
boycott_tncs,bank_tellers_drivers,passengers_acceptance_rate,passenger_decisions,1.7722720689655174,2.2407854865974404,2.2210575862068964,-4.029685933225353,-3.860006176565104
boycott_tncs,bank_tellers_drivers,passengers_arrivals,demand,2.3932758620689656,1.2384440280125575,2.369367931034483,1.5100389679166701,0.03126161440971313
boycott_tncs,bank_tellers_drivers,passengers_change_provider,passenger_decisions,2.7049427586206893,1.551454117362956,3.152241034482759,1.0115091426281153,-0.39224165660005184
boycott_tncs,bank_tellers_drivers,passengers_departures,demand,2.416321379310345,1.2504483482250663,2.5371262068965525,1.5779800661997632,-0.16350632079917407
boycott_tncs,bank_tellers_drivers,passengers_drivers_ratio,demand,0.1353141379310345,0.12976776141028737,0.19829172413793106,0.07930004688546664,-0.9004303116204008
boycott_tncs,bank_tellers_drivers,passengers_no_ratings_count,passenger_experience,0.5053431034482758,0.27640218063269745,0.4980455172413793,1.2353482952412163,0.039377235704284495
boycott_tncs,bank_tellers_drivers,passengers_offers_discarded,passenger_decisions,65.38298827586206,39.691123692344846,83.55402379310347,0.9598297819537136,-0.6788569588513422
boycott_tncs,bank_tellers_drivers,passengers_pickup_accept,passenger_decisions,0.9671841379310343,0.4053368099492876,1.1993672413793104,1.4122413019315194,-0.5836079517867653
boycott_tncs,bank_tellers_drivers,passengers_pickup_reject,passenger_decisions,0.13637827586206897,0.05410671335426226,0.13775827586206896,1.6649087512516267,-0.02792671011334222
boycott_tncs,bank_tellers_drivers,passengers_rating_avg,passenger_experience,4.906774827586207,4.876771451340256,4.894370689655172,1.4236370053461138,0.5885667543972206
boycott_tncs,bank_tellers_drivers,passengers_ratings_count,passenger_experience,1.8931600000000002,0.9628756170007244,1.875288275862069,1.6054555503432324,0.03084245982818677
boycott_tncs,bank_tellers_drivers,passengers_reject,passenger_decisions,4.7848844827586205,2.5201844047331567,4.896091379310345,1.2589375406844738,-0.06181946042676236
boycott_tncs,bank_tellers_drivers,passengers_unassigned,demand,17.550345172413795,11.35792881671094,24.807586206896545,0.7701407826470652,-0.9025713015901634
boycott_tncs,bank_tellers_drivers,rides_dispatched,matching,2.1101731034482762,1.3934935039845449,2.847299310344828,0.7924487989240563,-0.815057073966815
boycott_tncs,bank_tellers_drivers,rides_duration_avg,trip,961.9740582758621,541.5643173315624,1009.5636572413794,1.7988956545998325,-0.20363163467841705
boycott_tncs,bank_tellers_drivers,rides_in_progress,matching,2870.1536206896553,1053.7437153054818,2840.9685631034486,2.1986759267678195,0.03532709403638361
boycott_tncs,bank_tellers_drivers,rides_length_avg,trip,6105.89999862069,4455.0462856580525,6461.953726896551,1.4269637823261725,-0.30776547359854256
boycott_tncs,bank_tellers_drivers,rides_offers_generated,matching,69.48114896551724,44.04861632214441,92.17040275862068,0.8612528656597218,-0.7683538687635607
boycott_tncs,bank_tellers_drivers,rides_offers_lyft,matching,26.087988275862067,16.486284721081866,34.64563206896552,0.8591101779017278,-0.76569317512959
boycott_tncs,bank_tellers_drivers,rides_offers_price_lyft_avg,market,21.983760000000004,20.78994737261531,22.18019689655172,2.2301125440500975,-0.36695573247030905
boycott_tncs,bank_tellers_drivers,rides_offers_price_no_surge_avg,market,21.22502517241379,19.894352231345085,21.318094482758617,2.244153129560404,-0.15695951847388476
boycott_tncs,bank_tellers_drivers,rides_offers_price_uber_avg,market,20.770406206896556,19.35487135474523,20.798736896551727,2.2641936480106533,-0.04531585178811355
boycott_tncs,bank_tellers_drivers,rides_offers_radius_avg,matching,845.3866317241379,1332.8236223255253,1626.699259310345,-1.028135192094599,-1.6479976364908127
boycott_tncs,bank_tellers_drivers,rides_offers_surge_lyft_avg,market,1.0,1.0,1.0,,
boycott_tncs,bank_tellers_drivers,rides_offers_surge_uber_avg,market,1.0,1.0,1.0,,
boycott_tncs,bank_tellers_drivers,rides_offers_uber,matching,43.39293137931034,27.562290113499156,57.52482793103447,0.8419731360494471,-0.7516232007403669
boycott_tncs,bank_tellers_drivers,rides_partial_acceptances,matching,5.271149655172415,3.095087657570635,6.675172068965518,1.0093274578835914,-0.6512306980624495
boycott_tncs,bank_tellers_drivers,rides_waiting_duration_avg,passenger_experience,723.2116699999999,445.29809499396276,810.2177468965516,1.2051661069008726,-0.37729993926297895
boycott_tncs,bank_tellers_drivers,traffic_duration_avg,trip,772.8786020689655,509.8611947428157,745.9596313793104,1.732934596899862,0.1773601834770985
boycott_tncs,bank_tellers_drivers,traffic_length_avg,trip,3892.70479275862,3741.6266197053847,3905.1771265517245,1.894973779895355,-0.1564405038423899
boycott_tncs,bank_tellers_drivers,traffic_speed_avg,trip,4.950925172413794,6.9207901714561695,5.149521379310345,-2.0233849680506424,-0.20399193850426495
boycott_tncs,baseline,drivers_accept,driver_decisions,2.2667853571428567,1.3937751690004827,2.8434528571428572,0.9653070570999265,-0.6376342623614261
boycott_tncs,baseline,drivers_acceptance_rate,driver_decisions,2.1852475,2.3970811105746015,2.189348214285714,-1.047467562619641,-0.02027707117017478
boycott_tncs,baseline,drivers_busy,supply,2974.1761110714287,1080.4498424818928,3246.324018214285,1.9473515490265199,-0.27985441049708365
boycott_tncs,baseline,drivers_change_provider,driver_decisions,0.6954171428571428,0.4323728899082569,0.8825610714285717,0.9766109866650944,-0.6948139511948956
boycott_tncs,baseline,drivers_change_zone,driver_decisions,1.2928571428571427,0.7850140077257363,1.605714642857143,0.9763575005266298,-0.6014864543595162
boycott_tncs,baseline,drivers_demand_pressure,market,0.0,0.0,0.0,,
boycott_tncs,baseline,drivers_idle,supply,7994.50125,5858.2089018058905,7526.759503928572,0.6483272378970285,0.14195141153595917
boycott_tncs,baseline,drivers_idle_duration_avg,supply,561.6925614285714,323.9386924070497,555.2963014285715,2.0034877732628122,0.05389955905806827
boycott_tncs,baseline,drivers_occupied_distance_avg,supply,4607.305156785714,2276.03174609126,4141.132651071429,2.09661757865075,0.41924961082668016
boycott_tncs,baseline,drivers_occupied_duration_avg,supply,508.9979067857143,249.7696300241429,472.30888535714286,2.1604788406779467,0.30577626589137186
boycott_tncs,baseline,drivers_passengers_served,supply,1.7001189285714282,0.9142081747947852,2.026785357142857,0.9126414634155112,-0.37934247112347824
boycott_tncs,baseline,drivers_pickup,supply,777.2169442857141,305.2671047054563,929.1347428571428,1.6509140539837563,-0.5314192477211223
boycott_tncs,baseline,drivers_pickup_accept,driver_decisions,0.9182139285714286,0.36165828826653795,1.0864274999999999,1.5322107613070544,-0.4630959165188879
boycott_tncs,baseline,drivers_pickup_reject,driver_decisions,0.19065464285714287,0.07953723563495894,0.25047499999999995,1.362684807061108,-0.7336050567535788
boycott_tncs,baseline,drivers_reject,driver_decisions,1.0613682142857142,0.6334686576533075,1.3241664285714287,0.943708259270478,-0.5795865910560266
boycott_tncs,baseline,drivers_removed,supply,0.3414867857142857,0.2183767962337035,0.45244035714285713,0.8101126858918393,-0.7301186210682712
boycott_tncs,baseline,drivers_shift_duration_avg,supply,3241.7619200000004,1871.7114202076293,2941.9548267857144,1.4662752555804808,0.3208638822395516
boycott_tncs,baseline,drivers_starting,supply,0.5040478571428572,0.2427306325446644,0.4796435714285715,1.678629078890962,0.15676633529440337
boycott_tncs,baseline,drivers_total_length_avg,supply,20499.65429892857,11543.767613732498,18052.184931428572,1.4979770755013972,0.40936795365747036
boycott_tncs,baseline,drivers_waiting,supply,2.5440478571428575,1.5561597102848868,3.1895235714285706,0.9190640364857368,-0.6005067651755427
boycott_tncs,baseline,passengers_accept,passenger_decisions,8.566667142857142,5.0936382955094155,10.841547857142858,1.0170170426867589,-0.6661598731824065
boycott_tncs,baseline,passengers_acceptance_rate,passenger_decisions,2.0626264285714284,2.2480994109126025,2.2240992857142854,-1.595253924020506,-1.3888287432943351
boycott_tncs,baseline,passengers_arrivals,demand,2.5377975,1.245885243843554,2.369642857142857,1.689283056107793,0.2198762242797627
boycott_tncs,baseline,passengers_change_provider,passenger_decisions,2.6503574999999997,1.488417378078223,3.1483925,1.0189203555821529,-0.43673334771593375
boycott_tncs,baseline,passengers_departures,demand,2.477738571428571,1.259933249637856,2.5391664285714293,1.6482691262777607,-0.08314107239496368
boycott_tncs,baseline,passengers_drivers_ratio,demand,0.13988285714285714,0.12991440849831,0.19804785714285714,0.14252520396532123,-0.8316217281389753
boycott_tncs,baseline,passengers_no_ratings_count,passenger_experience,0.5297,0.27194394736842104,0.49839249999999996,1.3908326055933036,0.168932955618508
boycott_tncs,baseline,passengers_offers_discarded,passenger_decisions,66.8242857142857,39.19889105263158,83.50178642857144,1.0320650900321207,-0.6230595612120555
boycott_tncs,baseline,passengers_pickup_accept,passenger_decisions,0.9660117857142858,0.39167077740222117,1.1993446428571428,1.4436450133970258,-0.5864979355486678
boycott_tncs,baseline,passengers_pickup_reject,passenger_decisions,0.1425,0.049526895219700634,0.13767821428571428,1.8814731489397292,0.09757725497935689
boycott_tncs,baseline,passengers_rating_avg,passenger_experience,4.889805357142857,4.887761168517624,4.8945992857142855,0.09699516977464295,-0.22746820422228733
boycott_tncs,baseline,passengers_ratings_count,passenger_experience,2.0125003571428572,0.9744043264123612,1.8752985714285715,1.7915135035937189,0.23677852968125596
boycott_tncs,baseline,passengers_reject,passenger_decisions,4.158571428571428,2.347949442298407,4.886249285714285,1.0065173806569563,-0.40451315420128486
boycott_tncs,baseline,passengers_unassigned,demand,18.002857142857142,11.236480357315306,24.78101178571428,0.8415233107675386,-0.8429881037868839
boycott_tncs,baseline,rides_dispatched,matching,2.2667853571428567,1.3937751690004827,2.8434528571428572,0.9653070570999265,-0.6376342623614261
boycott_tncs,baseline,rides_duration_avg,trip,1027.6213189285716,538.1371074867214,1010.4337224999999,2.0944591316561136,0.07354418681861495
boycott_tncs,baseline,rides_in_progress,matching,2819.790892857143,1057.1182689980685,2842.6028571428574,2.133629558704664,-0.027612774279977173
boycott_tncs,baseline,rides_length_avg,trip,6502.361629642857,4463.8204401062285,6464.494912142857,1.7620728132406716,0.032731206892406016
boycott_tncs,baseline,rides_offers_generated,matching,70.29154714285714,43.505427233220665,92.11869107142856,0.9070910418389179,-0.7391591911530632
boycott_tncs,baseline,rides_offers_lyft,matching,25.678631071428565,16.21811448092709,34.659166428571424,0.8464775073233374,-0.8035312988273542
boycott_tncs,baseline,rides_offers_price_lyft_avg,market,21.988615714285718,20.708377520521488,22.179212500000002,2.391560609926124,-0.35604606026677943
boycott_tncs,baseline,rides_offers_price_no_surge_avg,market,21.294502857142856,19.84449023418638,21.31481607142857,2.445417100836538,-0.03425782700150598
boycott_tncs,baseline,rides_offers_price_uber_avg,market,20.8981,19.31671464751328,20.79335892857143,2.5294768720924057,0.16753672172322231
boycott_tncs,baseline,rides_offers_radius_avg,matching,1004.4477171428571,1319.7891970762914,1624.6936607142857,-0.6651396576340053,-1.3082648519410325
boycott_tncs,baseline,rides_offers_surge_lyft_avg,market,1.0,1.0,1.0,,
boycott_tncs,baseline,rides_offers_surge_uber_avg,market,1.0,1.0,1.0,,
boycott_tncs,baseline,rides_offers_uber,matching,44.60964392857142,27.287325845002414,57.459940714285715,0.921309897405555,-0.6834596591611655
boycott_tncs,baseline,rides_partial_acceptances,matching,5.2372625,3.0664981434089813,6.674225714285713,1.006870241802402,-0.6665096995148437
boycott_tncs,baseline,rides_waiting_duration_avg,passenger_experience,809.9426510714285,442.04145047561565,809.8400167857142,1.5953954665099792,0.0004450713231485273
boycott_tncs,baseline,traffic_duration_avg,trip,757.1633457142858,507.7121689884114,746.2671510714288,1.6435511960225715,0.07179141815411154
boycott_tncs,baseline,traffic_length_avg,trip,3903.407142142857,3737.00378318928,3905.1975035714286,2.087197612539508,-0.022456506423886115
boycott_tncs,baseline,traffic_speed_avg,trip,5.081489285714285,6.939947223563496,5.149809642857143,-1.9089510484355767,-0.07017657744155752
boycott_tncs,drivers,drivers_accept,driver_decisions,2.027236578947369,1.3943339024390244,2.8294736842105266,0.6998147654965299,-0.8870516629659877
boycott_tncs,drivers,drivers_acceptance_rate,driver_decisions,2.163596578947368,2.3256688046365612,2.1682805263157894,-0.8014091755812914,-0.02316102208771674
boycott_tncs,drivers,drivers_busy,supply,3319.6543568421052,1225.73395155518,3259.9439255263155,2.153214650082857,0.061401271579999264
boycott_tncs,drivers,drivers_change_provider,driver_decisions,0.6599123684210525,0.442047737261531,0.8785536842105263,0.808871473186954,-0.8117550896670019
boycott_tncs,drivers,drivers_change_zone,driver_decisions,1.336184210526316,0.7843604201883604,1.602719473684211,1.0609128279859223,-0.5124293021539287
boycott_tncs,drivers,drivers_demand_pressure,market,0.0,0.0,0.0,,
boycott_tncs,drivers,drivers_idle,supply,7638.954218684212,5585.198230103841,7540.97685631579,0.6232789011842722,0.029734410074750292
boycott_tncs,drivers,drivers_idle_duration_avg,supply,671.188590263158,340.2889157594784,595.0657886842106,2.7884023707927765,0.6414663317892283
boycott_tncs,drivers,drivers_occupied_distance_avg,supply,4833.171449473684,2288.1750108814294,4289.976728157894,2.2888281770290475,0.4885191055311384
boycott_tncs,drivers,drivers_occupied_duration_avg,supply,531.0996660526316,251.50047153586095,487.56317394736834,2.330255600085172,0.3628449456433197
boycott_tncs,drivers,drivers_passengers_served,supply,1.7083328947368421,0.9447742187877325,2.052499736842105,0.8866850390748728,-0.39966488424881685
boycott_tncs,drivers,drivers_pickup,supply,747.5628431578947,314.0402726780971,914.7045692105264,1.5164927377892474,-0.5846736271651344
boycott_tncs,drivers,drivers_pickup_accept,driver_decisions,0.7878502631578946,0.3756222385897126,1.0775000000000001,1.134873442320529,-0.7974125346319496
boycott_tncs,drivers,drivers_pickup_reject,driver_decisions,0.19583394736842105,0.08447005312726394,0.2428065789473684,1.365707592817987,-0.5760473808781544
boycott_tncs,drivers,drivers_reject,driver_decisions,0.955481842105263,0.6540968316831682,1.325657631578947,0.6646875864841912,-0.8164017571263555
boycott_tncs,drivers,drivers_removed,supply,0.30407947368421057,0.23466519922723977,0.4542976315789473,0.45677352875121024,-0.9884952137131324
boycott_tncs,drivers,drivers_shift_duration_avg,supply,3393.839278157895,1856.5958133518475,3102.080579736842,1.64521092805667,0.312250212791419
boycott_tncs,drivers,drivers_starting,supply,0.4170615789473684,0.2414900217338807,0.4785973684210526,1.1278227901658455,-0.39528877501997267
boycott_tncs,drivers,drivers_total_length_avg,supply,20600.72318921053,11330.709159432503,18902.985815,1.5505185577143998,0.2839664855288009
boycott_tncs,drivers,drivers_waiting,supply,2.2412273684210526,1.5634552402801256,3.1809650000000005,0.6305531551197824,-0.8742680673550641
boycott_tncs,drivers,passengers_accept,passenger_decisions,8.153509210526318,5.125919741608307,10.820832894736844,0.8865777462516665,-0.7810800786396512
boycott_tncs,drivers,passengers_acceptance_rate,passenger_decisions,2.0889002631578952,2.239933542622555,2.2207605263157895,-1.2990378904917066,-1.134130694238104
boycott_tncs,drivers,passengers_arrivals,demand,2.3663160526315785,1.2383204757304997,2.3995173684210527,1.4749483228006295,-0.04341349030196905
boycott_tncs,drivers,passengers_change_provider,passenger_decisions,2.4737278947368417,1.509005428640425,3.1469736842105256,0.8459776365818853,-0.5903779603290905
boycott_tncs,drivers,passengers_departures,demand,2.2961842105263157,1.2507300821057714,2.5357455263157895,1.414996085155346,-0.3242402653370284
boycott_tncs,drivers,passengers_drivers_ratio,demand,0.13874131578947366,0.13321718908476213,0.197035,0.07898192721792943,-0.8334616075431206
boycott_tncs,drivers,passengers_no_ratings_count,passenger_experience,0.4603947368421053,0.26873586573291475,0.507542894736842,1.0341771002789186,-0.2544079746107471
boycott_tncs,drivers,passengers_offers_discarded,passenger_decisions,63.339210263157895,39.423380007244624,83.34381657894738,0.8934784030623558,-0.7473578593619337
boycott_tncs,drivers,passengers_pickup_accept,passenger_decisions,0.8533326315789473,0.40891011591403037,1.1799118421052632,1.1170860852624613,-0.8208789585494584
boycott_tncs,drivers,passengers_pickup_reject,passenger_decisions,0.12811394736842102,0.051188997826611925,0.14013105263157896,1.5567107002446319,-0.24318711238096574
boycott_tncs,drivers,passengers_rating_avg,passenger_experience,4.8862731578947365,4.875864907027288,4.895035789473684,0.4938634563776791,-0.4157800934715507
boycott_tncs,drivers,passengers_ratings_count,passenger_experience,1.9143850000000007,0.9700389471142237,1.8957460526315784,1.629722738290206,0.032166509566368025
boycott_tncs,drivers,passengers_reject,passenger_decisions,3.9171486842105256,2.375495061579328,4.88627105263158,0.8569989638340124,-0.5387311737040512
boycott_tncs,drivers,passengers_unassigned,demand,17.11074631578947,11.389335901956049,24.708508421052635,0.7115625372794584,-0.9449213550902207
boycott_tncs,drivers,rides_dispatched,matching,2.027236578947369,1.3943339024390244,2.8294736842105266,0.6998147654965299,-0.8870516629659877
boycott_tncs,drivers,rides_duration_avg,trip,991.6115005263158,537.7764349649843,1016.2753863157895,1.9419196270513501,-0.10553455986194471
boycott_tncs,drivers,rides_in_progress,matching,2813.3398247368423,1046.3882190606134,2854.066623157895,2.1388090582683734,-0.04929781047618486
boycott_tncs,drivers,rides_length_avg,trip,6340.739066842106,4472.642509954118,6504.917579473684,1.6147440004138716,-0.14191250837180883
boycott_tncs,drivers,rides_offers_generated,matching,67.38302578947369,43.75069303066892,92.00017578947367,0.8002905017817168,-0.8336405689191119
boycott_tncs,drivers,rides_offers_lyft,matching,24.613245789473684,16.670329198261292,34.695789473684215,0.7106906026418426,-0.9021332359226685
boycott_tncs,drivers,rides_offers_price_lyft_avg,market,21.505415789473684,20.813329217580293,22.18627552631579,1.2928586196389136,-1.2718862282405226
boycott_tncs,drivers,rides_offers_price_no_surge_avg,market,20.726358684210528,19.929309401110842,21.340392631578947,1.3442075718812418,-1.0355558921461665
boycott_tncs,drivers,rides_offers_price_uber_avg,market,20.28125078947368,19.381936025114708,20.828198421052633,1.4384829691258678,-0.8748603761563521
boycott_tncs,drivers,rides_offers_radius_avg,matching,889.9832597368419,1343.8194947041777,1609.8400107894736,-0.9572621971958795,-1.5183707295397553
boycott_tncs,drivers,rides_offers_surge_lyft_avg,market,1.0,1.0,1.0,,
boycott_tncs,drivers,rides_offers_surge_uber_avg,market,1.0,1.0,1.0,,
boycott_tncs,drivers,rides_offers_uber,matching,42.772280789473676,27.080390393624725,57.30377184210528,0.8345934915265185,-0.7728761512322582
boycott_tncs,drivers,rides_partial_acceptances,matching,5.173991315789475,3.077556235208887,6.667412105263159,0.9723939358494385,-0.6926965365192803
boycott_tncs,drivers,rides_waiting_duration_avg,passenger_experience,788.3680344736841,509.56154647186673,805.2969523684209,1.209038204472581,-0.07341188019621278
boycott_tncs,drivers,traffic_duration_avg,trip,732.5342486842105,504.3746141511712,747.5609184210527,1.5032682753504663,-0.09900575071394924
boycott_tncs,drivers,traffic_length_avg,trip,3856.617408947369,3735.1803118159864,3903.0682318421054,1.5231857145207057,-0.5826327500602752
boycott_tncs,drivers,traffic_speed_avg,trip,5.068968684210526,6.971545286162763,5.146781578947369,-1.954268388354776,-0.07992702119565268
boycott_tncs,managers,drivers_accept,driver_decisions,2.0964702941176476,1.3943174722356348,2.8292647058823537,0.7763862132784153,-0.810267310379314
boycott_tncs,managers,drivers_acceptance_rate,driver_decisions,2.223100588235294,2.372035659101883,2.1699170588235295,-0.7364490235805599,0.26298008976640724
boycott_tncs,managers,drivers_busy,supply,3039.0367647058824,1091.1239221849348,3257.372925,2.0030725423041633,-0.22451885840604008
boycott_tncs,managers,drivers_change_provider,driver_decisions,0.6257358823529412,0.4308711371318204,0.8786288235294117,0.723479220561496,-0.9389219571772308
boycott_tncs,managers,drivers_change_zone,driver_decisions,1.2088723529411765,0.7730147151134718,1.601813823529412,0.8379612609015288,-0.7554524724992423
boycott_tncs,managers,drivers_demand_pressure,market,0.0,0.0,0.0,,
boycott_tncs,managers,drivers_idle,supply,7944.788072058823,5848.01552716562,7536.1854,0.6363336711279624,0.12400374040434066
boycott_tncs,managers,drivers_idle_duration_avg,supply,580.8872326470589,328.51468260985035,583.2346855882353,2.1266754580592546,-0.019781353234385984
boycott_tncs,managers,drivers_occupied_distance_avg,supply,4052.0772047058817,2260.482241796233,4234.382124117648,1.611260813865484,-0.1639548999099849
boycott_tncs,managers,drivers_occupied_duration_avg,supply,461.3915797058824,250.0382655504587,482.40950264705873,1.7614759039575687,-0.17516907629323314
boycott_tncs,managers,drivers_passengers_served,supply,1.4467644117647058,0.9146471004345726,2.039019411764706,0.6179229885675764,-0.6877580785321196
boycott_tncs,managers,drivers_pickup,supply,766.2932188235294,306.10131021245775,919.0278352941177,1.609783976473688,-0.5342765347380382
boycott_tncs,managers,drivers_pickup_accept,driver_decisions,0.8231373529411765,0.3646276653790439,1.079264411764706,1.2622879485353435,-0.7051238139934246
boycott_tncs,managers,drivers_pickup_reject,driver_decisions,0.19014735294117646,0.08124335345243842,0.24568558823529407,1.33554075136723,-0.6810913909730769
boycott_tncs,managers,drivers_reject,driver_decisions,0.9647538235294119,0.6357089642684693,1.3261270588235292,0.7256898179537078,-0.7969882219796733
boycott_tncs,managers,drivers_removed,supply,0.27926411764705883,0.21973971752776433,0.45362705882352944,0.39169422286684563,-1.1473774889628345
boycott_tncs,managers,drivers_shift_duration_avg,supply,3034.521015588235,1854.3304296813135,3044.920365294118,1.2630806333391367,-0.011129742407433063
boycott_tncs,managers,drivers_starting,supply,0.49573529411764705,0.24290969338483823,0.4781873529411764,1.6240812519371297,0.11272308734636466
boycott_tncs,managers,drivers_total_length_avg,supply,18448.37821323529,11373.929770009658,18574.078402058825,1.1832844655444115,-0.021024830690980392
boycott_tncs,managers,drivers_waiting,supply,2.358577647058823,1.5583832134234672,3.1800491176470587,0.744446553478145,-0.7642412635660895
boycott_tncs,managers,passengers_accept,passenger_decisions,7.712450294117646,5.050227851279575,10.821960588235296,0.7795862674325812,-0.9105668574974948
boycott_tncs,managers,passengers_acceptance_rate,passenger_decisions,1.7982338235294117,2.2102281289232253,2.2234735294117645,-3.543564804196718,-3.657488551137377
boycott_tncs,managers,passengers_arrivals,demand,2.440538823529412,1.243725666344761,2.3921567647058826,1.5649330503093206,0.06326357831247423
boycott_tncs,managers,passengers_change_provider,passenger_decisions,2.6074029411764705,1.516830400772574,3.1445585294117646,0.9563371981841918,-0.4710386986744336
boycott_tncs,managers,passengers_departures,demand,2.402647647058824,1.2570497368421054,2.540637352941177,1.5505381958439521,-0.1867656249158013
boycott_tncs,managers,passengers_drivers_ratio,demand,0.12605323529411763,0.13022131578947369,0.1972135294117647,-0.05959367840746767,-1.0174236528667655
boycott_tncs,managers,passengers_no_ratings_count,passenger_experience,0.5252944117647057,0.2751931723804925,0.5046561764705882,1.349527799186366,0.11136239198228766
boycott_tncs,managers,passengers_offers_discarded,passenger_decisions,60.73568676470589,39.00007081120231,83.34671647058825,0.8120271478725395,-0.8447319828343459
boycott_tncs,managers,passengers_pickup_accept,passenger_decisions,0.9057350000000001,0.39566024625784646,1.1853426470588238,1.2821074310254992,-0.7028127532986873
boycott_tncs,managers,passengers_pickup_reject,passenger_decisions,0.10818588235294119,0.050213756639304684,0.1394114705882353,1.1731672097528754,-0.6319043121490239
boycott_tncs,managers,passengers_rating_avg,passenger_experience,4.891346764705882,4.886784169483342,4.895175,0.2164916156761048,-0.18164680485296103
boycott_tncs,managers,passengers_ratings_count,passenger_experience,1.9218635294117647,0.96908494447127,1.8890694117647062,1.6442753370848309,0.05659505755147139
boycott_tncs,managers,passengers_reject,passenger_decisions,4.30098,2.4131602341863836,4.878871764705883,1.0494313115850085,-0.3212476760609068
boycott_tncs,managers,passengers_unassigned,demand,16.09647058823529,11.186920579430229,24.71539176470588,0.6105927749421944,-1.0719212532127966
boycott_tncs,managers,rides_dispatched,matching,2.0964702941176476,1.3943174722356348,2.8292647058823537,0.7763862132784153,-0.810267310379314
boycott_tncs,managers,rides_duration_avg,trip,982.6508947058824,543.7747259053597,1014.9598670588236,1.877911846641258,-0.13824720102761034
boycott_tncs,managers,rides_in_progress,matching,2897.620686470588,1066.7061846233703,2851.958921764706,2.216233035973317,0.05527134736216184
boycott_tncs,managers,rides_length_avg,trip,6195.024149411764,4475.97929117576,6493.047083529412,1.4859067969714912,-0.2576048561718247
boycott_tncs,managers,rides_offers_generated,matching,64.02534264705882,43.26925841139546,91.99401999999998,0.7028885907081618,-0.94713742656729
boycott_tncs,managers,rides_offers_lyft,matching,22.65142205882353,15.997671009174312,34.70117617647058,0.5953428175911649,-1.0781489289502244
boycott_tncs,managers,rides_offers_price_lyft_avg,market,21.838118235294115,20.81823639304684,22.18718088235294,1.9051995578462357,-0.652069654825633
boycott_tncs,managers,rides_offers_price_no_surge_avg,market,21.25773617647059,19.91124707387735,21.331561470588237,2.270826767602828,-0.12450487247585842
boycott_tncs,managers,rides_offers_price_uber_avg,market,20.941130588235296,19.377532358763883,20.81332088235294,2.5010257951821946,0.20443574651173937
boycott_tncs,managers,rides_offers_radius_avg,matching,811.3019611764705,1317.5255696088848,1613.576783235294,-1.0677612018249645,-1.692212520170932
boycott_tncs,managers,rides_offers_surge_lyft_avg,market,1.0,1.0,1.0,,
boycott_tncs,managers,rides_offers_surge_uber_avg,market,1.0,1.0,1.0,,
boycott_tncs,managers,rides_offers_uber,matching,41.37068647058824,27.271588136166102,57.2939705882353,0.749878785121637,-0.846900465977722
boycott_tncs,managers,rides_partial_acceptances,matching,4.647794705882353,3.020256356832448,6.668038823529412,0.7549045690173464,-0.9370541196970706
boycott_tncs,managers,rides_waiting_duration_avg,passenger_experience,737.5174273529412,439.4038977740222,806.3947029411764,1.2927627657241982,-0.29868479102832135
boycott_tncs,managers,traffic_duration_avg,trip,798.1558214705883,515.7053031240946,747.3379664705883,1.8609729300083253,0.33482201792270927
boycott_tncs,managers,traffic_length_avg,trip,3894.996821764706,3739.4469470062772,3903.633805000001,1.9510623419397815,-0.10833369531488976
boycott_tncs,managers,traffic_speed_avg,trip,4.822426764705883,6.899364681313375,5.147647647058824,-2.1333669881342034,-0.33405692520503166
boycott_tncs,managers_drivers,drivers_accept,driver_decisions,2.129040606060606,1.393370342995169,2.842929393939394,0.8134472040317268,-0.7893629356035896
boycott_tncs,managers_drivers,drivers_acceptance_rate,driver_decisions,2.010925454545454,2.3294348695652176,2.1784569696969696,-1.574954416899133,-0.8284040826275455
boycott_tncs,managers_drivers,drivers_busy,supply,3053.0693945454545,1089.710278289855,3248.348746060606,2.0189562133408785,-0.20080914225748095
boycott_tncs,managers_drivers,drivers_change_provider,driver_decisions,0.6502018181818182,0.43981720531400964,0.8837384848484848,0.7811002219155483,-0.8670574319680322
boycott_tncs,managers_drivers,drivers_change_zone,driver_decisions,1.3403030303030303,0.7943807971014492,1.605909090909091,1.0495667465361955,-0.5106428570526136
boycott_tncs,managers_drivers,drivers_demand_pressure,market,0.0,0.0,0.0,,
boycott_tncs,managers_drivers,drivers_idle,supply,7793.246338484848,5672.915578942029,7529.509620909092,0.6434831758511723,0.08003946547037968
boycott_tncs,managers_drivers,drivers_idle_duration_avg,supply,683.491843939394,325.65312255555557,564.2758896969699,3.0154104580633416,1.004600714535312
boycott_tncs,managers_drivers,drivers_occupied_distance_avg,supply,5232.3128709090915,2273.0752390869566,4179.223615454546,2.6613736551968414,0.9470898757501465
boycott_tncs,managers_drivers,drivers_occupied_duration_avg,supply,593.2617318181818,252.66155412560386,475.9542354545454,2.838654356032232,0.977672524435468
boycott_tncs,managers_drivers,drivers_passengers_served,supply,1.7918681818181819,0.9389903671497584,2.0306563636363637,0.9904071844712632,-0.2772935662906199
boycott_tncs,managers_drivers,drivers_pickup,supply,758.6265654545454,311.80308369082127,925.551903030303,1.563020270013763,-0.5839166849063783
boycott_tncs,managers_drivers,drivers_pickup_accept,driver_decisions,0.8788890909090908,0.3675728502415459,1.0837872727272728,1.4076656306145707,-0.564089511305792
boycott_tncs,managers_drivers,drivers_pickup_reject,driver_decisions,0.20151545454545453,0.08537211594202898,0.24782727272727273,1.4243201575049427,-0.5679435166944827
boycott_tncs,managers_drivers,drivers_reject,driver_decisions,1.077172121212121,0.6592472826086957,1.3289393939393939,0.9217095830813125,-0.5552584736395033
boycott_tncs,managers_drivers,drivers_removed,supply,0.3589890909090909,0.23375809903381642,0.4535348484848485,0.8240697250727924,-0.6221486812932953
boycott_tncs,managers_drivers,drivers_shift_duration_avg,supply,3787.7451118181816,1829.8043504106276,2980.624228181818,2.0954556717284363,0.8638085823242312
boycott_tncs,managers_drivers,drivers_starting,supply,0.43949454545454547,0.23834132850241543,0.480960303030303,1.2921522483162142,-0.2663644792337627
boycott_tncs,managers_drivers,drivers_total_length_avg,supply,23588.725672727276,11208.014471176328,18259.332964848487,2.0708191394362925,0.8914034292040578
boycott_tncs,managers_drivers,drivers_waiting,supply,2.462979090909091,1.5699855096618356,3.191110909090909,0.8307805776871534,-0.6774043904062462
boycott_tncs,managers_drivers,passengers_accept,passenger_decisions,8.47090909090909,5.166170782608695,10.842727272727274,0.9677360393156571,-0.6945463510634358
boycott_tncs,managers_drivers,passengers_acceptance_rate,passenger_decisions,1.853319393939394,2.236702838164251,2.2175193939393942,-3.297482663427413,-3.1324857766051655
boycott_tncs,managers_drivers,passengers_arrivals,demand,2.470908787878788,1.2387446956521737,2.3800003030303034,1.6111573471215683,0.1188704282192214
boycott_tncs,managers_drivers,passengers_change_provider,passenger_decisions,2.7396963636363636,1.54987161352657,3.1544442424242423,1.043372747519199,-0.36369779144259434
boycott_tncs,managers_drivers,passengers_departures,demand,2.3201006060606058,1.2515434855072463,2.537929393939394,1.4462654087293,-0.2948258309030585
boycott_tncs,managers_drivers,passengers_drivers_ratio,demand,0.14255939393939393,0.13295227053140093,0.19809212121212122,0.13735910893148007,-0.7939864630416208
boycott_tncs,managers_drivers,passengers_no_ratings_count,passenger_experience,0.4735875757575757,0.27277735024154587,0.5004539393939395,1.0835571321517867,-0.14496891210772292
boycott_tncs,managers_drivers,passengers_offers_discarded,passenger_decisions,66.15070636363636,39.845003195652176,83.51080878787879,0.9827623547441563,-0.6485610754481727
boycott_tncs,managers_drivers,passengers_pickup_accept,passenger_decisions,0.9413636363636363,0.4010455555555555,1.1932321212121213,1.358126081401128,-0.6330884908462173
boycott_tncs,managers_drivers,passengers_pickup_reject,passenger_decisions,0.13893909090909093,0.05189971739130435,0.13848454545454544,1.76139373382475,0.009198521117702326
boycott_tncs,managers_drivers,passengers_rating_avg,passenger_experience,4.877268181818181,4.876424893719807,4.894547878787879,0.040013368268027906,-0.8199082611760696
boycott_tncs,managers_drivers,passengers_ratings_count,passenger_experience,1.9960606060606059,0.966467770531401,1.8811121212121213,1.7768389565616043,0.19837448244435174
boycott_tncs,managers_drivers,passengers_reject,passenger_decisions,4.609039393939394,2.4628409227053143,4.899847878787878,1.1930629805744326,-0.16165925116430022
boycott_tncs,managers_drivers,passengers_unassigned,demand,17.947122424242423,11.47001768115942,24.797423939393937,0.8055470158318802,-0.8519608933253583
boycott_tncs,managers_drivers,rides_dispatched,matching,2.129040606060606,1.393370342995169,2.842929393939394,0.8134472040317268,-0.7893629356035896
boycott_tncs,managers_drivers,rides_duration_avg,trip,1051.9617254545453,546.5121767560387,1011.1402054545454,2.162773380870966,0.17467163053172297
boycott_tncs,managers_drivers,rides_in_progress,matching,2880.8295460606064,1065.9083313864735,2844.370656666667,2.196873939002356,0.04413171398676721
boycott_tncs,managers_drivers,rides_length_avg,trip,6512.6864315151515,4462.890018888888,6473.285206969696,1.771801595133821,0.03405760302332608
boycott_tncs,managers_drivers,rides_offers_generated,matching,70.48338424242424,44.223298256038646,92.14626303030302,0.8892773136433461,-0.7335964803867646
boycott_tncs,managers_drivers,rides_offers_lyft,matching,24.925353636363635,16.46492558695652,34.65838363636364,0.756994819219588,-0.8708605808455696
boycott_tncs,managers_drivers,rides_offers_price_lyft_avg,market,21.674834545454544,20.802099367149758,22.186645757575757,1.6303208930157573,-0.9560935930435571
boycott_tncs,managers_drivers,rides_offers_price_no_surge_avg,market,20.88726666666667,19.913941391304352,21.32930545454546,1.6414934845149194,-0.7454895178138703
boycott_tncs,managers_drivers,rides_offers_price_uber_avg,market,20.456589696969697,19.381750644927536,20.812250303030304,1.719239728056862,-0.5688906096986421
boycott_tncs,managers_drivers,rides_offers_radius_avg,matching,942.132670909091,1340.0159377608695,1623.0901606060606,-0.8392423982660202,-1.4363217666637569
boycott_tncs,managers_drivers,rides_offers_surge_lyft_avg,market,1.0,1.0,1.0,,
boycott_tncs,managers_drivers,rides_offers_surge_uber_avg,market,1.0,1.0,1.0,,
boycott_tncs,managers_drivers,rides_offers_uber,matching,45.56293,27.758432463768116,57.48742454545455,0.9469552353978922,-0.6342196692893366
boycott_tncs,managers_drivers,rides_partial_acceptances,matching,5.270302727272727,3.1135562801932366,6.672120909090909,1.000368285062334,-0.6502083044641584
boycott_tncs,managers_drivers,rides_waiting_duration_avg,passenger_experience,774.001913030303,449.8468269806763,808.9691342424242,1.405691402724964,-0.15163458588317716
boycott_tncs,managers_drivers,traffic_duration_avg,trip,759.0218384848484,511.64699703623194,746.1156772727272,1.6298709104730222,0.08503442226513153
boycott_tncs,managers_drivers,traffic_length_avg,trip,3866.458928787879,3737.0435609178744,3903.868069393939,1.6232571778767517,-0.46922291383496845
boycott_tncs,managers_drivers,traffic_speed_avg,trip,4.866358181818182,6.924978932367149,5.148188484848485,-2.1145521564182617,-0.28948745166287715
boycott_tncs,students,drivers_accept,driver_decisions,2.1591665,1.3930094705029015,2.8488747500000002,0.8471571093505413,-0.7626259694422519
boycott_tncs,students,drivers_acceptance_rate,driver_decisions,2.0686185000000004,2.4162132325918764,2.165803,-1.7187744963597982,-0.48055457801658896
boycott_tncs,students,drivers_busy,supply,3088.4608962499997,1158.2598712911024,3246.2604585,1.9848591732773806,-0.16226802525801046
boycott_tncs,students,drivers_change_provider,driver_decisions,0.686542,0.42927710831721466,0.8870427500000002,0.9551538073307968,-0.744404156674889
boycott_tncs,students,drivers_change_zone,driver_decisions,1.3158745,0.7682847316247582,1.6102912500000002,1.0527726783713758,-0.5660330567800101
boycott_tncs,students,drivers_demand_pressure,market,0.0,0.0,0.0,,
boycott_tncs,students,drivers_idle,supply,7911.180368000001,5807.1552292601555,7531.378256749999,0.6385347060846985,0.1152632756197093
boycott_tncs,students,drivers_idle_duration_avg,supply,596.0861327499999,334.1545126813346,568.0863057500001,2.2072271647911146,0.2359469954320522
boycott_tncs,students,drivers_occupied_distance_avg,supply,4250.4312195,2312.239696274178,4221.42642825,1.7431016026458386,0.026085295238592904
boycott_tncs,students,drivers_occupied_duration_avg,supply,475.48198325000004,252.32700667069636,479.17049449999996,1.8598341628255552,-0.03074105421206398
boycott_tncs,students,drivers_passengers_served,supply,1.7211242499999997,0.9145619777562863,2.04533325,0.9366231075716313,-0.3764887740632332
boycott_tncs,students,drivers_pickup,supply,785.581805,303.99969596953576,922.9036255000001,1.6846084165483186,-0.48036147990581535
boycott_tncs,students,drivers_pickup_accept,driver_decisions,0.8501669999999999,0.36184318423597683,1.0794997499999999,1.344366944347693,-0.6313584519198208
boycott_tncs,students,drivers_pickup_reject,driver_decisions,0.189417,0.08216872098646034,0.24658300000000005,1.3152358757163662,-0.7010534319316195
boycott_tncs,students,drivers_reject,driver_decisions,1.05129175,0.6316976789168279,1.3349585,0.925390980861149,-0.6256109657187239
boycott_tncs,students,drivers_removed,supply,0.32762450000000004,0.21762610493230175,0.45766624999999994,0.7238331807845695,-0.8557264265479556
boycott_tncs,students,drivers_shift_duration_avg,supply,3350.9479545000004,1893.8360154642166,3019.387761,1.5594514079173367,0.3548471443484772
boycott_tncs,students,drivers_starting,supply,0.46879225,0.2447755923597679,0.4827087499999999,1.4390206242587482,-0.08939572051672343
boycott_tncs,students,drivers_total_length_avg,supply,20534.46765975,11638.566407238879,18507.86907975,1.4879438084241552,0.3389723788155794
boycott_tncs,students,drivers_waiting,supply,2.4522085000000002,1.5563471155705997,3.20025025,0.8334485869924697,-0.6959272387278638
boycott_tncs,students,passengers_accept,passenger_decisions,8.445041999999999,5.023758595261123,10.8571665,1.0018642756561136,-0.7063493663335706
boycott_tncs,students,passengers_acceptance_rate,passenger_decisions,2.0664124999999998,2.269716387814313,2.20595725,-1.748617619184151,-1.20022499883285
boycott_tncs,students,passengers_arrivals,demand,2.3049169999999997,1.2456990933268859,2.38612525,1.3850157810192463,-0.10618656188718278
boycott_tncs,students,passengers_change_provider,passenger_decisions,2.6362915,1.4764152852998067,3.16824975,1.0171104885843372,-0.46648108540084454
boycott_tncs,students,passengers_departures,demand,2.2510837500000003,1.2565373452611217,2.5312502500000003,1.3460937509873656,-0.37919836931592804
boycott_tncs,students,passengers_drivers_ratio,demand,0.139011,0.13082103723404256,0.19863550000000002,0.117097068491694,-0.8524891211110179
boycott_tncs,students,passengers_no_ratings_count,passenger_experience,0.482418,0.27091524419729207,0.5015824999999999,1.1412532351420908,-0.10341022527991324
boycott_tncs,students,passengers_offers_discarded,passenger_decisions,65.3984585,38.654561951160545,83.645959,0.9991329476932453,-0.6817136362049728
boycott_tncs,students,passengers_pickup_accept,passenger_decisions,0.906167,0.3936871494197292,1.18699975,1.2881528047787838,-0.7058921324938542
boycott_tncs,students,passengers_pickup_reject,passenger_decisions,0.1327505,0.05033687137330755,0.13874950000000003,1.6677837072799235,-0.1214002420072042
boycott_tncs,students,passengers_rating_avg,passenger_experience,4.9072755,4.887079746131528,4.89337775,0.9582729064332549,0.6594374922628443
boycott_tncs,students,passengers_ratings_count,passenger_experience,1.8257917499999998,0.975276008220503,1.8870422499999997,1.4677933363686786,-0.10570418786270705
boycott_tncs,students,passengers_reject,passenger_decisions,4.08258375,2.322976310444874,4.93158275,0.9781586021116951,-0.4719550829156454
boycott_tncs,students,passengers_unassigned,demand,17.785041999999997,11.11843364361702,24.8694995,0.8291152729835303,-0.881082493533431
boycott_tncs,students,rides_dispatched,matching,2.1591665,1.3930094705029015,2.8488747500000002,0.8471571093505413,-0.7626259694422519
boycott_tncs,students,rides_duration_avg,trip,977.4181025,535.2193496711799,1009.5669095000001,1.8921288863252623,-0.1375618678172611
boycott_tncs,students,rides_in_progress,matching,2741.2325837500002,1052.1433945019344,2842.5320005000003,2.044560386703039,-0.12261802159504269
boycott_tncs,students,rides_length_avg,trip,6395.3484232499995,4458.464035836557,6475.76730025,1.6742027774417043,-0.06951241287660992
boycott_tncs,students,rides_offers_generated,matching,69.56529225,42.90531029738879,92.30525025,0.9028194783859254,-0.7700709271510603
boycott_tncs,students,rides_offers_lyft,matching,26.244583499999997,15.993924862185686,34.64924975,0.9171752820423469,-0.7520055452709133
boycott_tncs,students,rides_offers_price_lyft_avg,market,21.8198375,20.751072925531915,22.1930945,1.9965153906766215,-0.6972661360418648
boycott_tncs,students,rides_offers_price_no_surge_avg,market,21.139469,19.84631246615087,21.34670375,2.18088246396465,-0.3494972343787658
boycott_tncs,students,rides_offers_price_uber_avg,market,20.728215249999998,19.29142190764023,20.837590499999997,2.298197288700318,-0.1749492398037414
boycott_tncs,students,rides_offers_radius_avg,matching,964.1426325,1312.8545945938104,1626.522399,-0.7355269440890557,-1.3971363716771532
boycott_tncs,students,rides_offers_surge_lyft_avg,market,1.0,1.0,1.0,,
boycott_tncs,students,rides_offers_surge_uber_avg,market,1.0,1.0,1.0,,
boycott_tncs,students,rides_offers_uber,matching,43.322541,26.911388619439073,57.65616675,0.8728483707029535,-0.7623524291306211
boycott_tncs,students,rides_partial_acceptances,matching,5.2360834999999994,2.999100239361702,6.673708,1.0375846967028313,-0.6668164250721451
boycott_tncs,students,rides_waiting_duration_avg,passenger_experience,770.2221637499999,486.4553650531915,807.5734635,1.230548482727867,-0.161973090038575
boycott_tncs,students,traffic_duration_avg,trip,723.28099025,500.5215212451644,745.4983757499999,1.4676883729860346,-0.14638299562381632
boycott_tncs,students,traffic_length_avg,trip,3843.6707225000005,3731.7303039845265,3902.31580675,1.4040688585940846,-0.7355853908449355
boycott_tncs,students,traffic_speed_avg,trip,4.981920000000001,6.979728967601548,5.14656525,-2.05208815631877,-0.16911855587712415
boycott_tncs,students_drivers,drivers_accept,driver_decisions,2.211143142857143,1.392283853033599,2.855714285714286,0.9054311873730287,-0.7127168519383793
boycott_tncs,students_drivers,drivers_acceptance_rate,driver_decisions,2.137552,2.3458306139714775,2.177968857142857,-1.0298889375048892,-0.19985188717380406
boycott_tncs,students_drivers,drivers_busy,supply,2946.8693022857146,1072.8369704810248,3240.9269368571427,1.9270999324436415,-0.30238456300880656
boycott_tncs,students_drivers,drivers_change_provider,driver_decisions,0.6970482857142857,0.4369914285714286,0.8890485714285715,0.9655196074276551,-0.7128442700013867
boycott_tncs,students_drivers,drivers_change_zone,driver_decisions,1.3477631428571426,0.7798716122794296,1.6107617142857142,1.0918039784502118,-0.5056298098341557
boycott_tncs,students_drivers,drivers_demand_pressure,market,0.0,0.0,0.0,,
boycott_tncs,students_drivers,drivers_idle,supply,8121.6782702857145,5776.25791724438,7525.952134857143,0.7117939173822269,0.18079242770867382
boycott_tncs,students_drivers,drivers_idle_duration_avg,supply,580.8772237142857,337.9493362218999,553.7003968571428,2.047087832381404,0.22901179504859115
boycott_tncs,students_drivers,drivers_occupied_distance_avg,supply,4391.9343,2368.1860577229877,4169.340374285714,1.820046554838715,0.20018859024108646
boycott_tncs,students_drivers,drivers_occupied_duration_avg,supply,485.9463445714286,260.803986922891,474.159858,1.8763975362433132,0.09823177919331519
boycott_tncs,students_drivers,drivers_passengers_served,supply,1.603904857142857,0.9356446482958666,2.035809428571429,0.7760193788082479,-0.5015506127511853
boycott_tncs,students_drivers,drivers_pickup,supply,800.9060082857144,307.5629089678511,928.6412311428571,1.7257491957707503,-0.44682688056670633
boycott_tncs,students_drivers,drivers_pickup_accept,driver_decisions,0.8940482857142856,0.36426250423011847,1.0839040000000002,1.4585127106659483,-0.5226772445695635
boycott_tncs,students_drivers,drivers_pickup_reject,driver_decisions,0.22957114285714286,0.08335792119893642,0.24923742857142855,1.7930812167593346,-0.24117687250022307
boycott_tncs,students_drivers,drivers_reject,driver_decisions,1.0490471428571428,0.6505169204737733,1.333286,0.8789358544607634,-0.6268727156493644
boycott_tncs,students_drivers,drivers_removed,supply,0.3319991428571429,0.22944441624365483,0.455952,0.6748508823555721,-0.8156590902788255
boycott_tncs,students_drivers,drivers_shift_duration_avg,supply,3113.0911220000003,1939.4348658834906,2960.2850451428576,1.2560873684303357,0.1635383290118961
boycott_tncs,students_drivers,drivers_starting,supply,0.43433400000000005,0.23956121585690113,0.4834288571428571,1.2511661247814259,-0.31537169029219614
boycott_tncs,students_drivers,drivers_total_length_avg,supply,19338.775766857143,11929.772662683104,18197.382184000002,1.2392426559747634,0.1909114620745081
boycott_tncs,students_drivers,drivers_waiting,supply,2.4655714285714287,1.561955569253082,3.2033334285714283,0.8406628237610042,-0.6863636575075471
boycott_tncs,students_drivers,passengers_accept,passenger_decisions,8.424046857142859,5.09352022480058,10.864190571428571,0.9752877085374527,-0.714554313572354
boycott_tncs,students_drivers,passengers_acceptance_rate,passenger_decisions,2.024714857142857,2.2523540391588104,2.2075405714285714,-1.9579255899588348,-1.5724847600155947
boycott_tncs,students_drivers,passengers_arrivals,demand,2.3852379999999997,1.2412501426154219,2.37281,1.4958595637309322,0.016250646838638787
boycott_tncs,students_drivers,passengers_change_provider,passenger_decisions,2.6760482857142853,1.5149016727096933,3.168571142857143,1.0182245173261177,-0.4318996781885144
boycott_tncs,students_drivers,passengers_departures,demand,2.3864288571428576,1.2552937297558617,2.531142857142857,1.5309631800415588,-0.19586678927418177
boycott_tncs,students_drivers,passengers_drivers_ratio,demand,0.13557228571428567,0.12874239303843366,0.19899285714285714,0.09765128771762718,-0.9067639510184806
boycott_tncs,students_drivers,passengers_no_ratings_count,passenger_experience,0.495954,0.27297247522359197,0.49785657142857137,1.2031918239655097,-0.010266134782524566
boycott_tncs,students_drivers,passengers_offers_discarded,passenger_decisions,65.71885742857141,39.22887679477883,83.6987625714286,0.9896468297596184,-0.6717164640470987
boycott_tncs,students_drivers,passengers_pickup_accept,passenger_decisions,0.9943805714285714,0.3973975271936186,1.195285714285714,1.5005573037962405,-0.5049886799898189
boycott_tncs,students_drivers,passengers_pickup_reject,passenger_decisions,0.13066571428571425,0.05023108774474258,0.13785657142857144,1.6277351438294714,-0.1455195528224857
boycott_tncs,students_drivers,passengers_rating_avg,passenger_experience,4.898934000000001,4.873507614213199,4.893328857142857,1.2064623468227897,0.2659596948779504
boycott_tncs,students_drivers,passengers_ratings_count,passenger_experience,1.8991911428571426,0.9685811022480058,1.878953142857143,1.6060175600112625,0.034926104341440806
boycott_tncs,students_drivers,passengers_reject,passenger_decisions,4.163572,2.373018658448151,4.931475714285714,0.9953613028719583,-0.4268745441949242
boycott_tncs,students_drivers,passengers_unassigned,demand,17.782380285714286,11.264486449117717,24.892713999999998,0.8106198892624713,-0.8843006763520954
boycott_tncs,students_drivers,rides_dispatched,matching,2.211143142857143,1.392283853033599,2.855714285714286,0.9054311873730287,-0.7127168519383793
boycott_tncs,students_drivers,rides_duration_avg,trip,975.3355377142858,535.2044624220449,1007.4929617142858,1.8832814792045056,-0.1375987391890347
boycott_tncs,students_drivers,rides_in_progress,matching,2788.029333142857,1050.9651667367657,2838.063238571429,2.1026317653339968,-0.06056361125420738
boycott_tncs,students_drivers,rides_length_avg,trip,6220.889611142858,4454.840650831521,6461.351508857143,1.5265361699774695,-0.20785028762598287
boycott_tncs,students_drivers,rides_offers_generated,matching,69.683,43.52319679961325,92.34261942857144,0.8858813153749493,-0.7673503241408881
boycott_tncs,students_drivers,rides_offers_lyft,matching,27.382047999999998,16.359498051728306,34.627523714285715,0.9862400763535288,-0.648287243442723
boycott_tncs,students_drivers,rides_offers_price_lyft_avg,market,22.101884857142853,20.77263988155668,22.189341714285717,2.4831081747429424,-0.16337457797273786
boycott_tncs,students_drivers,rides_offers_price_no_surge_avg,market,21.502261428571426,19.87047008460237,21.33634742857143,2.751983254740774,0.27981062126268497
boycott_tncs,students_drivers,rides_offers_price_uber_avg,market,21.115146857142857,19.331222523567803,20.82415285714286,2.8534445043677943,0.46545428776116926
boycott_tncs,students_drivers,rides_offers_radius_avg,matching,969.1780705714284,1342.1583454024656,1631.7521217142857,-0.7867153168613322,-1.3975461700356218
boycott_tncs,students_drivers,rides_offers_surge_lyft_avg,market,1.0,1.0,1.0,,
boycott_tncs,students_drivers,rides_offers_surge_uber_avg,market,1.0,1.0,1.0,,
boycott_tncs,students_drivers,rides_offers_uber,matching,42.29861857142856,27.163656860043513,57.71471457142858,0.8049725189366924,-0.8199250097841341
boycott_tncs,students_drivers,rides_partial_acceptances,matching,5.1614762857142855,3.0507768141165097,6.6757614285714295,0.979010218629756,-0.7023740938609927
boycott_tncs,students_drivers,rides_waiting_duration_avg,passenger_experience,759.1267919999998,443.0077370848441,809.6157082857143,1.3708433304166785,-0.21894407525928442
boycott_tncs,students_drivers,traffic_duration_avg,trip,744.3847308571428,502.48352379018615,744.943958,1.5938069461628703,-0.003684562452480109
boycott_tncs,students_drivers,traffic_length_avg,trip,3883.5362528571427,3736.559906040609,3903.174641142856,1.8435245664772306,-0.2463243374522278
boycott_tncs,students_drivers,traffic_speed_avg,trip,4.96999,6.9561449166062355,5.147841428571427,-2.040117472230128,-0.18268353785294916
boycott_tncs-long_rides,bank_tellers,drivers_accept,driver_decisions,2.2205739784946235,1.3557996862244899,2.497472903225806,0.9562004412608486,-0.30617338695112756
boycott_tncs-long_rides,bank_tellers,drivers_acceptance_rate,driver_decisions,2.105315161290323,2.412409084183673,2.1688325806451614,-1.518507483471886,-0.31407875386267614
boycott_tncs-long_rides,bank_tellers,drivers_busy,supply,2829.207936021505,1076.620381005102,2930.8282982795695,1.8022161632725062,-0.10449798006090343
boycott_tncs-long_rides,bank_tellers,drivers_change_provider,driver_decisions,0.719874623655914,0.41483258673469386,0.7746239784946239,1.1325372111811602,-0.20326930107345761
boycott_tncs-long_rides,bank_tellers,drivers_change_zone,driver_decisions,1.2945336559139786,0.7439311556122449,1.408386989247312,1.0585648279743143,-0.21888955126112927
boycott_tncs-long_rides,bank_tellers,drivers_demand_pressure,market,0.0,0.0,0.0,,
boycott_tncs-long_rides,bank_tellers,drivers_idle,supply,9165.642685376344,5468.3283747602045,8608.758172258067,1.1220700091283167,0.16900467696886523
boycott_tncs-long_rides,bank_tellers,drivers_idle_duration_avg,supply,1093.7991626881724,281.42634730102037,1208.0128801075266,6.845646759220214,-0.9624482130629664
boycott_tncs-long_rides,bank_tellers,drivers_occupied_distance_avg,supply,5972.963195698925,2048.8118249795916,6274.938300430107,3.5291633780036773,-0.2715796053735705
boycott_tncs-long_rides,bank_tellers,drivers_occupied_duration_avg,supply,695.183400860215,224.68761524234694,747.4842398924729,3.9212396199758994,-0.4358893925095413
boycott_tncs-long_rides,bank_tellers,drivers_passengers_served,supply,1.8926702150537633,0.865322806122449,2.087831935483871,1.193010578131974,-0.22663219364299736
boycott_tncs-long_rides,bank_tellers,drivers_pickup,supply,745.7110212903225,310.8636625331633,632.5673178494624,1.5211269412622148,0.39578470944372773
boycott_tncs-long_rides,bank_tellers,drivers_pickup_accept,driver_decisions,0.9067201075268818,0.3773839158163265,0.7114154838709675,1.457274979450208,0.5376782201590539
boycott_tncs-long_rides,bank_tellers,drivers_pickup_reject,driver_decisions,0.24680967741935478,0.08551442091836736,0.16487462365591396,1.9780392737695132,1.00480793892107
boycott_tncs-long_rides,bank_tellers,drivers_reject,driver_decisions,1.0675269892473116,0.6131773545918366,1.1692477419354839,1.0020424096612,-0.22433936414078479
boycott_tncs-long_rides,bank_tellers,drivers_removed,supply,0.4023117204301075,0.21439805102040818,0.3995691397849463,1.236546669231043,0.018047271241761812
boycott_tncs-long_rides,bank_tellers,drivers_shift_duration_avg,supply,5007.874012580645,1604.9697595510202,5031.329742580646,3.641905392599093,-0.025103130509269364
boycott_tncs-long_rides,bank_tellers,drivers_starting,supply,0.41440827956989246,0.2322920331632653,0.4128312903225807,1.1698640509698353,0.010130139762911715
boycott_tncs-long_rides,bank_tellers,drivers_total_length_avg,supply,28686.226474516134,9940.274858392859,27998.669184838705,3.1354802451697448,0.11500201981487135
boycott_tncs-long_rides,bank_tellers,drivers_waiting,supply,2.4945872043010757,1.5174694132653062,2.8149460215053765,0.9090440289293923,-0.2980400854084864
boycott_tncs-long_rides,bank_tellers,passengers_accept,passenger_decisions,8.420519892473118,4.9096823596938775,9.440053333333333,1.0280886689632862,-0.2985529146225651
boycott_tncs-long_rides,bank_tellers,passengers_acceptance_rate,passenger_decisions,1.3631704301075271,2.2499883061224493,2.0879499999999998,-7.62752439059842,-6.2338322181828065
boycott_tncs-long_rides,bank_tellers,passengers_arrivals,demand,2.0144620430107527,1.220346956632653,2.4171148387096775,1.0383717265823749,-0.5265021227465291
boycott_tncs-long_rides,bank_tellers,passengers_change_provider,passenger_decisions,3.2579388172043005,1.444708288265306,2.881666344086021,1.5900453564192476,0.32995820943969756
boycott_tncs-long_rides,bank_tellers,passengers_departures,demand,2.0350715053763437,1.2203328622448977,2.3362719354838712,1.1027284307514147,-0.40766726904904976
boycott_tncs-long_rides,bank_tellers,passengers_drivers_ratio,demand,0.13057741935483874,0.1341799132653061,0.1480463440860215,-0.05150712991374529,-0.2497642460874389
boycott_tncs-long_rides,bank_tellers,passengers_no_ratings_count,passenger_experience,0.5418101075268816,0.2649434234693877,0.5575265591397851,1.493952160029645,-0.08480481107731538
boycott_tncs-long_rides,bank_tellers,passengers_offers_discarded,passenger_decisions,67.57672021505377,37.753620760204086,73.12492838709677,1.1141697775138089,-0.20727710994640508
boycott_tncs-long_rides,bank_tellers,passengers_pickup_accept,passenger_decisions,0.9503765591397852,0.41138351530612244,0.7728672043010749,1.3547955112468097,0.44618178266140773
boycott_tncs-long_rides,bank_tellers,passengers_pickup_reject,passenger_decisions,0.2036016129032258,0.051500895408163265,0.10349451612903224,3.07802365617101,2.0258419361603006
boycott_tncs-long_rides,bank_tellers,passengers_rating_avg,passenger_experience,4.862522150537634,4.88794962755102,4.876701182795698,-1.2065141246804925,-0.6727841179307336
boycott_tncs-long_rides,bank_tellers,passengers_ratings_count,passenger_experience,1.4739421505376342,0.9559272397959184,1.8629746236559144,0.8939738523069339,-0.671380015235603
boycott_tncs-long_rides,bank_tellers,passengers_reject,passenger_decisions,6.498853333333335,2.2768175841836733,4.520931935483872,2.347012460630401,1.0995184415089694
boycott_tncs-long_rides,bank_tellers,passengers_unassigned,demand,19.4520435483871,11.006415790816327,20.59207849462366,1.050369031657768,-0.14178429797134923
boycott_tncs-long_rides,bank_tellers,rides_dispatched,matching,2.2205739784946235,1.3557996862244899,2.497472903225806,0.9562004412608486,-0.30617338695112756
boycott_tncs-long_rides,bank_tellers,rides_duration_avg,trip,1091.8104797849462,533.644766882653,1006.6408576344082,2.388341129373556,0.36443319045457473
boycott_tncs-long_rides,bank_tellers,rides_in_progress,matching,2677.0779033333333,1035.1018597117347,2530.978315591398,1.987532213262578,0.17684645163336996
boycott_tncs-long_rides,bank_tellers,rides_length_avg,trip,7570.002391935485,4450.257254334184,6506.775026666665,2.6966431286367967,0.9190317292826198
boycott_tncs-long_rides,bank_tellers,rides_offers_generated,matching,73.34396086021506,41.873342660714286,80.56086053763441,1.065727919766017,-0.24439467415667637
boycott_tncs-long_rides,bank_tellers,rides_offers_lyft,matching,27.03612892473118,15.86976543622449,30.614157849462362,0.9991077592007519,-0.32014330045973816
boycott_tncs-long_rides,bank_tellers,rides_offers_price_lyft_avg,market,26.064097204301078,20.668154369897962,21.51565935483871,10.079940122883226,8.49675072221331
boycott_tncs-long_rides,bank_tellers,rides_offers_price_no_surge_avg,market,25.26802677419355,19.804373908163264,20.771144086021508,9.214340578899968,7.583902134375961
boycott_tncs-long_rides,bank_tellers,rides_offers_price_uber_avg,market,24.807744946236554,19.267591625,20.315754301075266,8.861653911159184,7.185083906793262
boycott_tncs-long_rides,bank_tellers,rides_offers_radius_avg,matching,1704.3639602150536,1369.7403436428572,1315.0896311827958,0.7058108492738289,0.8210838421665271
boycott_tncs-long_rides,bank_tellers,rides_offers_surge_lyft_avg,market,1.0,1.0,1.0,,
boycott_tncs-long_rides,bank_tellers,rides_offers_surge_uber_avg,market,1.0,1.0,1.0,,
boycott_tncs-long_rides,bank_tellers,rides_offers_uber,matching,46.30802870967741,26.00354073214286,49.94749086021506,1.0799204612920048,-0.1935695029006415
boycott_tncs-long_rides,bank_tellers,rides_partial_acceptances,matching,5.134928602150538,2.9407013903061228,5.774587526881721,1.0177530677851638,-0.29669435757024143
boycott_tncs-long_rides,bank_tellers,rides_waiting_duration_avg,passenger_experience,717.4672696774194,456.8483231020408,784.3929693548384,1.1301683310073374,-0.29022182500476995
boycott_tncs-long_rides,bank_tellers,traffic_duration_avg,trip,721.3391070967741,498.66799709183675,708.8510027956991,1.467106204796379,0.08227998372058824
boycott_tncs-long_rides,bank_tellers,traffic_length_avg,trip,3890.5511795698926,3725.448555969388,3886.2207424731178,2.0708824868079656,0.054316679822325846
boycott_tncs-long_rides,bank_tellers,traffic_speed_avg,trip,5.190982258064516,6.96885181632653,5.494671075268817,-1.8261731342457388,-0.3119398476519878
boycott_tncs-long_rides,bank_tellers_drivers,drivers_accept,driver_decisions,2.137055401459854,1.3577830140485312,2.392238613138686,0.8616590564331192,-0.28216183319824945
boycott_tncs-long_rides,bank_tellers_drivers,drivers_acceptance_rate,driver_decisions,1.7105301459854014,2.364739573435504,2.119198321167883,-3.234912309501616,-2.0207683578515883
boycott_tncs-long_rides,bank_tellers_drivers,drivers_busy,supply,2415.573384379562,1052.3288976526183,2893.652088832117,1.4018479370341275,-0.49161661910392274
boycott_tncs-long_rides,bank_tellers_drivers,drivers_change_provider,driver_decisions,0.8442947445255473,0.4218872081736909,0.7573600729927007,1.5682830406924704,0.32276453254273163
boycott_tncs-long_rides,bank_tellers_drivers,drivers_change_zone,driver_decisions,1.4765084671532847,0.7563648454661558,1.3602556204379561,1.3845173398055397,0.22350275310645656
boycott_tncs-long_rides,bank_tellers_drivers,drivers_demand_pressure,market,0.0,0.0,0.0,,
boycott_tncs-long_rides,bank_tellers_drivers,drivers_idle,supply,9656.978893284671,5385.744264620689,8833.548804014597,1.2962447539320803,0.2498965817244332
boycott_tncs-long_rides,bank_tellers_drivers,drivers_idle_duration_avg,supply,1182.9504535766425,291.6665215351213,1316.6530606569345,7.510609470625061,-1.1266758334623732
boycott_tncs-long_rides,bank_tellers_drivers,drivers_occupied_distance_avg,supply,6371.151475912408,2040.6274915887611,6699.802664890512,3.894632293514214,-0.29557059111771056
boycott_tncs-long_rides,bank_tellers_drivers,drivers_occupied_duration_avg,supply,738.3993021167884,221.4928899489144,807.0793909489053,4.30803838242772,-0.5723985074133966
boycott_tncs-long_rides,bank_tellers_drivers,drivers_passengers_served,supply,2.0893309489051095,0.8706308531289911,2.1222142335766425,1.415219518919879,-0.038185823136179915
boycott_tncs-long_rides,bank_tellers_drivers,drivers_pickup,supply,655.3055797080292,308.6435716551724,566.5045702189781,1.2126483220879807,0.3106322373237903
boycott_tncs-long_rides,bank_tellers_drivers,drivers_pickup_accept,driver_decisions,0.8361185401459853,0.37201492975734357,0.6223843795620438,1.2776881495790398,0.5884151685647152
boycott_tncs-long_rides,bank_tellers_drivers,drivers_pickup_reject,driver_decisions,0.22939182481751827,0.08328008173690932,0.14430642335766425,1.791836737434347,1.043442128200508
boycott_tncs-long_rides,bank_tellers_drivers,drivers_reject,driver_decisions,1.2940877372262773,0.6239245593869731,1.148284598540146,1.4780069672500433,0.32156057203832217
boycott_tncs-long_rides,bank_tellers_drivers,drivers_removed,supply,0.5402429927007301,0.21873179565772669,0.39422080291970807,2.115671526573313,0.9608840749837759
boycott_tncs-long_rides,bank_tellers_drivers,drivers_shift_duration_avg,supply,5335.472344598541,1624.0266854584931,5481.151122262774,3.972117037476623,-0.1559104478153521
boycott_tncs-long_rides,bank_tellers_drivers,drivers_starting,supply,0.3446593430656934,0.23312089655172413,0.3990386861313869,0.716491919048064,-0.34931775623064676
boycott_tncs-long_rides,bank_tellers_drivers,drivers_total_length_avg,supply,30437.25118970803,9949.428161895275,30462.212925401458,3.426828666035229,-0.00417514302579214
boycott_tncs-long_rides,bank_tellers_drivers,drivers_waiting,supply,2.460291970802919,1.5220200638569603,2.7100603649635038,0.872904456705563,-0.23236755016637564
boycott_tncs-long_rides,bank_tellers_drivers,passengers_accept,passenger_decisions,9.37257912408759,4.9827148326947635,9.110656642335766,1.285496607043165,0.07669951489399379
boycott_tncs-long_rides,bank_tellers_drivers,passengers_acceptance_rate,passenger_decisions,1.2462259124087594,2.2689059795657727,2.0824364233576644,-8.796075684752765,-7.192250224588635
boycott_tncs-long_rides,bank_tellers_drivers,passengers_arrivals,demand,1.7353282481751826,1.220840319284802,2.4239050364963504,0.67273588953495,-0.9003715970624027
boycott_tncs-long_rides,bank_tellers_drivers,passengers_change_provider,passenger_decisions,3.8661678832116784,1.4638233077905491,2.7706929197080292,2.1066471006874674,0.9606361965523283
boycott_tncs-long_rides,bank_tellers_drivers,passengers_departures,demand,1.8294404379562044,1.2242123856960407,2.26958598540146,0.8191610720100703,-0.5957260195380513
boycott_tncs-long_rides,bank_tellers_drivers,passengers_drivers_ratio,demand,0.14203014598540148,0.13286212005108558,0.13563364963503646,0.13108105512109916,0.09145474682240529
boycott_tncs-long_rides,bank_tellers_drivers,passengers_no_ratings_count,passenger_experience,0.4999271532846715,0.2668497573435505,0.5595980291970802,1.2576683984412307,-0.32197963530235385
boycott_tncs-long_rides,bank_tellers_drivers,passengers_offers_discarded,passenger_decisions,76.07896591240876,38.302680365261814,70.53919708029198,1.4112951515010455,0.20696182221106413
boycott_tncs-long_rides,bank_tellers_drivers,passengers_pickup_accept,passenger_decisions,0.8553646715328468,0.4036403422733078,0.6742577372262774,1.1354396881431095,0.45522454224832615
boycott_tncs-long_rides,bank_tellers_drivers,passengers_pickup_reject,passenger_decisions,0.21176408759124085,0.051631828863346114,0.09222620437956203,3.2405559197743883,2.419057834793573
boycott_tncs-long_rides,bank_tellers_drivers,passengers_rating_avg,passenger_experience,4.780799781021898,4.8851192005108555,4.871483211678832,-4.949875798752621,-4.302858671526014
boycott_tncs-long_rides,bank_tellers_drivers,passengers_ratings_count,passenger_experience,1.236971313868613,0.9544649067688378,1.8665328467153286,0.48754067850047084,-1.0864775069454646
boycott_tncs-long_rides,bank_tellers_drivers,passengers_reject,passenger_decisions,7.90233591240876,2.303115828863346,4.382834744525548,3.1125836176398627,1.9564763509851413
boycott_tncs-long_rides,bank_tellers_drivers,passengers_unassigned,demand,22.769306423357666,11.138016153256705,19.51638671532847,1.4465647135566393,0.404560350261739
boycott_tncs-long_rides,bank_tellers_drivers,rides_dispatched,matching,2.137055401459854,1.3577830140485312,2.392238613138686,0.8616590564331192,-0.28216183319824945
boycott_tncs-long_rides,bank_tellers_drivers,rides_duration_avg,trip,1042.7776726277373,527.0288507228607,1010.6245118978104,2.2068430491304603,0.1375804970379568
boycott_tncs-long_rides,bank_tellers_drivers,rides_in_progress,matching,2345.0329076642333,1029.0202179719029,2483.065109489051,1.5929694126698342,-0.1670812729942668
boycott_tncs-long_rides,bank_tellers_drivers,rides_length_avg,trip,7635.7158070802925,4418.9097281277145,6470.099583430658,2.780540597503495,1.0075345393595616
boycott_tncs-long_rides,bank_tellers_drivers,rides_offers_generated,matching,83.39767598540145,42.48495695019157,77.79439189781021,1.3854772941847522,0.189750841774737
boycott_tncs-long_rides,bank_tellers_drivers,rides_offers_lyft,matching,30.839282554744525,15.993850985951472,29.472408905109486,1.3282915144515397,0.12230069982972142
boycott_tncs-long_rides,bank_tellers_drivers,rides_offers_price_lyft_avg,market,26.76996817518248,20.63305367560664,21.45872401459854,11.464118985949396,9.92171799437186
boycott_tncs-long_rides,bank_tellers_drivers,rides_offers_price_no_surge_avg,market,25.832742700729927,19.76261182630907,20.703113284671534,10.237153532055967,8.651016754189921
boycott_tncs-long_rides,bank_tellers_drivers,rides_offers_price_uber_avg,market,25.28572474452555,19.232325583652617,20.2433600729927,9.682607184196897,8.065424911924033
boycott_tncs-long_rides,bank_tellers_drivers,rides_offers_radius_avg,matching,1904.1963408759125,1385.9213992541506,1218.2073814598539,1.093180691938628,1.4469344841757605
boycott_tncs-long_rides,bank_tellers_drivers,rides_offers_surge_lyft_avg,market,1.0,1.0,1.0,,
boycott_tncs-long_rides,bank_tellers_drivers,rides_offers_surge_uber_avg,market,1.0,1.0,1.0,,
boycott_tncs-long_rides,bank_tellers_drivers,rides_offers_uber,matching,52.55811467153285,26.4910830421456,48.32237218978102,1.3864088005010249,0.2252834437326698
boycott_tncs-long_rides,bank_tellers_drivers,rides_partial_acceptances,matching,5.941800145985402,3.000988457215837,5.57276109489051,1.3640429313187818,0.17117216683710682
boycott_tncs-long_rides,bank_tellers_drivers,rides_waiting_duration_avg,passenger_experience,654.1711827007298,449.6007700740741,782.1878968613138,0.8871150960042744,-0.5551416659650446
boycott_tncs-long_rides,bank_tellers_drivers,traffic_duration_avg,trip,681.6099267153284,492.1637279667944,717.092692408759,1.2481982671793361,-0.23378419279902976
boycott_tncs-long_rides,bank_tellers_drivers,traffic_length_avg,trip,3864.4363418978105,3725.4734396475096,3892.5292561313863,1.743011917742026,-0.3523694707025393
boycott_tncs-long_rides,bank_tellers_drivers,traffic_speed_avg,trip,5.3244602189781025,6.980620332056194,5.53581401459854,-1.7011569214724525,-0.2170961427340139
boycott_tncs-long_rides,baseline,drivers_accept,driver_decisions,2.1278330000000003,1.3678599999999999,2.820111,0.8403192884454211,-0.7654673999818657
boycott_tncs-long_rides,baseline,drivers_acceptance_rate,driver_decisions,2.2255966666666667,2.3784560655737708,2.1678466666666667,-0.7558539061030635,0.28556021670593684
boycott_tncs-long_rides,baseline,drivers_busy,supply,2993.079370666667,1069.362257324086,3261.5156759999995,1.978191654566142,-0.27603770601712285
boycott_tncs-long_rides,baseline,drivers_change_provider,driver_decisions,0.5691653333333332,0.41973898865069353,0.8744460000000001,0.5547789327396109,-1.1334231778142865
boycott_tncs-long_rides,baseline,drivers_change_zone,driver_decisions,1.1275006666666665,0.7608650517023959,1.5971110000000002,0.7048779590924933,-0.9028527503008787
boycott_tncs-long_rides,baseline,drivers_demand_pressure,market,0.0,0.0,0.0,,
boycott_tncs-long_rides,baseline,drivers_idle,supply,8075.244907999999,5580.924202925598,7537.091601666666,0.7569825611729978,0.16332008442345505
boycott_tncs-long_rides,baseline,drivers_idle_duration_avg,supply,467.1266796666667,301.06423914249683,587.8206246666666,1.3993634280594636,-1.0170553442916441
boycott_tncs-long_rides,baseline,drivers_occupied_distance_avg,supply,4557.845023666666,2088.9889718209333,4241.758625,2.2203517501261767,0.28427051789670915
boycott_tncs-long_rides,baseline,drivers_occupied_duration_avg,supply,520.4803300000001,228.5703785145019,483.3436643333333,2.4328567911123664,0.3095070545099526
boycott_tncs-long_rides,baseline,drivers_passengers_served,supply,1.4464439999999998,0.8726449255989912,2.0389443333333332,0.6663260738593111,-0.6880429726772651
boycott_tncs-long_rides,baseline,drivers_pickup,supply,739.1123523333334,316.12950436065574,918.0822686666667,1.479624039989565,-0.6260494767362909
boycott_tncs-long_rides,baseline,drivers_pickup_accept,driver_decisions,0.7731109999999999,0.3820240958385876,1.077888666666667,1.0766714408538014,-0.8390600810673665
boycott_tncs-long_rides,baseline,drivers_pickup_reject,driver_decisions,0.19477699999999992,0.08630256998738967,0.2466659999999999,1.3302727396908411,-0.636339109426928
boycott_tncs-long_rides,baseline,drivers_reject,driver_decisions,0.9782223333333334,0.6182681185372005,1.3242769999999997,0.79385865256726,-0.7632039856796904
boycott_tncs-long_rides,baseline,drivers_removed,supply,0.2834446666666668,0.2140676393442623,0.4521663333333334,0.4565284277943132,-1.1102556594161648
boycott_tncs-long_rides,baseline,drivers_shift_duration_avg,supply,2898.0960966666667,1696.0927842799495,3050.8251676666664,1.2864253648646655,-0.16345591469002946
boycott_tncs-long_rides,baseline,drivers_starting,supply,0.5029979999999998,0.23489106179066835,0.47433433333333325,1.7222443083214913,0.18412741237508487
boycott_tncs-long_rides,baseline,drivers_total_length_avg,supply,18601.93703833333,10390.403234920555,18588.549478666664,1.3734753268540079,0.0022392263527319734
boycott_tncs-long_rides,baseline,drivers_waiting,supply,2.460777333333333,1.5288260327868852,3.1734446666666667,0.8670241937941717,-0.6630172840195312
boycott_tncs-long_rides,baseline,passengers_accept,passenger_decisions,7.632833000000001,5.002131561160152,10.809944333333336,0.7703558810241093,-0.9303626645603102
boycott_tncs-long_rides,baseline,passengers_acceptance_rate,passenger_decisions,2.1388203333333338,2.265457177805801,2.2308879999999998,-1.0892040475128038,-0.7918743995567175
boycott_tncs-long_rides,baseline,passengers_arrivals,demand,2.4131673333333334,1.2300584237074401,2.3912223333333333,1.5470136033132915,0.0286949183194346
boycott_tncs-long_rides,baseline,passengers_change_provider,passenger_decisions,2.300222333333333,1.4654072257250945,3.1349996666666664,0.7320601898854164,-0.7320270651340697
boycott_tncs-long_rides,baseline,passengers_departures,demand,2.5022773333333337,1.231828557377049,2.5436666666666663,1.719520728359886,-0.05601943025691192
boycott_tncs-long_rides,baseline,passengers_drivers_ratio,demand,0.12067699999999999,0.132334421185372,0.19670233333333334,-0.1666735107336538,-1.0869821901316656
boycott_tncs-long_rides,baseline,passengers_no_ratings_count,passenger_experience,0.48133433333333336,0.2621581336696091,0.5053326666666667,1.1826585709630342,-0.1294932326093797
boycott_tncs-long_rides,baseline,passengers_offers_discarded,passenger_decisions,59.15511133333333,38.47690618915511,83.2426116666667,0.7725230323479158,-0.8998918750173586
boycott_tncs-long_rides,baseline,passengers_pickup_accept,passenger_decisions,0.8517776666666668,0.4160799066834805,1.1849993333333335,1.0951558210975276,-0.8375752218232723
boycott_tncs-long_rides,baseline,passengers_pickup_reject,passenger_decisions,0.11533199999999996,0.05221823455233291,0.13933300000000004,1.2772172694336827,-0.48570215176111053
boycott_tncs-long_rides,baseline,passengers_rating_avg,passenger_experience,4.900195666666667,4.889295162673392,4.895896666666666,0.517220486605849,0.20398422616886255
boycott_tncs-long_rides,baseline,passengers_ratings_count,passenger_experience,1.9316110000000002,0.9682669003783103,1.8871120000000003,1.6625089702588824,0.0767949756443228
boycott_tncs-long_rides,baseline,passengers_reject,passenger_decisions,3.566166999999999,2.314900857503152,4.854721666666666,0.6955737474739544,-0.7163022860427508
boycott_tncs-long_rides,baseline,passengers_unassigned,demand,15.631944,11.158849939470366,24.659110999999992,0.5563114562633806,-1.12269412441287
boycott_tncs-long_rides,baseline,rides_dispatched,matching,2.1278330000000003,1.3678599999999999,2.820111,0.8403192884454211,-0.7654673999818657
boycott_tncs-long_rides,baseline,rides_duration_avg,trip,990.2890186666667,537.0267318007566,1016.6593376666666,1.9394687582776475,-0.11283623484308418
boycott_tncs-long_rides,baseline,rides_in_progress,matching,2845.9828889999994,1051.8625140857503,2855.547278,2.1716955332355483,-0.011577228127973975
boycott_tncs-long_rides,baseline,rides_length_avg,trip,6433.235774666667,4483.9925718285,6494.6558786666665,1.6848854817086292,-0.053090266706563236
boycott_tncs-long_rides,baseline,rides_offers_generated,matching,61.87699966666666,42.679973936948294,91.86350033333335,0.650092291385366,-1.0154694379996614
boycott_tncs-long_rides,baseline,rides_offers_lyft,matching,23.307667,15.94983398991173,34.73349966666667,0.6583403861829434,-1.022323703177491
boycott_tncs-long_rides,baseline,rides_offers_price_lyft_avg,market,24.162266000000002,20.74685989407314,22.183775000000008,6.380180461433812,3.695938119750179
boycott_tncs-long_rides,baseline,rides_offers_price_no_surge_avg,market,23.339319999999997,19.875218978562422,21.322145666666668,5.8421366426291055,3.401923908803059
boycott_tncs-long_rides,baseline,rides_offers_price_uber_avg,market,22.849999333333333,19.350802262295083,20.798452333333337,5.597078566692408,3.2815155903337145
boycott_tncs-long_rides,baseline,rides_offers_radius_avg,matching,779.1860543333332,1377.7349301891552,1609.7393863333336,-1.2624999237271268,-1.7518594731333037
boycott_tncs-long_rides,baseline,rides_offers_surge_lyft_avg,market,1.0,1.0,1.0,,
boycott_tncs-long_rides,baseline,rides_offers_surge_uber_avg,market,1.0,1.0,1.0,,
boycott_tncs-long_rides,baseline,rides_offers_uber,matching,38.567722666666654,26.730137848675913,57.131,0.629597262997815,-0.9873119205510216
boycott_tncs-long_rides,baseline,rides_partial_acceptances,matching,4.524611666666667,3.0159433089533416,6.666333,0.699768848478767,-0.9933991546430102
boycott_tncs-long_rides,baseline,rides_waiting_duration_avg,passenger_experience,770.884794,446.82147258511986,805.4154269999999,1.4052934674042221,-0.14974133070156292
boycott_tncs-long_rides,baseline,traffic_duration_avg,trip,757.3809026666665,496.8641265145019,747.848766,1.7164587661951984,0.06280409186590724
boycott_tncs-long_rides,baseline,traffic_length_avg,trip,3898.7787599999997,3724.617705598991,3904.2069476666666,2.1845023996454285,-0.06808576707543651
boycott_tncs-long_rides,baseline,traffic_speed_avg,trip,4.997958666666666,6.943295727616645,5.1484499999999995,-1.9981906216068206,-0.15458008636967227
boycott_tncs-long_rides,drivers,drivers_accept,driver_decisions,2.1179325,1.3522522620582926,2.345048173076923,0.8466299101729878,-0.25112692266015024
boycott_tncs-long_rides,drivers,drivers_acceptance_rate,driver_decisions,1.8078025,2.4110493706474077,2.1492823076923075,-2.982914408818218,-1.6885376257197757
boycott_tncs-long_rides,drivers,drivers_busy,supply,2583.6246070192306,1050.3874308769666,2706.7696745192306,1.576654366319531,-0.12663220758389263
boycott_tncs-long_rides,drivers,drivers_change_provider,driver_decisions,0.7736863461538461,0.41637016507608976,0.7422920192307694,1.3266167355557466,0.1165585039335199
boycott_tncs-long_rides,drivers,drivers_change_zone,driver_decisions,1.3817464423076922,0.7417199793654888,1.312211730769231,1.2304875155346056,0.1336844636877197
boycott_tncs-long_rides,drivers,drivers_demand_pressure,market,0.0,0.0,0.0,,
boycott_tncs-long_rides,drivers,drivers_idle,supply,9333.176842980769,5409.020110002579,8991.674697980769,1.1909127034590723,0.10363990798868099
boycott_tncs-long_rides,drivers,drivers_idle_duration_avg,supply,1156.5363409615384,262.8311831003353,1238.8275252884616,7.531012488022864,-0.6934456306634615
boycott_tncs-long_rides,drivers,drivers_occupied_distance_avg,supply,6122.794655096154,2014.0792122465823,6552.806126442308,3.6951500341549837,-0.38672838874666954
boycott_tncs-long_rides,drivers,drivers_occupied_duration_avg,supply,695.4882228846153,217.82195086407015,792.8087028846154,3.9810004004890596,-0.8110953034572299
boycott_tncs-long_rides,drivers,drivers_passengers_served,supply,2.0046474038461537,0.8664997575444933,2.040801153846154,1.3216777204182053,-0.041983661820889494
boycott_tncs-long_rides,drivers,drivers_pickup,supply,689.1138705769232,304.6126115785401,556.8089664423077,1.3450127090189021,0.4628119501874861
boycott_tncs-long_rides,drivers,drivers_pickup_accept,driver_decisions,0.8764256730769231,0.3683346737167913,0.6048235576923078,1.3987864654760713,0.7477270084947715
boycott_tncs-long_rides,drivers,drivers_pickup_reject,driver_decisions,0.23373384615384618,0.08232461955119938,0.14562471153846154,1.8568022589633297,1.0805235840646608
boycott_tncs-long_rides,drivers,drivers_reject,driver_decisions,1.195304423076923,0.6160073149342276,1.1077722115384616,1.2776069922301994,0.19304733949986194
boycott_tncs-long_rides,drivers,drivers_removed,supply,0.49221076923076923,0.21479882899148828,0.36990346153846154,1.8254808805840823,0.8048307205358265
boycott_tncs-long_rides,drivers,drivers_shift_duration_avg,supply,5181.42975826923,1587.78594289399,5314.904237211538,3.8460414449343974,-0.1428489867740382
boycott_tncs-long_rides,drivers,drivers_starting,supply,0.37113769230769234,0.23473429713696156,0.3787502884615384,0.8762174247989746,-0.04890119772758329
boycott_tncs-long_rides,drivers,drivers_total_length_avg,supply,29500.002138461543,9944.548590649987,29693.813828365386,3.2708789364291575,-0.03241727800330991
boycott_tncs-long_rides,drivers,drivers_waiting,supply,2.4416664423076924,1.5152115914366782,2.6427721153846155,0.8619106703238156,-0.1870950595430425
boycott_tncs-long_rides,drivers,passengers_accept,passenger_decisions,8.932756634615385,4.9042751947382,8.799503269230769,1.1796718255396017,0.03902096687017593
boycott_tncs-long_rides,drivers,passengers_acceptance_rate,passenger_decisions,1.9268900961538462,2.2939918442094402,2.0881641346153845,-3.157443724192862,-1.3871187029556364
boycott_tncs-long_rides,drivers,passengers_arrivals,demand,1.9116029807692305,1.2188402011864845,2.3787340384615385,0.9058451298642642,-0.6108128295717388
boycott_tncs-long_rides,drivers,passengers_change_provider,passenger_decisions,2.8566025000000006,1.4345494841372195,2.6463457692307695,1.2470167242207715,0.18437685284900468
boycott_tncs-long_rides,drivers,passengers_departures,demand,1.9452402884615385,1.2216791127160176,2.2104321153846156,0.9793220029625854,-0.35893052283246807
boycott_tncs-long_rides,drivers,passengers_drivers_ratio,demand,0.14172365384615385,0.13080196801650762,0.13199259615384615,0.1561542378378983,0.13913107564165733
boycott_tncs-long_rides,drivers,passengers_no_ratings_count,passenger_experience,0.43328490384615387,0.2630823059066288,0.5548238461538462,0.918400636392959,-0.6558151480247798
boycott_tncs-long_rides,drivers,passengers_offers_discarded,passenger_decisions,69.53637788461538,37.72046818416301,68.12365432692307,1.1886197504729181,0.05277834701069581
boycott_tncs-long_rides,drivers,passengers_pickup_accept,passenger_decisions,0.9696149999999999,0.40129907402630904,0.6657051923076923,1.4285005609772645,0.7638978795661121
boycott_tncs-long_rides,drivers,passengers_pickup_reject,passenger_decisions,0.13980682692307694,0.049343706474077896,0.08479182692307694,1.8306792324112833,1.1133246064387905
boycott_tncs-long_rides,drivers,passengers_rating_avg,passenger_experience,4.819651057692308,4.884597670879546,4.874431923076923,-3.081666581364415,-2.599309707918112
boycott_tncs-long_rides,drivers,passengers_ratings_count,passenger_experience,1.480704903846154,0.9564675444931648,1.8240706730769232,0.9047123585554067,-0.5925698529218899
boycott_tncs-long_rides,drivers,passengers_reject,passenger_decisions,4.6634456730769225,2.259148852205314,4.210031730769232,1.3365388009270727,0.25205096205877286
boycott_tncs-long_rides,drivers,passengers_unassigned,demand,21.898733846153846,10.9007260665463,19.00758,1.3678043969290077,0.3595681165365165
boycott_tncs-long_rides,drivers,rides_dispatched,matching,2.1179325,1.3522522620582926,2.345048173076923,0.8466299101729878,-0.25112692266015024
boycott_tncs-long_rides,drivers,rides_duration_avg,trip,1029.1345283653848,522.7762270853752,967.0431054807691,2.1666618518333656,0.26568364130709893
boycott_tncs-long_rides,drivers,rides_in_progress,matching,2440.704647019231,1018.4029116223883,2333.8438625,1.7216271376563141,0.1293497870395414
boycott_tncs-long_rides,drivers,rides_length_avg,trip,7645.482711634614,4411.203503213825,6529.680240865385,2.7956440089803896,0.9644765623480676
boycott_tncs-long_rides,drivers,rides_offers_generated,matching,76.01072192307691,41.82063456280629,75.00458355769231,1.157820620112814,0.03407209036507331
boycott_tncs-long_rides,drivers,rides_offers_lyft,matching,28.27716375,15.716934108847047,28.633445769230768,1.123823606918729,-0.03187825026863569
boycott_tncs-long_rides,drivers,rides_offers_price_lyft_avg,market,24.217939423076924,20.722056891926748,21.425695769230767,6.530515180026956,5.216076171122619
boycott_tncs-long_rides,drivers,rides_offers_price_no_surge_avg,market,23.396018557692305,19.824633948929584,20.69075288461539,6.023068253106456,4.562376102464409
boycott_tncs-long_rides,drivers,rides_offers_price_uber_avg,market,22.91385711538462,19.28783755996905,20.236773942307693,5.799935220568257,4.282080873151823
boycott_tncs-long_rides,drivers,rides_offers_radius_avg,matching,1904.7581115384614,1355.3511147433583,1240.7075774038462,1.1588465362284763,1.4006604681985133
boycott_tncs-long_rides,drivers,rides_offers_surge_lyft_avg,market,1.0,1.0,1.0,,
boycott_tncs-long_rides,drivers,rides_offers_surge_uber_avg,market,1.0,1.0,1.0,,
boycott_tncs-long_rides,drivers,rides_offers_uber,matching,47.733413750000004,26.103722906886766,46.37155451923077,1.1504030901317297,0.07243224504524856
boycott_tncs-long_rides,drivers,rides_partial_acceptances,matching,5.620544903846153,2.935916205829249,5.348044134615384,1.2452170306347161,0.1263946105313806
boycott_tncs-long_rides,drivers,rides_waiting_duration_avg,passenger_experience,758.0212295192307,449.47117589373227,784.4835890384616,1.3380205227607884,-0.114753440167541
boycott_tncs-long_rides,drivers,traffic_duration_avg,trip,675.7688499038461,489.2002778436936,692.4503221153847,1.2292385378748996,-0.10990869622082514
boycott_tncs-long_rides,drivers,traffic_length_avg,trip,3847.1847986538464,3720.3640934898112,3879.4454947115382,1.590712319171374,-0.40464596516505363
boycott_tncs-long_rides,drivers,traffic_speed_avg,trip,5.28564778846154,7.000077167913336,5.548817596153847,-1.7610093264531028,-0.2703199626310726
boycott_tncs-long_rides,managers,drivers_accept,driver_decisions,2.249798181818182,1.36497892649659,2.849141515151515,0.9783646090514363,-0.6627074427659575
boycott_tncs-long_rides,managers,drivers_acceptance_rate,driver_decisions,2.201639393939394,2.3762353195251325,2.1816221212121216,-0.8633359367313782,0.09898072273353725
boycott_tncs-long_rides,managers,drivers_busy,supply,3083.0254042424244,1094.8790788936599,3244.5980893939395,2.04444533012837,-0.16614799294331112
boycott_tncs-long_rides,managers,drivers_change_provider,driver_decisions,0.7225260606060606,0.42163475372568837,0.8860112121212121,1.117126691790871,-0.6069754170121693
boycott_tncs-long_rides,managers,drivers_change_zone,driver_decisions,1.2699496969696968,0.7627556984086892,1.607878787878788,0.9751094983079703,-0.6496880231921678
boycott_tncs-long_rides,managers,drivers_demand_pressure,market,0.0,0.0,0.0,,
boycott_tncs-long_rides,managers,drivers_idle,supply,7789.799040909091,5539.656815761556,7527.321632727273,0.6828786776016771,0.0796572871689313
boycott_tncs-long_rides,managers,drivers_idle_duration_avg,supply,507.7450833333334,297.03926566304625,557.1207539393939,1.775561134694093,-0.41607546814281127
boycott_tncs-long_rides,managers,drivers_occupied_distance_avg,supply,3691.6285178787875,2062.2848255973736,4169.504505454546,1.4653410497584323,-0.429775071156482
boycott_tncs-long_rides,managers,drivers_occupied_duration_avg,supply,419.11597848484854,225.95326665572114,474.74147848484847,1.6098704853045054,-0.46359801968157216
boycott_tncs-long_rides,managers,drivers_passengers_served,supply,1.4148987878787878,0.8740817757009345,2.0323230303030306,0.6280255449644531,-0.7169859445827333
boycott_tncs-long_rides,managers,drivers_pickup,supply,791.3824236363637,315.88283944935586,927.6974166666668,1.663331312700379,-0.4768395259177856
boycott_tncs-long_rides,managers,drivers_pickup_accept,driver_decisions,0.9367166666666668,0.3809986233897449,1.0844942424242425,1.529904836998769,-0.40683514002586674
boycott_tncs-long_rides,managers,drivers_pickup_reject,driver_decisions,0.19302848484848487,0.08628397322556201,0.2487869696969697,1.3090579402636995,-0.6837924144130684
boycott_tncs-long_rides,managers,drivers_reject,driver_decisions,1.0352021212121214,0.6289900757767113,1.3300506060606059,0.8958776805227444,-0.6502716492037329
boycott_tncs-long_rides,managers,drivers_removed,supply,0.30742515151515154,0.21556617075018944,0.45378727272727276,0.6044686214722462,-0.9631209589753085
boycott_tncs-long_rides,managers,drivers_shift_duration_avg,supply,2735.9349912121206,1650.0043401742864,2963.107281818182,1.1622004029300268,-0.2431276135585412
boycott_tncs-long_rides,managers,drivers_starting,supply,0.4877278787878787,0.23498947714069207,0.48222272727272725,1.6235211092943969,0.03536356025226894
boycott_tncs-long_rides,managers,drivers_total_length_avg,supply,16897.68189545455,10128.965008140945,18192.83205575758,1.1321472774454793,-0.21662905278523228
boycott_tncs-long_rides,managers,drivers_waiting,supply,2.4887375757575754,1.5350842283404902,3.1967675757575758,0.8872143042437893,-0.6587030240444333
boycott_tncs-long_rides,managers,passengers_accept,passenger_decisions,8.462727575757574,5.019227140692094,10.852323333333333,1.0083701526508584,-0.6997522097872747
boycott_tncs-long_rides,managers,passengers_acceptance_rate,passenger_decisions,1.8783093939393938,2.2638296640565794,2.2143996969696973,-3.3158615121775514,-2.8907141512832095
boycott_tncs-long_rides,managers,passengers_arrivals,demand,2.3343933333333333,1.224556302096489,2.3746972727272726,1.4512045094201362,-0.05270076321989176
boycott_tncs-long_rides,managers,passengers_change_provider,passenger_decisions,2.802322727272727,1.475578476888103,3.1593430303030297,1.1634392322494276,-0.3130757319163936
boycott_tncs-long_rides,managers,passengers_departures,demand,2.3991912121212122,1.2249587471583734,2.53530303030303,1.589294351436489,-0.1842239507548956
boycott_tncs-long_rides,managers,passengers_drivers_ratio,demand,0.14095666666666665,0.13454641828744632,0.1984872727272727,0.09165136826145064,-0.8225513974555801
boycott_tncs-long_rides,managers,passengers_no_ratings_count,passenger_experience,0.47277878787878785,0.2660398231876736,0.4989387878787878,1.1155481704633174,-0.14115742614326166
boycott_tncs-long_rides,managers,passengers_offers_discarded,passenger_decisions,66.44090878787878,38.594027057337705,83.5928793939394,1.040339689345233,-0.640785418799599
boycott_tncs-long_rides,managers,passengers_pickup_accept,passenger_decisions,0.9757569696969698,0.4136107072493054,1.1952018181818183,1.4129926939526516,-0.5515894854206298
boycott_tncs-long_rides,managers,passengers_pickup_reject,passenger_decisions,0.1520218181818182,0.05365337964132357,0.13813090909090908,1.9906571503061805,0.2811068053569647
boycott_tncs-long_rides,managers,passengers_rating_avg,passenger_experience,4.9098460606060605,4.8817514801717605,4.894078181818181,1.333066119895067,0.748173657331843
boycott_tncs-long_rides,managers,passengers_ratings_count,passenger_experience,1.867121515151515,0.9593112301086133,1.8793442424242424,1.5666704584268325,-0.021093598580109636
boycott_tncs-long_rides,managers,passengers_reject,passenger_decisions,4.518737878787879,2.3214465370042943,4.911565151515151,1.2214652990183763,-0.21837107943769885
boycott_tncs-long_rides,managers,passengers_unassigned,demand,17.69575787878788,11.205255473604446,24.83580787878788,0.8072132613462286,-0.887996442628581
boycott_tncs-long_rides,managers,rides_dispatched,matching,2.249798181818182,1.36497892649659,2.849141515151515,0.9783646090514363,-0.6627074427659575
boycott_tncs-long_rides,managers,rides_duration_avg,trip,959.0317427272728,540.7805524324325,1009.4090509090909,1.7896594095622544,-0.21555999291347505
boycott_tncs-long_rides,managers,rides_in_progress,matching,2825.7235363636364,1055.7600753195252,2841.1774245454544,2.1424547628379425,-0.018706180702718934
boycott_tncs-long_rides,managers,rides_length_avg,trip,6141.161268181819,4494.526246014145,6466.837537575757,1.423317233315817,-0.2815078268529595
boycott_tncs-long_rides,managers,rides_offers_generated,matching,70.03989969696968,42.80168773680222,92.22282878787878,0.9224007862329058,-0.7512075779543039
boycott_tncs-long_rides,managers,rides_offers_lyft,matching,24.778737272727273,16.008381298307654,34.640807878787875,0.7847255477590719,-0.8824064588657337
boycott_tncs-long_rides,managers,rides_offers_price_lyft_avg,market,24.246699393939394,20.854019893912607,22.18652484848485,6.337725818436382,3.8485278102778664
boycott_tncs-long_rides,managers,rides_offers_price_no_surge_avg,market,23.18004090909091,19.957162864359688,21.329930606060607,5.435318948070237,3.1201737845836504
boycott_tncs-long_rides,managers,rides_offers_price_uber_avg,market,22.60151696969697,19.412902717858046,20.8143703030303,5.100291330868718,2.8585987300703395
boycott_tncs-long_rides,managers,rides_offers_radius_avg,matching,908.8714984848485,1377.5067634655215,1627.1878066666666,-0.9884773159885747,-1.5151215228577988
boycott_tncs-long_rides,managers,rides_offers_surge_lyft_avg,market,1.0,1.0,1.0,,
boycott_tncs-long_rides,managers,rides_offers_surge_uber_avg,market,1.0,1.0,1.0,,
boycott_tncs-long_rides,managers,rides_offers_uber,matching,45.264797878787874,26.793326140439504,57.581970000000005,0.9824291212115329,-0.6551047341686059
boycott_tncs-long_rides,managers,rides_partial_acceptances,matching,5.174748181818182,3.0252277620611268,6.673787575757575,0.9970166214626806,-0.6953026257614422
boycott_tncs-long_rides,managers,rides_waiting_duration_avg,passenger_experience,750.9023196969698,459.5633694342006,809.6651515151515,1.263384951487675,-0.2548237280285798
boycott_tncs-long_rides,managers,traffic_duration_avg,trip,770.7989475757577,498.34092527405903,745.5813872727273,1.7951356826510139,0.16615015387304793
boycott_tncs-long_rides,managers,traffic_length_avg,trip,3918.917495151515,3729.2605153851982,3903.845770303031,2.378867817687169,0.1890446702424132
boycott_tncs-long_rides,managers,traffic_speed_avg,trip,4.903711818181819,6.946925130083354,5.148310606060606,-2.098726107541546,-0.251244380116375
boycott_tncs-long_rides,managers_drivers,drivers_accept,driver_decisions,2.111034838709677,1.3562115153846153,2.3735753225806446,0.8346251747871615,-0.29029693501554404
boycott_tncs-long_rides,managers_drivers,drivers_acceptance_rate,driver_decisions,1.706675322580645,2.4102704564102564,2.1436692741935484,-3.479113054365828,-2.160832684359557
boycott_tncs-long_rides,managers_drivers,drivers_busy,supply,2451.9478741935486,1044.799445979487,2827.4476640322573,1.4469951211237198,-0.38613294303942286
boycott_tncs-long_rides,managers_drivers,drivers_change_provider,driver_decisions,0.829206693548387,0.41203420256410256,0.7432125,1.5488467566286843,0.3192727963727025
boycott_tncs-long_rides,managers_drivers,drivers_change_zone,driver_decisions,1.4602820967741936,0.7402995846153846,1.3410754032258065,1.3842075975140726,0.22918169274618863
boycott_tncs-long_rides,managers_drivers,drivers_demand_pressure,market,0.0,0.0,0.0,,
boycott_tncs-long_rides,managers_drivers,drivers_idle,supply,9478.408660483874,5309.7441503564105,8887.499661693548,1.2651165229585593,0.1793305112748646
boycott_tncs-long_rides,managers_drivers,drivers_idle_duration_avg,supply,1040.3253304032257,273.1403680820512,1309.0702837096774,6.464860900759642,-2.2646412876116955
boycott_tncs-long_rides,managers_drivers,drivers_occupied_distance_avg,supply,5380.043376612904,2023.8771639897436,6636.955923225808,3.018349133130346,-1.1303972017895094
boycott_tncs-long_rides,managers_drivers,drivers_occupied_duration_avg,supply,622.1638968548388,219.30182081538462,800.1806711290324,3.3575619213615715,-1.4836401295020754
boycott_tncs-long_rides,managers_drivers,drivers_passengers_served,supply,1.9239247580645158,0.8681302948717947,2.066491935483871,1.2260448140248312,-0.16555660653550147
boycott_tncs-long_rides,managers_drivers,drivers_pickup,supply,688.5026226612903,314.45970721538464,561.5320229838711,1.308428680581619,0.44415217438494325
boycott_tncs-long_rides,managers_drivers,drivers_pickup_accept,driver_decisions,0.8438169354838709,0.38322729743589745,0.615980887096774,1.2680141011184802,0.6272379971949358
boycott_tncs-long_rides,managers_drivers,drivers_pickup_reject,driver_decisions,0.23284903225806453,0.08734885128205128,0.14430072580645165,1.7843368649180584,1.0859093539802664
boycott_tncs-long_rides,managers_drivers,drivers_reject,driver_decisions,1.2648662096774195,0.6141915205128204,1.1264650806451613,1.4350262082425786,0.3052358585926367
boycott_tncs-long_rides,managers_drivers,drivers_removed,supply,0.5222449193548387,0.21742093076923077,0.3822709677419354,2.005863059197968,0.921084262734901
boycott_tncs-long_rides,managers_drivers,drivers_shift_duration_avg,supply,4664.1397504032275,1594.9391834358976,5438.489881774194,3.2847642086476307,-0.8287361939992816
boycott_tncs-long_rides,managers_drivers,drivers_starting,supply,0.34186895161290326,0.23379866666666663,0.3923253225806451,0.694213414954659,-0.324117675947286
boycott_tncs-long_rides,managers_drivers,drivers_total_length_avg,supply,26487.16126338709,9918.28138595641,30085.185724516126,2.7713394659352115,-0.6018117858473737
boycott_tncs-long_rides,managers_drivers,drivers_waiting,supply,2.431277741935484,1.5213479487179487,2.6849592741935484,0.8465368790312783,-0.23600806807990124
boycott_tncs-long_rides,managers_drivers,passengers_accept,passenger_decisions,9.167110887096776,4.908630848717949,9.002379112903226,1.2470229777331323,0.04823888000665752
boycott_tncs-long_rides,managers_drivers,passengers_acceptance_rate,passenger_decisions,1.5062712096774193,2.2867641692307696,2.077145564516129,-6.713023323836734,-4.910092797256747
boycott_tncs-long_rides,managers_drivers,passengers_arrivals,demand,1.8428362096774196,1.214313205128205,2.4082392741935488,0.8218462646354635,-0.7393116770949311
boycott_tncs-long_rides,managers_drivers,passengers_change_provider,passenger_decisions,3.6650269354838714,1.4307379769230768,2.755671693548388,1.9592769516941633,0.7974253999689105
boycott_tncs-long_rides,managers_drivers,passengers_departures,demand,1.8789784677419352,1.2167046384615385,2.2665854032258066,0.8963711082650558,-0.5246163187641212
boycott_tncs-long_rides,managers_drivers,passengers_drivers_ratio,demand,0.1438837096774194,0.13428715897435897,0.13465298387096775,0.13720794429386074,0.13197751477930644
boycott_tncs-long_rides,managers_drivers,passengers_no_ratings_count,passenger_experience,0.5033603225806451,0.2635111871794872,0.560026693548387,1.294208203972254,-0.30576754872651757
boycott_tncs-long_rides,managers_drivers,passengers_offers_discarded,passenger_decisions,73.70411282258064,37.66581197692308,69.80034975806451,1.3463652795703147,0.14584181069587895
boycott_tncs-long_rides,managers_drivers,passengers_pickup_accept,passenger_decisions,0.9054431451612904,0.41806454871794874,0.6676881451612904,1.2250591028833067,0.5976132910462768
boycott_tncs-long_rides,managers_drivers,passengers_pickup_reject,passenger_decisions,0.17194870967741935,0.05245915384615384,0.09231185483870968,2.4180798458491237,1.6115908401586754
boycott_tncs-long_rides,managers_drivers,passengers_rating_avg,passenger_experience,4.781963145161289,4.884969046153846,4.870418870967742,-4.887550361663339,-4.197155798751406
boycott_tncs-long_rides,managers_drivers,passengers_ratings_count,passenger_experience,1.338575322580645,0.9511405256410256,1.8491934677419355,0.6686227958997129,-0.8812087467406173
boycott_tncs-long_rides,managers_drivers,passengers_reject,passenger_decisions,6.360873467741936,2.2435786743589743,4.3372580645161305,2.2887873903257985,1.124919552813152
boycott_tncs-long_rides,managers_drivers,passengers_unassigned,demand,22.624919274193548,11.0273094,19.372687983870968,1.4423759373222844,0.4044747328676706
boycott_tncs-long_rides,managers_drivers,rides_dispatched,matching,2.111034838709677,1.3562115153846153,2.3735753225806446,0.8346251747871615,-0.29029693501554404
boycott_tncs-long_rides,managers_drivers,rides_duration_avg,trip,1033.3909376612903,528.7026571589744,999.5879988709678,2.159515982393384,0.1446397497023547
boycott_tncs-long_rides,managers_drivers,rides_in_progress,matching,2394.448790483871,1028.2493150307691,2430.625591532257,1.6537180781373484,-0.04379025975182197
boycott_tncs-long_rides,managers_drivers,rides_length_avg,trip,7661.122961209679,4426.606074128204,6505.021226935483,2.795849453495531,0.9993104116615874
boycott_tncs-long_rides,managers_drivers,rides_offers_generated,matching,80.63051048387098,41.78784487692308,76.94100830645161,1.3153765506937598,0.12494211126032821
boycott_tncs-long_rides,managers_drivers,rides_offers_lyft,matching,29.934112661290325,15.81027231794872,29.297742258064524,1.2637273084715197,0.05693909286071757
boycott_tncs-long_rides,managers_drivers,rides_offers_price_lyft_avg,market,25.9212614516129,20.702148446153846,21.422420564516127,9.74961155151077,8.404100665260401
boycott_tncs-long_rides,managers_drivers,rides_offers_price_no_surge_avg,market,25.052920403225805,19.807886333333332,20.685748467741938,8.845644379862978,7.365147560957626
boycott_tncs-long_rides,managers_drivers,rides_offers_price_uber_avg,market,24.543665322580644,19.25039301025641,20.233937016129033,8.46675977531775,6.893549417938515
boycott_tncs-long_rides,managers_drivers,rides_offers_radius_avg,matching,1898.187015080645,1381.047072176923,1223.1725947580644,1.0907866755888243,1.4237862412713769
boycott_tncs-long_rides,managers_drivers,rides_offers_surge_lyft_avg,market,1.0,1.0,1.0,,
boycott_tncs-long_rides,managers_drivers,rides_offers_surge_uber_avg,market,1.0,1.0,1.0,,
boycott_tncs-long_rides,managers_drivers,rides_offers_uber,matching,50.69688153225806,25.977582015384613,47.64408588709677,1.3147279245166468,0.1623668858333413
boycott_tncs-long_rides,managers_drivers,rides_partial_acceptances,matching,5.793413709677419,2.9383328205128203,5.5048112096774195,1.3242782324623281,0.13386311051104333
boycott_tncs-long_rides,managers_drivers,rides_waiting_duration_avg,passenger_experience,722.113030967742,448.65405672051287,787.6950346774194,1.185848828663659,-0.28439491698753283
boycott_tncs-long_rides,managers_drivers,traffic_duration_avg,trip,695.8423589516129,493.9138804564102,702.7162290322582,1.3304398748397817,-0.04528965363335736
boycott_tncs-long_rides,managers_drivers,traffic_length_avg,trip,3883.2705747580644,3721.980819110256,3883.345133145162,2.023057677634395,-0.0009351859753519416
boycott_tncs-long_rides,managers_drivers,traffic_speed_avg,trip,5.304608790322581,6.991931061538462,5.558279516129032,-1.733165735466646,-0.26056279678089134
boycott_tncs-long_rides,students,drivers_accept,driver_decisions,2.1311111111111116,1.3674200403836445,2.826944444444445,0.8444304431155141,-0.7693986122444769
boycott_tncs-long_rides,students,drivers_acceptance_rate,driver_decisions,2.168566666666667,2.350613866733973,2.1678691666666667,-0.9001807428905456,0.0034489740459300346
boycott_tncs-long_rides,students,drivers_busy,supply,2960.6475225,1077.6696692074709,3260.4269058333334,1.9362987672568526,-0.30826833644504664
boycott_tncs-long_rides,students,drivers_change_provider,driver_decisions,0.624816111111111,0.416966135790005,0.877593888888889,0.7716898096082145,-0.9384943871422881
boycott_tncs-long_rides,students,drivers_change_zone,driver_decisions,1.2296755555555556,0.7564815471983847,1.6015280555555558,0.9097425706940758,-0.7149077192323083
boycott_tncs-long_rides,students,drivers_demand_pressure,market,0.0,0.0,0.0,,
boycott_tncs-long_rides,students,drivers_idle,supply,7985.6998138888885,5555.540721327612,7539.9617897222215,0.737510637746966,0.13527366808102997
boycott_tncs-long_rides,students,drivers_idle_duration_avg,supply,591.0542438888888,285.6345518450277,592.4793505555556,2.573689426135812,-0.012008989775909034
boycott_tncs-long_rides,students,drivers_occupied_distance_avg,supply,4884.972201388889,2001.5025838944975,4269.3249630555565,2.593232119326242,0.5536788676163676
boycott_tncs-long_rides,students,drivers_occupied_duration_avg,supply,536.6736294444445,219.87084966935893,485.8829458333332,2.64032038064102,0.42330334721277996
boycott_tncs-long_rides,students,drivers_passengers_served,supply,1.6084725,0.8730792503785967,2.047129444444445,0.8539778445519371,-0.5093918282595875
boycott_tncs-long_rides,students,drivers_pickup,supply,792.2626469444444,317.9705193059061,915.5485575,1.6591075439472929,-0.4312628701714789
boycott_tncs-long_rides,students,drivers_pickup_accept,driver_decisions,0.8757869444444445,0.3829229025744573,1.077731388888889,1.3568662935493552,-0.5559578028792347
boycott_tncs-long_rides,students,drivers_pickup_reject,driver_decisions,0.208935,0.0870546113074205,0.2437958333333333,1.4946762897192831,-0.4275147263815813
boycott_tncs-long_rides,students,drivers_reject,driver_decisions,0.9977316666666667,0.6167427990913679,1.3249533333333332,0.8402493890167453,-0.721668869853177
boycott_tncs-long_rides,students,drivers_removed,supply,0.28532361111111104,0.2164109439676931,0.45416611111111105,0.45347275316216373,-1.111050790799288
boycott_tncs-long_rides,students,drivers_shift_duration_avg,supply,3511.0740791666667,1619.5067923851589,3084.250317777778,2.0244204920136597,0.4568014973996653
boycott_tncs-long_rides,students,drivers_starting,supply,0.47861000000000004,0.23716130489651693,0.4777324999999999,1.550999178428392,0.0056368156327696005
boycott_tncs-long_rides,students,drivers_total_length_avg,supply,22067.020710277775,9963.256465805149,18788.862578055556,2.024496513054814,0.548310391203867
boycott_tncs-long_rides,students,drivers_waiting,supply,2.450045833333333,1.5305637708228166,3.178287222222222,0.8554236616107923,-0.6775063275502863
boycott_tncs-long_rides,students,passengers_accept,passenger_decisions,7.9330091666666664,4.976535133770823,10.81703666666667,0.8657528082475155,-0.8445380813111404
boycott_tncs-long_rides,students,passengers_acceptance_rate,passenger_decisions,2.0249074999999994,2.2447399974760223,2.2233291666666664,-1.8907802624361119,-1.7066256139583331
boycott_tncs-long_rides,students,passengers_arrivals,demand,2.368009166666667,1.2267562948006057,2.398055277777778,1.4922833419921002,-0.039287796953747206
boycott_tncs-long_rides,students,passengers_change_provider,passenger_decisions,2.519675277777778,1.4665565143866734,3.1441202777777777,0.9234934955942077,-0.5475839154165391
boycott_tncs-long_rides,students,passengers_departures,demand,2.3449069444444444,1.228395227158001,2.5383333333333336,1.5111707592347616,-0.2617977925602644
boycott_tncs-long_rides,students,passengers_drivers_ratio,demand,0.12827,0.13332830893488137,0.1969488888888889,-0.07232183646328327,-0.9819454356475967
boycott_tncs-long_rides,students,passengers_no_ratings_count,passenger_experience,0.5128697222222223,0.26517882635032813,0.5068047222222223,1.3365217637765774,0.03272629164980433
boycott_tncs-long_rides,students,passengers_offers_discarded,passenger_decisions,61.93708416666667,38.28881159767794,83.31310250000001,0.8834826382370352,-0.798592836624437
boycott_tncs-long_rides,students,passengers_pickup_accept,passenger_decisions,0.9446758333333334,0.4180732912670369,1.1812958333333337,1.3236511460855704,-0.5947603916946863
boycott_tncs-long_rides,students,passengers_pickup_reject,passenger_decisions,0.13888805555555553,0.051908157496214045,0.13990694444444443,1.760190144051667,-0.02061899611427963
boycott_tncs-long_rides,students,passengers_rating_avg,passenger_experience,4.898318611111111,4.888723243311459,4.8952044444444445,0.45529278330249506,0.1477648005723934
boycott_tncs-long_rides,students,passengers_ratings_count,passenger_experience,1.8562038888888885,0.9621878899545684,1.8938894444444445,1.5428647130002084,-0.06503654736132733
boycott_tncs-long_rides,students,passengers_reject,passenger_decisions,3.9207405555555557,2.310781211509339,4.878563888888889,0.8949698359010448,-0.5324500861624971
boycott_tncs-long_rides,students,passengers_unassigned,demand,16.45680611111111,11.22422520696618,24.6954625,0.6507676036788178,-1.0246283380890286
boycott_tncs-long_rides,students,rides_dispatched,matching,2.1311111111111116,1.3674200403836445,2.826944444444445,0.8444304431155141,-0.7693986122444769
boycott_tncs-long_rides,students,rides_duration_avg,trip,971.159941111111,539.0016984553256,1016.2897033333334,1.8491664419259768,-0.1931062134105867
boycott_tncs-long_rides,students,rides_in_progress,matching,2781.0956483333334,1056.1406898637051,2854.496018888889,2.0879741575422712,-0.08884758185801936
boycott_tncs-long_rides,students,rides_length_avg,trip,6485.411945833333,4474.416447332156,6502.467181388889,1.7382628880134412,-0.014742192627803226
boycott_tncs-long_rides,students,rides_offers_generated,matching,65.17814777777778,42.458616403331646,91.96861166666665,0.76937919542144,-0.9072381473054457
boycott_tncs-long_rides,students,rides_offers_lyft,matching,23.211110833333333,15.905616259464917,34.70712944444444,0.6536574168540735,-1.0286035741268336
boycott_tncs-long_rides,students,rides_offers_price_lyft_avg,market,24.314377500000003,20.71261796819788,22.18661361111111,6.72829967473244,3.9747886984435943
boycott_tncs-long_rides,students,rides_offers_price_no_surge_avg,market,23.486106388888892,19.850048758202924,21.336438055555554,6.132138002755549,3.6253723727879015
boycott_tncs-long_rides,students,rides_offers_price_uber_avg,market,23.030694722222222,19.320172539121653,20.82114277777778,5.935099898819589,3.5342495947431987
boycott_tncs-long_rides,students,rides_offers_radius_avg,matching,782.4443583333334,1382.880001711257,1609.8067169444444,-1.2664796218751486,-1.745128855430066
boycott_tncs-long_rides,students,rides_offers_surge_lyft_avg,market,1.0,1.0,1.0,,
boycott_tncs-long_rides,students,rides_offers_surge_uber_avg,market,1.0,1.0,1.0,,
boycott_tncs-long_rides,students,rides_offers_uber,matching,41.96861083333334,26.55300183997981,57.26162027777778,0.819899107705593,-0.8133784920880716
boycott_tncs-long_rides,students,rides_partial_acceptances,matching,4.802777777777778,2.992357057041898,6.666758888888889,0.8397312878833347,-0.8645743175030165
boycott_tncs-long_rides,students,rides_waiting_duration_avg,passenger_experience,768.0815500000001,450.46173767289247,805.4092116666666,1.3773513319330688,-0.16187058400998272
boycott_tncs-long_rides,students,traffic_duration_avg,trip,709.8170347222222,496.7268057496214,747.6544819444446,1.4039809524470943,-0.24929840962371425
boycott_tncs-long_rides,students,traffic_length_avg,trip,3875.4513680555556,3726.9944765875816,3903.0818500000005,1.8620950405420367,-0.3465691817185624
boycott_tncs-long_rides,students,traffic_speed_avg,trip,5.023593888888888,6.94169836698637,5.1471736111111115,-1.9702181469389006,-0.12693730403955583
boycott_tncs-long_rides,students_drivers,drivers_accept,driver_decisions,2.1316232173913043,1.3488736812193232,2.3333189565217385,0.8655038182501513,-0.2230195283102947
boycott_tncs-long_rides,students_drivers,drivers_acceptance_rate,driver_decisions,1.8299360869565218,2.353755388788427,2.1590831304347824,-2.5901636943008044,-1.627554996775248
boycott_tncs-long_rides,students_drivers,drivers_busy,supply,2479.6018835652176,1034.138951632653,2687.7031478260865,1.4863945894650343,-0.2139941373969593
boycott_tncs-long_rides,students_drivers,drivers_change_provider,driver_decisions,0.7999705217391305,0.41513835959700335,0.7385364347826086,1.4287760076747045,0.22808787344666534
boycott_tncs-long_rides,students_drivers,drivers_change_zone,driver_decisions,1.3922904347826088,0.7492707078274348,1.3066813043478265,1.2362422369592916,0.16458845425159552
boycott_tncs-long_rides,students_drivers,drivers_demand_pressure,market,0.0,0.0,0.0,,
boycott_tncs-long_rides,students_drivers,drivers_idle,supply,9356.805115217392,5347.047054443296,9038.186482869565,1.216891204228011,0.09669516348135417
boycott_tncs-long_rides,students_drivers,drivers_idle_duration_avg,supply,1088.1967878260868,257.4913627744769,1271.2812799130431,7.0001307197374505,-1.5428036686841269
boycott_tncs-long_rides,students_drivers,drivers_occupied_distance_avg,supply,6199.174558173913,1971.1116548359598,6622.370006434782,3.8024844988640063,-0.38059843687078043
boycott_tncs-long_rides,students_drivers,drivers_occupied_duration_avg,supply,722.6933003478263,213.6894843606303,800.5998957391305,4.242176000252181,-0.6492947181336289
boycott_tncs-long_rides,students_drivers,drivers_passengers_served,supply,2.069275304347826,0.8615547042107983,2.0433621739130436,1.4024695432776424,0.03009170846439112
boycott_tncs-long_rides,students_drivers,drivers_pickup,supply,708.2306403478261,308.37520780160173,545.783362347826,1.3987226984533327,0.5682521145046384
boycott_tncs-long_rides,students_drivers,drivers_pickup_accept,driver_decisions,0.8609708695652174,0.3730367501937484,0.5930287826086956,1.3432941010179826,0.7376508641920337
boycott_tncs-long_rides,students_drivers,drivers_pickup_reject,driver_decisions,0.2612033043478261,0.08442012916559029,0.14278243478260866,2.167974874388186,1.4522505863804063
boycott_tncs-long_rides,students_drivers,drivers_reject,driver_decisions,1.197348,0.6149137871351071,1.0985795652173913,1.2845256991805725,0.2178281940582557
boycott_tncs-long_rides,students_drivers,drivers_removed,supply,0.5164780869565218,0.21397344872126067,0.3688981739130435,1.9906008115950626,0.9711345134847366
boycott_tncs-long_rides,students_drivers,drivers_shift_duration_avg,supply,5142.3667239999995,1569.2611007491605,5406.065325999999,3.824060763995315,-0.282219330676031
boycott_tncs-long_rides,students_drivers,drivers_starting,supply,0.36713052173913047,0.23191943425471453,0.37575382608695657,0.8685583722573338,-0.05539370570250525
boycott_tncs-long_rides,students_drivers,drivers_total_length_avg,supply,29577.604567913044,9827.096518421597,30098.739467130436,3.303504089276703,-0.08716592334311038
boycott_tncs-long_rides,students_drivers,drivers_waiting,supply,2.433376608695653,1.5128524722293981,2.6272461739130435,0.8563931364436709,-0.1803630762522415
boycott_tncs-long_rides,students_drivers,passengers_accept,passenger_decisions,9.047797739130436,4.9369526453112895,8.746347826086955,1.203790611601773,0.0882744464722167
boycott_tncs-long_rides,students_drivers,passengers_acceptance_rate,passenger_decisions,1.8743212173913042,2.255399981916818,2.082236956521739,-3.277660103356506,-1.7882841723186076
boycott_tncs-long_rides,students_drivers,passengers_arrivals,demand,1.8982751304347825,1.2112885972616894,2.374319043478261,0.8982922057850701,-0.6224671315218308
boycott_tncs-long_rides,students_drivers,passengers_change_provider,passenger_decisions,3.075042956521739,1.4455623430638078,2.6363910434782603,1.428912673514302,0.38465954895836046
boycott_tncs-long_rides,students_drivers,passengers_departures,demand,1.918811652173913,1.2138560010333248,2.2004197391304348,0.9541398895034177,-0.3811495213028365
boycott_tncs-long_rides,students_drivers,passengers_drivers_ratio,demand,0.14461234782608695,0.13254826401446654,0.13013208695652176,0.17248782305223426,0.20703343193073132
boycott_tncs-long_rides,students_drivers,passengers_no_ratings_count,passenger_experience,0.4595214782608695,0.25735047016274865,0.5551304347826088,1.0908998143700033,-0.515898861576902
boycott_tncs-long_rides,students_drivers,passengers_offers_discarded,passenger_decisions,70.92275278260871,37.94668948075433,67.7225512173913,1.2319622636115293,0.11955725364211978
boycott_tncs-long_rides,students_drivers,passengers_pickup_accept,passenger_decisions,0.9833623478260869,0.4059597416688194,0.6517971304347826,1.4513405468837322,0.8334116244103869
boycott_tncs-long_rides,students_drivers,passengers_pickup_reject,passenger_decisions,0.1393773043478261,0.051446349780418496,0.08397104347826088,1.7794364334735298,1.1212424534554877
boycott_tncs-long_rides,students_drivers,passengers_rating_avg,passenger_experience,4.808246086956522,4.881930139498837,4.875125391304348,-3.496251323291066,-3.1733712826474973
boycott_tncs-long_rides,students_drivers,passengers_ratings_count,passenger_experience,1.4381740869565214,0.9545038904675793,1.8194059130434783,0.8347028238669018,-0.6579179037548859
boycott_tncs-long_rides,students_drivers,passengers_reject,passenger_decisions,4.858028956521739,2.282783084474296,4.198130260869566,1.4315686815536013,0.36683499464952024
boycott_tncs-long_rides,students_drivers,passengers_unassigned,demand,22.371246000000003,10.993880539912167,18.85608686956522,1.4149844966132294,0.4371746420682576
boycott_tncs-long_rides,students_drivers,rides_dispatched,matching,2.1316232173913043,1.3488736812193232,2.3333189565217385,0.8655038182501513,-0.2230195283102947
boycott_tncs-long_rides,students_drivers,rides_duration_avg,trip,1021.3406707826086,520.1529441410488,964.5146377391303,2.144537425724686,0.24315350943213132
boycott_tncs-long_rides,students_drivers,rides_in_progress,matching,2414.2972316521737,1014.929424350297,2315.890710521739,1.6938667321117513,0.11911631202027277
boycott_tncs-long_rides,students_drivers,rides_length_avg,trip,7546.6332741739125,4376.471692926893,6524.4237731304365,2.7402220590721402,0.8835767363790402
boycott_tncs-long_rides,students_drivers,rides_offers_generated,matching,77.62804356521738,42.08780673469388,74.56591330434782,1.2035423780136048,0.10369665102482356
boycott_tncs-long_rides,students_drivers,rides_offers_lyft,matching,28.75427530434783,15.826326907775771,28.508797304347823,1.1567251564805914,0.02196408658606966
boycott_tncs-long_rides,students_drivers,rides_offers_price_lyft_avg,market,24.348297130434787,20.69536885300956,21.395603913043477,6.823885915705099,5.515805438631955
boycott_tncs-long_rides,students_drivers,rides_offers_price_no_surge_avg,market,23.65974756521739,19.806973996383363,20.65941852173913,6.497625070096069,5.05999453721894
boycott_tncs-long_rides,students_drivers,rides_offers_price_uber_avg,market,23.25721286956522,19.278457589770085,20.203694956521744,6.364147387688579,4.884200380013449
boycott_tncs-long_rides,students_drivers,rides_offers_radius_avg,matching,1947.1808190434783,1360.968692957892,1240.034234,1.2364784135844615,1.49156158451518
boycott_tncs-long_rides,students_drivers,rides_offers_surge_lyft_avg,market,1.0,1.0,1.0,,
boycott_tncs-long_rides,students_drivers,rides_offers_surge_uber_avg,market,1.0,1.0,1.0,,
boycott_tncs-long_rides,students_drivers,rides_offers_uber,matching,48.875174347826096,26.26146092740894,46.05824634782608,1.2027396039497367,0.14982195998008924
boycott_tncs-long_rides,students_drivers,rides_partial_acceptances,matching,5.718926956521739,2.9730988478429348,5.3156224347826075,1.273603283257769,0.18706559285927488
boycott_tncs-long_rides,students_drivers,rides_waiting_duration_avg,passenger_experience,732.9456440869567,441.80227584345135,779.9658685217391,1.26253681436184,-0.20390216932167152
boycott_tncs-long_rides,students_drivers,traffic_duration_avg,trip,686.9570399130434,491.3421180754327,691.5055997391304,1.2888419407993874,-0.029968954408103172
boycott_tncs-long_rides,students_drivers,traffic_length_avg,trip,3866.9719779130437,3719.6844026608114,3879.0656696521733,1.8474283052721034,-0.15169119591956032
boycott_tncs-long_rides,students_drivers,traffic_speed_avg,trip,5.3231918260869575,6.99985643761302,5.5594712173913035,-1.7222185139964126,-0.24269895087114282
flash_mob,bank_tellers,drivers_accept,driver_decisions,2.740965692307692,1.4036042384428224,2.7509401538461535,1.4787507257574422,-0.011028987112208039
flash_mob,bank_tellers,drivers_acceptance_rate,driver_decisions,2.0100156923076926,2.3545767810218976,2.1523226666666666,-1.703773838297177,-0.7036746395967937
flash_mob,bank_tellers,drivers_busy,supply,3436.189273846154,1136.7702104598543,3386.5318999487176,2.364532482448748,0.05106353837071959
flash_mob,bank_tellers,drivers_change_provider,driver_decisions,0.9050510256410255,0.4318232676399027,0.8327945641025642,1.7569645505564138,0.268268374636253
flash_mob,bank_tellers,drivers_change_zone,driver_decisions,1.6229486666666668,0.7820243114355231,1.5413330256410256,1.6167252145546855,0.15691074224141013
flash_mob,bank_tellers,drivers_demand_pressure,market,0.0,0.0,0.0,,
flash_mob,bank_tellers,drivers_idle,supply,7339.731005435898,5558.5432327956205,7889.7893488717955,0.5405592309442206,-0.16693305426266844
flash_mob,bank_tellers,drivers_idle_duration_avg,supply,817.7075796410256,299.7373790194647,872.9652056410256,4.364795273913484,-0.4656411209043577
flash_mob,bank_tellers,drivers_occupied_distance_avg,supply,5302.570572769231,2186.610621549878,5400.666345076923,2.802320988232842,-0.08822187893884226
flash_mob,bank_tellers,drivers_occupied_duration_avg,supply,615.6933172307693,247.44854758637467,630.1757521538461,3.0690518910434648,-0.12070054472329582
flash_mob,bank_tellers,drivers_passengers_served,supply,2.342478923076923,0.9105619902676398,2.0851110769230767,1.6628182764628725,0.29886926298084365
flash_mob,bank_tellers,drivers_pickup,supply,1112.3198219487178,318.67108124087594,794.2638047692308,2.7762396553125033,1.1125825345818785
flash_mob,bank_tellers,drivers_pickup_accept,driver_decisions,1.2447002564102563,0.38035327493917276,0.914017435897436,2.3795675591172802,0.9103775785859377
flash_mob,bank_tellers,drivers_pickup_reject,driver_decisions,0.3058977435897436,0.08439208759124087,0.21282876923076924,2.7164276025962093,1.1413484218016794
flash_mob,bank_tellers,drivers_reject,driver_decisions,1.3749231282051282,0.6388912214111923,1.2943676410256413,1.6232767217488417,0.1776605687071224
flash_mob,bank_tellers,drivers_removed,supply,0.4713925641025641,0.217252197080292,0.43509369230769235,1.672344674795248,0.2388610107811375
flash_mob,bank_tellers,drivers_shift_duration_avg,supply,4089.633098461539,1737.869928836983,4035.719761333334,2.516937983766727,0.05769991119950323
flash_mob,bank_tellers,drivers_starting,supply,0.4658284615384615,0.24219953041362527,0.4482905128205129,1.4365299770983808,0.11265889857553085
flash_mob,bank_tellers,drivers_total_length_avg,supply,24398.038416153846,10745.55967574696,23693.881116153843,2.2835371745720083,0.11777856621282952
flash_mob,bank_tellers,drivers_waiting,supply,3.1295638974358972,1.5723289610705597,3.1332478461538464,1.4487456205690266,-0.0034272956808860423
flash_mob,bank_tellers,passengers_accept,passenger_decisions,10.594059846153845,5.109572948905109,10.376008205128205,1.6060380981729652,0.06385269021829361
flash_mob,bank_tellers,passengers_acceptance_rate,passenger_decisions,1.221321794871795,2.232979287104623,2.1289599487179487,-8.701270470113624,-7.806599690354875
flash_mob,bank_tellers,passengers_arrivals,demand,1.9591105641025641,1.2812051751824818,2.4488801025641025,0.8864178520558769,-0.6404145318524019
flash_mob,bank_tellers,passengers_change_provider,passenger_decisions,4.343094256410256,1.5343016569343066,3.128239282051282,2.463066641920489,1.0653220756395625
flash_mob,bank_tellers,passengers_departures,demand,2.125401846153846,1.2688199732360097,2.4445301025641024,1.1593621985356106,-0.431932134760596
flash_mob,bank_tellers,passengers_drivers_ratio,demand,0.2093649743589744,0.13143848661800486,0.17494774358974363,1.1141641950132513,0.4920848780205553
flash_mob,bank_tellers,passengers_no_ratings_count,passenger_experience,0.5025724102564103,0.28231954257907543,0.5331959487179487,1.1884681919726692,-0.16524234971827023
flash_mob,bank_tellers,passengers_offers_discarded,passenger_decisions,85.67394035897435,39.44139938442822,80.29363276923077,1.7272148379309942,0.2010044636472436
flash_mob,bank_tellers,passengers_pickup_accept,passenger_decisions,1.2243416410256411,0.41002192214111927,1.0016239487179486,2.0468477515360686,0.5598159999757405
flash_mob,bank_tellers,passengers_pickup_reject,passenger_decisions,0.3266068717948718,0.05472280048661801,0.12559805128205126,5.502049017290514,4.067764536729281
flash_mob,bank_tellers,passengers_rating_avg,passenger_experience,4.895283692307692,4.884171048661801,4.886393333333333,0.5272863491037798,0.42184065962962597
flash_mob,bank_tellers,passengers_ratings_count,passenger_experience,1.4604445641025643,0.9993463722627737,1.9189916923076922,0.7957487676572087,-0.7913462222136921
flash_mob,bank_tellers,passengers_reject,passenger_decisions,8.759324564102563,2.481680807785888,4.894666871794872,3.4897165715475795,2.1483474557845947
flash_mob,bank_tellers,passengers_unassigned,demand,25.581598307692307,11.359001632603405,22.954017333333336,1.7688412899657608,0.32678798579131896
flash_mob,bank_tellers,rides_dispatched,matching,2.740965692307692,1.4036042384428224,2.7509401538461535,1.4787507257574422,-0.011028987112208039
flash_mob,bank_tellers,rides_duration_avg,trip,1236.1863955384615,562.2570471800486,1046.9273374871796,2.883683364581858,0.809822570612644
flash_mob,bank_tellers,rides_in_progress,matching,3303.2386924102566,1117.9191261459853,2921.755282153846,2.6452231450608177,0.4617671309244831
flash_mob,bank_tellers,rides_length_avg,trip,6273.729852051282,4496.351056262774,6494.186184307691,1.5363294452741787,-0.19055789089258968
flash_mob,bank_tellers,rides_offers_generated,matching,94.64880338461539,43.716478111922136,88.73111969230769,1.7247834382412788,0.20039773897216978
flash_mob,bank_tellers,rides_offers_lyft,matching,35.81785471794873,16.54104096107056,33.256529794871796,1.7247883983884549,0.2291739479119051
flash_mob,bank_tellers,rides_offers_price_lyft_avg,market,24.10517764102564,20.607153754257904,21.786465589743592,6.53451535887785,4.331491151113388
flash_mob,bank_tellers,rides_offers_price_no_surge_avg,market,23.8398998974359,19.73956720437956,21.04504230769231,6.915128549898206,4.713471066497686
flash_mob,bank_tellers,rides_offers_price_uber_avg,market,23.674687282051284,19.208389294403894,20.602153538461536,7.143987672493508,4.914616814246123
flash_mob,bank_tellers,rides_offers_radius_avg,matching,1704.8577436410258,1308.3247010997566,1496.1730738974359,0.8363944134851697,0.44017187277746384
flash_mob,bank_tellers,rides_offers_surge_lyft_avg,market,1.0,1.0,1.0,,
flash_mob,bank_tellers,rides_offers_surge_uber_avg,market,1.0,1.0,1.0,,
flash_mob,bank_tellers,rides_offers_uber,matching,58.831923076923076,27.175412386861314,55.47476066666667,1.6836924755320937,0.17855502599856726
flash_mob,bank_tellers,rides_partial_acceptances,matching,6.478530051282052,3.0671403527980536,6.330624153846155,1.5823121289815534,0.06860350653128967
flash_mob,bank_tellers,rides_waiting_duration_avg,passenger_experience,778.7162153333333,456.1308275109489,779.8337263589743,1.3988844408790244,-0.004846061989456268
flash_mob,bank_tellers,traffic_duration_avg,trip,961.029843897436,516.3988141922142,766.589195025641,2.9295266121908217,1.281105045095968
flash_mob,bank_tellers,traffic_length_avg,trip,3985.523429538461,3742.328005635037,3923.322329076923,3.0504006129670116,0.7801885081951473
flash_mob,bank_tellers,traffic_speed_avg,trip,4.056112974358975,6.943540535279806,5.113654666666666,-2.965877116422971,-1.0862744220250944
flash_mob,bank_tellers_drivers,drivers_accept,driver_decisions,2.6147308846153847,1.3861042694684795,2.678942423076923,1.3585201619075322,-0.07100014646571075
flash_mob,bank_tellers_drivers,drivers_acceptance_rate,driver_decisions,1.7255305384615383,2.3419895822002466,2.1411646153846156,-3.0482455085776667,-2.055213109550235
flash_mob,bank_tellers_drivers,drivers_busy,supply,3411.460285538462,1119.8728024672437,3348.6132207307696,2.356479132653237,0.06462672617208996
flash_mob,bank_tellers_drivers,drivers_change_provider,driver_decisions,0.9326412692307692,0.4393340173053152,0.8212623846153846,1.8315141906011534,0.4135191747337855
flash_mob,bank_tellers_drivers,drivers_change_zone,driver_decisions,1.7038720769230769,0.7824189023485786,1.5207817692307695,1.7715464798930338,0.3520015981762903
flash_mob,bank_tellers_drivers,drivers_demand_pressure,market,0.0,0.0,0.0,,
flash_mob,bank_tellers_drivers,drivers_idle,supply,7041.501764884615,5248.452482482076,8006.298602615385,0.5441589909995129,-0.2927989090381475
flash_mob,bank_tellers_drivers,drivers_idle_duration_avg,supply,763.7907294230769,278.93836714709516,947.0228087307692,4.085720176312208,-1.5440473464145938
flash_mob,bank_tellers_drivers,drivers_occupied_distance_avg,supply,5083.180450192308,2086.2986579357234,5635.924240153846,2.6952287183303008,-0.49710700650001444
flash_mob,bank_tellers_drivers,drivers_occupied_duration_avg,supply,601.601692923077,238.70007290234858,662.2968586538461,3.0245206313802897,-0.5058499903287054
flash_mob,bank_tellers_drivers,drivers_passengers_served,supply,2.331378038461539,0.9202496810877626,2.118269076923077,1.6386774744486312,0.2474734867678075
flash_mob,bank_tellers_drivers,drivers_pickup,supply,1003.3725268846155,314.7821359332509,762.6103429615384,2.4087380872315283,0.8422032168925793
flash_mob,bank_tellers_drivers,drivers_pickup_accept,driver_decisions,1.1248907692307692,0.37262754758961686,0.8658592307692308,2.0709983334328617,0.7131199147155671
flash_mob,bank_tellers_drivers,drivers_pickup_reject,driver_decisions,0.3169807692307692,0.0849369369592089,0.20253834615384614,2.845662193830988,1.4034610337726479
flash_mob,bank_tellers_drivers,drivers_reject,driver_decisions,1.5381864615384617,0.6469179480840545,1.2693012692307692,1.9656422736076875,0.5930110766492033
flash_mob,bank_tellers_drivers,drivers_removed,supply,0.5529617307692306,0.22863896909765144,0.43550603846153846,2.1341727398576604,0.7729051620435566
flash_mob,bank_tellers_drivers,drivers_shift_duration_avg,supply,3898.6901069230776,1620.7137225315205,4276.578709730769,2.437968823584403,-0.40442940442470576
flash_mob,bank_tellers_drivers,drivers_starting,supply,0.3829296153846154,0.23784754511742892,0.4411345,0.9319668167709653,-0.37389196980455564
flash_mob,bank_tellers_drivers,drivers_total_length_avg,supply,23395.859808269233,10071.810944076638,24868.471048923082,2.2286034262149634,-0.24631149959406187
flash_mob,bank_tellers_drivers,drivers_waiting,supply,3.101538576923077,1.554019342398022,3.0442178461538463,1.4397067914475088,0.05332731480040259
flash_mob,bank_tellers_drivers,passengers_accept,passenger_decisions,11.009557576923076,5.137597058096415,10.191102153846154,1.7195031150377829,0.2396706593969994
flash_mob,bank_tellers_drivers,passengers_acceptance_rate,passenger_decisions,1.1872128076923079,2.231075322620519,2.1071268076923078,-8.978266009730685,-7.912184296265682
flash_mob,bank_tellers_drivers,passengers_arrivals,demand,1.9451026538461538,1.2604198516687268,2.4559422692307695,0.8952798853134095,-0.6679654152559976
flash_mob,bank_tellers_drivers,passengers_change_provider,passenger_decisions,4.57242323076923,1.5357697478368357,3.0834935384615383,2.662880804470196,1.305661748742946
flash_mob,bank_tellers_drivers,passengers_departures,demand,2.0305065384615384,1.251696716934487,2.425,1.0540996669133778,-0.5339370600024641
flash_mob,bank_tellers_drivers,passengers_drivers_ratio,demand,0.22579076923076924,0.13757226205191597,0.16872003846153846,1.2613156949010325,0.8159762700672551
flash_mob,bank_tellers_drivers,passengers_no_ratings_count,passenger_experience,0.5063589230769231,0.27939613102595795,0.5491725384615384,1.2246744478670724,-0.2310191036536639
flash_mob,bank_tellers_drivers,passengers_offers_discarded,passenger_decisions,89.30651303846155,39.62060562917181,78.9020388076923,1.8562301509804315,0.3887037548325391
flash_mob,bank_tellers_drivers,passengers_pickup_accept,passenger_decisions,1.1328016153846152,0.4041030482076638,0.9480961923076924,1.8316331892550075,0.4642695874286335
flash_mob,bank_tellers_drivers,passengers_pickup_reject,passenger_decisions,0.3091670000000001,0.05346173053152039,0.12029473076923078,5.174642706449514,3.8221602255484415
flash_mob,bank_tellers_drivers,passengers_rating_avg,passenger_experience,4.854055384615385,4.878867864029666,4.882255615384616,-1.1773329640968706,-1.3380791466025415
flash_mob,bank_tellers_drivers,passengers_ratings_count,passenger_experience,1.4406347307692309,0.9814013102595797,1.9106155384615384,0.79253060390341,-0.8110781069244263
flash_mob,bank_tellers_drivers,passengers_reject,passenger_decisions,9.409121576923077,2.478407930778739,4.855378307692308,3.852755460878811,2.531407318744041
flash_mob,bank_tellers_drivers,passengers_unassigned,demand,26.447256346153846,11.384167681087764,22.395134846153848,1.8733719161038906,0.5039557814159269
flash_mob,bank_tellers_drivers,rides_dispatched,matching,2.6147308846153847,1.3861042694684795,2.678942423076923,1.3585201619075322,-0.07100014646571075
flash_mob,bank_tellers_drivers,rides_duration_avg,trip,1232.373044153846,553.4741361854141,1055.3242735000001,2.9049476653748374,0.7575758436663883
flash_mob,bank_tellers_drivers,rides_in_progress,matching,3192.2919104615385,1084.08239928801,2887.298500038462,2.5518851703353946,0.3691797029581859
flash_mob,bank_tellers_drivers,rides_length_avg,trip,6225.588703307692,4469.076458385662,6479.8572249230765,1.5182928305731136,-0.21978444757508586
flash_mob,bank_tellers_drivers,rides_offers_generated,matching,98.76320507692307,43.93192792088998,87.12479511538461,1.856818400298855,0.39412566855427156
flash_mob,bank_tellers_drivers,rides_offers_lyft,matching,37.58990392307692,16.4635100197775,32.45431396153846,1.8902791490213864,0.45950570961869597
flash_mob,bank_tellers_drivers,rides_offers_price_lyft_avg,market,23.802532230769227,20.712294242274414,21.755639692307692,5.77274720015311,3.8237162362286283
flash_mob,bank_tellers_drivers,rides_offers_price_no_surge_avg,market,23.420147846153846,19.83755347342398,21.00693226923077,6.04197329439203,4.069839494073109
flash_mob,bank_tellers_drivers,rides_offers_price_uber_avg,market,23.181271076923075,19.31041924845488,20.564180038461537,6.191552337328937,4.1861215190459715
flash_mob,bank_tellers_drivers,rides_offers_radius_avg,matching,1696.433303923077,1324.0159923164401,1456.239676230769,0.7855278766095225,0.5066327059886183
flash_mob,bank_tellers_drivers,rides_offers_surge_lyft_avg,market,1.0,1.0,1.0,,
flash_mob,bank_tellers_drivers,rides_offers_surge_uber_avg,market,1.0,1.0,1.0,,
flash_mob,bank_tellers_drivers,rides_offers_uber,matching,61.173467884615384,27.468397648949324,54.670852653846154,1.7926477652158748,0.3458500035748943
flash_mob,bank_tellers_drivers,rides_partial_acceptances,matching,6.856852692307692,3.104623441285537,6.242859115384617,1.7404044625127941,0.2847899447881585
flash_mob,bank_tellers_drivers,rides_waiting_duration_avg,passenger_experience,789.2694791538462,465.09661407416564,782.7858812307693,1.4057685010978453,0.028115979823927027
flash_mob,bank_tellers_drivers,traffic_duration_avg,trip,976.462605576923,504.54839805933244,767.0036140384616,3.109286435789858,1.3800559315020935
flash_mob,bank_tellers_drivers,traffic_length_avg,trip,4040.8056113461535,3735.1864225859085,3925.3803729615383,3.833382001048437,1.447778960101295
flash_mob,bank_tellers_drivers,traffic_speed_avg,trip,4.146395615384616,7.020638514215081,5.143828923076923,-2.9523342355172026,-1.0245329311393234
flash_mob,baseline,drivers_accept,driver_decisions,2.6452717596566524,1.3949411010076185,2.683419270386266,1.382518812375506,-0.04218056308878471
flash_mob,baseline,drivers_acceptance_rate,driver_decisions,1.895562618025751,2.353084458097813,2.1455831330472104,-2.2623382822281743,-1.2362928562849858
flash_mob,baseline,drivers_busy,supply,3521.303254420601,1148.7465351191938,3361.953892017167,2.439741201840138,0.1638617116209919
flash_mob,baseline,drivers_change_provider,driver_decisions,0.8963087982832618,0.42957278201032195,0.8192341201716739,1.7328624984368124,0.2861570879941602
flash_mob,baseline,drivers_change_zone,driver_decisions,1.5844778540772535,0.7768908134676824,1.5205004721030042,1.552632318684849,0.12300017945197286
flash_mob,baseline,drivers_demand_pressure,market,0.0,0.0,0.0,,
flash_mob,baseline,drivers_idle,supply,6892.191779785408,5332.721131253379,8020.593772060087,0.4732719746896697,-0.34245020233648005
flash_mob,baseline,drivers_idle_duration_avg,supply,917.3627263090129,285.7079534922585,969.5717853218883,5.322784522791138,-0.43995166857362056
flash_mob,baseline,drivers_occupied_distance_avg,supply,5594.856414678113,2122.283004276235,5740.499325321889,3.1230392891732754,-0.13098312933215334
flash_mob,baseline,drivers_occupied_duration_avg,supply,660.3765886695279,242.2850764020644,674.2548082403434,3.484488177775841,-0.11566484992918942
flash_mob,baseline,drivers_passengers_served,supply,2.4486268240343345,0.8992836298844924,2.127775321888412,1.7991799110101423,0.3725898685701662
flash_mob,baseline,drivers_pickup,supply,1166.4337743776823,318.5981065028262,757.823667167382,2.9657893745830513,1.429347172134334
flash_mob,baseline,drivers_pickup_accept,driver_decisions,1.2121535622317596,0.3752944728434504,0.8606941201716737,2.3038927460261736,0.9675761061237867
flash_mob,baseline,drivers_pickup_reject,driver_decisions,0.2976969527896996,0.08395477267141804,0.20197420600858368,2.621220461821144,1.1738928759196487
flash_mob,baseline,drivers_reject,driver_decisions,1.4104937339055794,0.6405127525190465,1.268912789699571,1.698149484739681,0.31224876102711957
flash_mob,baseline,drivers_removed,supply,0.48253969957081544,0.21718714180388304,0.43651600858369094,1.7461253484612227,0.30285418817387055
flash_mob,baseline,drivers_shift_duration_avg,supply,4266.7123367811155,1641.6646932637009,4354.719984763949,2.809416444862983,-0.09418881753528201
flash_mob,baseline,drivers_starting,supply,0.44559313304721027,0.24120671909560085,0.4404075965665236,1.3129214054563696,0.0333104422776374
flash_mob,baseline,drivers_total_length_avg,supply,24804.87730167382,10185.048357589088,25282.105098111595,2.4453378404386616,-0.07982194549619673
flash_mob,baseline,drivers_waiting,supply,3.085600901287554,1.5679991545834355,3.050572017167382,1.4118735927137496,0.03258849469494114
flash_mob,baseline,passengers_accept,passenger_decisions,10.7293708583691,5.114736736298846,10.179670515021458,1.6441494849536855,0.16097033515349338
flash_mob,baseline,passengers_acceptance_rate,passenger_decisions,2.0034888841201717,2.2383662472351933,2.0988063519313305,-2.020181216925676,-0.8198259532687407
flash_mob,baseline,passengers_arrivals,demand,1.9919957939914164,1.2724923887933153,2.4621816309012874,0.9408107287634755,-0.6148072082517059
flash_mob,baseline,passengers_change_provider,passenger_decisions,3.381073347639485,1.5046395084787418,3.0888840772532187,1.6454691584810968,0.2562245589616597
flash_mob,baseline,passengers_departures,demand,2.1120029613733906,1.2624182845908085,2.422675321888412,1.1498916681036275,-0.42048729058908246
flash_mob,baseline,passengers_drivers_ratio,demand,0.22328030042918454,0.13664893585647578,0.16777755364806865,1.238623315000321,0.7935578130245259
flash_mob,baseline,passengers_no_ratings_count,passenger_experience,0.4337764377682403,0.27714548046202997,0.5498062660944205,0.845169066808096,-0.6260883762373141
flash_mob,baseline,passengers_offers_discarded,passenger_decisions,83.26768223175968,39.348359130007374,78.85457115879828,1.6407946639791366,0.16487068990763662
flash_mob,baseline,passengers_pickup_accept,passenger_decisions,1.305107381974249,0.4080384000983043,0.9422675107296138,2.2548436270716326,0.912022584497965
flash_mob,baseline,passengers_pickup_reject,passenger_decisions,0.20472090128755366,0.05120179405259278,0.12046484978540774,3.1067272497173004,1.7050683518806338
flash_mob,baseline,passengers_rating_avg,passenger_experience,4.8837715879828325,4.8871736692061925,4.8817181974248935,-0.16142612368239473,0.0974317943669643
flash_mob,baseline,passengers_ratings_count,passenger_experience,1.5629400858369098,0.9960940624231998,1.916409313304721,0.978245051846946,-0.6100060836065588
flash_mob,baseline,passengers_reject,passenger_decisions,5.374785193133047,2.368669306955026,4.86876974248927,1.671087565845411,0.2812919260978886
flash_mob,baseline,passengers_unassigned,demand,25.59301875536481,11.343964190218728,22.329349356223172,1.772131814857076,0.40589727191735814
flash_mob,baseline,rides_dispatched,matching,2.6452717596566524,1.3949411010076185,2.683419270386266,1.382518812375506,-0.04218056308878471
flash_mob,baseline,rides_duration_avg,trip,1261.6213486695278,566.2004953600393,1058.4649104721032,2.9756435907661105,0.8692882164348953
flash_mob,baseline,rides_in_progress,matching,3348.606780987124,1118.559633814205,2895.4819957939917,2.699363708330651,0.5484855340597062
flash_mob,baseline,rides_length_avg,trip,6300.898286137339,4508.89795699189,6479.581792918456,1.5489679960910072,-0.15445032510973178
flash_mob,baseline,rides_offers_generated,matching,92.13956356223176,43.62062384861145,87.06802596566524,1.6430560201410218,0.17174366193066126
flash_mob,baseline,rides_offers_lyft,matching,34.90163133047211,16.367091393462765,32.392346051502145,1.6583736221145273,0.2245177129373913
flash_mob,baseline,rides_offers_price_lyft_avg,market,24.16310407725322,20.77042528139592,21.722073819742494,6.337724503006163,4.559988789535818
flash_mob,baseline,rides_offers_price_no_surge_avg,market,23.940990128755367,19.88425594249201,20.9850439055794,6.841600545800482,4.985143804175467
flash_mob,baseline,rides_offers_price_uber_avg,market,23.804484978540774,19.35709652002949,20.550214506437765,7.113741270794691,5.205310572640404
flash_mob,baseline,rides_offers_radius_avg,matching,1759.566550214592,1312.4003387466207,1454.1493353218887,0.9431933308110495,0.6442067240635333
flash_mob,baseline,rides_offers_surge_lyft_avg,market,1.0,1.0,1.0,,
flash_mob,baseline,rides_offers_surge_uber_avg,market,1.0,1.0,1.0,,
flash_mob,baseline,rides_offers_uber,matching,57.23844768240343,27.253504106660113,54.67588703862661,1.594788016026757,0.13629310306066747
flash_mob,baseline,rides_partial_acceptances,matching,6.673976909871244,3.079296701892358,6.2276181545064375,1.6673281552742558,0.20703552948075948
flash_mob,baseline,rides_waiting_duration_avg,passenger_experience,789.8851151931331,461.32692926271807,780.7250215450642,1.4247853485371114,0.03972254468120424
flash_mob,baseline,traffic_duration_avg,trip,1051.9672875965664,521.762316092406,768.2582202145924,3.493344976321325,1.8692650928261811
flash_mob,baseline,traffic_length_avg,trip,4077.891041974249,3748.4551696141557,3926.195411888412,4.132114703686254,1.9027185444986479
flash_mob,baseline,traffic_speed_avg,trip,3.9049347639484977,6.960035709019414,5.137309012875537,-3.138106078913495,-1.2658570671106335
flash_mob,drivers,drivers_accept,driver_decisions,2.678824345794392,1.397977687606942,2.7465187850467285,1.416261041399856,-0.07485126843221442
flash_mob,drivers,drivers_acceptance_rate,driver_decisions,1.752913644859813,2.3506646174529457,2.1513553271028036,-2.955738480863716,-1.9702007467703289
flash_mob,drivers,drivers_busy,supply,3466.8179894859813,1152.781578433146,3376.6387820093455,2.379563754440496,0.0927328422710253
flash_mob,drivers,drivers_change_provider,driver_decisions,0.9528971028037384,0.433166352969934,0.8332162616822428,1.9296173731421975,0.4443420566017244
flash_mob,drivers,drivers_change_zone,driver_decisions,1.7349219626168222,0.779373490589098,1.5445169626168223,1.8370966411500722,0.36606451289268616
flash_mob,drivers,drivers_demand_pressure,market,0.0,0.0,0.0,,
flash_mob,drivers,drivers_idle,supply,7317.669703785046,5428.128431693963,7883.276321355141,0.5734426165327158,-0.17165168260584013
flash_mob,drivers,drivers_idle_duration_avg,supply,839.3846811214954,319.1122636201418,866.7325085046731,4.38419543505091,-0.23045277039230294
flash_mob,drivers,drivers_occupied_distance_avg,supply,5309.897964018691,2219.7494605255433,5371.145041822429,2.779107608461541,-0.05508221359847132
flash_mob,drivers,drivers_occupied_duration_avg,supply,615.7119800934579,254.08615491811292,626.3682325700934,3.013887810752345,-0.0888121013814718
flash_mob,drivers,drivers_passengers_served,supply,2.3542215420560746,0.9344593571253973,2.08953261682243,1.6487035352685688,0.3073708902878373
flash_mob,drivers,drivers_pickup,supply,1124.095286682243,316.8866236274749,798.9612187850469,2.8236732266288516,1.1373420586344103
flash_mob,drivers,drivers_pickup_accept,driver_decisions,1.2100231308411213,0.37624053043265704,0.9190190186915889,2.295423099542349,0.8011411616920425
flash_mob,drivers,drivers_pickup_reject,driver_decisions,0.3439336448598131,0.08556805182107065,0.21482827102803734,3.168458274024042,1.5832796663328028
flash_mob,drivers,drivers_reject,driver_decisions,1.5446337383177569,0.6516190246883403,1.2932553738317756,1.9694934192841749,0.5544007585198766
flash_mob,drivers,drivers_removed,supply,0.5423994859813084,0.2275987020288438,0.4381071495327103,2.0715143400187843,0.6862850460371074
flash_mob,drivers,drivers_shift_duration_avg,supply,4090.763212803738,1768.4102665240773,4012.9557106074762,2.4854621492932893,0.08327227002668319
flash_mob,drivers,drivers_starting,supply,0.3787847196261683,0.24016130041554634,0.4475543457943925,0.8904782409963315,-0.4417569274583533
flash_mob,drivers,drivers_total_length_avg,supply,24217.18379953271,10818.196570283548,23569.7286817757,2.241137746587267,0.10829446127531317
flash_mob,drivers,drivers_waiting,supply,3.1404593925233653,1.5760676973845027,3.1260669158878502,1.4554037828594344,0.013389782753983004
flash_mob,drivers,passengers_accept,passenger_decisions,11.386120981308412,5.135072889269127,10.384547990654205,1.8305124212007395,0.2932935042471556
flash_mob,drivers,passengers_acceptance_rate,passenger_decisions,1.985163691588785,2.257417883158152,2.1326006542056075,-2.341659480264086,-1.2681059537151673
flash_mob,drivers,passengers_arrivals,demand,1.9017757943925238,1.282014605230995,2.446425,0.8103894600385344,-0.7121742751265163
flash_mob,drivers,passengers_change_provider,passenger_decisions,3.5835285046728975,1.5081752578831582,3.127398738317758,1.8199041656984247,0.39998610509937393
flash_mob,drivers,passengers_departures,demand,2.0905680841121494,1.2668377071620631,2.4485515420560744,1.1148985181863909,-0.48452168083769276
flash_mob,drivers,passengers_drivers_ratio,demand,0.22857271028037385,0.132143588364703,0.17551686915887857,1.3787080376589724,0.7585728579270148
flash_mob,drivers,passengers_no_ratings_count,passenger_experience,0.4233414018691589,0.27858232461500854,0.5350772897196261,0.7811092796662642,-0.6029185908564263
flash_mob,drivers,passengers_offers_discarded,passenger_decisions,88.54778808411216,39.509856917624056,80.3399613551402,1.8320222195623868,0.30663856700526393
flash_mob,drivers,passengers_pickup_accept,passenger_decisions,1.3499297196261681,0.41040448301148863,1.007967196261682,2.36156029809817,0.8595459569823549
flash_mob,drivers,passengers_pickup_reject,passenger_decisions,0.20400313084112148,0.0513967196284527,0.1260433644859813,3.0882572517200884,1.577652025727465
flash_mob,drivers,passengers_rating_avg,passenger_experience,4.883092056074766,4.882621236861403,4.885780560747663,0.02234000765369887,-0.12756746807449593
flash_mob,drivers,passengers_ratings_count,passenger_experience,1.4815811214953274,1.0039774578342704,1.9148056074766358,0.8242333921771352,-0.7476452021272154
flash_mob,drivers,passengers_reject,passenger_decisions,5.771440794392523,2.3801136396968956,4.889758738317758,1.8852249395917504,0.4901234605458938
flash_mob,drivers,passengers_unassigned,demand,27.806355140186916,11.351445788315814,22.99765593457944,2.0464703984198023,0.5980501240537982
flash_mob,drivers,rides_dispatched,matching,2.678824345794392,1.397977687606942,2.7465187850467285,1.416261041399856,-0.07485126843221442
flash_mob,drivers,rides_duration_avg,trip,1207.1125875233645,565.685952581276,1047.9929003738316,2.7446071628839626,0.6808589000141733
flash_mob,drivers,rides_in_progress,matching,3272.0394937850465,1121.6397588975801,2914.7871028971967,2.602954386017284,0.4324366594219996
flash_mob,drivers,rides_length_avg,trip,6163.974768271028,4504.6376684209245,6495.958736028037,1.4342966463739202,-0.28696007076970675
flash_mob,drivers,rides_offers_generated,matching,98.08605906542056,43.80344786360303,88.76797509345793,1.838238256040937,0.3155496401339304
flash_mob,drivers,rides_offers_lyft,matching,35.90464957943925,16.481805091664633,33.263029439252335,1.7378544638510895,0.23635834366651823
flash_mob,drivers,rides_offers_price_lyft_avg,market,24.207678364485982,20.697219956000975,21.79752985981309,6.557743780344373,4.502299850077389
flash_mob,drivers,rides_offers_price_no_surge_avg,market,23.94213107476636,19.81488703739917,21.05013841121495,6.960513990371181,4.877287413210823
flash_mob,drivers,rides_offers_price_uber_avg,market,23.78413018691589,19.276538117819605,20.603599813084113,7.210038887534183,5.0873609072855315
flash_mob,drivers,rides_offers_radius_avg,matching,1841.7047328971964,1323.726373632364,1501.1414274766353,1.092555120296769,0.7183392442312186
flash_mob,drivers,rides_offers_surge_lyft_avg,market,1.0,1.0,1.0,,
flash_mob,drivers,rides_offers_surge_uber_avg,market,1.0,1.0,1.0,,
flash_mob,drivers,rides_offers_uber,matching,62.18143317757009,27.32166858714251,55.50502345794393,1.854061678318487,0.3550934883051691
flash_mob,drivers,rides_partial_acceptances,matching,7.161658504672899,3.085542564165241,6.344680887850466,1.8906335135697114,0.37894046311362606
flash_mob,drivers,rides_waiting_duration_avg,passenger_experience,793.4759736915889,464.4404680909313,780.5609560280374,1.426855234791214,0.05600569010635889
flash_mob,drivers,traffic_duration_avg,trip,960.617873084112,516.325523840137,765.8339420093458,2.9272951587879654,1.2833668178511495
flash_mob,drivers,traffic_length_avg,trip,3969.9340112616824,3744.5796325397214,3923.115457710281,2.8266203531085043,0.5872451963082034
flash_mob,drivers,traffic_speed_avg,trip,3.9827785981308415,6.937156577853825,5.118193504672896,-3.034646535177468,-1.166263401560341
flash_mob,managers,drivers_accept,driver_decisions,2.713099710144928,1.4012891727672034,2.730934057971014,1.4504985010578721,-0.01971984067210935
flash_mob,managers,drivers_acceptance_rate,driver_decisions,1.9607627536231884,2.4230418838457783,2.1530847826086954,-2.285861967186058,-0.9509873640593398
flash_mob,managers,drivers_busy,supply,3546.04560115942,1162.9550806417765,3381.741326714977,2.450573292230294,0.16895693356430694
flash_mob,managers,drivers_change_provider,driver_decisions,0.9097183091787436,0.43050845778428504,0.8273988888888889,1.7791744185375389,0.305629373649899
flash_mob,managers,drivers_change_zone,driver_decisions,1.603099951690821,0.7710422254758418,1.5362477777777777,1.5996786126702687,0.12852713153171078
flash_mob,managers,drivers_demand_pressure,market,0.0,0.0,0.0,,
flash_mob,managers,drivers_idle,supply,7063.191223913043,5446.906190480722,7940.047368454106,0.49051414347165445,-0.2661104519256977
flash_mob,managers,drivers_idle_duration_avg,supply,742.4419919323672,297.71109221815516,916.531331062802,3.74762742510381,-1.46700393915212
flash_mob,managers,drivers_occupied_distance_avg,supply,4993.420265120773,2180.1388332991705,5557.114092995169,2.5301087708506405,-0.5069548612688597
flash_mob,managers,drivers_occupied_duration_avg,supply,579.465495120773,246.06091562469496,649.0123129951689,2.778684287011339,-0.5796220625742685
flash_mob,managers,drivers_passengers_served,supply,2.222455700483092,0.909756449487555,2.10157,1.5243763489632725,0.14037891969888067
flash_mob,managers,drivers_pickup,supply,1095.083152125604,321.82998354563205,781.3972086956522,2.7048944956343344,1.0972957062687898
flash_mob,managers,drivers_pickup_accept,driver_decisions,1.2208774396135267,0.3819659712054661,0.8949519323671498,2.309542993715014,0.8972805833281766
flash_mob,managers,drivers_pickup_reject,driver_decisions,0.3023434299516908,0.0844259541239629,0.20872763285024154,2.672424068623031,1.1480543651993333
flash_mob,managers,drivers_reject,driver_decisions,1.403421497584541,0.6322990019521718,1.2847263768115942,1.700667029815793,0.26177537244976307
flash_mob,managers,drivers_removed,supply,0.4580432850241546,0.21775656417764763,0.43913,1.581182174008791,0.12445693639160321
flash_mob,managers,drivers_shift_duration_avg,supply,3753.7751649758457,1715.9685639116642,4172.030620096618,2.1809308454336525,-0.4476314007754327
flash_mob,managers,drivers_starting,supply,0.45573294685990345,0.23881274524158125,0.44350217391304353,1.3934349670034123,0.07856707937060328
flash_mob,managers,drivers_total_length_avg,supply,22453.48652835749,10608.240609058077,24362.995765748794,1.981256291475569,-0.319387813135077
flash_mob,managers,drivers_waiting,supply,3.1318519806763288,1.5654648047828208,3.1074556038647345,1.4572602426245678,0.022696732033281923
flash_mob,managers,passengers_accept,passenger_decisions,10.654662222222221,5.072651664226452,10.313952946859903,1.6345962327017578,0.09977087864085929
flash_mob,managers,passengers_acceptance_rate,passenger_decisions,1.4259126086956522,2.2465333040507565,2.1165788405797104,-7.058162153178755,-5.940423250297352
flash_mob,managers,passengers_arrivals,demand,1.978228792270531,1.2797925841874085,2.460756763285024,0.9132636109492247,-0.6309455782685495
flash_mob,managers,passengers_change_provider,passenger_decisions,4.315273526570048,1.5268477135187897,3.1230998550724633,2.4452067428823274,1.045432547134109
flash_mob,managers,passengers_departures,demand,2.135587729468599,1.2684708272327965,2.438623381642512,1.1736210979331767,-0.4101511963383795
flash_mob,managers,passengers_drivers_ratio,demand,0.21844850241545893,0.1333188701805759,0.17238222222222224,1.2171520996305143,0.6586386923963509
flash_mob,managers,passengers_no_ratings_count,passenger_experience,0.4905316908212561,0.2822668887262079,0.5423665700483091,1.1237814762986549,-0.2796971764578608
flash_mob,managers,passengers_offers_discarded,passenger_decisions,85.56182743961351,39.13404783308932,79.84366371980677,1.7345088143160585,0.2136265282932753
flash_mob,managers,passengers_pickup_accept,passenger_decisions,1.2328821256038647,0.41223882137628115,0.9795491304347825,2.0627425114699465,0.6367696366999882
flash_mob,managers,passengers_pickup_reject,passenger_decisions,0.2905796618357488,0.0541512420693021,0.12431555555555555,4.784541986502306,3.3646445640151477
flash_mob,managers,passengers_rating_avg,passenger_experience,4.900003913043478,4.887347118106393,4.8831430917874385,0.6005551339890502,0.8000329324225
flash_mob,managers,passengers_ratings_count,passenger_experience,1.4903461352657006,0.9980263128355296,1.9217150724637677,0.8496300764678407,-0.7444429543549989
flash_mob,managers,passengers_reject,passenger_decisions,7.520257826086957,2.4076830868716446,4.893711884057971,2.8420594546740334,1.4600861813171078
flash_mob,managers,passengers_unassigned,demand,25.67151333333333,11.244383091752075,22.748502657004828,1.794278798028498,0.3635300988571611
flash_mob,managers,rides_dispatched,matching,2.713099710144928,1.4012891727672034,2.730934057971014,1.4504985010578721,-0.01971984067210935
flash_mob,managers,rides_duration_avg,trip,1241.9454895652175,564.0648066788679,1056.0286647342996,2.900590771380307,0.7955214537944001
flash_mob,managers,rides_in_progress,matching,3356.166046811594,1118.8162542435334,2914.394943768116,2.708203205728472,0.5347424535201084
flash_mob,managers,rides_length_avg,trip,6256.786122850242,4517.335336534896,6502.8120999516905,1.5035452588687106,-0.21265976269038525
flash_mob,managers,rides_offers_generated,matching,94.52196458937196,43.377952603709126,88.2075202415459,1.7319520435360662,0.213833728865031
flash_mob,managers,rides_offers_lyft,matching,36.34815608695652,16.279158560273306,32.9561190821256,1.7956688557495086,0.3035017169654998
flash_mob,managers,rides_offers_price_lyft_avg,market,24.243303285024155,20.76954345046364,21.749999565217394,6.489188675313314,4.657638706543902
flash_mob,managers,rides_offers_price_no_surge_avg,market,23.919096280193234,19.876042550024405,21.016452560386472,6.81852873197545,4.895250205186869
flash_mob,managers,rides_offers_price_uber_avg,market,23.708591787439612,19.342307510980966,20.58036782608696,6.98401251593458,5.003695113606582
flash_mob,managers,rides_offers_radius_avg,matching,1723.8956615942027,1328.5346828940947,1486.1431493236714,0.8339222168613709,0.5014837396165813
flash_mob,managers,rides_offers_surge_lyft_avg,market,1.0,1.0,1.0,,
flash_mob,managers,rides_offers_surge_uber_avg,market,1.0,1.0,1.0,,
flash_mob,managers,rides_offers_uber,matching,58.1740984057971,27.09879211566618,55.25144927536232,1.6527803676093178,0.15544487507520252
flash_mob,managers,rides_partial_acceptances,matching,6.5390901449275365,3.03915490727184,6.298615362318841,1.6233823944692087,0.1115399291394462
flash_mob,managers,rides_waiting_duration_avg,passenger_experience,778.4256106763285,455.2697671766715,777.6070488405798,1.401358209379621,0.003549675401158344
flash_mob,managers,traffic_duration_avg,trip,1012.7936642995169,515.8972509370425,767.8205731884059,3.27388591707738,1.6140465728548732
flash_mob,managers,traffic_length_avg,trip,4021.14907173913,3746.9832328379694,3925.3183617874392,3.438862580616751,1.2020047568567125
flash_mob,managers,traffic_speed_avg,trip,3.98883347826087,6.955242296242069,5.1197954106280195,-3.0470042435973625,-1.1616894429322109
flash_mob,managers_drivers,drivers_accept,driver_decisions,2.613882083333333,1.3918724600246002,2.6856111666666664,1.3512036047757627,-0.07931246540009854
flash_mob,managers_drivers,drivers_acceptance_rate,driver_decisions,1.6806354166666666,2.335814442804428,2.1440600416666666,-3.2397067477936603,-2.29152617042195
flash_mob,managers_drivers,drivers_busy,supply,3459.6077000833334,1148.4146663124232,3360.1687912499997,2.3766398602926118,0.10225475368957411
flash_mob,managers_drivers,drivers_change_provider,driver_decisions,0.9573954166666667,0.43558336777367773,0.820450875,1.9373446642916845,0.508437430037564
flash_mob,managers_drivers,drivers_change_zone,driver_decisions,1.7366248750000002,0.7785366051660516,1.521826125,1.841979547832047,0.41296289377226414
flash_mob,managers_drivers,drivers_demand_pressure,market,0.0,0.0,0.0,,
flash_mob,managers_drivers,drivers_idle,supply,7255.550429291666,5286.859129284133,8007.18740625,0.5974632610020567,-0.22810863203465973
flash_mob,managers_drivers,drivers_idle_duration_avg,supply,809.998300625,303.9153823271833,960.6169457083334,4.264624349709559,-1.269222726392536
flash_mob,managers_drivers,drivers_occupied_distance_avg,supply,5530.860556791667,2176.6847407847476,5700.157588791667,3.016559081172067,-0.15225632981369802
flash_mob,managers_drivers,drivers_occupied_duration_avg,supply,650.5547626666666,247.6609205190652,669.2263086666666,3.3578266687315743,-0.1556137338090148
flash_mob,managers_drivers,drivers_passengers_served,supply,2.2966666250000003,0.9246921672816729,2.124347166666667,1.593209878912805,0.20010654119767496
flash_mob,managers_drivers,drivers_pickup,supply,1025.9359651666666,321.56480359163595,761.6039027916668,2.4639403435316365,0.9246523255130539
flash_mob,managers_drivers,drivers_pickup_accept,driver_decisions,1.1369993749999998,0.3786486051660516,0.8663197083333334,2.087757496714124,0.7451874854892712
flash_mob,managers_drivers,drivers_pickup_reject,driver_decisions,0.30061137499999996,0.08651388929889299,0.20275687499999998,2.6255777405921656,1.2000355640582268
flash_mob,managers_drivers,drivers_reject,driver_decisions,1.5736944166666664,0.6463046445264453,1.2709445,2.045305665702136,0.6676978099727815
flash_mob,managers_drivers,drivers_removed,supply,0.5665272916666667,0.22598028290282904,0.4368050833333333,2.24093473735223,0.8536237153144504
flash_mob,managers_drivers,drivers_shift_duration_avg,supply,4031.2710303749996,1702.928420888069,4322.11811175,2.4918724932560936,-0.3112745688152337
flash_mob,managers_drivers,drivers_starting,supply,0.367833,0.23980394095940955,0.44129854166666665,0.822423021593921,-0.47192218089628024
flash_mob,managers_drivers,drivers_total_length_avg,supply,24136.732658625,10486.771996563346,25108.352611833332,2.2831159964387795,-0.16251483154779994
flash_mob,managers_drivers,drivers_waiting,supply,3.09784025,1.5627018425584256,3.053117875,1.4281885108095982,0.0416066602473754
flash_mob,managers_drivers,passengers_accept,passenger_decisions,11.189361,5.110433333333333,10.195374583333335,1.7801099011836288,0.29107190593050863
flash_mob,managers_drivers,passengers_acceptance_rate,passenger_decisions,1.3896590833333335,2.2419882902829027,2.102612375,-7.330887198667446,-6.13211434796723
flash_mob,managers_drivers,passengers_arrivals,demand,1.9696458749999999,1.265070942189422,2.4617777083333334,0.9212905056696542,-0.6435034294779468
flash_mob,managers_drivers,passengers_change_provider,passenger_decisions,4.594263791666666,1.522447421894219,3.0897430416666665,2.6937155957700303,1.3193337493461044
flash_mob,managers_drivers,passengers_departures,demand,2.0855139583333333,1.2557988634686348,2.42654175,1.12299868460185,-0.461572609471197
flash_mob,managers_drivers,passengers_drivers_ratio,demand,0.22249087500000003,0.13627537269372694,0.16854000000000002,1.232677469617685,0.7713697223778879
flash_mob,managers_drivers,passengers_no_ratings_count,passenger_experience,0.513270625,0.2749737933579336,0.5490549999999998,1.2858320876409899,-0.1930898421691616
flash_mob,managers_drivers,passengers_offers_discarded,passenger_decisions,90.19838191666668,39.38786224846248,78.96008366666666,1.8982448648501622,0.41985482695361437
flash_mob,managers_drivers,passengers_pickup_accept,passenger_decisions,1.1555552916666667,0.41199517343173436,0.94791675,1.8689887041245672,0.5219135338203872
flash_mob,managers_drivers,passengers_pickup_reject,passenger_decisions,0.28172908333333335,0.053173503075030756,0.12124295833333334,4.625221329464039,3.2477170218033544
flash_mob,managers_drivers,passengers_rating_avg,passenger_experience,4.8561547916666665,4.881308174661746,4.882228166666666,-1.1935085754314378,-1.2371614847603645
flash_mob,managers_drivers,passengers_ratings_count,passenger_experience,1.4607919166666667,0.990929126691267,1.916604375,0.8108744356577566,-0.7866268148966796
flash_mob,managers_drivers,passengers_reject,passenger_decisions,8.097347333333333,2.4077535694956946,4.867861166666668,3.1628219780804625,1.7952581941369752
flash_mob,managers_drivers,passengers_unassigned,demand,26.85288895833333,11.333148767527675,22.39050720833333,1.9301649260096554,0.5549791835702418
flash_mob,managers_drivers,rides_dispatched,matching,2.613882083333333,1.3918724600246002,2.6856111666666664,1.3512036047757627,-0.07931246540009854
flash_mob,managers_drivers,rides_duration_avg,trip,1186.6124956666667,556.6535151414514,1057.6906541666665,2.695538095995479,0.5516450212034587
flash_mob,managers_drivers,rides_in_progress,matching,3142.681785041666,1092.4051664674048,2895.3240695416666,2.481760218941731,0.2994144949100047
flash_mob,managers_drivers,rides_length_avg,trip,6226.230272999999,4484.886835412054,6482.724153333333,1.5051812274571847,-0.22170800159338755
flash_mob,managers_drivers,rides_offers_generated,matching,99.7415415,43.6705821697417,87.19029887500001,1.89879926944902,0.4250380341569517
flash_mob,managers_drivers,rides_offers_lyft,matching,38.30123612500001,16.536925781057807,32.464972083333336,1.947356573218077,0.5221983589174132
flash_mob,managers_drivers,rides_offers_price_lyft_avg,market,23.623066333333334,20.75562694218942,21.73654491666667,5.356546252574344,3.524133502544845
flash_mob,managers_drivers,rides_offers_price_no_surge_avg,market,23.302380583333335,19.86792745879459,20.996447208333333,5.792136061301468,3.888910220048466
flash_mob,managers_drivers,rides_offers_price_uber_avg,market,23.102410583333334,19.334475899138994,20.55913,6.026933045912619,4.068059315629317
flash_mob,managers_drivers,rides_offers_radius_avg,matching,1671.4363242916668,1326.308117372694,1457.5424015416668,0.7279678443774076,0.4511595828685814
flash_mob,managers_drivers,rides_offers_surge_lyft_avg,market,1.0,1.0,1.0,,
flash_mob,managers_drivers,rides_offers_surge_uber_avg,market,1.0,1.0,1.0,,
flash_mob,managers_drivers,rides_offers_uber,matching,61.44038929166666,27.133676846248463,54.725590333333336,1.8246468844946842,0.3571352696305173
flash_mob,managers_drivers,rides_partial_acceptances,matching,7.002048583333334,3.0723270971709717,6.239305666666667,1.8227310628971487,0.35378466695633515
flash_mob,managers_drivers,rides_waiting_duration_avg,passenger_experience,808.3498080416667,477.94542418204173,781.173071375,1.4327913452606114,0.11785132095877475
flash_mob,managers_drivers,traffic_duration_avg,trip,962.7022807083333,513.8813255621155,767.6732785833333,2.957132643399734,1.284981509844224
flash_mob,managers_drivers,traffic_length_avg,trip,4008.032593333333,3740.838186174662,3925.2090974166667,3.3514199004905296,1.038855249236093
flash_mob,managers_drivers,traffic_speed_avg,trip,4.1479144166666675,6.962829185731858,5.137445916666667,-2.891394198505543,-1.016416436398407
flash_mob,students,drivers_accept,driver_decisions,2.643703621399177,1.3932903692762189,2.680404732510288,1.382610137842645,-0.04058124640486618
flash_mob,students,drivers_acceptance_rate,driver_decisions,1.8865838683127574,2.3774522525849333,2.141922345679012,-2.4272291287767227,-1.2625889338540557
flash_mob,students,drivers_busy,supply,3575.2485137860076,1145.6443320211717,3357.5103070781893,2.4984040963876857,0.22390397236794687
flash_mob,students,drivers_change_provider,driver_decisions,0.9036895884773662,0.4262199162973904,0.8199514403292181,1.772713611579858,0.3108967201057307
flash_mob,students,drivers_change_zone,driver_decisions,1.612119547325103,0.7663514549483013,1.5202123456790124,1.6260375765136967,0.17669685671020233
flash_mob,students,drivers_demand_pressure,market,0.0,0.0,0.0,,
flash_mob,students,drivers_idle,supply,7146.702942469136,5447.7929431462335,8015.346814156379,0.5155893706344817,-0.26361817123168385
flash_mob,students,drivers_idle_duration_avg,supply,812.9866151851851,279.6459573190546,963.4188589711935,4.494317974367062,-1.267651972900077
flash_mob,students,drivers_occupied_distance_avg,supply,5522.908890658436,2149.42543735352,5706.796289341564,3.0339232957577487,-0.1653780937074038
flash_mob,students,drivers_occupied_duration_avg,supply,654.5124654320988,245.2179527744953,670.6733786419753,3.411171594585206,-0.13468943848315118
flash_mob,students,drivers_passengers_served,supply,2.3810974485596708,0.8966850640078778,2.125171399176955,1.7237787935072268,0.2971949717094375
flash_mob,students,drivers_pickup,supply,1126.2405074485596,316.0687547833579,759.0799119753086,2.834038324507534,1.2843538365749467
flash_mob,students,drivers_pickup_accept,driver_decisions,1.187626502057613,0.3748084071885771,0.8624076543209878,2.2377073229572866,0.895335133085631
flash_mob,students,drivers_pickup_reject,driver_decisions,0.31215353909465016,0.08275615214180208,0.20176263374485595,2.813207595414052,1.3537753743398477
flash_mob,students,drivers_reject,driver_decisions,1.4206243621399175,0.6241359675036928,1.2695337037037036,1.7566100847283823,0.3332218976505273
flash_mob,students,drivers_removed,supply,0.4616525102880658,0.21606350073855246,0.4362478600823045,1.6160733421478637,0.16717270060020678
flash_mob,students,drivers_shift_duration_avg,supply,4197.588208683127,1687.1095029345151,4332.391886748971,2.6868008197207027,-0.1442715414790471
flash_mob,students,drivers_starting,supply,0.4417693004115226,0.24058952732644018,0.44095325102880656,1.2923228375189175,0.0052420739801768215
flash_mob,students,drivers_total_length_avg,supply,25197.880695102882,10541.888377671099,25159.05270790123,2.4513865887257773,0.0064944362027354215
flash_mob,students,drivers_waiting,supply,3.079169917695473,1.5541490177252586,3.047372962962963,1.4187758690187462,0.029581727098722494
flash_mob,students,passengers_accept,passenger_decisions,10.59952024691358,5.035027070408666,10.182235514403292,1.6294665674146263,0.12219469036084787
flash_mob,students,passengers_acceptance_rate,passenger_decisions,1.7488197530864198,2.2604629763663224,2.101581975308642,-4.400645578310583,-3.0341094004248803
flash_mob,students,passengers_arrivals,demand,1.9586968312757196,1.2724757927129493,2.461591193415637,0.8972912577186686,-0.6575763337848727
flash_mob,students,passengers_change_provider,passenger_decisions,3.989088024691358,1.4961241752831118,3.0868586831275717,2.1861123167786682,0.7911766055572297
flash_mob,students,passengers_departures,demand,2.0632784362139915,1.2638560290497292,2.4234637037037037,1.0819982874158838,-0.48750177513628573
flash_mob,students,passengers_drivers_ratio,demand,0.21700946502057614,0.13171292466765142,0.16810497942386832,1.2195384903735083,0.699218306983268
flash_mob,students,passengers_no_ratings_count,passenger_experience,0.4599243209876543,0.27645814130969965,0.549985720164609,0.989969942954025,-0.485964652243112
flash_mob,students,passengers_offers_discarded,passenger_decisions,84.08559666666666,38.776210312653866,78.85978086419753,1.6927264381009353,0.19523276039031412
flash_mob,students,passengers_pickup_accept,passenger_decisions,1.2760702880658434,0.4047582619399311,0.9435460493827161,2.190101774773636,0.8358221893633418
flash_mob,students,passengers_pickup_reject,passenger_decisions,0.22384773662551438,0.052789229443623825,0.1206651851851852,3.4616676394853276,2.088079132484863
flash_mob,students,passengers_rating_avg,passenger_experience,4.897783004115227,4.890965871491876,4.881992921810699,0.3234676722178773,0.7492271970298539
flash_mob,students,passengers_ratings_count,passenger_experience,1.5045061728395064,0.9968123239783359,1.915452839506173,0.8761620880933556,-0.7091988417218906
flash_mob,students,passengers_reject,passenger_decisions,6.093189300411524,2.3330695174790743,4.86435534979424,2.0902352581412282,0.6831037834592751
flash_mob,students,passengers_unassigned,demand,25.775185102880663,11.128293948793697,22.351989300411525,1.8216101064274424,0.42573731206555776
flash_mob,students,rides_dispatched,matching,2.643703621399177,1.3932903692762189,2.680404732510288,1.382610137842645,-0.04058124640486618
flash_mob,students,rides_duration_avg,trip,1250.9815918930042,566.5172786189069,1057.6286494238682,2.928761536570973,0.827339935631756
flash_mob,students,rides_in_progress,matching,3381.065871069959,1116.2563892811422,2892.9694788065844,2.7414418251982515,0.590816965064242
flash_mob,students,rides_length_avg,trip,6205.649378765432,4509.272853259478,6481.976938971193,1.4663127593184213,-0.23885182398417643
flash_mob,students,rides_offers_generated,matching,92.98791502057614,42.98139023387493,87.08460930041154,1.6934319274511183,0.19991084016880364
flash_mob,students,rides_offers_lyft,matching,34.61708506172839,16.200419266371245,32.41739353909465,1.647826860883348,0.19681688406199258
flash_mob,students,rides_offers_price_lyft_avg,market,24.31700164609054,20.78101177744953,21.736447242798356,6.605438056862913,4.820628139939369
flash_mob,students,rides_offers_price_no_surge_avg,market,24.076335761316873,19.917103284096502,20.99533633744856,7.01446185027778,5.196043509906225
flash_mob,students,rides_offers_price_uber_avg,market,23.93201942386831,19.37829021910389,20.557641028806586,7.283836723990449,5.397427068977866
flash_mob,students,rides_offers_radius_avg,matching,1757.8986597942385,1309.4360592072871,1454.1510250617284,0.945927762751119,0.64068513224384
flash_mob,students,rides_offers_surge_lyft_avg,market,1.0,1.0,1.0,,
flash_mob,students,rides_offers_surge_uber_avg,market,1.0,1.0,1.0,,
flash_mob,students,rides_offers_uber,matching,58.37039765432099,26.780977722796653,54.667469218107,1.6801241667430058,0.19694503941157987
flash_mob,students,rides_partial_acceptances,matching,6.53520609053498,3.0176508468734613,6.232640740740741,1.6315551192763833,0.1403395287855053
flash_mob,students,rides_waiting_duration_avg,passenger_experience,772.9581524279836,456.78074820531754,781.4799648971192,1.3710963609056392,-0.03695465238408881
flash_mob,students,traffic_duration_avg,trip,1002.4632132921811,517.9866924372229,767.7214869547325,3.1920553582757596,1.5466354985460307
flash_mob,students,traffic_length_avg,trip,4008.9509647325103,3749.321932412605,3925.5954158024692,3.2565273911040893,1.0455287910819064
flash_mob,students,traffic_speed_avg,trip,3.896503744855967,6.978348114229444,5.139587119341565,-3.16557610490731,-1.2768571527442618
flash_mob,students_drivers,drivers_accept,driver_decisions,2.6731879487179495,1.4029574038929442,2.7509401538461535,1.4045225653924382,-0.08597236702934813
flash_mob,students_drivers,drivers_acceptance_rate,driver_decisions,1.708742512820513,2.310466416058394,2.1523226666666666,-2.975383691874486,-2.1933999109742084
flash_mob,students_drivers,drivers_busy,supply,3252.556363179487,1149.6251474136252,3386.5318999487176,2.1624806226973736,-0.1377693668755724
flash_mob,students_drivers,drivers_change_provider,driver_decisions,0.9597599487179487,0.43945339659367394,0.8327945641025642,1.9317551687287426,0.471387563694989
flash_mob,students_drivers,drivers_change_zone,driver_decisions,1.7224361025641024,0.7922647858880779,1.5413330256410256,1.7883076071834119,0.34818103325654687
flash_mob,students_drivers,drivers_demand_pressure,market,0.0,0.0,0.0,,
flash_mob,students_drivers,drivers_idle,supply,7404.529085282052,5389.202369379562,7889.7893488717955,0.6116162913215799,-0.14726797417042306
flash_mob,students_drivers,drivers_idle_duration_avg,supply,778.8656002051281,295.10390511192213,872.9652056410256,4.076529417926726,-0.7929520126657114
flash_mob,students_drivers,drivers_occupied_distance_avg,supply,5052.758506871794,2196.5227175523114,5400.666345076923,2.5687395297297018,-0.3128889498696622
flash_mob,students_drivers,drivers_occupied_duration_avg,supply,586.5217228205129,247.22940403892943,630.1757521538461,2.8277543047758846,-0.36382453281416943
flash_mob,students_drivers,drivers_passengers_served,supply,2.3317690256410257,0.9376941995133818,2.0851110769230767,1.618874004858628,0.2864323591441704
flash_mob,students_drivers,drivers_pickup,supply,1107.967408923077,321.48388095620436,794.2638047692308,2.7511752323128684,1.0973574847351344
flash_mob,students_drivers,drivers_pickup_accept,driver_decisions,1.195256717948718,0.37863792214111924,0.914017435897436,2.2481707419882846,0.7742583548792713
flash_mob,students_drivers,drivers_pickup_reject,driver_decisions,0.3288718461538461,0.08834750364963503,0.21282876923076924,2.9496626626958915,1.423090601560856
flash_mob,students_drivers,drivers_reject,driver_decisions,1.5804615384615384,0.6615662189781022,1.2943676410256413,2.0265716310298902,0.6309639020474032
flash_mob,students_drivers,drivers_removed,supply,0.5354788205128205,0.22960953041362533,0.43509369230769235,2.012741558825104,0.6605740620803146
flash_mob,students_drivers,drivers_shift_duration_avg,supply,3782.0619854871793,1725.1380214720193,4035.719761333334,2.2013909060308485,-0.2714732925283869
flash_mob,students_drivers,drivers_starting,supply,0.38889758974358984,0.23850932360097324,0.4482905128205129,0.9660523413990647,-0.38152359803513175
flash_mob,students_drivers,drivers_total_length_avg,supply,22370.464791128208,10721.297688075425,23693.881116153843,1.948459810004402,-0.22135690031782773
flash_mob,students_drivers,drivers_waiting,supply,3.165717948717949,1.5854334866180049,3.1332478461538464,1.470189333835661,0.03020797812240617
flash_mob,students_drivers,passengers_accept,passenger_decisions,11.358666871794872,5.211370291970803,10.376008205128205,1.8001305669849363,0.2877547682643212
flash_mob,students_drivers,passengers_acceptance_rate,passenger_decisions,1.7916214358974358,2.245387924574209,2.1289599487179487,-3.9028475334433286,-2.901450009092243
flash_mob,students_drivers,passengers_arrivals,demand,1.9351536923076922,1.276070493917275,2.4488801025641025,0.8618062676475118,-0.6717401403893358
flash_mob,students_drivers,passengers_change_provider,passenger_decisions,4.181384666666666,1.5572765279805354,3.128239282051282,2.3011144441194316,0.9235168400908795
flash_mob,students_drivers,passengers_departures,demand,2.100359076923077,1.2656543795620439,2.4445301025641024,1.1297519871206907,-0.4658268982511019
flash_mob,students_drivers,passengers_drivers_ratio,demand,0.22229666666666664,0.1332151800486618,0.17494774358974363,1.273654256794536,0.6769774475156902
flash_mob,students_drivers,passengers_no_ratings_count,passenger_experience,0.44264964102564097,0.2762859294403893,0.5331959487179487,0.8976862894118531,-0.4885811827454892
flash_mob,students_drivers,passengers_offers_discarded,passenger_decisions,89.74332492307694,40.167361686131386,80.29363276923077,1.8521227149231867,0.3530337757336176
flash_mob,students_drivers,passengers_pickup_accept,passenger_decisions,1.2989659999999998,0.413610201946472,1.0016239487179486,2.2254017464266638,0.7473893791218583
flash_mob,students_drivers,passengers_pickup_reject,passenger_decisions,0.22545328205128207,0.05335779562043795,0.12559805128205126,3.4826527256295865,2.0207449876762427
flash_mob,students_drivers,passengers_rating_avg,passenger_experience,4.870842256410256,4.881332253041363,4.886393333333333,-0.4977422296604148,-0.7378865764703358
flash_mob,students_drivers,passengers_ratings_count,passenger_experience,1.4959656923076923,1.0002758248175183,1.9189916923076922,0.8554459943155046,-0.7300449755481113
flash_mob,students_drivers,passengers_reject,passenger_decisions,6.38532517948718,2.4388759489051095,4.894666871794872,2.1938150384650017,0.8286508761562965
flash_mob,students_drivers,passengers_unassigned,demand,27.38626517948718,11.495181304136254,22.954017333333336,1.9763483380122027,0.5512314788037623
flash_mob,students_drivers,rides_dispatched,matching,2.6731879487179495,1.4029574038929442,2.7509401538461535,1.4045225653924382,-0.08597236702934813
flash_mob,students_drivers,rides_duration_avg,trip,1163.837211076923,561.951188890511,1046.9273374871796,2.5754164198088034,0.5002468855931412
flash_mob,students_drivers,rides_in_progress,matching,3118.580239076923,1109.2198333673969,2921.755282153846,2.432233131485569,0.23824704616018616
flash_mob,students_drivers,rides_length_avg,trip,6164.48826451282,4524.023604447689,6494.186184307691,1.4179837000202684,-0.28498405822479334
flash_mob,students_drivers,rides_offers_generated,matching,99.41606841025641,44.53053572262774,88.73111969230769,1.8586557215251691,0.36183744779969734
flash_mob,students_drivers,rides_offers_lyft,matching,37.41697435897436,16.595115664233578,33.256529794871796,1.8630309325242318,0.372254803454849
flash_mob,students_drivers,rides_offers_price_lyft_avg,market,24.250224512820513,20.74438693187348,21.786465589743592,6.549111801405683,4.602447280111288
flash_mob,students_drivers,rides_offers_price_no_surge_avg,market,24.031001743589748,19.8530546836983,21.04504230769231,7.0460236172405795,5.035760483284427
flash_mob,students_drivers,rides_offers_price_uber_avg,market,23.89348553846154,19.31420477858881,20.602153538461536,7.324707260441811,5.26459168177199
flash_mob,students_drivers,rides_offers_radius_avg,matching,1803.3483195897436,1341.6150374403894,1496.1730738974359,0.9739191852333431,0.6479148819766809
flash_mob,students_drivers,rides_offers_surge_lyft_avg,market,1.0,1.0,1.0,,
flash_mob,students_drivers,rides_offers_surge_uber_avg,market,1.0,1.0,1.0,,
flash_mob,students_drivers,rides_offers_uber,matching,61.999290717948725,27.935375530413623,55.47476066666667,1.8117333982238824,0.3470155716553861
flash_mob,students_drivers,rides_partial_acceptances,matching,7.104743641025641,3.14697202919708,6.330624153846155,1.835741612257958,0.3590614858189372
flash_mob,students_drivers,rides_waiting_duration_avg,passenger_experience,778.7210654871795,460.88504082725063,779.8337263589743,1.3782889319599998,-0.004825029403953101
flash_mob,students_drivers,traffic_duration_avg,trip,935.1533881538461,514.8787049221412,766.589195025641,2.7690507110437235,1.110613647362702
flash_mob,students_drivers,traffic_length_avg,trip,3957.2195109230775,3738.0642935085157,3923.322329076923,2.7488642623545876,0.4251724091750405
flash_mob,students_drivers,traffic_speed_avg,trip,4.084288564102565,6.950737630170316,5.113654666666666,-2.9443286493154877,-1.057333319573477
flash_mob-boycott_tncs,bank_tellers,drivers_accept,driver_decisions,1.6669071134020619,1.3911101789168279,2.846374536082474,0.30495489147911853,-1.3041637339370715
flash_mob-boycott_tncs,bank_tellers,drivers_acceptance_rate,driver_decisions,2.0094955670103096,2.3487476353965184,2.2321214432989693,-1.6775219769056824,-1.1008327874863861
flash_mob-boycott_tncs,bank_tellers,drivers_busy,supply,2937.495198041237,1116.7156008389748,3297.9207385567006,1.8723392223357473,-0.37063183115386134
flash_mob-boycott_tncs,bank_tellers,drivers_change_provider,driver_decisions,0.5044329896907217,0.4325391416827853,0.8611684536082473,0.26692209029871705,-1.324460692409134
flash_mob-boycott_tncs,bank_tellers,drivers_change_zone,driver_decisions,1.0392269072164948,0.7759131020309477,1.572164639175258,0.5062358647785877,-1.024603299554201
flash_mob-boycott_tncs,bank_tellers,drivers_demand_pressure,market,0.0,0.0,0.0,,
flash_mob-boycott_tncs,bank_tellers,drivers_idle,supply,8096.5787228865975,5774.573967833656,7636.433155773196,0.7046876943129196,0.13964610452749085
flash_mob-boycott_tncs,bank_tellers,drivers_idle_duration_avg,supply,695.320775257732,316.1390164651837,745.054432371134,3.1952624817911666,-0.4190921239533079
flash_mob-boycott_tncs,bank_tellers,drivers_occupied_distance_avg,supply,4660.385215154639,2238.848827439555,5106.841499587629,2.1777950773751185,-0.4015179385426402
flash_mob-boycott_tncs,bank_tellers,drivers_occupied_duration_avg,supply,531.1865529896908,249.6764804763056,584.5714815463917,2.346181376124642,-0.44492448894353864
flash_mob-boycott_tncs,bank_tellers,drivers_passengers_served,supply,1.5194158762886598,0.9118331431334623,2.1162883505154637,0.7055574593783287,-0.6931201357572981
flash_mob-boycott_tncs,bank_tellers,drivers_pickup,supply,750.2441782474226,307.4580449468085,865.0630813402062,1.548897338380804,-0.4016446767890896
flash_mob-boycott_tncs,bank_tellers,drivers_pickup_accept,driver_decisions,0.7137456701030929,0.36207125967117987,1.0056017525773195,0.9681679191049176,-0.8034866560241017
flash_mob-boycott_tncs,bank_tellers,drivers_pickup_reject,driver_decisions,0.19783515463917525,0.08072982108317216,0.22779979381443302,1.4361175521627005,-0.3674704042683954
flash_mob-boycott_tncs,bank_tellers,drivers_reject,driver_decisions,0.841220412371134,0.642472995647969,1.2918041237113402,0.4383261813740277,-0.9937368788857817
flash_mob-boycott_tncs,bank_tellers,drivers_removed,supply,0.2407557731958763,0.2194611774661509,0.4484017525773195,0.14012690777062964,-1.366393115465864
flash_mob-boycott_tncs,bank_tellers,drivers_shift_duration_avg,supply,3619.461352886598,1831.5121872751452,3780.0418007216495,1.9135248081506073,-0.17185872873025557
flash_mob-boycott_tncs,bank_tellers,drivers_starting,supply,0.475120618556701,0.2421373235009671,0.4796223711340206,1.496619805976206,-0.02891800490335258
flash_mob-boycott_tncs,bank_tellers,drivers_total_length_avg,supply,21780.01156216495,11281.141136926983,22812.894320515465,1.756059200889919,-0.17276175414850592
flash_mob-boycott_tncs,bank_tellers,drivers_waiting,supply,1.9343123711340202,1.5606137427466151,3.1917872164948453,0.3476638230019074,-1.1698691909932928
flash_mob-boycott_tncs,bank_tellers,passengers_accept,passenger_decisions,6.228230206185567,5.053036820599614,10.684260412371135,0.34413526467147176,-1.3048721624868138
flash_mob-boycott_tncs,bank_tellers,passengers_acceptance_rate,passenger_decisions,1.4576144329896907,2.1997792166344294,2.175854432989691,-6.3833625169258426,-6.177585349228152
flash_mob-boycott_tncs,bank_tellers,passengers_arrivals,demand,1.6112537113402063,1.2494947026112186,2.441048144329897,0.4730300846114323,-1.0850254489205107
flash_mob-boycott_tncs,bank_tellers,passengers_change_provider,passenger_decisions,2.2195190721649487,1.5235353046421665,3.1640376288659793,0.6103171880413479,-0.8282605665221578
flash_mob-boycott_tncs,bank_tellers,passengers_departures,demand,1.6410992783505156,1.253819327852998,2.5141244329896906,0.5241737527413591,-1.181617770186518
flash_mob-boycott_tncs,bank_tellers,passengers_drivers_ratio,demand,0.10038,0.1290573911992263,0.1893862886597938,-0.41001876777474455,-1.2725791041089005
flash_mob-boycott_tncs,bank_tellers,passengers_no_ratings_count,passenger_experience,0.3396392783505155,0.2789450411025145,0.508659175257732,0.3275016174180548,-0.9120188690528342
flash_mob-boycott_tncs,bank_tellers,passengers_offers_discarded,passenger_decisions,49.4104125773196,39.02861589216635,82.5317875257732,0.38785653786262686,-1.2373910033441893
flash_mob-boycott_tncs,bank_tellers,passengers_pickup_accept,passenger_decisions,0.7482125773195877,0.3896329593810445,1.1008937113402062,0.9013141493485702,-0.8864879106306693
flash_mob-boycott_tncs,bank_tellers,passengers_pickup_reject,passenger_decisions,0.16286948453608247,0.053176999516441004,0.13371134020618558,2.2198190077939697,0.5900659740174116
flash_mob-boycott_tncs,bank_tellers,passengers_rating_avg,passenger_experience,4.903990927835052,4.8879630826885885,4.889176391752577,0.7605088600500796,0.7029382830504659
flash_mob-boycott_tncs,bank_tellers,passengers_ratings_count,passenger_experience,1.2726811340206188,0.9710945043520309,1.936220206185567,0.5204687269388679,-1.1451148764233785
flash_mob-boycott_tncs,bank_tellers,passengers_reject,passenger_decisions,4.220652577319587,2.466082756286267,4.928522268041237,0.9753582105126986,-0.39350187524132424
flash_mob-boycott_tncs,bank_tellers,passengers_unassigned,demand,13.054141237113404,11.142295251450676,24.034999690721648,0.23777318563906916,-1.3656715630579763
flash_mob-boycott_tncs,bank_tellers,rides_dispatched,matching,1.6669071134020619,1.3911101789168279,2.846374536082474,0.30495489147911853,-1.3041637339370715
flash_mob-boycott_tncs,bank_tellers,rides_duration_avg,trip,993.2142673195875,553.3321327973888,1012.1040125773195,1.8822162839298298,-0.08082752931534472
flash_mob-boycott_tncs,bank_tellers,rides_in_progress,matching,2768.238350206186,1074.1602019995164,2873.294673814433,2.0505992790969865,-0.12716557478986443
flash_mob-boycott_tncs,bank_tellers,rides_length_avg,trip,5616.756373298969,4481.721295476305,6488.675596804125,0.9811008298343189,-0.7536689309817579
flash_mob-boycott_tncs,bank_tellers,rides_offers_generated,matching,52.901288762886594,43.29940154980658,91.10938154639173,0.32516041536120843,-1.2938872373672605
flash_mob-boycott_tncs,bank_tellers,rides_offers_lyft,matching,19.48714762886598,16.08006325918762,33.87146030927835,0.30484807641278777,-1.287033009856972
flash_mob-boycott_tncs,bank_tellers,rides_offers_price_lyft_avg,market,24.841059484536085,20.75104669003868,22.02129536082474,7.640385625938634,5.267486035331344
flash_mob-boycott_tncs,bank_tellers,rides_offers_price_no_surge_avg,market,24.6044387628866,19.872370045938105,21.20027793814433,7.980538637770752,5.741048707458349
flash_mob-boycott_tncs,bank_tellers,rides_offers_price_uber_avg,market,24.458174123711338,19.340683031914892,20.714469278350514,8.185592044015552,5.988176637269064
flash_mob-boycott_tncs,bank_tellers,rides_offers_radius_avg,matching,575.5850542268041,1286.3858722727273,1524.5105229896906,-1.4992693408454734,-2.001538020137306
flash_mob-boycott_tncs,bank_tellers,rides_offers_surge_lyft_avg,market,1.0,1.0,1.0,,
flash_mob-boycott_tncs,bank_tellers,rides_offers_surge_uber_avg,market,1.0,1.0,1.0,,
flash_mob-boycott_tncs,bank_tellers,rides_offers_uber,matching,33.41388329896907,27.21931861943907,57.23694164948454,0.3294659364778269,-1.267060178603868
flash_mob-boycott_tncs,bank_tellers,rides_partial_acceptances,matching,3.719897010309278,3.019525304642166,6.547577319587629,0.32485489569398956,-1.311568963300143
flash_mob-boycott_tncs,bank_tellers,rides_waiting_duration_avg,passenger_experience,678.5028203092784,456.68489538684713,799.950054329897,0.961908553814938,-0.5266532597960665
flash_mob-boycott_tncs,bank_tellers,traffic_duration_avg,trip,899.2097090721649,514.6645809115087,751.4903457731959,2.53364050476152,0.973273966522565
flash_mob-boycott_tncs,bank_tellers,traffic_length_avg,trip,3923.6843731958766,3740.9385411436174,3914.367668247423,2.292181280231435,0.11685944591162048
flash_mob-boycott_tncs,bank_tellers,traffic_speed_avg,trip,3.804489587628866,6.9524799395551256,5.1313116494845366,-3.2335192313953205,-1.3628709665595575
flash_mob-boycott_tncs,bank_tellers_drivers,drivers_accept,driver_decisions,1.5602782291666666,1.3919846111111112,2.841493229166666,0.18608604960222236,-1.416668325250501
flash_mob-boycott_tncs,bank_tellers_drivers,drivers_acceptance_rate,driver_decisions,1.8766153125000002,2.3144643599033814,2.2399978125,-2.1650609326579673,-1.7968413064440707
flash_mob-boycott_tncs,bank_tellers_drivers,drivers_busy,supply,2932.799288333333,1104.0613730628022,3306.230714375,1.8805228987598124,-0.3840060086926126
flash_mob-boycott_tncs,bank_tellers_drivers,drivers_change_provider,driver_decisions,0.4982636458333333,0.43552294927536234,0.858368125,0.23293895564196868,-1.3369689197118333
flash_mob-boycott_tncs,bank_tellers_drivers,drivers_change_zone,driver_decisions,1.0712330208333334,0.7933972971014494,1.5646352083333337,0.5341550845413675,-0.9485939519832645
flash_mob-boycott_tncs,bank_tellers_drivers,drivers_demand_pressure,market,0.0,0.0,0.0,,
flash_mob-boycott_tncs,bank_tellers_drivers,drivers_idle,supply,8319.711568645833,5696.763628309179,7646.592968645833,0.7960186697966152,0.20427968254626822
flash_mob-boycott_tncs,bank_tellers_drivers,drivers_idle_duration_avg,supply,665.6946880208333,312.0553475265701,758.8904766666668,2.9800234071515606,-0.7853357921784693
flash_mob-boycott_tncs,bank_tellers_drivers,drivers_occupied_distance_avg,supply,5046.134115729167,2236.7356933381643,5147.449888854167,2.52661660824418,-0.09111776849253728
flash_mob-boycott_tncs,bank_tellers_drivers,drivers_occupied_duration_avg,supply,564.9816611458333,250.8574453502415,590.7641754166666,2.617996501188544,-0.21487847405183247
flash_mob-boycott_tncs,bank_tellers_drivers,drivers_passengers_served,supply,1.6762671875,0.9355612536231883,2.1102426041666664,0.8601472167232949,-0.5039553886363854
flash_mob-boycott_tncs,bank_tellers_drivers,drivers_pickup,supply,749.7022626041665,305.9998817028985,859.0088193749999,1.5521024375544656,-0.3823620979001404
flash_mob-boycott_tncs,bank_tellers_drivers,drivers_pickup_accept,driver_decisions,0.6699129166666667,0.36416517874396137,0.9986983333333335,0.8417307100397409,-0.9051539811931788
flash_mob-boycott_tncs,bank_tellers_drivers,drivers_pickup_reject,driver_decisions,0.19302135416666666,0.08274051932367149,0.22605802083333335,1.3524255281629958,-0.40514411619227503
flash_mob-boycott_tncs,bank_tellers_drivers,drivers_reject,driver_decisions,0.8329334374999999,0.6555663526570049,1.2856076041666666,0.39117306922768,-0.9983472598189674
flash_mob-boycott_tncs,bank_tellers_drivers,drivers_removed,supply,0.261145625,0.23369924154589372,0.4455898958333333,0.18060811727654627,-1.2137166469803102
flash_mob-boycott_tncs,bank_tellers_drivers,drivers_shift_duration_avg,supply,3636.3103036458338,1837.9264784178745,3819.2388033333336,1.9246923404411376,-0.19577638391642618
flash_mob-boycott_tncs,bank_tellers_drivers,drivers_starting,supply,0.4072053124999999,0.2385120434782609,0.47791718749999995,1.0836385822958317,-0.45423339307394367
flash_mob-boycott_tncs,bank_tellers_drivers,drivers_total_length_avg,supply,22350.147242291667,11347.764388603864,22994.162099583336,1.8402775593350582,-0.10771903736789008
flash_mob-boycott_tncs,bank_tellers_drivers,drivers_waiting,supply,1.8010766666666669,1.5691348816425121,3.184809166666667,0.2157828837728267,-1.287330737706825
flash_mob-boycott_tncs,bank_tellers_drivers,passengers_accept,passenger_decisions,6.168784583333333,5.1637937729468595,10.653089583333333,0.29429435424562334,-1.313151951815282
flash_mob-boycott_tncs,bank_tellers_drivers,passengers_acceptance_rate,passenger_decisions,1.4149391666666666,2.2162991642512075,2.1783798958333334,-6.892500808275459,-6.566357016462542
flash_mob-boycott_tncs,bank_tellers_drivers,passengers_arrivals,demand,1.5871701041666668,1.2489935096618356,2.4442534375,0.4421941105883181,-1.1207079627682215
flash_mob-boycott_tncs,bank_tellers_drivers,passengers_change_provider,passenger_decisions,2.2676911458333335,1.5617520966183578,3.1566317708333336,0.6190471036113115,-0.7795235577357903
flash_mob-boycott_tncs,bank_tellers_drivers,passengers_departures,demand,1.5329685416666665,1.2530979202898551,2.5148791666666668,0.3787979049797974,-1.3289915382959199
flash_mob-boycott_tncs,bank_tellers_drivers,passengers_drivers_ratio,demand,0.096865625,0.13076191304347823,0.188161875,-0.48463663096731463,-1.3053201271831503
flash_mob-boycott_tncs,bank_tellers_drivers,passengers_no_ratings_count,passenger_experience,0.3474478125,0.2803827632850241,0.5094785416666666,0.36187804783475475,-0.8743058365933719
flash_mob-boycott_tncs,bank_tellers_drivers,passengers_offers_discarded,passenger_decisions,49.661979270833335,39.87542920289855,82.30428875,0.36561854774103686,-1.219493458250392
flash_mob-boycott_tncs,bank_tellers_drivers,passengers_pickup_accept,passenger_decisions,0.7067016666666666,0.3940302777777778,1.0933682291666666,0.785920707156102,-0.9719125862891459
flash_mob-boycott_tncs,bank_tellers_drivers,passengers_pickup_reject,passenger_decisions,0.1561978125,0.05288654347826087,0.13265625,2.0906839575446647,0.476404631559878
flash_mob-boycott_tncs,bank_tellers_drivers,passengers_rating_avg,passenger_experience,4.906628333333333,4.877051171497585,4.889433125,1.4034134611155136,0.815899340704089
flash_mob-boycott_tncs,bank_tellers_drivers,passengers_ratings_count,passenger_experience,1.2418228125,0.9694818647342996,1.9382989583333334,0.46999744827117046,-1.2019566429835018
flash_mob-boycott_tncs,bank_tellers_drivers,passengers_reject,passenger_decisions,4.3107284375,2.5429842560386473,4.909461666666666,0.9826817837656384,-0.3328333611885366
flash_mob-boycott_tncs,bank_tellers_drivers,passengers_unassigned,demand,12.985764166666668,11.391813688405797,23.914565729166668,0.19823703677450139,-1.3591973319085553
flash_mob-boycott_tncs,bank_tellers_drivers,rides_dispatched,matching,1.5602782291666666,1.3919846111111112,2.841493229166666,0.18608604960222236,-1.416668325250501
flash_mob-boycott_tncs,bank_tellers_drivers,rides_duration_avg,trip,1026.9293962499999,550.4437721304348,1013.4244459375,2.038839339884702,0.05778647368677744
flash_mob-boycott_tncs,bank_tellers_drivers,rides_in_progress,matching,2716.435729583333,1071.9485237705314,2878.5235243750008,1.9905718530716547,-0.19619939936186812
flash_mob-boycott_tncs,bank_tellers_drivers,rides_length_avg,trip,5728.839899895834,4461.954000683575,6491.9392069791675,1.0950699509718058,-0.659607247435594
flash_mob-boycott_tncs,bank_tellers_drivers,rides_offers_generated,matching,53.32897552083333,44.24012118599033,90.86236114583333,0.3077869574065828,-1.2710388061122202
flash_mob-boycott_tncs,bank_tellers_drivers,rides_offers_lyft,matching,17.638541874999998,16.486709746376814,33.8093228125,0.1030599100762429,-1.4468768389656368
flash_mob-boycott_tncs,bank_tellers_drivers,rides_offers_price_lyft_avg,market,24.999843124999998,20.707692661835747,22.007229791666663,8.017990737644086,5.5903785745496695
flash_mob-boycott_tncs,bank_tellers_drivers,rides_offers_price_no_surge_avg,market,24.762335104166667,19.83298247584541,21.186435104166666,8.313253983108376,6.030683369536338
flash_mob-boycott_tncs,bank_tellers_drivers,rides_offers_price_uber_avg,market,24.635501458333334,19.314730553140098,20.700233541666666,8.510744661460677,6.294587947866548
flash_mob-boycott_tncs,bank_tellers_drivers,rides_offers_radius_avg,matching,523.9110769791666,1307.6111129879228,1515.2262984375,-1.6530333204139742,-2.0909493643124883
flash_mob-boycott_tncs,bank_tellers_drivers,rides_offers_surge_lyft_avg,market,1.0,1.0,1.0,,
flash_mob-boycott_tncs,bank_tellers_drivers,rides_offers_surge_uber_avg,market,1.0,1.0,1.0,,
flash_mob-boycott_tncs,bank_tellers_drivers,rides_offers_uber,matching,35.68986072916667,27.75340934299517,57.052691145833336,0.42211043447432883,-1.136209773110014
flash_mob-boycott_tncs,bank_tellers_drivers,rides_partial_acceptances,matching,3.7741838541666666,3.116225425120773,6.527500104166667,0.3051822555211512,-1.2770765237501474
flash_mob-boycott_tncs,bank_tellers_drivers,rides_waiting_duration_avg,passenger_experience,674.5873365625,453.567041763285,799.266954375,0.9584496483249041,-0.5406704210318446
flash_mob-boycott_tncs,bank_tellers_drivers,traffic_duration_avg,trip,900.97603875,515.3867079275362,752.4545631249999,2.5405204103054806,0.9785588190139274
flash_mob-boycott_tncs,bank_tellers_drivers,traffic_length_avg,trip,3955.3134803125,3741.070889630435,3915.7501085416666,2.6872451769476293,0.49624343897489104
flash_mob-boycott_tncs,bank_tellers_drivers,traffic_speed_avg,trip,3.8631834375,6.9455232729468594,5.13022375,-3.166085032476229,-1.3014649854040774
flash_mob-boycott_tncs,baseline,drivers_accept,driver_decisions,1.6331353763440861,1.3938825682532012,2.8430645161290324,0.264547226616605,-1.3378459416498558
flash_mob-boycott_tncs,baseline,drivers_acceptance_rate,driver_decisions,2.034438924731183,2.3446087460739307,2.23529623655914,-1.5337170804896418,-0.9931923375335641
flash_mob-boycott_tncs,baseline,drivers_busy,supply,2798.6219199999996,1126.676407035516,3300.655498494624,1.7192905535309093,-0.5162498313301563
flash_mob-boycott_tncs,baseline,drivers_change_provider,driver_decisions,0.486541182795699,0.4276957960860111,0.8586918279569893,0.21847674119838909,-1.3816930219328647
flash_mob-boycott_tncs,baseline,drivers_change_zone,driver_decisions,0.996344193548387,0.7813138753322059,1.5707524731182794,0.4134080969247954,-1.104332801461509
flash_mob-boycott_tncs,baseline,drivers_demand_pressure,market,0.0,0.0,0.0,,
flash_mob-boycott_tncs,baseline,drivers_idle,supply,8260.195134301075,5750.165871468953,7639.1749013978515,0.761749832783093,0.18846874240628636
flash_mob-boycott_tncs,baseline,drivers_idle_duration_avg,supply,662.9156233333333,320.4719584948055,752.2544137634408,2.885680465932583,-0.752833907777992
flash_mob-boycott_tncs,baseline,drivers_occupied_distance_avg,supply,5756.603775268816,2245.379465675284,5142.114211182797,3.1577997571235965,0.5526377198187166
flash_mob-boycott_tncs,baseline,drivers_occupied_duration_avg,supply,646.7718865591397,250.22936739550616,588.6731712903226,3.304893018558082,0.4842104672257721
flash_mob-boycott_tncs,baseline,drivers_passengers_served,supply,1.7001254838709678,0.9130474172505437,2.120035483870968,0.9139970093180105,-0.48762187698951004
flash_mob-boycott_tncs,baseline,drivers_pickup,supply,777.7588019354839,312.6114760835951,863.4483901075267,1.6271183778869704,-0.29974826460185416
flash_mob-boycott_tncs,baseline,drivers_pickup_accept,driver_decisions,0.7332978494623659,0.37007053877748247,1.0048391397849459,0.9999733250877069,-0.7475595556691086
flash_mob-boycott_tncs,baseline,drivers_pickup_reject,driver_decisions,0.1878489247311829,0.08119598453732786,0.2271316129032258,1.3079349569411847,-0.48174200326260885
flash_mob-boycott_tncs,baseline,drivers_reject,driver_decisions,0.8156281720430106,0.6344922058468229,1.2891754838709675,0.39948512378835804,-1.0443818003562064
flash_mob-boycott_tncs,baseline,drivers_removed,supply,0.2354843010752689,0.22055168156559554,0.4474010752688171,0.0982625743810206,-1.3944966436257216
flash_mob-boycott_tncs,baseline,drivers_shift_duration_avg,supply,3975.4303430107525,1838.3678601763713,3809.399325913978,2.28715791037215,0.177692115775845
flash_mob-boycott_tncs,baseline,drivers_starting,supply,0.4763974193548387,0.24255144720947092,0.47906860215053754,1.502161403360684,-0.017158934405444966
flash_mob-boycott_tncs,baseline,drivers_total_length_avg,supply,25286.245484301075,11297.414958151725,22978.684255053766,2.3397959551993934,0.38596667680511365
flash_mob-boycott_tncs,baseline,drivers_waiting,supply,1.8991754838709678,1.5623214399613434,3.1883156989247317,0.31338612401291716,-1.1993285003081857
flash_mob-boycott_tncs,baseline,passengers_accept,passenger_decisions,6.1114516129032275,5.083261275670451,10.677095913978496,0.30108793852666876,-1.3369707736764802
flash_mob-boycott_tncs,baseline,passengers_acceptance_rate,passenger_decisions,2.0593463440860216,2.2604801932834024,2.1789518279569897,-1.729953107645918,-1.028727284540873
flash_mob-boycott_tncs,baseline,passengers_arrivals,demand,1.647705913978494,1.2545446605460255,2.4445340860215055,0.5140911393762203,-1.0419193124355657
flash_mob-boycott_tncs,baseline,passengers_change_provider,passenger_decisions,1.8934763440860214,1.4908041797535636,3.158763225806452,0.3531084408945854,-1.109546468972699
flash_mob-boycott_tncs,baseline,passengers_departures,demand,1.6034581720430106,1.2586248731577674,2.515269569892473,0.4667232685674991,-1.2341139828930052
flash_mob-boycott_tncs,baseline,passengers_drivers_ratio,demand,0.09545881720430109,0.13152530079729405,0.1889606451612903,-0.5156652869165443,-1.3368546677511308
flash_mob-boycott_tncs,baseline,passengers_no_ratings_count,passenger_experience,0.3382618279569892,0.2727759869533704,0.5096767741935485,0.3533567570679554,-0.924942378181893
flash_mob-boycott_tncs,baseline,passengers_offers_discarded,passenger_decisions,47.61129032258065,39.11107309011839,82.47229451612903,0.31756206818977856,-1.3023823142539805
flash_mob-boycott_tncs,baseline,passengers_pickup_accept,passenger_decisions,0.7999459139784945,0.4009402343561247,1.0991758064516126,1.0029277926658984,-0.7521345957825646
flash_mob-boycott_tncs,baseline,passengers_pickup_reject,passenger_decisions,0.12112892473118285,0.05034197390674076,0.13403236559139783,1.4324975764359538,-0.2611236611361457
flash_mob-boycott_tncs,baseline,passengers_rating_avg,passenger_experience,4.914675268817205,4.883545100265764,4.889450752688171,1.477102429046548,1.1968837876399816
flash_mob-boycott_tncs,baseline,passengers_ratings_count,passenger_experience,1.3106455913978496,0.9823535902391882,1.9386023655913978,0.5665560177353532,-1.0837080648976654
flash_mob-boycott_tncs,baseline,passengers_reject,passenger_decisions,2.9735484946236563,2.3436168108238706,4.919157634408602,0.35017645492977056,-1.081556188980956
flash_mob-boycott_tncs,baseline,passengers_unassigned,demand,12.672348172043012,11.249981785455425,23.991558924731184,0.17689740147537433,-1.4077518899377848
flash_mob-boycott_tncs,baseline,rides_dispatched,matching,1.6331353763440861,1.3938825682532012,2.8430645161290324,0.264547226616605,-1.3378459416498558
flash_mob-boycott_tncs,baseline,rides_duration_avg,trip,1020.5217334408603,556.3106574728196,1013.3758547311828,1.9863176469230754,0.03057657543867292
flash_mob-boycott_tncs,baseline,rides_in_progress,matching,2629.8293372043013,1082.3958065668037,2875.6104840860216,1.8730930953420486,-0.2975061352068162
flash_mob-boycott_tncs,baseline,rides_length_avg,trip,5893.497447311828,4510.265100964,6493.343564946235,1.195637411892882,-0.5184945692717694
flash_mob-boycott_tncs,baseline,rides_offers_generated,matching,50.9094988172043,43.39651615849239,91.04191774193546,0.25442129319957935,-1.3590530400356273
flash_mob-boycott_tncs,baseline,rides_offers_lyft,matching,17.59141569892473,16.135545626963037,33.86718623655915,0.13026363388423154,-1.4562707588606543
flash_mob-boycott_tncs,baseline,rides_offers_price_lyft_avg,market,24.939830430107527,20.82433819521623,22.016193870967744,7.6879827264671095,5.461525883726539
flash_mob-boycott_tncs,baseline,rides_offers_price_no_surge_avg,market,24.83956924731183,19.934794295723602,21.193953225806453,8.271804226030232,6.148258036468496
flash_mob-boycott_tncs,baseline,rides_offers_price_uber_avg,market,24.770700860215047,19.406570328581783,20.706992903225807,8.580099782329954,6.500031934644143
flash_mob-boycott_tncs,baseline,rides_offers_radius_avg,matching,543.0856269892474,1296.4329315704276,1519.3008354838707,-1.5890112786760575,-2.059099391847492
flash_mob-boycott_tncs,baseline,rides_offers_surge_lyft_avg,market,1.0,1.0,1.0,,
flash_mob-boycott_tncs,baseline,rides_offers_surge_uber_avg,market,1.0,1.0,1.0,,
flash_mob-boycott_tncs,baseline,rides_offers_uber,matching,33.31851290322581,27.261025602802604,57.17397860215054,0.3221752987310639,-1.268783805354865
flash_mob-boycott_tncs,baseline,rides_partial_acceptances,matching,3.662741935483871,3.0550168688088912,6.546559247311829,0.2818824083666776,-1.337607108416893
flash_mob-boycott_tncs,baseline,rides_waiting_duration_avg,passenger_experience,648.712096451613,458.27247169606187,799.6997139784945,0.8258372451267444,-0.6547544832999141
flash_mob-boycott_tncs,baseline,traffic_duration_avg,trip,845.7054055913981,519.6564363807682,751.9755992473118,2.148228684833753,0.617554654749432
flash_mob-boycott_tncs,baseline,traffic_length_avg,trip,3903.3195116129036,3743.543543297898,3914.9595895698926,2.0040702405610866,-0.14600151748366447
flash_mob-boycott_tncs,baseline,traffic_speed_avg,trip,3.9035636559139784,6.921359596520898,5.1313859139784945,-3.0997875213970114,-1.2611814015749694
flash_mob-boycott_tncs,drivers,drivers_accept,driver_decisions,1.5587849999999996,1.392209468470645,2.842864687499999,0.18418632257615078,-1.4198358748366293
flash_mob-boycott_tncs,drivers,drivers_acceptance_rate,driver_decisions,1.7962898958333333,2.340289487798985,2.2384154166666668,-2.6899504999074084,-2.186207091608519
flash_mob-boycott_tncs,drivers,drivers_busy,supply,2980.0414407291664,1133.0453699758395,3303.8894152083335,1.8992980765410612,-0.3330184859403241
flash_mob-boycott_tncs,drivers,drivers_change_provider,driver_decisions,0.5295139583333333,0.4414697728920029,0.8589931250000001,0.3268838526219029,-1.2232655548891718
flash_mob-boycott_tncs,drivers,drivers_change_zone,driver_decisions,1.098819375,0.7868747257791736,1.5668227083333335,0.5997314464772546,-0.8997632008026062
flash_mob-boycott_tncs,drivers,drivers_demand_pressure,market,0.0,0.0,0.0,,
flash_mob-boycott_tncs,drivers,drivers_idle,supply,8131.729062395833,5586.620139113312,7643.668304270835,0.7723958941170668,0.1481178751160134
flash_mob-boycott_tncs,drivers,drivers_idle_duration_avg,supply,739.4002801041667,311.8862788499638,755.1302617708333,3.602545262192664,-0.1325523158572112
flash_mob-boycott_tncs,drivers,drivers_occupied_distance_avg,supply,5391.1401603125005,2240.305858649432,5138.260250416667,2.8336850383905365,0.22742611910856275
flash_mob-boycott_tncs,drivers,drivers_occupied_duration_avg,supply,609.59727,251.2596817105581,589.2038947916667,2.986482751767732,0.16996392591898662
flash_mob-boycott_tncs,drivers,drivers_passengers_served,supply,1.6392189583333334,0.940221841024402,2.1127079166666665,0.811712715468643,-0.5498406196478002
flash_mob-boycott_tncs,drivers,drivers_pickup,supply,725.8239264583335,313.1936146871225,860.7606654166666,1.44341013317994,-0.47201829529844846
flash_mob-boycott_tncs,drivers,drivers_pickup_accept,driver_decisions,0.667153125,0.370930980913264,1.0007642708333335,0.8155065262810122,-0.9184393270325806
flash_mob-boycott_tncs,drivers,drivers_pickup_reject,driver_decisions,0.20796875,0.08442341386808408,0.22659624999999997,1.5150943199528584,-0.2284377567663682
flash_mob-boycott_tncs,drivers,drivers_reject,driver_decisions,0.8824473958333333,0.6591950302005315,1.2872221875,0.4923704595710525,-0.8927078986634097
flash_mob-boycott_tncs,drivers,drivers_removed,supply,0.24427072916666667,0.23518563904324716,0.44633635416666656,0.05978350572935163,-1.3296721645889054
flash_mob-boycott_tncs,drivers,drivers_shift_duration_avg,supply,3875.9757003124996,1810.4119049045664,3809.397863333333,2.2106375513081797,0.07125389534722792
flash_mob-boycott_tncs,drivers,drivers_starting,supply,0.4099302083333333,0.23803902633486348,0.47847270833333333,1.1041810846997864,-0.4402979322040431
flash_mob-boycott_tncs,drivers,drivers_total_length_avg,supply,23500.29421114583,11167.235681379561,22952.34807770833,2.062848671248275,0.09165041668691351
flash_mob-boycott_tncs,drivers,drivers_waiting,supply,1.8160932291666665,1.5677003913988885,3.186649479166667,0.231087825923497,-1.2750724496108894
flash_mob-boycott_tncs,drivers,passengers_accept,passenger_decisions,6.407865000000001,5.141350106305871,10.662082604166669,0.3708772049754804,-1.2457747968432995
flash_mob-boycott_tncs,drivers,passengers_acceptance_rate,passenger_decisions,2.040667291666667,2.266933653056294,2.1779621875,-1.946117953808924,-1.1808739934058303
flash_mob-boycott_tncs,drivers,passengers_arrivals,demand,1.590850729166667,1.2500096496738342,2.443645833333333,0.4456781470018093,-1.1151007453759896
flash_mob-boycott_tncs,drivers,passengers_change_provider,passenger_decisions,2.0264236458333333,1.5182072867842473,3.1582289583333334,0.4456615134508824,-0.9924947505512732
flash_mob-boycott_tncs,drivers,passengers_departures,demand,1.5399132291666664,1.2533231795119595,2.514722916666667,0.38789248354544786,-1.3193805965144643
flash_mob-boycott_tncs,drivers,passengers_drivers_ratio,demand,0.10160718750000002,0.13236648949021504,0.1885007291666667,-0.4397851607917346,-1.2423718264411485
flash_mob-boycott_tncs,drivers,passengers_no_ratings_count,passenger_experience,0.3277421875,0.26965762986228564,0.5093743749999999,0.3134199791593923,-0.9800738567381625
flash_mob-boycott_tncs,drivers,passengers_offers_discarded,passenger_decisions,50.15454885416667,39.56384511717807,82.36890677083333,0.39566115668894447,-1.203505492348351
flash_mob-boycott_tncs,drivers,passengers_pickup_accept,passenger_decisions,0.7452078125,0.40490612708383666,1.0955731249999998,0.8553713283428239,-0.8806669364328071
flash_mob-boycott_tncs,drivers,passengers_pickup_reject,passenger_decisions,0.12973979166666666,0.05046603044213579,0.13302083333333334,1.6042430067476774,-0.0663976083295638
flash_mob-boycott_tncs,drivers,passengers_rating_avg,passenger_experience,4.878785,4.872267905291133,4.889409166666667,0.3092311051540557,-0.5041084941123196
flash_mob-boycott_tncs,drivers,passengers_ratings_count,passenger_experience,1.2677605208333331,0.981257885962793,1.9378648958333333,0.4944372427901193,-1.1564450697157094
flash_mob-boycott_tncs,drivers,passengers_reject,passenger_decisions,3.1507122916666668,2.3801461439961344,4.914027708333333,0.4283545800593828,-0.9802198514713837
flash_mob-boycott_tncs,drivers,passengers_unassigned,demand,13.3247221875,11.3592590794878,23.947412916666668,0.2444414602184228,-1.3211268238518792
flash_mob-boycott_tncs,drivers,rides_dispatched,matching,1.5587849999999996,1.392209468470645,2.842864687499999,0.18418632257615078,-1.4198358748366293
flash_mob-boycott_tncs,drivers,rides_duration_avg,trip,996.9116861458332,556.5029115776758,1013.1808797916668,1.8844697295519157,-0.06961442350882845
flash_mob-boycott_tncs,drivers,rides_in_progress,matching,2749.7266837500006,1077.6672254868326,2877.106788333333,2.023946724861161,-0.15418742689431963
flash_mob-boycott_tncs,drivers,rides_length_avg,trip,5684.748598541667,4498.500759371829,6491.999147187499,1.0253680808096843,-0.6977706668589629
flash_mob-boycott_tncs,drivers,rides_offers_generated,matching,54.036041875,43.90235328340179,90.93107645833332,0.34316945392740655,-1.2494215463747964
flash_mob-boycott_tncs,drivers,rides_offers_lyft,matching,19.25789927083333,16.45674880164291,33.827430416666665,0.2506322825096614,-1.303605388692733
flash_mob-boycott_tncs,drivers,rides_offers_price_lyft_avg,market,25.357067083333334,20.76918684948055,22.011246770833335,8.570431427357976,6.250190086688914
flash_mob-boycott_tncs,drivers,rides_offers_price_no_surge_avg,market,25.025868333333335,19.88340850205364,21.1901171875,8.672654991193012,6.468917096355335
flash_mob-boycott_tncs,drivers,rides_offers_price_uber_avg,market,24.839383541666667,19.357267335105096,20.703856249999998,8.768821674498783,6.614909276684749
flash_mob-boycott_tncs,drivers,rides_offers_radius_avg,matching,552.9753460416667,1320.8791421865185,1517.5512018749998,-1.619714818905071,-2.0345488790324757
flash_mob-boycott_tncs,drivers,rides_offers_surge_lyft_avg,market,1.0,1.0,1.0,,
flash_mob-boycott_tncs,drivers,rides_offers_surge_uber_avg,market,1.0,1.0,1.0,,
flash_mob-boycott_tncs,drivers,rides_offers_uber,matching,34.77817677083333,27.44562224691954,57.10324666666667,0.38999139858513504,-1.1873877246724855
flash_mob-boycott_tncs,drivers,rides_partial_acceptances,matching,3.9676564583333325,3.089936644116937,6.5336459375,0.40711464553557897,-1.1901883497885937
flash_mob-boycott_tncs,drivers,rides_waiting_duration_avg,passenger_experience,664.6424908333333,470.1614481420633,799.5481897916667,0.8433627651372151,-0.5850155970568328
flash_mob-boycott_tncs,drivers,traffic_duration_avg,trip,858.8321456250001,517.77487363856,752.1825672916666,2.247113421723804,0.7026787539177471
flash_mob-boycott_tncs,drivers,traffic_length_avg,trip,3910.0215002083332,3735.247602087461,3915.388679479167,2.1921892994592476,-0.06732053866341076
flash_mob-boycott_tncs,drivers,traffic_speed_avg,trip,3.8298488541666664,6.930752838849964,5.1305258333333335,-3.18515355774467,-1.3360155387373014
flash_mob-boycott_tncs,managers,drivers_accept,driver_decisions,1.6077894059405937,1.3932917665538906,2.843713069306931,0.23717487818995775,-1.3665886727197651
flash_mob-boycott_tncs,managers,drivers_acceptance_rate,driver_decisions,1.908798514851485,2.376182264378927,2.240082871287129,-2.311103113418005,-1.6381235084857027
flash_mob-boycott_tncs,managers,drivers_busy,supply,2874.43055009901,1116.068390744321,3307.08006019802,1.8081542890141702,-0.44490099105209596
flash_mob-boycott_tncs,managers,drivers_change_provider,driver_decisions,0.49744198019801983,0.4271681561140648,0.8606106930693069,0.26090738689773485,-1.348345576940012
flash_mob-boycott_tncs,managers,drivers_change_zone,driver_decisions,1.021501782178218,0.7748384630256163,1.5629534653465345,0.47422435216559616,-1.0409718581651473
flash_mob-boycott_tncs,managers,drivers_demand_pressure,market,0.0,0.0,0.0,,
flash_mob-boycott_tncs,managers,drivers_idle,supply,8348.038846930694,5808.320180737071,7647.96757138614,0.7707600456841712,0.2124593465817209
flash_mob-boycott_tncs,managers,drivers_idle_duration_avg,supply,707.5358036633664,322.4830274407926,756.3531009900992,3.2447359632788824,-0.4113702070143431
flash_mob-boycott_tncs,managers,drivers_occupied_distance_avg,supply,5598.163374059405,2263.6321281923633,5128.809533465346,2.998891847937491,0.42211072638777697
flash_mob-boycott_tncs,managers,drivers_occupied_duration_avg,supply,625.5400918811881,251.96803780328662,589.2236626732673,3.1134509259043517,0.30267098116328145
flash_mob-boycott_tncs,managers,drivers_passengers_served,supply,1.7943728712871287,0.9064358385693572,2.1027223762376237,1.0311198174426324,-0.3580718829576494
flash_mob-boycott_tncs,managers,drivers_pickup,supply,783.4774393069307,307.3873480836153,858.201276039604,1.6653969482477573,-0.261389287343066
flash_mob-boycott_tncs,managers,drivers_pickup_accept,driver_decisions,0.7195042574257424,0.3598884775253746,0.9964195049504951,0.9900306959378251,-0.76235418617804
flash_mob-boycott_tncs,managers,drivers_pickup_reject,driver_decisions,0.19666623762376237,0.08203296520057998,0.2258405940594059,1.405801508690904,-0.35777879690032904
flash_mob-boycott_tncs,managers,drivers_reject,driver_decisions,0.8437123762376237,0.6329998670855486,1.286369702970297,0.4647145156760363,-0.9762556861517838
flash_mob-boycott_tncs,managers,drivers_removed,supply,0.25216207920792066,0.21665059207346543,0.44504920792079217,0.23367970660938583,-1.269274009159068
flash_mob-boycott_tncs,managers,drivers_shift_duration_avg,supply,3947.672706138614,1871.6975139028516,3802.9083493069293,2.2217801869606535,0.15493180313024296
flash_mob-boycott_tncs,managers,drivers_starting,supply,0.4639275247524753,0.24133044707588205,0.47820178217821785,1.4299016378986287,-0.091693854590986
flash_mob-boycott_tncs,managers,drivers_total_length_avg,supply,24479.067162475236,11514.595141464475,22889.982233465344,2.168459982366136,0.2657930898809121
flash_mob-boycott_tncs,managers,drivers_waiting,supply,1.8893561386138609,1.5601180932817784,3.1858417821782177,0.3063007161994842,-1.2061621881078974
flash_mob-boycott_tncs,managers,passengers_accept,passenger_decisions,6.161452475247525,5.0458083131947795,10.647392079207924,0.3266972939911284,-1.3136306176020747
flash_mob-boycott_tncs,managers,passengers_acceptance_rate,passenger_decisions,1.6158253465346533,2.202655541324311,2.1759118811881186,-5.047329045746954,-4.8173067091434785
flash_mob-boycott_tncs,managers,passengers_arrivals,demand,1.552392277227723,1.2548783228612856,2.4414521782178213,0.3890243162194975,-1.162519992708834
flash_mob-boycott_tncs,managers,passengers_change_provider,passenger_decisions,2.2254947524752473,1.520635630739488,3.1589931683168317,0.6181001012052786,-0.8185968621442586
flash_mob-boycott_tncs,managers,passengers_departures,demand,1.5502801980198018,1.2572695698405025,2.514720099009901,0.396582576424469,-1.3053453491358198
flash_mob-boycott_tncs,managers,passengers_drivers_ratio,demand,0.09697554455445545,0.12792382551957468,0.18809712871287135,-0.4424871125099804,-1.3028228193687426
flash_mob-boycott_tncs,managers,passengers_no_ratings_count,passenger_experience,0.3191420792079208,0.2784961333977767,0.5084976237623763,0.21932251887302923,-1.0217485204611116
flash_mob-boycott_tncs,managers,passengers_offers_discarded,passenger_decisions,49.072491683168316,38.970246532141125,82.26788831683169,0.37741269143907136,-1.2401564008397188
flash_mob-boycott_tncs,managers,passengers_pickup_accept,passenger_decisions,0.7766830693069309,0.3917782696955051,1.0920299999999998,0.9674842759785989,-0.7926458626435914
flash_mob-boycott_tncs,managers,passengers_pickup_reject,passenger_decisions,0.13904237623762378,0.05015193330111165,0.13140257425742574,1.7988533563294034,0.15460473566980404
flash_mob-boycott_tncs,managers,passengers_rating_avg,passenger_experience,4.902752673267326,4.890158528274529,4.88920306930693,0.5975824425712768,0.6429182318575386
flash_mob-boycott_tncs,managers,passengers_ratings_count,passenger_experience,1.2350823762376237,0.9769080787820204,1.9361388118811882,0.4455490884085773,-1.2098611631844194
flash_mob-boycott_tncs,managers,passengers_reject,passenger_decisions,3.7547034653465348,2.4187075012083135,4.911699504950495,0.7426747098993315,-0.6431693815945143
flash_mob-boycott_tncs,managers,passengers_unassigned,demand,13.037029603960395,11.119188436442727,23.908993267326732,0.23851879668662465,-1.3521284945422658
flash_mob-boycott_tncs,managers,rides_dispatched,matching,1.6077894059405937,1.3932917665538906,2.843713069306931,0.23717487818995775,-1.3665886727197651
flash_mob-boycott_tncs,managers,rides_duration_avg,trip,969.7090662376238,556.1829536273563,1012.6632176237623,1.7694412250469944,-0.18379696936133902
flash_mob-boycott_tncs,managers,rides_in_progress,matching,2696.477623564356,1080.720425355244,2878.3069307920787,1.9557955749271416,-0.2200955408784282
flash_mob-boycott_tncs,managers,rides_length_avg,trip,5468.313723465346,4480.2565985282745,6487.263448217823,0.8540561293127956,-0.8807590532195836
flash_mob-boycott_tncs,managers,rides_offers_generated,matching,52.7119303960396,43.225320176413724,90.81610564356434,0.3212566499616235,-1.2903681511279774
flash_mob-boycott_tncs,managers,rides_offers_lyft,matching,17.655214752475253,15.970136172063798,33.782293564356436,0.15077201152236733,-1.442966601506121
flash_mob-boycott_tncs,managers,rides_offers_price_lyft_avg,market,25.186716237623763,20.70533804494925,22.006940198019798,8.3714793200085,5.940009571456519
flash_mob-boycott_tncs,managers,rides_offers_price_no_surge_avg,market,24.87180831683169,19.827391752054133,21.18841603960396,8.507306995782216,6.211966931333605
flash_mob-boycott_tncs,managers,rides_offers_price_uber_avg,market,24.704074653465344,19.297719589173514,20.703807821782178,8.647639284088207,6.398555808696165
flash_mob-boycott_tncs,managers,rides_offers_radius_avg,matching,563.4179912871286,1303.1624133856935,1517.8939952475248,-1.5603191554601956,-2.0132455857951332
flash_mob-boycott_tncs,managers,rides_offers_surge_lyft_avg,market,1.0,1.0,1.0,,
flash_mob-boycott_tncs,managers,rides_offers_surge_uber_avg,market,1.0,1.0,1.0,,
flash_mob-boycott_tncs,managers,rides_offers_uber,matching,35.05617138613862,27.255208975350413,57.033399504950495,0.41490427803454116,-1.1688873097537114
flash_mob-boycott_tncs,managers,rides_partial_acceptances,matching,3.709207920792079,3.0195835258579025,6.518382970297031,0.3198699477315172,-1.302985629357845
flash_mob-boycott_tncs,managers,rides_waiting_duration_avg,passenger_experience,629.0357101980197,450.27214017158053,799.1560990099009,0.7752042905417097,-0.7377233252619051
flash_mob-boycott_tncs,managers,traffic_duration_avg,trip,880.408197029703,516.3553579724504,752.4813177227722,2.3986235980176773,0.8428678439123698
flash_mob-boycott_tncs,managers,traffic_length_avg,trip,3914.6638011881187,3742.8948517979697,3915.7535666336635,2.1544982224520877,-0.013668929824930459
flash_mob-boycott_tncs,managers,traffic_speed_avg,trip,3.742428910891088,6.931673985016917,5.13004792079208,-3.2758948179458165,-1.425319728702172
flash_mob-boycott_tncs,managers_drivers,drivers_accept,driver_decisions,1.5843897029702967,1.391220427742871,2.843713069306931,0.21359162484539312,-1.3924622521098675
flash_mob-boycott_tncs,managers_drivers,drivers_acceptance_rate,driver_decisions,1.7771052475247526,2.2890177694538423,2.240082871287129,-2.53128745794898,-2.289315854053401
flash_mob-boycott_tncs,managers_drivers,drivers_busy,supply,3181.7162210891097,1210.3167705268245,3307.08006019802,2.0272242284846285,-0.12891380889091014
flash_mob-boycott_tncs,managers_drivers,drivers_change_provider,driver_decisions,0.5252648514851486,0.4422199975833736,0.8606106930693069,0.30832270919156207,-1.2450469058040234
flash_mob-boycott_tncs,managers_drivers,drivers_change_zone,driver_decisions,1.1010727722772278,0.7918394755920735,1.5629534653465345,0.5945187160066728,-0.8879920743832992
flash_mob-boycott_tncs,managers_drivers,drivers_demand_pressure,market,0.0,0.0,0.0,,
flash_mob-boycott_tncs,managers_drivers,drivers_idle,supply,7995.741482376237,5565.457430613823,7647.96757138614,0.7375485606716033,0.10554327890349681
flash_mob-boycott_tncs,managers_drivers,drivers_idle_duration_avg,supply,550.2380166336634,304.0132902827453,756.3531009900992,2.074869404856632,-1.736876262382808
flash_mob-boycott_tncs,managers_drivers,drivers_occupied_distance_avg,supply,3963.6163463366324,2192.3870352464955,5128.809533465346,1.5929450798938305,-1.0479099137198282
flash_mob-boycott_tncs,managers_drivers,drivers_occupied_duration_avg,supply,451.67414336633664,244.59702592315128,589.2236626732673,1.725836919542821,-1.1463750394845047
flash_mob-boycott_tncs,managers_drivers,drivers_passengers_served,supply,1.4867654455445545,0.9316361285645239,2.1027223762376237,0.6446457562756476,-0.7152820239795479
flash_mob-boycott_tncs,managers_drivers,drivers_pickup,supply,761.1755499009898,312.14381956742386,858.201276039604,1.5707448803280368,-0.33940288023549037
flash_mob-boycott_tncs,managers_drivers,drivers_pickup_accept,driver_decisions,0.7098848514851485,0.37201216529724507,0.9964195049504951,0.9301714478092908,-0.7888366368661416
flash_mob-boycott_tncs,managers_drivers,drivers_pickup_reject,driver_decisions,0.19184782178217824,0.08551283953600775,0.2258405940594059,1.3040356897118146,-0.41686928709058607
flash_mob-boycott_tncs,managers_drivers,drivers_reject,driver_decisions,0.8930356435643565,0.6599319284678589,1.286369702970297,0.5140970533703447,-0.8674760110411829
flash_mob-boycott_tncs,managers_drivers,drivers_removed,supply,0.2516824752475248,0.2333409062348961,0.44504920792079217,0.12069481769092995,-1.2724299939346326
flash_mob-boycott_tncs,managers_drivers,drivers_shift_duration_avg,supply,2884.991630693069,1769.948160925568,3802.9083493069293,1.1933579447359528,-0.9823861028415419
flash_mob-boycott_tncs,managers_drivers,drivers_starting,supply,0.40841544554455445,0.240790601739971,0.47820178217821785,1.0767753162371345,-0.44828799235360917
flash_mob-boycott_tncs,managers_drivers,drivers_total_length_avg,supply,17419.327728415843,10934.738186988885,22889.982233465344,1.0846236468300108,-0.9150311213850717
flash_mob-boycott_tncs,managers_drivers,drivers_waiting,supply,1.8616005940594063,1.5664178322861286,3.1858417821782177,0.27461799334187165,-1.231984061661305
flash_mob-boycott_tncs,managers_drivers,passengers_accept,passenger_decisions,6.374240990099009,5.162185918318028,10.647392079207924,0.35492957843340445,-1.251319143783701
flash_mob-boycott_tncs,managers_drivers,passengers_acceptance_rate,passenger_decisions,1.6090913861386138,2.2134331222812955,2.1759118811881186,-5.197945888730974,-4.875225531660821
flash_mob-boycott_tncs,managers_drivers,passengers_arrivals,demand,1.6319967326732674,1.2426143547607542,2.4414521782178213,0.509149944371234,-1.0584305260023883
flash_mob-boycott_tncs,managers_drivers,passengers_change_provider,passenger_decisions,2.3353464356435643,1.55836066940551,3.1589931683168317,0.6813488907742933,-0.722266497125075
flash_mob-boycott_tncs,managers_drivers,passengers_departures,demand,1.5342574257425743,1.2483696060898986,2.514720099009901,0.38694203275402583,-1.3270317717432518
flash_mob-boycott_tncs,managers_drivers,passengers_drivers_ratio,demand,0.10463831683168318,0.1341196012566457,0.18809712871287135,-0.42151253677029143,-1.1932633261421706
flash_mob-boycott_tncs,managers_drivers,passengers_no_ratings_count,passenger_experience,0.3398518811881189,0.2738639173513775,0.5084976237623763,0.3560661747564624,-0.909999959931242
flash_mob-boycott_tncs,managers_drivers,passengers_offers_discarded,passenger_decisions,50.68364683168316,39.823477513291444,82.26788831683169,0.4057281990945828,-1.1799647907732103
flash_mob-boycott_tncs,managers_drivers,passengers_pickup_accept,passenger_decisions,0.7455612871287126,0.40666787820202993,1.0920299999999998,0.8518315300311937,-0.8708725694247331
flash_mob-boycott_tncs,managers_drivers,passengers_pickup_reject,passenger_decisions,0.15589089108910892,0.050867614789753504,0.13140257425742574,2.1253294147576516,0.4955638589290572
flash_mob-boycott_tncs,managers_drivers,passengers_rating_avg,passenger_experience,4.909458811881189,4.8783194780087005,4.88920306930693,1.4775373164439758,0.9611193241417444
flash_mob-boycott_tncs,managers_drivers,passengers_ratings_count,passenger_experience,1.2914361386138615,0.9694629362010634,1.9361388118811882,0.5556512334527862,-1.1126076112136076
flash_mob-boycott_tncs,managers_drivers,passengers_reject,passenger_decisions,3.9164026732673265,2.4671575954567424,4.911699504950495,0.8056294304977815,-0.5532814511238642
flash_mob-boycott_tncs,managers_drivers,passengers_unassigned,demand,13.4249503960396,11.459453463025616,23.908993267326732,0.24444566697905543,-1.30388341455151
flash_mob-boycott_tncs,managers_drivers,rides_dispatched,matching,1.5843897029702967,1.391220427742871,2.843713069306931,0.21359162484539312,-1.3924622521098675
flash_mob-boycott_tncs,managers_drivers,rides_duration_avg,trip,1071.1584882178217,549.475789113098,1012.6632176237623,2.2322335785833647,0.2502960275133978
flash_mob-boycott_tncs,managers_drivers,rides_in_progress,matching,2751.9329207920796,1064.4554310077333,2878.3069307920787,2.0426095028185363,-0.1529695982897356
flash_mob-boycott_tncs,managers_drivers,rides_length_avg,trip,5832.396544653466,4457.963518303529,6487.263448217823,1.1880314618032433,-0.5660533978830945
flash_mob-boycott_tncs,managers_drivers,rides_offers_generated,matching,54.5016998019802,44.18188171097148,90.81610564356434,0.3494725841346484,-1.2297590072667934
flash_mob-boycott_tncs,managers_drivers,rides_offers_lyft,matching,19.31805287128713,16.58451145239246,33.782293564356436,0.24458297856104777,-1.2941845500791076
flash_mob-boycott_tncs,managers_drivers,rides_offers_price_lyft_avg,market,25.478052376237628,20.723153141614304,22.006940198019798,8.882432791867812,6.484242696784766
flash_mob-boycott_tncs,managers_drivers,rides_offers_price_no_surge_avg,market,25.294831386138615,19.823990724987915,21.18841603960396,9.22646265068506,6.92538682254966
flash_mob-boycott_tncs,managers_drivers,rides_offers_price_uber_avg,market,25.180527821782178,19.27406272595457,20.703807821782178,9.44758140842996,7.1606580173687355
flash_mob-boycott_tncs,managers_drivers,rides_offers_radius_avg,matching,581.9497489108912,1328.8570278806185,1517.8939952475248,-1.5754275394506938,-1.9741571445160864
flash_mob-boycott_tncs,managers_drivers,rides_offers_surge_lyft_avg,market,1.0,1.0,1.0,,
flash_mob-boycott_tncs,managers_drivers,rides_offers_surge_uber_avg,market,1.0,1.0,1.0,,
flash_mob-boycott_tncs,managers_drivers,rides_offers_uber,matching,35.18208009900991,27.597377491541806,57.033399504950495,0.40340222061655717,-1.1621906919697473
flash_mob-boycott_tncs,managers_drivers,rides_partial_acceptances,matching,3.895692871287129,3.1109826147897537,6.518382970297031,0.36397382484440516,-1.2164879187116608
flash_mob-boycott_tncs,managers_drivers,rides_waiting_duration_avg,passenger_experience,662.3207608910893,459.83089970275495,799.1560990099009,0.8780928304417727,-0.5933834348449167
flash_mob-boycott_tncs,managers_drivers,traffic_duration_avg,trip,894.7556434653467,512.9499511623973,752.4813177227722,2.5155912690775817,0.9373984172240568
flash_mob-boycott_tncs,managers_drivers,traffic_length_avg,trip,3902.7772661386134,3740.888128726438,3915.7535666336635,2.0305757241176736,-0.16276175903648432
flash_mob-boycott_tncs,managers_drivers,traffic_speed_avg,trip,3.828646039603962,6.949760918318028,5.13004792079208,-3.2059135688076634,-1.3367601358818908
flash_mob-boycott_tncs,students,drivers_accept,driver_decisions,1.6634024742268045,1.3923657229206963,2.846374536082474,0.2996914495647968,-1.3080388925256137
flash_mob-boycott_tncs,students,drivers_acceptance_rate,driver_decisions,2.075102680412371,2.3624781262088974,2.2321214432989693,-1.4210042351103256,-0.7764209862648507
flash_mob-boycott_tncs,students,drivers_busy,supply,3045.7361570103094,1209.1230483679885,3297.9207385567006,1.8886210966175527,-0.2593257767294633
flash_mob-boycott_tncs,students,drivers_change_provider,driver_decisions,0.4787798969072165,0.4263338999032882,0.8611684536082473,0.1947175667456754,-1.4197035725460305
flash_mob-boycott_tncs,students,drivers_change_zone,driver_decisions,1.0362887628865978,0.7709824854932301,1.572164639175258,0.5100665066640846,-1.0302520502326609
flash_mob-boycott_tncs,students,drivers_demand_pressure,market,0.0,0.0,0.0,,
flash_mob-boycott_tncs,students,drivers_idle,supply,8090.879051855671,5688.428629941973,7636.433155773196,0.7291015424646987,0.13791635439309272
flash_mob-boycott_tncs,students,drivers_idle_duration_avg,supply,577.7190030927835,293.3649004182786,745.054432371134,2.3961753822560055,-1.4100905611866688
flash_mob-boycott_tncs,students,drivers_occupied_distance_avg,supply,4736.850422268041,2115.7742352296905,5106.841499587629,2.357250069218817,-0.33274938627687517
flash_mob-boycott_tncs,students,drivers_occupied_duration_avg,supply,524.641693814433,234.15052864361704,584.5714815463917,2.4210322407561806,-0.4994711222815631
flash_mob-boycott_tncs,students,drivers_passengers_served,supply,1.6559448453608248,0.890500998549323,2.1162883505154637,0.888874199976889,-0.534575418645508
flash_mob-boycott_tncs,students,drivers_pickup,supply,789.5292584536082,306.89364801740817,865.0630813402062,1.6882936392791235,-0.264222676429999
flash_mob-boycott_tncs,students,drivers_pickup_accept,driver_decisions,0.7485401030927835,0.36912764023210826,1.0056017525773195,1.0445314295093155,-0.7076967640535958
flash_mob-boycott_tncs,students,drivers_pickup_reject,driver_decisions,0.19341907216494844,0.08006208655705996,0.22779979381443302,1.3901498057207666,-0.4216268919402595
flash_mob-boycott_tncs,students,drivers_reject,driver_decisions,0.8265290721649483,0.6388492190522244,1.2918041237113402,0.4139172960940947,-1.0261377983946565
flash_mob-boycott_tncs,students,drivers_removed,supply,0.26084195876288657,0.2181717674081238,0.4484017525773195,0.2807868270622984,-1.234218027094346
flash_mob-boycott_tncs,students,drivers_shift_duration_avg,supply,3286.776742268041,1719.3315255826888,3780.0418007216495,1.677533883642991,-0.5279092630254104
flash_mob-boycott_tncs,students,drivers_starting,supply,0.4648964948453609,0.24333613394584144,0.4796223711340206,1.4232420580288132,-0.09459492839901418
flash_mob-boycott_tncs,students,drivers_total_length_avg,supply,20559.960205051546,10626.12729488153,22812.894320515465,1.661550050191399,-0.37682965140219193
flash_mob-boycott_tncs,students,drivers_waiting,supply,1.9479723711340209,1.5656734477756284,3.1917872164948453,0.35566495332839565,-1.157160854752671
flash_mob-boycott_tncs,students,passengers_accept,passenger_decisions,6.382353814432989,5.045972393617021,10.684260412371135,0.39133642138841324,-1.2597397022748265
flash_mob-boycott_tncs,students,passengers_acceptance_rate,passenger_decisions,1.9072353608247423,2.2549193858800773,2.175854432989691,-2.9904318046091984,-2.310393802530416
flash_mob-boycott_tncs,students,passengers_arrivals,demand,1.659948762886598,1.2498219148936172,2.441048144329897,0.5362750696635089,-1.0213526065106513
flash_mob-boycott_tncs,students,passengers_change_provider,passenger_decisions,2.1347763917525775,1.4918476257253386,3.1640376288659793,0.5637925694578699,-0.9025725215271603
flash_mob-boycott_tncs,students,passengers_departures,demand,1.6353951546391752,1.2532771905222437,2.5141244329896906,0.5171871329351037,-1.1893381593469514
flash_mob-boycott_tncs,students,passengers_drivers_ratio,demand,0.10321793814432989,0.13443297147001934,0.1893862886597938,-0.4463010394262111,-1.2320033106946626
flash_mob-boycott_tncs,students,passengers_no_ratings_count,passenger_experience,0.3427321649484536,0.27313919729206965,0.508659175257732,0.3755185088702764,-0.8953298816094882
flash_mob-boycott_tncs,students,passengers_offers_discarded,passenger_decisions,50.152731752577324,38.85371287475822,82.5317875257732,0.4221233064082771,-1.2096584870913676
flash_mob-boycott_tncs,students,passengers_pickup_accept,passenger_decisions,0.8021303092783504,0.39670621856866545,1.1008937113402062,1.0190609035286704,-0.7509620405474863
flash_mob-boycott_tncs,students,passengers_pickup_reject,passenger_decisions,0.13958845360824743,0.05248672147001934,0.13371134020618558,1.7626556694161541,0.1189336538279859
flash_mob-boycott_tncs,students,passengers_rating_avg,passenger_experience,4.892829381443299,4.88730035058027,4.889176391752577,0.26234823960421866,0.1733315364653826
flash_mob-boycott_tncs,students,passengers_ratings_count,passenger_experience,1.3198971134020618,0.9772836968085106,1.936220206185567,0.5912714663862129,-1.0636310231542987
flash_mob-boycott_tncs,students,passengers_reject,passenger_decisions,3.339501855670104,2.3481967819148934,4.928522268041237,0.5510624491652415,-0.8833299691463383
flash_mob-boycott_tncs,students,passengers_unassigned,demand,13.414983092783505,11.220218075435204,24.034999690721648,0.27295936692473405,-1.3207942464864473
flash_mob-boycott_tncs,students,rides_dispatched,matching,1.6634024742268045,1.3923657229206963,2.846374536082474,0.2996914495647968,-1.3080388925256137
flash_mob-boycott_tncs,students,rides_duration_avg,trip,1021.4473974226805,549.0332923476789,1012.1040125773195,2.021417674296188,0.039979507515266466
flash_mob-boycott_tncs,students,rides_in_progress,matching,2671.557542783505,1065.8795558873305,2873.294673814433,1.9435951794058048,-0.24419299422345614
flash_mob-boycott_tncs,students,rides_length_avg,trip,5922.712565360825,4479.941485067698,6488.675596804125,1.2471014612622393,-0.4892067308349064
flash_mob-boycott_tncs,students,rides_offers_generated,matching,53.85647701030928,43.108934156189555,91.10938154639173,0.36395714936094986,-1.2615405329759604
flash_mob-boycott_tncs,students,rides_offers_lyft,matching,18.167473917525772,15.970310246615087,33.87146030927835,0.1965907051208167,-1.4051105062567941
flash_mob-boycott_tncs,students,rides_offers_price_lyft_avg,market,24.688324432989692,20.756018585589946,22.02129536082474,7.345779728045915,4.982167932174783
flash_mob-boycott_tncs,students,rides_offers_price_no_surge_avg,market,24.558875979381444,19.85677501934236,21.20027793814433,7.929998618973836,5.6642079902251155
flash_mob-boycott_tncs,students,rides_offers_price_uber_avg,market,24.478804742268043,19.321369286750482,20.714469278350514,8.2494843420213,6.021175977002474
flash_mob-boycott_tncs,students,rides_offers_radius_avg,matching,642.6858715463918,1321.3417962113153,1524.5105229896906,-1.4314671494476496,-1.8600044208520685
flash_mob-boycott_tncs,students,rides_offers_surge_lyft_avg,market,1.0,1.0,1.0,,
flash_mob-boycott_tncs,students,rides_offers_surge_uber_avg,market,1.0,1.0,1.0,,
flash_mob-boycott_tncs,students,rides_offers_uber,matching,35.68840226804123,27.138617030947778,57.23694164948454,0.45473138881439806,-1.1460869446560067
flash_mob-boycott_tncs,students,rides_partial_acceptances,matching,3.891151134020618,3.0148098041586073,6.547577319587629,0.4064752602098497,-1.2321357993883855
flash_mob-boycott_tncs,students,rides_waiting_duration_avg,passenger_experience,667.9412351546392,449.83995779980654,799.950054329897,0.9457913933643626,-0.5724533415777571
flash_mob-boycott_tncs,students,traffic_duration_avg,trip,844.8592512371133,511.9029854400388,751.4903457731959,2.1937385746444122,0.6151767983647378
flash_mob-boycott_tncs,students,traffic_length_avg,trip,3908.608091855671,3742.1738484671178,3914.367668247423,2.087584996059601,-0.0722423764141532
flash_mob-boycott_tncs,students,traffic_speed_avg,trip,4.033618453608248,6.972133261605416,5.1313116494845366,-3.0183523712468308,-1.1275168162017652
flash_mob-boycott_tncs,students_drivers,drivers_accept,driver_decisions,1.5770252688172046,1.391244041062802,2.8416488172043013,0.20542249410583832,-1.3983227829567209
flash_mob-boycott_tncs,students_drivers,drivers_acceptance_rate,driver_decisions,1.883758602150538,2.301561966183575,2.2371252688172043,-2.065939725952269,-1.7473153577487077
flash_mob-boycott_tncs,students_drivers,drivers_busy,supply,2907.864620752688,1114.7718293574878,3302.9817231182797,1.843868399983932,-0.4063057655695849
flash_mob-boycott_tncs,students_drivers,drivers_change_provider,driver_decisions,0.5047307526881721,0.4402158164251208,0.8579391397849462,0.23952621983623945,-1.3113656259503845
flash_mob-boycott_tncs,students_drivers,drivers_change_zone,driver_decisions,1.0614873118279566,0.7923960652173915,1.5684586021505376,0.5173433266677989,-0.9746813289698917
flash_mob-boycott_tncs,students_drivers,drivers_demand_pressure,market,0.0,0.0,0.0,,
flash_mob-boycott_tncs,students_drivers,drivers_idle,supply,8208.181568172044,5553.5837538599035,7642.156803978497,0.8056238511247522,0.17177858276800562
flash_mob-boycott_tncs,students_drivers,drivers_idle_duration_avg,supply,575.481485483871,293.1905312512078,756.0600922580645,2.3787897864098997,-1.521687248556114
flash_mob-boycott_tncs,students_drivers,drivers_occupied_distance_avg,supply,4833.396967526882,2243.7362326835746,5148.145468494625,2.328996759670809,-0.28306728715546303
flash_mob-boycott_tncs,students_drivers,drivers_occupied_duration_avg,supply,544.1475762365592,248.9538367415459,589.8379703225805,2.460224771953263,-0.38079614954922
flash_mob-boycott_tncs,students_drivers,drivers_passengers_served,supply,1.5046054838709673,0.9367105241545894,2.11738311827957,0.6594699011449652,-0.7115900556488642
flash_mob-boycott_tncs,students_drivers,drivers_pickup,supply,712.5406901075269,312.2057851618357,861.6529509677417,1.400399926956008,-0.5216052775743296
flash_mob-boycott_tncs,students_drivers,drivers_pickup_accept,driver_decisions,0.6709499999999999,0.37092437439613524,1.00267064516129,0.8259776003101685,-0.9132347342404269
flash_mob-boycott_tncs,students_drivers,drivers_pickup_reject,driver_decisions,0.18408677419354844,0.08303502173913044,0.22662978494623656,1.2392449683531142,-0.5217248660545739
flash_mob-boycott_tncs,students_drivers,drivers_reject,driver_decisions,0.8318280645161292,0.6560708816425121,1.287508817204301,0.3876225215312193,-1.0049781151604207
flash_mob-boycott_tncs,students_drivers,drivers_removed,supply,0.2362721505376344,0.23510793236714975,0.4467559139784945,0.0076610185171379795,-1.3850668630313925
flash_mob-boycott_tncs,students_drivers,drivers_shift_duration_avg,supply,3217.616102365592,1776.3032574202898,3818.115166129032,1.5425426729991918,-0.6426747906949528
flash_mob-boycott_tncs,students_drivers,drivers_starting,supply,0.40422924731182786,0.23867792995169082,0.47849516129032255,1.063455559796092,-0.4770635497388416
flash_mob-boycott_tncs,students_drivers,drivers_total_length_avg,supply,20205.000431827953,11102.117026944445,23011.290181935485,1.5225640007278707,-0.4693848706040873
flash_mob-boycott_tncs,students_drivers,drivers_waiting,supply,1.8227779569892473,1.563870033816425,3.186451827956989,0.2408703472211653,-1.2686695515964428
flash_mob-boycott_tncs,students_drivers,passengers_accept,passenger_decisions,6.173924516129032,5.168257241545894,10.667812795698925,0.29449244520513285,-1.3159582511798427
flash_mob-boycott_tncs,students_drivers,passengers_acceptance_rate,passenger_decisions,1.8748040860215056,2.2491544396135263,2.1793224731182796,-3.2197890117905503,-2.6191639656655403
flash_mob-boycott_tncs,students_drivers,passengers_arrivals,demand,1.6711469892473119,1.2490350241545893,2.4451433333333337,0.5519466101613874,-1.0120647925764088
flash_mob-boycott_tncs,students_drivers,passengers_change_provider,passenger_decisions,2.144354731182795,1.5438280169082128,3.1571682795698925,0.5266096606021429,-0.8881493300654587
flash_mob-boycott_tncs,students_drivers,passengers_departures,demand,1.582849569892473,1.2540406521739131,2.5156279569892472,0.4450346683683204,-1.2624922798415883
flash_mob-boycott_tncs,students_drivers,passengers_drivers_ratio,demand,0.09768010752688175,0.1383695507246377,0.18861548387096772,-0.5817626591443389,-1.300160488682831
flash_mob-boycott_tncs,students_drivers,passengers_no_ratings_count,passenger_experience,0.34388881720430114,0.2757913768115942,0.5098022580645163,0.3674487543111126,-0.8952566618654535
flash_mob-boycott_tncs,students_drivers,passengers_offers_discarded,passenger_decisions,48.975447849462356,39.83868758937197,82.40645225806453,0.3413428628232841,-1.2489585396845264
flash_mob-boycott_tncs,students_drivers,passengers_pickup_accept,passenger_decisions,0.7473481720430105,0.4038058888888889,1.0968639784946232,0.8635167901801706,-0.8785316454595771
flash_mob-boycott_tncs,students_drivers,passengers_pickup_reject,passenger_decisions,0.10752677419354835,0.0501631884057971,0.1337635483870968,1.160852341562591,-0.5309469472553986
flash_mob-boycott_tncs,students_drivers,passengers_rating_avg,passenger_experience,4.898137419354838,4.878552847826087,4.889514838709677,0.9292727769575824,0.4091347849457116
flash_mob-boycott_tncs,students_drivers,passengers_ratings_count,passenger_experience,1.3266666666666664,0.973974654589372,1.9389070967741935,0.6086647897126479,-1.0565852922217898
flash_mob-boycott_tncs,students_drivers,passengers_reject,passenger_decisions,3.279659247311827,2.4187684396135265,4.914300967741935,0.47856569033481644,-0.9086906683081674
flash_mob-boycott_tncs,students_drivers,passengers_unassigned,demand,12.886809784946237,11.485382031400967,23.958153870967738,0.1742932976308519,-1.3769251144605532
flash_mob-boycott_tncs,students_drivers,rides_dispatched,matching,1.5770252688172046,1.391244041062802,2.8416488172043013,0.20542249410583832,-1.3983227829567209
flash_mob-boycott_tncs,students_drivers,rides_duration_avg,trip,1005.7928590322579,547.6166602125604,1013.6235643010754,1.9604949477301068,-0.03350688699288285
flash_mob-boycott_tncs,students_drivers,rides_in_progress,matching,2706.462455376344,1066.6640623454107,2877.021415913978,1.984896273039826,-0.20645333386316483
flash_mob-boycott_tncs,students_drivers,rides_length_avg,trip,5783.572911935484,4476.176492949276,6493.755696129031,1.1300864058319358,-0.6138673002449684
flash_mob-boycott_tncs,students_drivers,rides_offers_generated,matching,52.49087806451612,44.190840164251206,90.97311838709675,0.28107430458956606,-1.3031710297820067
flash_mob-boycott_tncs,students_drivers,rides_offers_lyft,matching,18.118387204301076,16.693944760869563,33.848512365591404,0.12745165417838528,-1.4074492665423615
flash_mob-boycott_tncs,students_drivers,rides_offers_price_lyft_avg,market,25.330937741935486,20.766732620772945,22.01220204301075,8.526204917618358,6.199594427789523
flash_mob-boycott_tncs,students_drivers,rides_offers_price_no_surge_avg,market,25.22266989247312,19.882717304347825,21.189950215053766,9.005722550216657,6.8011005600309975
flash_mob-boycott_tncs,students_drivers,rides_offers_price_uber_avg,market,25.15631107526882,19.346475577294683,20.702862795698927,9.293019250290836,7.123434150011429
flash_mob-boycott_tncs,students_drivers,rides_offers_radius_avg,matching,532.5085834408601,1337.0214530458936,1516.6873115053763,-1.696933161993787,-2.075896587958192
flash_mob-boycott_tncs,students_drivers,rides_offers_surge_lyft_avg,market,1.0,1.0,1.0,,
flash_mob-boycott_tncs,students_drivers,rides_offers_surge_uber_avg,market,1.0,1.0,1.0,,
flash_mob-boycott_tncs,students_drivers,rides_offers_uber,matching,34.37288516129032,27.496867166666668,57.12381731182797,0.365709912646994,-1.2100377596330312
flash_mob-boycott_tncs,students_drivers,rides_partial_acceptances,matching,3.7640322580645167,3.1209612777777775,6.540681075268818,0.2982769785451229,-1.2878989179503906
flash_mob-boycott_tncs,students_drivers,rides_waiting_duration_avg,passenger_experience,672.5433896774194,466.2720881618357,799.4353622580643,0.8944909632698292,-0.5502642488358692
flash_mob-boycott_tncs,students_drivers,traffic_duration_avg,trip,844.3334249462364,503.3258356763285,752.2223598924732,2.2467860787573377,0.60688930444449
flash_mob-boycott_tncs,students_drivers,traffic_length_avg,trip,3940.4751982795706,3737.441120280193,3915.2740916129032,2.54665678342878,0.31609752350429243
flash_mob-boycott_tncs,students_drivers,traffic_speed_avg,trip,3.9849459139784944,7.016735519323671,5.1309431182795695,-3.114161385033907,-1.1771332135644361
flash_mob-long_rides,bank_tellers,drivers_accept,driver_decisions,2.4290929947916666,1.3645871741902575,2.5258291145833334,1.1770480973847552,-0.10696330968377082
flash_mob-long_rides,bank_tellers,drivers_acceptance_rate,driver_decisions,1.847700703125,2.3867308773272122,2.1230690104166663,-2.6653778936142465,-1.3616317489897023
flash_mob-long_rides,bank_tellers,drivers_busy,supply,3800.837990442708,1108.2211761004846,3151.5061174999996,2.768864545692533,0.66771922087191
flash_mob-long_rides,bank_tellers,drivers_change_provider,driver_decisions,0.8388240364583334,0.4116094108645754,0.7854422395833334,1.5861304413290198,0.1981919343669515
flash_mob-long_rides,bank_tellers,drivers_change_zone,driver_decisions,1.5303646093749999,0.7495382657485337,1.4345961197916666,1.5011833467261868,0.18412040382233238
flash_mob-long_rides,bank_tellers,drivers_demand_pressure,market,0.0,0.0,0.0,,
flash_mob-long_rides,bank_tellers,drivers_idle,supply,7098.761492916667,5282.826728298903,8439.206033828124,0.5511043332346621,-0.40680139471449894
flash_mob-long_rides,bank_tellers,drivers_idle_duration_avg,supply,1040.0038790885417,256.3784899132874,1141.154986171875,6.603399946727339,-0.8523731164816972
flash_mob-long_rides,bank_tellers,drivers_occupied_distance_avg,supply,5761.77111921875,1922.1155339224688,6247.654045052083,3.453172570478831,-0.43697606586820986
flash_mob-long_rides,bank_tellers,drivers_occupied_duration_avg,supply,696.0941839583334,216.0836125350676,745.0235151822917,4.000538428203722,-0.40779033104908413
flash_mob-long_rides,bank_tellers,drivers_passengers_served,supply,2.2757855729166665,0.842623011986738,2.1221787760416664,1.664264766239777,0.17837640115866246
flash_mob-long_rides,bank_tellers,drivers_pickup,supply,981.0826649999999,314.8645203825555,654.2662854166667,2.330478380808693,1.1432269043805063
flash_mob-long_rides,bank_tellers,drivers_pickup_accept,driver_decisions,1.1493271614583334,0.3813039632746748,0.7265366927083333,2.114385919340977,1.1639520994557273
flash_mob-long_rides,bank_tellers,drivers_pickup_reject,driver_decisions,0.30100666666666664,0.08448029584289724,0.16968742187499997,2.6553642964297293,1.6104294027895303
flash_mob-long_rides,bank_tellers,drivers_reject,driver_decisions,1.3291794270833333,0.6093997296608007,1.20725703125,1.587433393618539,0.2688929449786843
flash_mob-long_rides,bank_tellers,drivers_removed,supply,0.4624869010416666,0.20905001785258864,0.4135715364583334,1.6677154714300715,0.32188255032084856
flash_mob-long_rides,bank_tellers,drivers_shift_duration_avg,supply,4593.239796875,1484.9444074394287,4930.566127317709,3.3266048348254116,-0.3610182628004347
flash_mob-long_rides,bank_tellers,drivers_starting,supply,0.4248304947916666,0.23569333588370314,0.416709765625,1.2149644376864548,0.052165302696463856
flash_mob-long_rides,bank_tellers,drivers_total_length_avg,supply,26123.38251773438,9245.302152402448,27994.9721921875,2.823056873590173,-0.3130453215436722
flash_mob-long_rides,bank_tellers,drivers_waiting,supply,2.8360066666666666,1.5256503927569496,2.8715927083333335,1.2190664805162574,-0.03310683623519438
flash_mob-long_rides,bank_tellers,passengers_accept,passenger_decisions,9.934227604166667,4.940113986228003,9.612477942708333,1.4624406780946961,0.09421888028131839
flash_mob-long_rides,bank_tellers,passengers_acceptance_rate,passenger_decisions,1.0859327083333332,2.260706432032645,2.082484609375,-10.104233883079566,-8.57134721488703
flash_mob-long_rides,bank_tellers,passengers_arrivals,demand,1.8026346093750003,1.2367222723794948,2.4481596875,0.7399775933491137,-0.8440778942785792
flash_mob-long_rides,bank_tellers,passengers_change_provider,passenger_decisions,4.485364713541666,1.4365145192552922,2.928693411458333,2.67357625876708,1.365065244515296
flash_mob-long_rides,bank_tellers,passengers_departures,demand,1.8486938281249998,1.2303328130578934,2.335772395833333,0.836936209582476,-0.6592486917734199
flash_mob-long_rides,bank_tellers,passengers_drivers_ratio,demand,0.23358062500000001,0.13580997194593217,0.150216015625,1.3978887553356845,1.1919164534353672
flash_mob-long_rides,bank_tellers,passengers_no_ratings_count,passenger_experience,0.5026997916666667,0.266766220351951,0.5603251041666667,1.2730801096167041,-0.31094192634560924
flash_mob-long_rides,bank_tellers,passengers_offers_discarded,passenger_decisions,81.86802966145832,37.93532095638868,74.47744815104166,1.6412947405956715,0.276106867082173
flash_mob-long_rides,bank_tellers,passengers_pickup_accept,passenger_decisions,1.1318796875,0.41381155062484054,0.7917188541666667,1.8049128828980767,0.855017287095444
flash_mob-long_rides,bank_tellers,passengers_pickup_reject,passenger_decisions,0.31858950520833335,0.05196346850293292,0.10442270833333334,5.395643504160218,4.334039168283482
flash_mob-long_rides,bank_tellers,passengers_rating_avg,passenger_experience,4.892392421875,4.89200857944402,4.875694114583333,0.01821302657694548,0.7923217704629226
flash_mob-long_rides,bank_tellers,passengers_ratings_count,passenger_experience,1.30247796875,0.9706183473603672,1.890286458333333,0.5727129046034997,-1.0144214171347308
flash_mob-long_rides,bank_tellers,passengers_reject,passenger_decisions,9.299071249999999,2.262609852078551,4.630581692708334,3.9115402049811117,2.5951943124814223
flash_mob-long_rides,bank_tellers,passengers_unassigned,demand,27.365568359375004,11.065505399132874,20.794262239583336,2.027212403739037,0.8172626883282927
flash_mob-long_rides,bank_tellers,rides_dispatched,matching,2.4290929947916666,1.3645871741902575,2.5258291145833334,1.1770480973847552,-0.10696330968377082
flash_mob-long_rides,bank_tellers,rides_duration_avg,trip,1488.9142713020835,542.6452021066054,1038.4145779427083,4.049000655490293,1.9276478679168083
flash_mob-long_rides,bank_tellers,rides_in_progress,matching,3522.3357854687497,1060.0082385462892,2707.3519662500003,2.980527845167544,0.9864983111521706
flash_mob-long_rides,bank_tellers,rides_length_avg,trip,8014.803696432292,4447.116462313186,6475.204074114583,3.0838350059613187,1.3307980489608329
flash_mob-long_rides,bank_tellers,rides_offers_generated,matching,90.51082033854168,42.09018702881917,82.220803125,1.639726950509738,0.2807349618557029
flash_mob-long_rides,bank_tellers,rides_offers_lyft,matching,33.83669270833334,15.727186049477174,30.773168385416668,1.6203438690477872,0.27410812165273724
flash_mob-long_rides,bank_tellers,rides_offers_price_lyft_avg,market,30.053907760416667,20.656634345830145,21.58811697916667,17.55466213123302,15.814597520156319
flash_mob-long_rides,bank_tellers,rides_offers_price_no_surge_avg,market,29.394396093750004,19.773608255547057,20.849082213541667,16.22526502913615,14.411499847546196
flash_mob-long_rides,bank_tellers,rides_offers_price_uber_avg,market,29.001060260416665,19.247312088752867,20.408201901041664,15.601434765815155,13.744554071546256
flash_mob-long_rides,bank_tellers,rides_offers_radius_avg,matching,2088.796419140625,1387.129124282071,1331.3657025260416,1.480004293674637,1.597624288554903
flash_mob-long_rides,bank_tellers,rides_offers_surge_lyft_avg,market,1.0,1.0,1.0,,
flash_mob-long_rides,bank_tellers,rides_offers_surge_uber_avg,market,1.0,1.0,1.0,,
flash_mob-long_rides,bank_tellers,rides_offers_uber,matching,56.67391057291667,26.362990280540682,51.447838515624994,1.6121255094216111,0.2779554034113086
flash_mob-long_rides,bank_tellers,rides_partial_acceptances,matching,6.176375677083333,2.9661689313950523,5.880342760416667,1.4889970127125287,0.13730957645431477
flash_mob-long_rides,bank_tellers,rides_waiting_duration_avg,passenger_experience,832.6620962760417,461.0546435042081,781.0285394010416,1.6114675475735643,0.22390778400492617
flash_mob-long_rides,bank_tellers,traffic_duration_avg,trip,1047.4464725260416,500.3955598036215,747.8174765104167,3.6043373043624247,1.9741562306025497
flash_mob-long_rides,bank_tellers,traffic_length_avg,trip,4079.66195359375,3727.792442152512,3913.9475055989583,4.413499876588921,2.078556601219354
flash_mob-long_rides,bank_tellers,traffic_speed_avg,trip,4.176332239583334,6.981447689364958,5.311506640625,-2.881328638000059,-1.166016361679711
flash_mob-long_rides,bank_tellers_drivers,drivers_accept,driver_decisions,2.3449371394799052,1.3577504823316997,2.4574508510638298,1.091554554303368,-0.12440894881601944
flash_mob-long_rides,bank_tellers_drivers,drivers_acceptance_rate,driver_decisions,1.6541719385342788,2.348634046943513,2.1310927186761233,-3.4339523839203965,-2.3582614948722016
flash_mob-long_rides,bank_tellers_drivers,drivers_busy,supply,3720.378615602837,1154.9733775548102,3033.131986312057,2.638050676624161,0.7067076220627388
flash_mob-long_rides,bank_tellers_drivers,drivers_change_provider,driver_decisions,0.8990507328605202,0.4171743693577509,0.7668356264775412,1.7890744448329539,0.490878337196754
flash_mob-long_rides,bank_tellers_drivers,drivers_change_zone,driver_decisions,1.5851102600472813,0.7529696930616456,1.4007445390070923,1.599837878794362,0.35445365335304047
flash_mob-long_rides,bank_tellers_drivers,drivers_demand_pressure,market,0.0,0.0,0.0,,
flash_mob-long_rides,bank_tellers_drivers,drivers_idle,supply,7182.9260626004725,5093.0536361052355,8644.663758321512,0.6342396062843108,-0.4436117386264586
flash_mob-long_rides,bank_tellers_drivers,drivers_idle_duration_avg,supply,1038.961700638298,237.56876873355685,1207.1965784633571,6.75312224048412,-1.4176699716645131
flash_mob-long_rides,bank_tellers_drivers,drivers_occupied_distance_avg,supply,5982.768111205674,1825.0986053237039,6402.1783835461,3.739176594329892,-0.3771942602792743
flash_mob-long_rides,bank_tellers_drivers,drivers_occupied_duration_avg,supply,735.0187774940898,204.14211700541657,765.9222833333333,4.424470224945673,-0.25755820816516184
flash_mob-long_rides,bank_tellers_drivers,drivers_passengers_served,supply,2.246063569739953,0.8379919499613103,2.1101812056737588,1.6351278278014847,0.15779384490897938
flash_mob-long_rides,bank_tellers_drivers,drivers_pickup,supply,887.1997549881797,313.386555357235,612.825633002364,2.0072393211842945,0.9597801631603411
flash_mob-long_rides,bank_tellers_drivers,drivers_pickup_accept,driver_decisions,1.0554530732860519,0.3786970982718597,0.6749331914893618,1.8631251084393718,1.0475801798734437
flash_mob-long_rides,bank_tellers_drivers,drivers_pickup_reject,driver_decisions,0.29753364066193855,0.08586321124580862,0.15905035460992908,2.5958136126476816,1.6982853960733535
flash_mob-long_rides,bank_tellers_drivers,drivers_reject,driver_decisions,1.439129361702128,0.6243091075573898,1.1714262174940897,1.7970399635581749,0.590404136452121
flash_mob-long_rides,bank_tellers_drivers,drivers_removed,supply,0.5359693617021276,0.21331639411916428,0.4033131914893617,2.1231848307552212,0.8729303511811217
flash_mob-long_rides,bank_tellers_drivers,drivers_shift_duration_avg,supply,4552.412977895981,1383.9236698142895,5141.264124208037,3.391026440788554,-0.6302087880617673
flash_mob-long_rides,bank_tellers_drivers,drivers_starting,supply,0.35741910165484636,0.2333699123033273,0.4043929550827423,0.7968574470301149,-0.30174695308689337
flash_mob-long_rides,bank_tellers_drivers,drivers_total_length_avg,supply,25953.086084137114,8655.423809295848,28952.266714822697,2.893236868473206,-0.5016481324491509
flash_mob-long_rides,bank_tellers_drivers,drivers_waiting,supply,2.7682978959810876,1.527442225947898,2.7906972340425535,1.154407839009001,-0.02083882281496718
flash_mob-long_rides,bank_tellers_drivers,passengers_accept,passenger_decisions,10.208463569739953,4.988226352850142,9.329877588652481,1.5286571030065152,0.2572788639270875
flash_mob-long_rides,bank_tellers_drivers,passengers_acceptance_rate,passenger_decisions,1.1578223877068556,2.255345720918236,2.0714474940898344,-9.439802940079455,-7.85809349504135
flash_mob-long_rides,bank_tellers_drivers,passengers_arrivals,demand,1.9120251300236408,1.2134806989940676,2.4090700945626478,0.9134051214804934,-0.6499277584202782
flash_mob-long_rides,bank_tellers_drivers,passengers_change_provider,passenger_decisions,4.515047281323878,1.4542709620840857,2.844014799054373,2.6840344323415977,1.4653500459277509
flash_mob-long_rides,bank_tellers_drivers,passengers_departures,demand,1.830795862884161,1.2184451379932937,2.2755751536643025,0.8288014317487756,-0.6019976755583721
flash_mob-long_rides,bank_tellers_drivers,passengers_drivers_ratio,demand,0.23180966903073283,0.13878462986845497,0.14234721040189124,1.330037717327076,1.2791012541645117
flash_mob-long_rides,bank_tellers_drivers,passengers_no_ratings_count,passenger_experience,0.5452363593380614,0.25971612844983233,0.5551256737588652,1.5406460590218756,-0.05336200955512681
flash_mob-long_rides,bank_tellers_drivers,passengers_offers_discarded,passenger_decisions,83.6635459101655,38.30248040495228,72.30435004728132,1.6946571344218273,0.4243714757564334
flash_mob-long_rides,bank_tellers_drivers,passengers_pickup_accept,passenger_decisions,1.0646808274231678,0.4132154655661594,0.7359850827423168,1.637502298172574,0.826199010458792
flash_mob-long_rides,bank_tellers_drivers,passengers_pickup_reject,passenger_decisions,0.28851430260047284,0.05132314934227496,0.09797075650118205,4.7999772307906206,3.8559814317994086
flash_mob-long_rides,bank_tellers_drivers,passengers_rating_avg,passenger_experience,4.838011276595744,4.883578857363942,4.875733664302601,-2.1621464762472153,-1.7898981311058462
flash_mob-long_rides,bank_tellers_drivers,passengers_ratings_count,passenger_experience,1.3680142316784867,0.9544532576734588,1.8561110165484636,0.7137105311615687,-0.842342090971983
flash_mob-long_rides,bank_tellers_drivers,passengers_reject,passenger_decisions,9.272202458628842,2.2947760201186482,4.517025295508274,3.8787229117170905,2.6433835991551855
flash_mob-long_rides,bank_tellers_drivers,passengers_unassigned,demand,27.46286817966903,11.103895220531339,20.085713238770687,2.034538944793303,0.9174847997195523
flash_mob-long_rides,bank_tellers_drivers,rides_dispatched,matching,2.3449371394799052,1.3577504823316997,2.4574508510638298,1.091554554303368,-0.12440894881601944
flash_mob-long_rides,bank_tellers_drivers,rides_duration_avg,trip,1477.6555552955083,531.4199800619035,1018.0433766193854,4.048857337825164,1.9666393770147719
flash_mob-long_rides,bank_tellers_drivers,rides_in_progress,matching,3394.43467286052,1030.4519112225948,2601.8593303073285,2.8614862613888397,0.959373939029965
flash_mob-long_rides,bank_tellers_drivers,rides_length_avg,trip,8240.968292742316,4394.633540134125,6457.972934349883,3.3246921538702123,1.541184285744923
flash_mob-long_rides,bank_tellers_drivers,rides_offers_generated,matching,92.62864439716313,42.492792089244254,79.83825075650117,1.6978115030057537,0.43313669662413545
flash_mob-long_rides,bank_tellers_drivers,rides_offers_lyft,matching,35.34625690307328,16.00192201702347,29.92962562647754,1.7308298356150704,0.48465181549450115
flash_mob-long_rides,bank_tellers_drivers,rides_offers_price_lyft_avg,market,29.054561702127657,20.66293056744906,21.501790283687942,15.67606291741593,14.109023389629291
flash_mob-long_rides,bank_tellers_drivers,rides_offers_price_no_surge_avg,market,28.339941040189125,19.761593881867427,20.761369834515364,14.467209806146693,12.781107786823931
flash_mob-long_rides,bank_tellers_drivers,rides_offers_price_uber_avg,market,27.89587314420804,19.22850759350013,20.317791891252956,13.86373072699257,12.121385362552166
flash_mob-long_rides,bank_tellers_drivers,rides_offers_radius_avg,matching,2116.362080898345,1382.3366898297654,1309.4741054137114,1.5482561869535292,1.701942896558156
flash_mob-long_rides,bank_tellers_drivers,rides_offers_surge_lyft_avg,market,1.0,1.0,1.0,,
flash_mob-long_rides,bank_tellers_drivers,rides_offers_surge_uber_avg,market,1.0,1.0,1.0,,
flash_mob-long_rides,bank_tellers_drivers,rides_offers_uber,matching,57.28234442080379,26.490897180809906,49.90872340425532,1.6376829567952615,0.3921755731242199
flash_mob-long_rides,bank_tellers_drivers,rides_partial_acceptances,matching,6.425200425531914,3.006080345628063,5.701768983451537,1.5858977282133628,0.3355507422089868
flash_mob-long_rides,bank_tellers_drivers,rides_waiting_duration_avg,passenger_experience,850.3963165484633,450.21642554552494,771.3013305910165,1.7353712976760856,0.34299366736455644
flash_mob-long_rides,bank_tellers_drivers,traffic_duration_avg,trip,983.4152952718676,494.00825832602527,737.4148588652481,3.224540896025242,1.6208154107947188
flash_mob-long_rides,bank_tellers_drivers,traffic_length_avg,trip,4050.1987287943266,3721.417140680939,3909.865760567376,4.123908015274225,1.7601966576022496
flash_mob-long_rides,bank_tellers_drivers,traffic_speed_avg,trip,4.56586427895981,6.990622718596853,5.363830330969266,-2.4906375717628464,-0.8196462780117236
flash_mob-long_rides,baseline,drivers_accept,driver_decisions,2.4269831005586595,1.368812234069561,2.530777625698324,1.1700433957282608,-0.1147679476901062
flash_mob-long_rides,baseline,drivers_acceptance_rate,driver_decisions,1.8495422625698321,2.3328972454937804,2.1252399162011173,-2.390077119820903,-1.363260289459189
flash_mob-long_rides,baseline,drivers_busy,supply,3986.2878517877093,1097.871264379284,3168.7287118715085,2.9702088464522727,0.8407102356574451
flash_mob-long_rides,baseline,drivers_change_provider,driver_decisions,0.8571556703910613,0.41292460015232285,0.7858700558659216,1.6493078215909474,0.2646638866120839
flash_mob-long_rides,baseline,drivers_change_zone,driver_decisions,1.5140269553072623,0.7578628865194211,1.4378908100558658,1.4537687114717197,0.14637609792273967
flash_mob-long_rides,baseline,drivers_demand_pressure,market,0.0,0.0,0.0,,
flash_mob-long_rides,baseline,drivers_idle,supply,6861.547688407821,5267.454961279513,8435.463581815642,0.48377916796101883,-0.4776558530099688
flash_mob-long_rides,baseline,drivers_idle_duration_avg,supply,997.2567639944134,259.787488367606,1153.2571274581005,6.214454818152912,-1.3145730166677543
flash_mob-long_rides,baseline,drivers_occupied_distance_avg,supply,5595.947924776536,1962.064055773039,6294.451074357543,3.268112939296373,-0.628194863560942
flash_mob-long_rides,baseline,drivers_occupied_duration_avg,supply,687.7278098882681,223.99113940847928,750.3359744134079,3.8649073192718473,-0.521793441672487
flash_mob-long_rides,baseline,drivers_passengers_served,supply,2.232783910614525,0.8601036379791825,2.1289432122905025,1.5940295088207428,0.12058535453945211
flash_mob-long_rides,baseline,drivers_pickup,supply,1031.6812688547486,317.1377956765677,653.5181432402234,2.4995238118978484,1.3228414683448069
flash_mob-long_rides,baseline,drivers_pickup_accept,driver_decisions,1.1660053910614525,0.38563469154607766,0.7250793296089385,2.1483788807730897,1.21387981249849
flash_mob-long_rides,baseline,drivers_pickup_reject,driver_decisions,0.3101907821229051,0.0840844909875603,0.16960888268156424,2.772847346005724,1.724021674960951
flash_mob-long_rides,baseline,drivers_reject,driver_decisions,1.335107122905028,0.6207015841584158,1.2083985754189943,1.5755809907579,0.2794485316222446
flash_mob-long_rides,baseline,drivers_removed,supply,0.46446466480446924,0.212840804772785,0.414459469273743,1.6557850580995432,0.3290540713297091
flash_mob-long_rides,baseline,drivers_shift_duration_avg,supply,4434.9604209776535,1479.3996658720487,4966.487897821228,3.163142966067944,-0.5688590216747282
flash_mob-long_rides,baseline,drivers_starting,supply,0.4220951955307262,0.2356614749936532,0.4177836033519553,1.1975983024485493,0.027696467459167085
flash_mob-long_rides,baseline,drivers_total_length_avg,supply,25336.986124357543,9199.214304559533,28183.555899581002,2.6992315876091992,-0.476122177176313
flash_mob-long_rides,baseline,drivers_waiting,supply,2.828887150837989,1.540819964457984,2.8772576536312853,1.1983302273080427,-0.045000630572848394
flash_mob-long_rides,baseline,passengers_accept,passenger_decisions,10.031168491620113,5.0026444478293985,9.625195167597765,1.4725171822286511,0.11888233802671411
flash_mob-long_rides,baseline,passengers_acceptance_rate,passenger_decisions,1.825381033519553,2.2472690124397054,2.077129189944134,-3.628660333026019,-2.1652869832140897
flash_mob-long_rides,baseline,passengers_arrivals,demand,1.8652047765363131,1.2463844478293982,2.4525512011173185,0.8091592065003651,-0.7680044510623752
flash_mob-long_rides,baseline,passengers_change_provider,passenger_decisions,3.3744457821229052,1.4608276085300838,2.939040782122905,1.678076583379167,0.38181228881957324
flash_mob-long_rides,baseline,passengers_departures,demand,1.931508212290503,1.238013554201574,2.3360566759776535,0.9386277212894081,-0.5475462546001447
flash_mob-long_rides,baseline,passengers_drivers_ratio,demand,0.2410390782122905,0.1398142701193196,0.14996927374301677,1.4472749907472295,1.3020824924613772
flash_mob-long_rides,baseline,passengers_no_ratings_count,passenger_experience,0.43399891061452517,0.2672060675298299,0.5615778212290502,0.9000018512596536,-0.6884063705087012
flash_mob-long_rides,baseline,passengers_offers_discarded,passenger_decisions,78.45000488826815,38.4343479893374,74.58860354748604,1.4949564719672532,0.14425920683609947
flash_mob-long_rides,baseline,passengers_pickup_accept,passenger_decisions,1.26907782122905,0.41817644325971054,0.790391061452514,2.138798228613778,1.2032115828913552
flash_mob-long_rides,baseline,passengers_pickup_reject,passenger_decisions,0.20726712290502797,0.051527128712871295,0.10425505586592176,3.151670775984047,2.084629082882109
flash_mob-long_rides,baseline,passengers_rating_avg,passenger_experience,4.8835956703910615,4.884911931962427,4.875295083798883,-0.06245559387550174,0.3938564160858312
flash_mob-long_rides,baseline,passengers_ratings_count,passenger_experience,1.4328867877094973,0.9795003325717188,1.893668519553073,0.7824400948284608,-0.7952026309417379
flash_mob-long_rides,baseline,passengers_reject,passenger_decisions,5.527192737430168,2.307886024371668,4.649101731843575,1.789599477375615,0.4881272102194506
flash_mob-long_rides,baseline,passengers_unassigned,demand,27.37414815642458,11.195160759075907,20.788091396648046,2.0121544322768425,0.8190972015086007
flash_mob-long_rides,baseline,rides_dispatched,matching,2.4269831005586595,1.368812234069561,2.530777625698324,1.1700433957282608,-0.1147679476901062
flash_mob-long_rides,baseline,rides_duration_avg,trip,1531.0502831564245,552.8432170982484,1041.792083659218,4.18566048559766,2.093492046773176
flash_mob-long_rides,baseline,rides_in_progress,matching,3791.2658750279325,1072.3299552297538,2720.363859441341,3.2911398113192987,1.2962748521784682
flash_mob-long_rides,baseline,rides_length_avg,trip,8157.804397150838,4480.202999042904,6468.738175698324,3.1788425344571323,1.459993883793509
flash_mob-long_rides,baseline,rides_offers_generated,matching,86.94158301675978,42.64106157400355,82.33737446927374,1.5002025782412929,0.1559179284746001
flash_mob-long_rides,baseline,rides_offers_lyft,matching,32.17497656424581,16.03683434628078,30.77132215083799,1.4439564971756411,0.12559165005828424
flash_mob-long_rides,baseline,rides_offers_price_lyft_avg,market,29.881165977653634,20.703977991876116,21.572275558659218,17.143529542842796,15.52149837041896
flash_mob-long_rides,baseline,rides_offers_price_no_surge_avg,market,29.256947402234637,19.817088631632394,20.83609153631285,15.920131798608091,14.20160391170811
flash_mob-long_rides,baseline,rides_offers_price_uber_avg,market,28.89224751396648,19.284484970804776,20.398107067039106,15.367926044886858,13.58665158686417
flash_mob-long_rides,baseline,rides_offers_radius_avg,matching,2218.1808647206703,1388.639196610815,1329.4846648324024,1.7497256029755504,1.8744983573334573
flash_mob-long_rides,baseline,rides_offers_surge_lyft_avg,market,1.0,1.0,1.0,,
flash_mob-long_rides,baseline,rides_offers_surge_uber_avg,market,1.0,1.0,1.0,,
flash_mob-long_rides,baseline,rides_offers_uber,matching,54.76607533519554,26.604292556486417,51.56621044692737,1.4978208503872648,0.1701889537935662
flash_mob-long_rides,baseline,rides_partial_acceptances,matching,6.269292709497207,3.0131259786747906,5.886778379888268,1.5103147302274385,0.1774224338891697
flash_mob-long_rides,baseline,rides_waiting_duration_avg,passenger_experience,851.0040302513966,463.7871482685962,779.826602011173,1.6791574941071836,0.30865935242502285
flash_mob-long_rides,baseline,traffic_duration_avg,trip,1016.4847786592179,496.6423696471186,749.9695841061452,3.4250694836929547,1.7559803586224414
flash_mob-long_rides,baseline,traffic_length_avg,trip,4050.3846188826815,3727.692243975628,3916.2616667039106,4.047531003737755,1.6823044158163827
flash_mob-long_rides,baseline,traffic_speed_avg,trip,4.312178519553073,6.990398811881188,5.3066985195530725,-2.750985820479737,-1.0215404707449376
flash_mob-long_rides,drivers,drivers_accept,driver_decisions,2.3152788073394492,1.3557112292960662,2.4434060779816513,1.0610155155468828,-0.14167321325429863
flash_mob-long_rides,drivers,drivers_acceptance_rate,driver_decisions,1.6320206422018348,2.3736900957556935,2.129230366972477,-3.6673816429612773,-2.4585855714944396
flash_mob-long_rides,drivers,drivers_busy,supply,3619.766344288991,1062.2725802717391,3003.8233185550453,2.6299151707358748,0.6333848905039733
flash_mob-long_rides,drivers,drivers_change_provider,driver_decisions,0.8845375229357798,0.40986674171842646,0.7629697247706423,1.7623220989962096,0.45134780928222074
flash_mob-long_rides,drivers,drivers_change_zone,driver_decisions,1.5772629816513764,0.7516796014492755,1.3966780275229358,1.5872313118141828,0.3471849125221275
flash_mob-long_rides,drivers,drivers_demand_pressure,market,0.0,0.0,0.0,,
flash_mob-long_rides,drivers,drivers_idle,supply,7055.306301490826,5141.1573330771225,8688.176385137616,0.5809106205263355,-0.4955474151608126
flash_mob-long_rides,drivers,drivers_idle_duration_avg,supply,1194.241472087156,258.87182326604557,1212.734062293578,7.882107923655236,-0.15583207342536523
flash_mob-long_rides,drivers,drivers_occupied_distance_avg,supply,6317.402354059633,1950.7033228183227,6371.811735206421,3.927166117701526,-0.04893276971828178
flash_mob-long_rides,drivers,drivers_occupied_duration_avg,supply,773.1896194954129,220.47334417701862,762.7048896559634,4.606487504532679,0.08738258515366325
flash_mob-long_rides,drivers,drivers_passengers_served,supply,2.3144800688073395,0.8518197386128366,2.0981306651376146,1.6985191484068967,0.25123646091541624
flash_mob-long_rides,drivers,drivers_pickup,supply,938.4531064908256,308.5355372593168,605.8409282339449,2.2034963902530063,1.16350101972448
flash_mob-long_rides,drivers,drivers_pickup_accept,driver_decisions,1.0792581422018348,0.3742821480331263,0.666865619266055,1.940815484569877,1.1353263101935644
flash_mob-long_rides,drivers,drivers_pickup_reject,driver_decisions,0.31612752293577984,0.08216107142857142,0.1576833486238532,2.869240173984381,1.9430751175689713
flash_mob-long_rides,drivers,drivers_reject,driver_decisions,1.4410203899082568,0.6188267494824017,1.1656841972477066,1.8133015497749125,0.6072383928947737
flash_mob-long_rides,drivers,drivers_removed,supply,0.54900626146789,0.21351789855072462,0.40123431192660547,2.2076468360932533,0.9723981900042742
flash_mob-long_rides,drivers,drivers_shift_duration_avg,supply,4946.1603289220175,1479.2862602096275,5144.562500389908,3.710368093684854,-0.21233684066455238
flash_mob-long_rides,drivers,drivers_starting,supply,0.356964747706422,0.2310126035196687,0.4035241513761468,0.8090814989545605,-0.29908464325685746
flash_mob-long_rides,drivers,drivers_total_length_avg,supply,27483.485065412846,9181.150953447202,28904.87237327982,3.061280015211752,-0.23774369612256435
flash_mob-long_rides,drivers,drivers_waiting,supply,2.7552141513761463,1.5273943478260867,2.775607614678899,1.1422801542025984,-0.01897269317438842
flash_mob-long_rides,drivers,passengers_accept,passenger_decisions,10.352442591743118,4.9687077639751545,9.282327706422018,1.5765345794140704,0.31336482472222327
flash_mob-long_rides,drivers,passengers_acceptance_rate,passenger_decisions,1.820407752293578,2.2704673343685298,2.070479633027523,-3.8709644137140318,-2.1508693287424094
flash_mob-long_rides,drivers,passengers_arrivals,demand,1.8449273165137616,1.2266882220496895,2.3965634403669727,0.8083991942368502,-0.7213102536348747
flash_mob-long_rides,drivers,passengers_change_provider,passenger_decisions,3.475626697247707,1.4479438638716355,2.8279661926605497,1.7781013622063933,0.5679418923403774
flash_mob-long_rides,drivers,passengers_departures,demand,1.8425953440366973,1.2250767753623188,2.2603744724770642,0.835795979403784,-0.5654536293197681
flash_mob-long_rides,drivers,passengers_drivers_ratio,demand,0.24639591743119268,0.13692044772256728,0.14098190366972477,1.5652399090159563,1.5071707090927136
flash_mob-long_rides,drivers,passengers_no_ratings_count,passenger_experience,0.4298357339449541,0.2624737577639752,0.5530691513761468,0.9030728513744987,-0.6649584105284915
flash_mob-long_rides,drivers,passengers_offers_discarded,passenger_decisions,80.81439201834863,38.17296500258799,71.93773334862385,1.593053375386023,0.3316256524606465
flash_mob-long_rides,drivers,passengers_pickup_accept,passenger_decisions,1.196976743119266,0.4060092805383023,0.7272019036697247,1.9881502741205541,1.18081086771751
flash_mob-long_rides,drivers,passengers_pickup_reject,passenger_decisions,0.19841754587155966,0.05042572204968944,0.09730493119266055,2.9948730166798594,2.0461903470577556
flash_mob-long_rides,drivers,passengers_rating_avg,passenger_experience,4.837381788990826,4.8857377510351965,4.875136467889908,-2.294453011926175,-1.7914303232105433
flash_mob-long_rides,drivers,passengers_ratings_count,passenger_experience,1.4179243807339446,0.9645643633540373,1.8458790596330272,0.7823944693768369,-0.7385507346890752
flash_mob-long_rides,drivers,passengers_reject,passenger_decisions,5.719545000000001,2.2742986231884057,4.496257706422019,1.91519841534907,0.6800204194236421
flash_mob-long_rides,drivers,passengers_unassigned,demand,28.831628486238532,11.04426150362319,19.97271417431193,2.212185993696333,1.1017688103783936
flash_mob-long_rides,drivers,rides_dispatched,matching,2.3152788073394492,1.3557112292960662,2.4434060779816513,1.0610155155468828,-0.14167321325429863
flash_mob-long_rides,drivers,rides_duration_avg,trip,1487.900966559633,537.2459584730849,1012.014435733945,4.067767695461261,2.036275873299378
flash_mob-long_rides,drivers,rides_in_progress,matching,3504.614801055046,1036.4540808643892,2576.070741720184,2.9875886179608613,1.1239574636491738
flash_mob-long_rides,drivers,rides_length_avg,trip,8163.128306169725,4427.295399177018,6454.450545504586,3.2291766455393636,1.476945692395534
flash_mob-long_rides,drivers,rides_offers_generated,matching,89.78702208715596,42.34183185041408,79.44309266055046,1.6066943322615748,0.3502890956936346
flash_mob-long_rides,drivers,rides_offers_lyft,matching,33.560886949541285,15.846651622670807,29.773459426605505,1.5849770591474115,0.33887919101598873
flash_mob-long_rides,drivers,rides_offers_price_lyft_avg,market,28.891808876146786,20.705772629399586,21.496895756880736,15.291999515797514,13.814134757113461
flash_mob-long_rides,drivers,rides_offers_price_no_surge_avg,market,28.221634151376147,19.819993317805384,20.748740366972477,14.169198146433795,12.602884943067389
flash_mob-long_rides,drivers,rides_offers_price_uber_avg,market,27.82356055045872,19.285972836438923,20.30070880733945,13.65614689178342,12.033043980379242
flash_mob-long_rides,drivers,rides_offers_radius_avg,matching,2247.9985701605506,1369.9919551863354,1308.2603297706423,1.851951159129518,1.9821596943430018
flash_mob-long_rides,drivers,rides_offers_surge_lyft_avg,market,1.0,1.0,1.0,,
flash_mob-long_rides,drivers,rides_offers_surge_uber_avg,market,1.0,1.0,1.0,,
flash_mob-long_rides,drivers,rides_offers_uber,matching,56.226380229357794,26.49516088768116,49.669560366972476,1.5812933643912457,0.348732947032704
flash_mob-long_rides,drivers,rides_partial_acceptances,matching,6.596861536697248,2.994154539337474,5.673898967889908,1.6710512380401454,0.4280996884843809
flash_mob-long_rides,drivers,rides_waiting_duration_avg,passenger_experience,890.1693401834864,453.8144305305383,768.6699427522935,1.8922434705900988,0.5268794652789872
flash_mob-long_rides,drivers,traffic_duration_avg,trip,1020.3103220642203,492.943146239648,734.8237440825689,3.474647680343523,1.8809765215329417
flash_mob-long_rides,drivers,traffic_length_avg,trip,4075.2087210550458,3721.036740333851,3908.698216215597,4.442379752658088,2.088541543567052
flash_mob-long_rides,drivers,traffic_speed_avg,trip,4.348797614678899,6.994807745859213,5.374312889908257,-2.7179005299056964,-1.0533778677290782
flash_mob-long_rides,managers,drivers_accept,driver_decisions,2.459729567567568,1.3656471156289707,2.552761405405405,1.2097516458001312,-0.10286740157171519
flash_mob-long_rides,managers,drivers_acceptance_rate,driver_decisions,1.8602375405405407,2.411444498094028,2.1263265945945946,-2.7255892337453527,-1.3157480162554707
flash_mob-long_rides,managers,drivers_busy,supply,3869.9052050270266,1097.985328825921,3188.750426297297,2.85041325889091,0.7004432665308621
flash_mob-long_rides,managers,drivers_change_provider,driver_decisions,0.8463245405405406,0.42499915883100386,0.7922337567567568,1.5642652980460825,0.20082420782192253
flash_mob-long_rides,managers,drivers_change_zone,driver_decisions,1.4839413243243245,0.7552172833545109,1.450580810810811,1.4010136870922758,0.06413749706769367
flash_mob-long_rides,managers,drivers_demand_pressure,market,0.0,0.0,0.0,,
flash_mob-long_rides,managers,drivers_idle,supply,6975.120552432431,5275.053300167725,8367.258903351352,0.5159405765936951,-0.4224895588774439
flash_mob-long_rides,managers,drivers_idle_duration_avg,supply,943.0654845675675,255.7093277839898,1119.9969337297296,5.792165072477359,-1.4909536343653558
flash_mob-long_rides,managers,drivers_occupied_distance_avg,supply,5849.24373127027,2024.4695278958068,6173.6016744864855,3.439789083673392,-0.2917094847830575
flash_mob-long_rides,managers,drivers_occupied_duration_avg,supply,707.9461802702704,231.06815605844977,734.4749305405405,3.974430929236791,-0.22109780747902016
flash_mob-long_rides,managers,drivers_passengers_served,supply,2.2107972702702705,0.8523875324015248,2.1281847027027028,1.5774578031015838,0.09593411745426425
flash_mob-long_rides,managers,drivers_pickup,supply,991.0925352702701,319.1538535679797,670.8055502972973,2.3504892257707484,1.1203866183538458
flash_mob-long_rides,managers,drivers_pickup_accept,driver_decisions,1.1453514054054055,0.38530838627700126,0.748757,2.092416298803272,1.0918337212492268
flash_mob-long_rides,managers,drivers_pickup_reject,driver_decisions,0.29967997297297294,0.08607892249047014,0.17444143243243243,2.6194897229989427,1.5358588786350822
flash_mob-long_rides,managers,drivers_reject,driver_decisions,1.3399054864864863,0.621692081321474,1.218081135135135,1.5839790246739058,0.2686767134215626
flash_mob-long_rides,managers,drivers_removed,supply,0.44441902702702707,0.21082545108005082,0.41798594594594596,1.5371386190178509,0.17394018471887626
flash_mob-long_rides,managers,drivers_shift_duration_avg,supply,4487.471669891892,1523.113848797967,4847.852350432433,3.172557889227592,-0.3856918227072143
flash_mob-long_rides,managers,drivers_starting,supply,0.43418462162162164,0.23557104193138503,0.4217474324324324,1.2758383257869803,0.079893039828289
flash_mob-long_rides,managers,drivers_total_length_avg,supply,26326.58073143243,9565.999002897077,27590.38558675675,2.8034038486568766,-0.2113861829351345
flash_mob-long_rides,managers,drivers_waiting,supply,2.875653702702702,1.5252388360864042,2.90118,1.2563342744724304,-0.023747933311282658
flash_mob-long_rides,managers,passengers_accept,passenger_decisions,9.84536062162162,4.981661504447268,9.718022081081081,1.424251024129662,0.03728891167128854
flash_mob-long_rides,managers,passengers_acceptance_rate,passenger_decisions,1.305391810810811,2.248283212198221,2.0858640270270272,-8.109813025066918,-6.712844910304248
flash_mob-long_rides,managers,passengers_arrivals,demand,1.8370541621621619,1.2392694409148668,2.4516485945945945,0.781653394795946,-0.8036334945649505
flash_mob-long_rides,managers,passengers_change_provider,passenger_decisions,4.2821531081081075,1.4607759542566707,2.958675567567567,2.4741022007906883,1.1605746120395561
flash_mob-long_rides,managers,passengers_departures,demand,1.9265904324324326,1.2291579796696317,2.3520449459459463,0.9439574281566929,-0.5758420715625383
flash_mob-long_rides,managers,passengers_drivers_ratio,demand,0.2278952972972973,0.13800806099110544,0.15317583783783784,1.2851745688058407,1.0683112868784628
flash_mob-long_rides,managers,passengers_no_ratings_count,passenger_experience,0.47308616216216204,0.2707273113087675,0.5592653243243242,1.0919133999913373,-0.4650163883025073
flash_mob-long_rides,managers,passengers_offers_discarded,passenger_decisions,80.12572497297296,38.28679459212198,75.27638754054054,1.563072672054818,0.18116779633727872
flash_mob-long_rides,managers,passengers_pickup_accept,passenger_decisions,1.1662613513513513,0.41866883608640404,0.8159594864864865,1.8791244070957456,0.8805074565058145
flash_mob-long_rides,managers,passengers_pickup_reject,passenger_decisions,0.27891927027027025,0.052706391359593395,0.10711254054054054,4.577812676263111,3.4768092294808137
flash_mob-long_rides,managers,passengers_rating_avg,passenger_experience,4.885965108108109,4.88978475476493,4.876908162162162,-0.18123928065366698,0.4297450826324559
flash_mob-long_rides,managers,passengers_ratings_count,passenger_experience,1.3656125135135135,0.9694621067344347,1.8953964054054053,0.6836639214384153,-0.9142843900894968
flash_mob-long_rides,managers,passengers_reject,passenger_decisions,7.598815567567567,2.3123422363405335,4.6743830270270275,2.9387289730265946,1.625680127010778
flash_mob-long_rides,managers,passengers_unassigned,demand,26.26428378378378,11.158754787801778,21.063315432432432,1.8786501512531288,0.6468360017400208
flash_mob-long_rides,managers,rides_dispatched,matching,2.459729567567568,1.3656471156289707,2.552761405405405,1.2097516458001312,-0.10286740157171519
flash_mob-long_rides,managers,rides_duration_avg,trip,1467.3614004864864,554.4339735095298,1042.8447792972972,3.90633475253238,1.8164686275996955
flash_mob-long_rides,managers,rides_in_progress,matching,3668.0273832432426,1070.2335090622619,2740.706473027027,3.144503251681287,1.1224769010767917
flash_mob-long_rides,managers,rides_length_avg,trip,7979.486212081082,4497.678062454892,6472.9695331621615,3.0096029027358933,1.3022018373933661
flash_mob-long_rides,managers,rides_offers_generated,matching,88.50933805405406,42.46867644726811,83.09989208108108,1.5591310665651132,0.18318666533073052
flash_mob-long_rides,managers,rides_offers_lyft,matching,32.68131564864865,16.02716685133418,31.079963918918917,1.490126065070982,0.14328057115723383
flash_mob-long_rides,managers,rides_offers_price_lyft_avg,market,30.067960027027024,20.703057720457434,21.609290135135137,17.494190988276934,15.801295277980255
flash_mob-long_rides,managers,rides_offers_price_no_surge_avg,market,29.359887594594596,19.817409524777634,20.866949027027026,16.093197181076192,14.323169937057386
flash_mob-long_rides,managers,rides_offers_price_uber_avg,market,28.94492767567568,19.278118353240153,20.424736216216218,15.462373272635498,13.628321021572718
flash_mob-long_rides,managers,rides_offers_radius_avg,matching,2080.732907324324,1385.639270277001,1348.5963512162161,1.46613868834137,1.544272128024141
flash_mob-long_rides,managers,rides_offers_surge_lyft_avg,market,1.0,1.0,1.0,,
flash_mob-long_rides,managers,rides_offers_surge_uber_avg,market,1.0,1.0,1.0,,
flash_mob-long_rides,managers,rides_offers_uber,matching,55.827833540540546,26.441521402795427,52.02031083783785,1.5629490285387597,0.20250802078988217
flash_mob-long_rides,managers,rides_partial_acceptances,matching,6.0462342162162175,2.9942609529860227,5.947977459459459,1.4156032404865986,0.04557464016488669
flash_mob-long_rides,managers,rides_waiting_duration_avg,passenger_experience,830.548907,461.6978447827192,779.8178163513514,1.5995145205447245,0.2199942590589139
flash_mob-long_rides,managers,traffic_duration_avg,trip,1001.7679078918919,495.0849924853875,751.3900150270271,3.3383659381799404,1.649657021774137
flash_mob-long_rides,managers,traffic_length_avg,trip,4069.024340864865,3724.178540576874,3915.96345454054,4.32540145572523,1.9198429558049743
flash_mob-long_rides,managers,traffic_speed_avg,trip,4.383801405405405,6.991726627700127,5.290378837837838,-2.678780878464533,-0.9312085600025783
flash_mob-long_rides,managers_drivers,drivers_accept,driver_decisions,2.3323513392857143,1.3547083588281046,2.4420201785714286,1.0810018957144514,-0.12126330934547237
flash_mob-long_rides,managers_drivers,drivers_acceptance_rate,driver_decisions,1.6189854017857144,2.399165079077003,2.1279800223214287,-3.857805674750969,-2.5168591193477883
flash_mob-long_rides,managers_drivers,drivers_busy,supply,3789.671291651786,1154.7110787814363,2994.6381627232145,2.7095752629434045,0.8175463480788985
flash_mob-long_rides,managers_drivers,drivers_change_provider,driver_decisions,0.8978758482142857,0.4153417319159969,0.7629273660714286,1.7915165001122944,0.5010266098461462
flash_mob-long_rides,managers_drivers,drivers_change_zone,driver_decisions,1.5812684598214286,0.7439971273010111,1.3970795089285715,1.6097020692633963,0.35411380262497655
flash_mob-long_rides,managers_drivers,drivers_demand_pressure,market,0.0,0.0,0.0,,
flash_mob-long_rides,managers_drivers,drivers_idle,supply,6957.165882232142,5148.051219574798,8692.955753415179,0.5490345519755977,-0.526781764539412
flash_mob-long_rides,managers_drivers,drivers_idle_duration_avg,supply,1177.3601404910714,240.0757773580503,1208.4627572991071,7.898242705095353,-0.26209336886011836
flash_mob-long_rides,managers_drivers,drivers_occupied_distance_avg,supply,6036.322251941964,1872.2911429764065,6336.853943482143,3.744897866143083,-0.2702814798703025
flash_mob-long_rides,managers_drivers,drivers_occupied_duration_avg,supply,737.5837154464285,208.12467427793624,758.5552731026785,4.412655400638507,-0.17478265542018326
flash_mob-long_rides,managers_drivers,drivers_passengers_served,supply,2.2172284375,0.8419431941923775,2.0913206250000003,1.5970545396338216,0.14621086389677135
flash_mob-long_rides,managers_drivers,drivers_pickup,supply,927.0481106919642,310.12398590355195,606.4508444642858,2.1580443988722204,1.1214720042171755
flash_mob-long_rides,managers_drivers,drivers_pickup_accept,driver_decisions,1.0544642857142859,0.3707941586725434,0.6683967857142857,1.882159931509572,1.0628529032009406
flash_mob-long_rides,managers_drivers,drivers_pickup_reject,driver_decisions,0.3148511160714286,0.0834738397718434,0.15790537946428573,2.8374879057624223,1.9246990741957357
flash_mob-long_rides,managers_drivers,drivers_reject,driver_decisions,1.4626898214285713,0.6138890147783251,1.1657402232142857,1.871982149304748,0.6549055358395947
flash_mob-long_rides,managers_drivers,drivers_removed,supply,0.5338467857142858,0.21106986777288045,0.4006953125,2.1240004734030546,0.8761896418900598
flash_mob-long_rides,managers_drivers,drivers_shift_duration_avg,supply,4759.271386808036,1433.6628775006482,5122.785114263393,3.559180824126046,-0.38904491747741615
flash_mob-long_rides,managers_drivers,drivers_starting,supply,0.3543417410714286,0.23527170598911074,0.4039431919642857,0.7648727466054989,-0.31862590746537367
flash_mob-long_rides,managers_drivers,drivers_total_length_avg,supply,26197.51325591518,9002.835413614208,28768.1845259375,2.876011514412632,-0.42997491666669
flash_mob-long_rides,managers_drivers,drivers_waiting,supply,2.777845848214286,1.5167405263157896,2.7741442187499996,1.17324673978937,0.003443744646437924
flash_mob-long_rides,managers_drivers,passengers_accept,passenger_decisions,10.211231495535714,4.913453004926108,9.281089732142858,1.551363737575616,0.27237609218468334
flash_mob-long_rides,managers_drivers,passengers_acceptance_rate,passenger_decisions,1.3675466294642855,2.2830340938553277,2.072087254464286,-7.874111644330767,-6.059756965549185
flash_mob-long_rides,managers_drivers,passengers_arrivals,demand,1.8547508035714286,1.216313142338605,2.3921242410714285,0.8348105054056343,-0.70266060132587
flash_mob-long_rides,managers_drivers,passengers_change_provider,passenger_decisions,4.3818228348214285,1.4383012263417163,2.825628571428571,2.581212256458952,1.364646923103585
flash_mob-long_rides,managers_drivers,passengers_departures,demand,1.8052458705357142,1.2182586232823438,2.258221607142857,0.7944725974294697,-0.6130913605342179
flash_mob-long_rides,managers_drivers,passengers_drivers_ratio,demand,0.24278314732142858,0.13260866217267306,0.14108892857142857,1.5752341740949014,1.4539864512785696
flash_mob-long_rides,managers_drivers,passengers_no_ratings_count,passenger_experience,0.49625345982142866,0.262685587243972,0.5518894642857143,1.260314974112811,-0.30020776724287407
flash_mob-long_rides,managers_drivers,passengers_offers_discarded,passenger_decisions,82.92946801339285,37.77925761472647,71.92306566964285,1.6867797376574634,0.41119136088215175
flash_mob-long_rides,managers_drivers,passengers_pickup_accept,passenger_decisions,1.1085081473214287,0.40421578947368425,0.7284970982142857,1.7702865295456776,0.9551835027270426
flash_mob-long_rides,managers_drivers,passengers_pickup_reject,passenger_decisions,0.26126095982142855,0.050013710137412494,0.09772312500000001,4.274957032004618,3.3094736997258716
flash_mob-long_rides,managers_drivers,passengers_rating_avg,passenger_experience,4.837642991071429,4.888560334456831,4.875228593749999,-2.415988576190806,-1.7834077872708936
flash_mob-long_rides,managers_drivers,passengers_ratings_count,passenger_experience,1.3608260714285711,0.9541366476536168,1.8424775446428572,0.7018518257399358,-0.8312189746858002
flash_mob-long_rides,managers_drivers,passengers_reject,passenger_decisions,7.721034151785714,2.259005343531242,4.492027566964285,3.0363195470046325,1.7949915965443592
flash_mob-long_rides,managers_drivers,passengers_unassigned,demand,27.94794640625,10.918038242157117,19.983392946428573,2.117982068473738,0.9905386011927908
flash_mob-long_rides,managers_drivers,rides_dispatched,matching,2.3323513392857143,1.3547083588281046,2.4420201785714286,1.0810018957144514,-0.12126330934547237
flash_mob-long_rides,managers_drivers,rides_duration_avg,trip,1488.6968031026786,533.0548205340939,1009.5870327455358,4.089106512932963,2.0500678267727794
flash_mob-long_rides,managers_drivers,rides_in_progress,matching,3383.156354241071,1031.7403197381384,2568.6070835044643,2.8462748488392453,0.9859723113302862
flash_mob-long_rides,managers_drivers,rides_length_avg,trip,8069.90635875,4416.005455097225,6454.802630379463,3.158356317571179,1.396062235550053
flash_mob-long_rides,managers_drivers,rides_offers_generated,matching,91.88975066964285,41.90195022297122,79.43050607142857,1.6927978422919956,0.42192259279233113
flash_mob-long_rides,managers_drivers,rides_offers_lyft,matching,33.46417049107143,15.619662527871403,29.772991004464284,1.5966331727874834,0.33026742049618135
flash_mob-long_rides,managers_drivers,rides_offers_price_lyft_avg,market,28.98116359375,20.769063007518795,21.506198861607142,15.340689242394726,13.963675901136295
flash_mob-long_rides,managers_drivers,rides_offers_price_no_surge_avg,market,28.36615872767857,19.88024862846772,20.752928727678572,14.311316566652124,12.839559145796894
flash_mob-long_rides,managers_drivers,rides_offers_price_uber_avg,market,28.010403437500003,19.344230300751878,20.301788861607147,13.861823422407705,12.330177622382609
flash_mob-long_rides,managers_drivers,rides_offers_radius_avg,matching,2081.600554308036,1358.0567668524761,1311.3497450669643,1.5261476770293319,1.6246652982635486
flash_mob-long_rides,managers_drivers,rides_offers_surge_lyft_avg,market,1.0,1.0,1.0,,
flash_mob-long_rides,managers_drivers,rides_offers_surge_uber_avg,market,1.0,1.0,1.0,,
flash_mob-long_rides,managers_drivers,rides_offers_uber,matching,58.42530131696429,26.28231958776251,49.65736232142857,1.7095660671033044,0.46633417868579075
flash_mob-long_rides,managers_drivers,rides_partial_acceptances,matching,6.416711584821428,2.9448206559502204,5.674080982142857,1.6103745431649965,0.34445592964456095
flash_mob-long_rides,managers_drivers,rides_waiting_duration_avg,passenger_experience,884.5779381026787,446.5558003526057,767.929298125,1.899473368572175,0.5058442622463718
flash_mob-long_rides,managers_drivers,traffic_duration_avg,trip,1050.2903243750002,490.9548214337568,733.8688763839285,3.6852764011901042,2.084796135736075
flash_mob-long_rides,managers_drivers,traffic_length_avg,trip,4075.214404598214,3714.0246650194454,3907.6779791294643,4.5304035138670935,2.10140966775395
flash_mob-long_rides,managers_drivers,traffic_speed_avg,trip,4.334358928571429,6.992821428571428,5.375820714285715,-2.730691221602144,-1.0697576346794795
flash_mob-long_rides,students,drivers_accept,driver_decisions,2.441540392156863,1.3703834237889931,2.538445518207283,1.1844024214968718,-0.10715018371626757
flash_mob-long_rides,students,drivers_acceptance_rate,driver_decisions,1.8417042016806722,2.3903803246259194,2.125625042016807,-2.7130748496903574,-1.4039220206704477
flash_mob-long_rides,students,drivers_busy,supply,3985.2981160784316,1102.6742233350242,3178.137928571429,2.964252118114041,0.8300168126331199
flash_mob-long_rides,students,drivers_change_provider,driver_decisions,0.8572085434173669,0.41744644940400705,0.7880060224089638,1.6327157416199092,0.2569299331350956
flash_mob-long_rides,students,drivers_change_zone,driver_decisions,1.4935524649859944,0.7529113466903373,1.4424601120448182,1.4239249504855132,0.09822797348784366
flash_mob-long_rides,students,drivers_demand_pressure,market,0.0,0.0,0.0,,
flash_mob-long_rides,students,drivers_idle,supply,6851.7504114005615,5298.310466548313,8414.471274705882,0.4714417619556342,-0.4742583578353669
flash_mob-long_rides,students,drivers_idle_duration_avg,supply,1019.6455785154064,278.6445432107532,1146.2611413165266,6.244216005055095,-1.0669552214684312
flash_mob-long_rides,students,drivers_occupied_distance_avg,supply,5724.698014957983,2003.1453232843014,6270.935702464987,3.3469573999532516,-0.491255779993461
flash_mob-long_rides,students,drivers_occupied_duration_avg,supply,709.5112961904762,228.3456338067461,747.0913443417367,4.010165269882868,-0.3132023245177573
flash_mob-long_rides,students,drivers_passengers_served,supply,2.214986162464986,0.865284042607152,2.1316993557422967,1.5673460528727527,0.09671707990421827
flash_mob-long_rides,students,drivers_pickup,supply,1031.7903728011204,316.554922028912,658.2863141736696,2.50194439866198,1.3065437211641875
flash_mob-long_rides,students,drivers_pickup_accept,driver_decisions,1.1646732212885154,0.37892171443063655,0.7319143417366946,2.1631923698793867,1.1913953687312162
flash_mob-long_rides,students,drivers_pickup_reject,driver_decisions,0.3053217366946779,0.08617647476540706,0.17092901960784312,2.6874809846249317,1.6481208330185884
flash_mob-long_rides,students,drivers_reject,driver_decisions,1.3431001960784312,0.619380519908699,1.2116247338935573,1.5961227938000788,0.28996169225259777
flash_mob-long_rides,students,drivers_removed,supply,0.4669328571428571,0.21202468171443065,0.415933193277311,1.6773971594293904,0.3355980684265684
flash_mob-long_rides,students,drivers_shift_duration_avg,supply,4473.705420560224,1535.2636210930764,4940.574810084034,3.1448216698399194,-0.49965970856583053
flash_mob-long_rides,students,drivers_starting,supply,0.4180857703081232,0.23528657113872686,0.41914994397759103,1.1742511493283765,-0.006835955300327071
flash_mob-long_rides,students,drivers_total_length_avg,supply,25401.38931470588,9433.118766396146,28058.780332016802,2.6708805121788366,-0.4444798113798318
flash_mob-long_rides,students,drivers_waiting,supply,2.8445518767507005,1.5338322571645953,2.8856626890756303,1.2194045126558708,-0.03824670762447123
flash_mob-long_rides,students,passengers_accept,passenger_decisions,9.953249551820727,4.972868645701243,9.655611176470588,1.458419288530634,0.08715830290896029
flash_mob-long_rides,students,passengers_acceptance_rate,passenger_decisions,1.6159410084033614,2.246640542733959,2.078583921568627,-5.424649425046941,-3.979193698894485
flash_mob-long_rides,students,passengers_arrivals,demand,1.8935996918767504,1.2440307988840982,2.4533752941176474,0.8493655195839427,-0.7319533006842004
flash_mob-long_rides,students,passengers_change_provider,passenger_decisions,3.912717170868347,1.4563957291402485,2.947138011204482,2.153980114474567,0.8467288822768231
flash_mob-long_rides,students,passengers_departures,demand,1.946003613445378,1.2358956860258685,2.3404667507002803,0.9611133669292774,-0.5338960168410716
flash_mob-long_rides,students,passengers_drivers_ratio,demand,0.23954431372549018,0.13475776058838448,0.1508859663865546,1.4981995083917545,1.2676043673678523
flash_mob-long_rides,students,passengers_no_ratings_count,passenger_experience,0.4740340056022409,0.2671130687293939,0.5611993557422968,1.1165300789038017,-0.4703377857280775
flash_mob-long_rides,students,passengers_offers_discarded,passenger_decisions,79.24959845938376,38.236341975653055,74.81879100840335,1.532226082697257,0.1655318140000567
flash_mob-long_rides,students,passengers_pickup_accept,passenger_decisions,1.2483522408963585,0.4133283388283033,0.7976283753501401,2.0988891178616402,1.132924954857627
flash_mob-long_rides,students,passengers_pickup_reject,passenger_decisions,0.2215214285714286,0.05175592695916815,0.10514,3.4355014136027213,2.3551814625296728
flash_mob-long_rides,students,passengers_rating_avg,passenger_experience,4.891610252100841,4.886085797616029,4.875736274509804,0.2621310939961203,0.7532079635099069
flash_mob-long_rides,students,passengers_ratings_count,passenger_experience,1.420970700280112,0.977420448896779,1.8951446778711485,0.7654650835303362,-0.8183145477488358
flash_mob-long_rides,students,passengers_reject,passenger_decisions,6.189962577030812,2.3005202865838195,4.660714481792717,2.162125112848814,0.8501027817308249
flash_mob-long_rides,students,passengers_unassigned,demand,27.09405229691877,11.093992361146334,20.870233585434175,1.9899015139683904,0.7740462427242832
flash_mob-long_rides,students,rides_dispatched,matching,2.441540392156863,1.3703834237889931,2.538445518207283,1.1844024214968718,-0.10715018371626757
flash_mob-long_rides,students,rides_duration_avg,trip,1563.9734591316524,551.1278393913265,1042.7405502521008,4.333875756634156,2.230308966466323
flash_mob-long_rides,students,rides_in_progress,matching,3797.2098273949578,1076.6208525234592,2729.060985098039,3.293140754159655,1.2929422696945914
flash_mob-long_rides,students,rides_length_avg,trip,8222.969001540618,4479.093786637079,6469.617474817928,3.236128250048571,1.5155607711779144
flash_mob-long_rides,students,rides_offers_generated,matching,87.73923918767507,42.416351853918336,82.59339887955181,1.534824201094351,0.1742598652577886
flash_mob-long_rides,students,rides_offers_lyft,matching,33.31379554621848,15.932392444838955,30.865032661064426,1.5551969736842848,0.21910248591839657
flash_mob-long_rides,students,rides_offers_price_lyft_avg,market,30.20965722689076,20.76537998224702,21.580947198879553,17.642468063775915,16.118940301875185
flash_mob-long_rides,students,rides_offers_price_no_surge_avg,market,29.48616249299719,19.88174424042607,20.84376408963585,16.197658052476836,14.575230941597535
flash_mob-long_rides,students,rides_offers_price_uber_avg,market,29.036190784313725,19.35149937357342,20.405256918767506,15.490976249588913,13.805457071628974
flash_mob-long_rides,students,rides_offers_radius_avg,matching,2196.038586190476,1377.6653002206442,1335.0220375070028,1.7261684931576187,1.816114557873671
flash_mob-long_rides,students,rides_offers_surge_lyft_avg,market,1.0,1.0,1.0,,
flash_mob-long_rides,students,rides_offers_surge_uber_avg,market,1.0,1.0,1.0,,
flash_mob-long_rides,students,rides_offers_uber,matching,54.42489302521008,26.48398643165103,51.72859478991597,1.4860732647293748,0.14340610988375194
flash_mob-long_rides,students,rides_partial_acceptances,matching,6.169267002801121,2.983106256657367,5.906344509803922,1.4778437056747258,0.12195189832355274
flash_mob-long_rides,students,rides_waiting_duration_avg,passenger_experience,859.2077237815126,457.58312587623635,779.3224711764705,1.7416362373900436,0.3464206413044778
flash_mob-long_rides,students,traffic_duration_avg,trip,1052.7880755742297,497.58209660918084,750.8402994677871,3.6580683352304204,1.989433904741424
flash_mob-long_rides,students,traffic_length_avg,trip,4111.3751241456575,3725.884229256911,3916.5633739495797,4.83521294598371,2.4435241118980793
flash_mob-long_rides,students,traffic_speed_avg,trip,4.3476719327731095,6.950435445092569,5.300601904761905,-2.6734789281387688,-0.9788204683388917
flash_mob-long_rides,students_drivers,drivers_accept,driver_decisions,2.3245131685393257,1.3540139559585493,2.4464644943820226,1.073102870434501,-0.13484433178166955
flash_mob-long_rides,students_drivers,drivers_acceptance_rate,driver_decisions,1.6528093033707865,2.3542894248704664,2.128256,-3.4686548140321323,-2.3509724973430317
flash_mob-long_rides,students_drivers,drivers_busy,supply,3629.0880645168536,1046.9086000544041,3004.155634089888,2.6552999044210472,0.6426288511777706
flash_mob-long_rides,students_drivers,drivers_change_provider,driver_decisions,0.8654310561797752,0.4135311088082901,0.7640519550561797,1.677780253812002,0.376392728088889
flash_mob-long_rides,students_drivers,drivers_change_zone,driver_decisions,1.5675243370786518,0.7496581580310882,1.3987264719101122,1.5723945507967172,0.3245235592040481
flash_mob-long_rides,students_drivers,drivers_demand_pressure,market,0.0,0.0,0.0,,
flash_mob-long_rides,students_drivers,drivers_idle,supply,6764.8469428089875,5114.727099652849,8677.177056876406,0.5007824144559875,-0.5803586301513006
flash_mob-long_rides,students_drivers,drivers_idle_duration_avg,supply,935.9590934382022,229.69248124611397,1205.2239654606742,5.951518383334954,-2.269022502499698
flash_mob-long_rides,students_drivers,drivers_occupied_distance_avg,supply,5908.64129741573,1892.3741807305698,6338.619534426966,3.612007154017469,-0.38669849963521535
flash_mob-long_rides,students_drivers,drivers_occupied_duration_avg,supply,722.4751150337079,210.75460693523317,758.4693630561798,4.264817649906987,-0.29998583568948284
flash_mob-long_rides,students_drivers,drivers_passengers_served,supply,2.2990336853932583,0.8497006968911918,2.095329528089888,1.683042728766149,0.23655212672914647
flash_mob-long_rides,students_drivers,drivers_pickup,supply,967.5169688764046,309.5834284274612,609.1172140674158,2.3014982471028844,1.2537077937874201
flash_mob-long_rides,students_drivers,drivers_pickup_accept,driver_decisions,1.104359573033708,0.37532997409326424,0.671603191011236,2.0070356239602343,1.1913884929742065
flash_mob-long_rides,students_drivers,drivers_pickup_reject,driver_decisions,0.31789119101123586,0.08225582124352332,0.1585129887640449,2.8897069002576865,1.9545295395949493
flash_mob-long_rides,students_drivers,drivers_reject,driver_decisions,1.423801393258427,0.6202611295336787,1.1676591011235955,1.7721625829700454,0.5649073313805003
flash_mob-long_rides,students_drivers,drivers_removed,supply,0.5446293483146067,0.21482998445595855,0.40165503370786515,2.17021096003822,0.940827844338993
flash_mob-long_rides,students_drivers,drivers_shift_duration_avg,supply,4471.42596705618,1418.4457172590674,5117.120536651685,3.2674046662745853,-0.6910445784327361
flash_mob-long_rides,students_drivers,drivers_starting,supply,0.36662543820224713,0.23258331606217617,0.40448662921348316,0.8610492644201048,-0.24320974742720977
flash_mob-long_rides,students_drivers,drivers_total_length_avg,supply,26202.72237975281,8985.530584637305,28759.785952831462,2.8797772370463095,-0.42769886977278715
flash_mob-long_rides,students_drivers,drivers_waiting,supply,2.769134808988764,1.5236399922279793,2.779213348314607,1.1587237860429584,-0.009376388474899815
flash_mob-long_rides,students_drivers,passengers_accept,passenger_decisions,10.236423258426965,4.951104567357512,9.29811582022472,1.5477150985813062,0.274767270263302
flash_mob-long_rides,students_drivers,passengers_acceptance_rate,passenger_decisions,1.6197678202247192,2.267961663212435,2.07273397752809,-5.575118049538879,-3.8959638798360947
flash_mob-long_rides,students_drivers,passengers_arrivals,demand,1.8647828988764046,1.2214075518134715,2.395917573033708,0.8412669415679501,-0.6945028977700277
flash_mob-long_rides,students_drivers,passengers_change_provider,passenger_decisions,4.024846629213483,1.4491786580310881,2.8304605393258426,2.2586366332872068,1.0473726455007644
flash_mob-long_rides,students_drivers,passengers_departures,demand,1.828097393258427,1.2221278031088083,2.262876269662921,0.8201647250466301,-0.5884623641498739
flash_mob-long_rides,students_drivers,passengers_drivers_ratio,demand,0.2590836629213483,0.136809018134715,0.1416099550561798,1.748237796012024,1.679595769719326
flash_mob-long_rides,students_drivers,passengers_no_ratings_count,passenger_experience,0.4551048988764045,0.2636269455958549,0.5524115730337079,1.0332008810497753,-0.5250596204360094
flash_mob-long_rides,students_drivers,passengers_offers_discarded,passenger_decisions,81.43819849438202,38.04637560621762,72.05206759550562,1.6210876312979257,0.35065917246961475
flash_mob-long_rides,students_drivers,passengers_pickup_accept,passenger_decisions,1.2040299550561797,0.4066298393782383,0.7320562696629214,2.0043191832389486,1.1863378158823374
flash_mob-long_rides,students_drivers,passengers_pickup_reject,passenger_decisions,0.21840469662921347,0.05093362694300518,0.09800739325842699,3.3890695764478975,2.43644970265514
flash_mob-long_rides,students_drivers,passengers_rating_avg,passenger_experience,4.84266817977528,4.888962606217616,4.875424224719101,-2.1966347415143477,-1.5542490067962458
flash_mob-long_rides,students_drivers,passengers_ratings_count,passenger_experience,1.411487033707865,0.958164468911917,1.8457639101123593,0.7823298348845346,-0.7494613844440512
flash_mob-long_rides,students_drivers,passengers_reject,passenger_decisions,6.399767999999999,2.2721593082901554,4.498764089887641,2.2945208443581913,1.0567603236517888
flash_mob-long_rides,students_drivers,passengers_unassigned,demand,28.90930703370787,11.045057028497409,20.026344651685392,2.2217478105691835,1.1047596298680635
flash_mob-long_rides,students_drivers,rides_dispatched,matching,2.3245131685393257,1.3540139559585493,2.4464644943820226,1.073102870434501,-0.13484433178166955
flash_mob-long_rides,students_drivers,rides_duration_avg,trip,1483.410523438202,527.8939656943005,1011.411544741573,4.088569831333734,2.0196413856771684
flash_mob-long_rides,students_drivers,rides_in_progress,matching,3452.175397011236,1023.3305574378238,2577.160131235955,2.939998654926317,1.059163460137349
flash_mob-long_rides,students_drivers,rides_length_avg,trip,8081.806900157303,4392.833972378239,6456.172387460675,3.188671849352169,1.4051648275694584
flash_mob-long_rides,students_drivers,rides_offers_generated,matching,90.35822483146069,42.19963083678757,79.57274921348315,1.630853193650112,0.36524171279916695
flash_mob-long_rides,students_drivers,rides_offers_lyft,matching,34.53388759550562,15.840937779792746,29.83100368539326,1.6725473089293663,0.42078943695948035
flash_mob-long_rides,students_drivers,rides_offers_price_lyft_avg,market,28.88958813483146,20.618825357512954,21.508042943820225,15.450273682368234,13.789162677069095
flash_mob-long_rides,students_drivers,rides_offers_price_no_surge_avg,market,28.195711528089884,19.72509376165803,20.75729804494382,14.285526355244725,12.544734609061726
flash_mob-long_rides,students_drivers,rides_offers_price_uber_avg,market,27.76234703370786,19.184716248704664,20.307514494382023,13.720197075238573,11.924245070244487
flash_mob-long_rides,students_drivers,rides_offers_radius_avg,matching,2204.5955460898876,1374.8426155103625,1312.1684585617975,1.750171212118936,1.8823677988288994
flash_mob-long_rides,students_drivers,rides_offers_surge_lyft_avg,market,1.0,1.0,1.0,,
flash_mob-long_rides,students_drivers,rides_offers_surge_uber_avg,market,1.0,1.0,1.0,,
flash_mob-long_rides,students_drivers,rides_offers_uber,matching,55.82434840449438,26.35870684455959,49.7416891235955,1.5671682664875268,0.32351410307801426
flash_mob-long_rides,students_drivers,rides_partial_acceptances,matching,6.488344494382022,2.9768506761658027,5.684775168539326,1.6287436354387916,0.3727212670318711
flash_mob-long_rides,students_drivers,rides_waiting_duration_avg,passenger_experience,915.982728741573,453.0684854352332,768.6724970112358,2.0074174369580393,0.6388075806561783
flash_mob-long_rides,students_drivers,traffic_duration_avg,trip,1000.3358403820225,487.15543561139896,734.6747129662921,3.3811757439130967,1.7503531930845335
flash_mob-long_rides,students_drivers,traffic_length_avg,trip,4050.514275258427,3720.6241718471506,3908.1918637752815,4.137812124528791,1.785150247726422
flash_mob-long_rides,students_drivers,traffic_speed_avg,trip,4.433628921348315,7.072502181347151,5.372174921348315,-2.7105697545101557,-0.9640456930537135
flash_mob-wildcat_strike,bank_tellers,drivers_accept,driver_decisions,2.630318015873016,1.389206306439674,2.6915874206349204,1.3723252122803122,-0.06774696286973067
flash_mob-wildcat_strike,bank_tellers,drivers_acceptance_rate,driver_decisions,2.0140498015873014,2.4002470663705893,2.1463649206349205,-1.9096549718226117,-0.6542672566010381
flash_mob-wildcat_strike,bank_tellers,drivers_busy,supply,3240.905331666667,1120.159902642487,3355.50482984127,2.18079928699362,-0.11784465051234182
flash_mob-wildcat_strike,bank_tellers,drivers_change_provider,driver_decisions,0.8466798015873015,0.424790710584752,0.8225988095238095,1.5663581956580612,0.089406102415669
flash_mob-wildcat_strike,bank_tellers,drivers_change_zone,driver_decisions,1.4638823412698414,0.7692396767826302,1.5251981746031744,1.3354902896982153,-0.11788319982025516
flash_mob-wildcat_strike,bank_tellers,drivers_demand_pressure,market,0.0,0.0,0.0,,
flash_mob-wildcat_strike,bank_tellers,drivers_idle,supply,6207.209388373017,5244.018662477178,7984.54707234127,0.29231148228189163,-0.5393907965974414
flash_mob-wildcat_strike,bank_tellers,drivers_idle_duration_avg,supply,827.9756634920636,275.1449155218357,941.0997577380953,4.658555710577426,-0.9532662522637584
flash_mob-wildcat_strike,bank_tellers,drivers_occupied_distance_avg,supply,5330.291259365079,2176.956449156181,5624.403260753968,2.8359338566324053,-0.2645079677807551
flash_mob-wildcat_strike,bank_tellers,drivers_occupied_duration_avg,supply,637.619731547619,247.45433483345667,659.6732789285716,3.2517443486343653,-0.18380025155303456
flash_mob-wildcat_strike,bank_tellers,drivers_passengers_served,supply,2.4704301984126986,0.9047581445842586,2.1199403571428577,1.8181418533443954,0.4070074879515974
flash_mob-wildcat_strike,bank_tellers,drivers_pickup,supply,1139.5140013492064,308.0721347372317,769.3062709920634,2.9084426935730985,1.2950129307885934
flash_mob-wildcat_strike,bank_tellers,drivers_pickup_accept,driver_decisions,1.326462222222222,0.3614503849000741,0.8765015873015873,2.65670027371151,1.2387522056415912
flash_mob-wildcat_strike,bank_tellers,drivers_pickup_reject,driver_decisions,0.306164007936508,0.0808771551936837,0.2052313492063492,2.762798189210898,1.2377844662344872
flash_mob-wildcat_strike,bank_tellers,drivers_reject,driver_decisions,1.3224736507936508,0.6266268048359239,1.2726653174603177,1.5346508439637068,0.10984946074048717
flash_mob-wildcat_strike,bank_tellers,drivers_removed,supply,0.4732274206349206,0.213263372810264,0.43727472222222225,1.710666810281586,0.236583052269404
flash_mob-wildcat_strike,bank_tellers,drivers_shift_duration_avg,supply,4009.028641825397,1684.904768013817,4256.628685079365,2.4873574569625125,-0.26499009836423537
flash_mob-wildcat_strike,bank_tellers,drivers_starting,supply,0.2651590476190476,0.23805949173451763,0.44230817460317456,0.17408000028604834,-1.1379566590489483
flash_mob-wildcat_strike,bank_tellers,drivers_total_length_avg,supply,23666.776901825397,10603.192398948926,24774.526865992062,2.185037707269277,-0.18528417230335134
flash_mob-wildcat_strike,bank_tellers,drivers_waiting,supply,3.0585848015873016,1.5544711941771527,3.0581347222222224,1.3993251440015904,0.0004187232727959148
flash_mob-wildcat_strike,bank_tellers,passengers_accept,passenger_decisions,10.023888650793651,5.049814618800888,10.224192738095239,1.45657242841087,-0.0586556229330204
flash_mob-wildcat_strike,bank_tellers,passengers_acceptance_rate,passenger_decisions,1.1615008333333334,2.200410037009623,2.109916984126984,-8.935662558210252,-8.15733141862638
flash_mob-wildcat_strike,bank_tellers,passengers_arrivals,demand,1.9213693253968254,1.2674265038243278,2.4563557539682543,0.8550847961086046,-0.6995393880092556
flash_mob-wildcat_strike,bank_tellers,passengers_change_provider,passenger_decisions,4.2268847619047625,1.5033184110535407,3.090747341269841,2.388330639681394,0.9962936323335407
flash_mob-wildcat_strike,bank_tellers,passengers_departures,demand,1.9708798015873015,1.259376185541574,2.4324801984126987,0.9630023966710013,-0.6247646230073043
flash_mob-wildcat_strike,bank_tellers,passengers_drivers_ratio,demand,0.26617805555555557,0.1332720725388601,0.16985361111111114,1.900240750904386,1.377211397763528
flash_mob-wildcat_strike,bank_tellers,passengers_no_ratings_count,passenger_experience,0.4889219841269842,0.28094697508018757,0.5469769047619047,1.122217774433005,-0.31326006008320834
flash_mob-wildcat_strike,bank_tellers,passengers_offers_discarded,passenger_decisions,81.0514353968254,38.92077467554898,79.1582013888889,1.5739715100169127,0.07072987556500163
flash_mob-wildcat_strike,bank_tellers,passengers_pickup_accept,passenger_decisions,1.267929761904762,0.39001489513940285,0.9598015873015873,2.206698461803536,0.7745010304249544
flash_mob-wildcat_strike,bank_tellers,passengers_pickup_reject,passenger_decisions,0.3638088095238095,0.0523611818406119,0.12195753968253968,6.302686676664381,4.894282828551367
flash_mob-wildcat_strike,bank_tellers,passengers_rating_avg,passenger_experience,4.901674841269841,4.890152879348632,4.882952222222222,0.5467081847975674,0.8883737981582916
flash_mob-wildcat_strike,bank_tellers,passengers_ratings_count,passenger_experience,1.4349798412698411,0.9870191487786825,1.913333571428571,0.7730764841788046,-0.8255278333650364
flash_mob-wildcat_strike,bank_tellers,passengers_reject,passenger_decisions,8.774212817460318,2.4270375622995313,4.864530476190476,3.528368848290216,2.173376474586949
flash_mob-wildcat_strike,bank_tellers,passengers_unassigned,demand,27.23635615079365,11.108386437207006,22.494477738095238,2.0058094456602458,0.5897397303735202
flash_mob-wildcat_strike,bank_tellers,rides_dispatched,matching,2.630318015873016,1.389206306439674,2.6915874206349204,1.3723252122803122,-0.06774696286973067
flash_mob-wildcat_strike,bank_tellers,rides_duration_avg,trip,1220.5264278174602,546.100388206267,1055.6905409126982,2.8858086619983676,0.7053180071638069
flash_mob-wildcat_strike,bank_tellers,rides_in_progress,matching,2997.225085595238,1080.8618455884532,2893.4885450396823,2.319664581357007,0.12556804153599563
flash_mob-wildcat_strike,bank_tellers,rides_length_avg,trip,6205.651144325396,4467.569216074513,6482.290984603174,1.5023620462885794,-0.23912175241527375
flash_mob-wildcat_strike,bank_tellers,rides_offers_generated,matching,89.6893321031746,43.144761882556125,87.40136265873015,1.5761955384279647,0.07748029927657031
flash_mob-wildcat_strike,bank_tellers,rides_offers_lyft,matching,36.0107473015873,16.437048598568964,32.57633583333333,1.7513521094465667,0.3072931621608417
flash_mob-wildcat_strike,bank_tellers,rides_offers_price_lyft_avg,market,23.857291825396825,20.691096410066617,21.75577138888889,5.91464016267812,3.925764378369039
flash_mob-wildcat_strike,bank_tellers,rides_offers_price_no_surge_avg,market,23.568189365079366,19.83535983962497,21.009784444444442,6.295341855329299,4.314698399679233
flash_mob-wildcat_strike,bank_tellers,rides_offers_price_uber_avg,market,23.37071738095238,19.307851840611892,20.56812,6.4986844620459365,4.482844896570098
flash_mob-wildcat_strike,bank_tellers,rides_offers_radius_avg,matching,2205.436116626984,1295.3704494522576,1464.856698888889,1.9195722884817998,1.5620803849499547
flash_mob-wildcat_strike,bank_tellers,rides_offers_surge_lyft_avg,market,1.0,1.0,1.0,,
flash_mob-wildcat_strike,bank_tellers,rides_offers_surge_uber_avg,market,1.0,1.0,1.0,,
flash_mob-wildcat_strike,bank_tellers,rides_offers_uber,matching,53.67845916666666,26.707709481865287,54.825469642857136,1.4344742144312137,-0.06100523608006705
flash_mob-wildcat_strike,bank_tellers,rides_partial_acceptances,matching,6.071012341269842,3.0339554379471996,6.260231587301587,1.4086845535912074,-0.08776596475208558
flash_mob-wildcat_strike,bank_tellers,rides_waiting_duration_avg,passenger_experience,823.625687579365,460.58522716753026,782.1878303968253,1.5743169735862197,0.1796943564844246
flash_mob-wildcat_strike,bank_tellers,traffic_duration_avg,trip,956.1762235714286,499.06353992598076,766.8342902777779,3.0117640966198564,1.247511296625313
flash_mob-wildcat_strike,bank_tellers,traffic_length_avg,trip,4036.935905,3731.7075822847273,3924.37780734127,3.828479367585871,1.4118164091316834
flash_mob-wildcat_strike,bank_tellers,traffic_speed_avg,trip,4.2310356349206355,7.037648867505552,5.1382151984126985,-2.882867114601785,-0.9318270505770314
flash_mob-wildcat_strike,bank_tellers_drivers,drivers_accept,driver_decisions,2.592978918918919,1.38737309935739,2.664691196911197,1.3330655489597687,-0.07929388335542333
flash_mob-wildcat_strike,bank_tellers_drivers,drivers_acceptance_rate,driver_decisions,1.8758969498069498,2.3255119995056845,2.136287142857143,-2.2232410567311054,-1.287568484078163
flash_mob-wildcat_strike,bank_tellers_drivers,drivers_busy,supply,3031.9098465250963,1087.5760091398913,3344.6479082625483,1.9993921892823652,-0.32159397008184043
flash_mob-wildcat_strike,bank_tellers_drivers,drivers_change_provider,driver_decisions,0.8961708880308881,0.4307600642609985,0.8186803474903475,1.7279424230372686,0.2877010708506695
flash_mob-wildcat_strike,bank_tellers_drivers,drivers_change_zone,driver_decisions,1.533828918918919,0.7800869698467622,1.5128374903474906,1.4491120476556971,0.04035722315549239
flash_mob-wildcat_strike,bank_tellers_drivers,drivers_demand_pressure,market,0.0,0.0,0.0,,
flash_mob-wildcat_strike,bank_tellers_drivers,drivers_idle,supply,6311.635583667954,5112.266028059812,8041.350086949807,0.3639876123988999,-0.5249379969979926
flash_mob-wildcat_strike,bank_tellers_drivers,drivers_idle_duration_avg,supply,834.2591286100385,266.83578620860106,963.3536616216218,4.7815235707575034,-1.0878448352837
flash_mob-wildcat_strike,bank_tellers_drivers,drivers_occupied_distance_avg,supply,5070.49374046332,2079.509403035096,5698.29811119691,2.68992487562969,-0.5646123159967412
flash_mob-wildcat_strike,bank_tellers_drivers,drivers_occupied_duration_avg,supply,592.779234015444,233.27577757043994,670.7010077220077,2.996199413516902,-0.649421218334012
flash_mob-wildcat_strike,bank_tellers_drivers,drivers_passengers_served,supply,2.5777414285714286,0.9192828892733564,2.1182559845559843,1.9258904666281036,0.5335789923082789
flash_mob-wildcat_strike,bank_tellers_drivers,drivers_pickup,supply,1115.708268069498,312.3171707093426,751.4211765250965,2.810319110727789,1.274302115772299
flash_mob-wildcat_strike,bank_tellers_drivers,drivers_pickup_accept,driver_decisions,1.2693888030888032,0.37155971329708354,0.8496013127413128,2.4717445904236617,1.1556848293193986
flash_mob-wildcat_strike,bank_tellers_drivers,drivers_pickup_reject,driver_decisions,0.33119741312741313,0.0846978027681661,0.19824312741312744,3.0229401709435146,1.6304806754017596
flash_mob-wildcat_strike,bank_tellers_drivers,drivers_reject,driver_decisions,1.39617138996139,0.6402603386060306,1.2649035521235519,1.6671190502090303,0.28950378850372394
flash_mob-wildcat_strike,bank_tellers_drivers,drivers_removed,supply,0.5451995752895753,0.22387381364310432,0.43339084942084943,2.114451287925108,0.7357458773395839
flash_mob-wildcat_strike,bank_tellers_drivers,drivers_shift_duration_avg,supply,3962.069516023166,1598.198173848245,4333.932487142856,2.5298965672668174,-0.39798056575438107
flash_mob-wildcat_strike,bank_tellers_drivers,drivers_starting,supply,0.22459478764478766,0.23823126544735543,0.4393240926640926,-0.08759693590133016,-1.3793612573747853
flash_mob-wildcat_strike,bank_tellers_drivers,drivers_total_length_avg,supply,23240.528112316606,10008.122914836875,25161.141786718148,2.213274948234365,-0.32124516044890394
flash_mob-wildcat_strike,bank_tellers_drivers,drivers_waiting,supply,3.013783783783784,1.557740130993574,3.029105482625482,1.354604123036614,-0.014254267983735924
flash_mob-wildcat_strike,bank_tellers_drivers,passengers_accept,passenger_decisions,10.363314092664092,5.12023487394958,10.142470617760619,1.5353459922055046,0.06467023097562839
flash_mob-wildcat_strike,bank_tellers_drivers,passengers_acceptance_rate,passenger_decisions,1.1582533204633205,2.229294644092931,2.1011663706563706,-9.212031061027242,-8.109999226537944
flash_mob-wildcat_strike,bank_tellers_drivers,passengers_arrivals,demand,1.9222719691119692,1.2604160652496292,2.4592470656370655,0.8654318113723087,-0.7021397372685385
flash_mob-wildcat_strike,bank_tellers_drivers,passengers_change_provider,passenger_decisions,4.356344826254826,1.537213816114681,3.075083667953668,2.472132528252647,1.1235545191869236
flash_mob-wildcat_strike,bank_tellers_drivers,passengers_departures,demand,1.969555714285714,1.2538292906574393,2.415109420849421,0.968717861400856,-0.6030458280045085
flash_mob-wildcat_strike,bank_tellers_drivers,passengers_drivers_ratio,demand,0.27346633204633203,0.1383219871478003,0.16685749034749034,1.932244023944411,1.5242539184816501
flash_mob-wildcat_strike,bank_tellers_drivers,passengers_no_ratings_count,passenger_experience,0.49740671814671816,0.277587619871478,0.5523483783783784,1.1861276043450166,-0.2964611370924603
flash_mob-wildcat_strike,bank_tellers_drivers,passengers_offers_discarded,passenger_decisions,83.87029606177605,39.49703500741472,78.53761293436294,1.657753462927219,0.1992252476177597
flash_mob-wildcat_strike,bank_tellers_drivers,passengers_pickup_accept,passenger_decisions,1.2656754826254826,0.4039133613445378,0.92932444015444,2.166097442315518,0.8454411197996496
flash_mob-wildcat_strike,bank_tellers_drivers,passengers_pickup_reject,passenger_decisions,0.3347748262548263,0.0523666015818092,0.11841042471042472,5.715023640628269,4.378511536795152
flash_mob-wildcat_strike,bank_tellers_drivers,passengers_rating_avg,passenger_experience,4.881590694980694,4.881246129510628,4.881397644787644,0.01634936514910604,0.009160082400804626
flash_mob-wildcat_strike,bank_tellers_drivers,passengers_ratings_count,passenger_experience,1.4293372972972973,0.9833761863568958,1.910257528957529,0.769625669183204,-0.8299570209939482
flash_mob-wildcat_strike,bank_tellers_drivers,passengers_reject,passenger_decisions,9.04137722007722,2.4647536455758776,4.845894478764478,3.655918233600714,2.332251751824697
flash_mob-wildcat_strike,bank_tellers_drivers,passengers_unassigned,demand,28.532998455598456,11.341618929807217,22.240675907335905,2.1380639999412394,0.7825659538418853
flash_mob-wildcat_strike,bank_tellers_drivers,rides_dispatched,matching,2.592978918918919,1.38737309935739,2.664691196911197,1.3330655489597687,-0.07929388335542333
flash_mob-wildcat_strike,bank_tellers_drivers,rides_duration_avg,trip,1175.004663899614,538.1605012036579,1055.9736105791503,2.724999174276524,0.5093232238141512
flash_mob-wildcat_strike,bank_tellers_drivers,rides_in_progress,matching,2871.53268996139,1059.686440921898,2882.2100579922776,2.1931518425215546,-0.012924435162550691
flash_mob-wildcat_strike,bank_tellers_drivers,rides_length_avg,trip,6157.6214764092665,4462.592745207613,6478.3505227027035,1.4651477538166255,-0.277231549595883
flash_mob-wildcat_strike,bank_tellers_drivers,rides_offers_generated,matching,92.85142849420848,43.791318969352446,86.7344467953668,1.6613823133683205,0.20714681039398064
flash_mob-wildcat_strike,bank_tellers_drivers,rides_offers_lyft,matching,36.28769637065638,16.442874421651013,32.27786988416989,1.775610798414031,0.3587782862183279
flash_mob-wildcat_strike,bank_tellers_drivers,rides_offers_price_lyft_avg,market,23.531477490347488,20.685394787444388,21.74403598455599,5.316650696728577,3.339046373260469
flash_mob-wildcat_strike,bank_tellers_drivers,rides_offers_price_no_surge_avg,market,23.138981621621625,19.79622028670292,20.99744185328185,5.637499703801371,3.611663711548809
flash_mob-wildcat_strike,bank_tellers_drivers,rides_offers_price_uber_avg,market,22.889093166023166,19.261516930301532,20.556730772200773,5.802425180921839,3.730688869246604
flash_mob-wildcat_strike,bank_tellers_drivers,rides_offers_radius_avg,matching,2178.9160070270273,1342.7917350667326,1444.002553050193,1.7636100779020512,1.5501293495291555
flash_mob-wildcat_strike,bank_tellers_drivers,rides_offers_surge_lyft_avg,market,1.0,1.0,1.0,,
flash_mob-wildcat_strike,bank_tellers_drivers,rides_offers_surge_uber_avg,market,1.0,1.0,1.0,,
flash_mob-wildcat_strike,bank_tellers_drivers,rides_offers_uber,matching,56.56369355212356,27.348431423628277,54.45696918918919,1.553851512506961,0.1120488607421384
flash_mob-wildcat_strike,bank_tellers_drivers,rides_partial_acceptances,matching,6.374356332046332,3.0926930523974296,6.212960193050193,1.5221408486193795,0.07486071392484778
flash_mob-wildcat_strike,bank_tellers_drivers,rides_waiting_duration_avg,passenger_experience,884.8734054054054,459.6756080326248,782.2308858301159,1.843860898523753,0.44510702910558103
flash_mob-wildcat_strike,bank_tellers_drivers,traffic_duration_avg,trip,971.4584543243243,497.2889870538804,767.6870553667953,3.12414559545707,1.342582267470622
flash_mob-wildcat_strike,bank_tellers_drivers,traffic_length_avg,trip,4044.8433048648644,3723.788199211567,3926.37951972973,4.0269947327212705,1.4858914571275295
flash_mob-wildcat_strike,bank_tellers_drivers,traffic_speed_avg,trip,4.279752277992278,7.037570061789422,5.1492798069498065,-2.8327459247565616,-0.8931520344054981
flash_mob-wildcat_strike,baseline,drivers_accept,driver_decisions,2.611917566371681,1.399374920284523,2.6987390265486724,1.3407357545198162,-0.09600044690761604
flash_mob-wildcat_strike,baseline,drivers_acceptance_rate,driver_decisions,1.900563495575221,2.4304835221976946,2.151779867256637,-2.620330348729514,-1.2422060872281275
flash_mob-wildcat_strike,baseline,drivers_busy,supply,3283.2538422566377,1127.4403581579593,3368.480505973451,2.216860375918333,-0.08764005567230768
flash_mob-wildcat_strike,baseline,drivers_change_provider,driver_decisions,0.9190119026548673,0.4252784547461369,0.8211720796460176,1.8330965391036358,0.3632523615803089
flash_mob-wildcat_strike,baseline,drivers_change_zone,driver_decisions,1.483318539823009,0.7689277360804513,1.5247858407079646,1.373457217967144,-0.07972325989036899
flash_mob-wildcat_strike,baseline,drivers_demand_pressure,market,0.0,0.0,0.0,,
flash_mob-wildcat_strike,baseline,drivers_idle,supply,6003.774321238938,5273.684315768947,7997.635031946904,0.22156950431560343,-0.6051017354518211
flash_mob-wildcat_strike,baseline,drivers_idle_duration_avg,supply,747.509754159292,278.12121363993134,960.8840890707964,3.9554107182797864,-1.7980480102495686
flash_mob-wildcat_strike,baseline,drivers_occupied_distance_avg,supply,5185.57207761062,2129.002166051018,5719.784262522124,2.7489088914036217,-0.4804407121347642
flash_mob-wildcat_strike,baseline,drivers_occupied_duration_avg,supply,605.4680694690265,241.94772102526366,670.36635039823,3.029677282046611,-0.540879893565309
flash_mob-wildcat_strike,baseline,drivers_passengers_served,supply,2.740907256637168,0.9132896835908756,2.124734424778761,2.1223269543184156,0.7155327399222168
flash_mob-wildcat_strike,baseline,drivers_pickup,supply,1247.4395046902653,313.7628865464803,764.7968325663716,3.2660671145486684,1.6883183415641558
flash_mob-wildcat_strike,baseline,drivers_pickup_accept,driver_decisions,1.3637534513274336,0.36886515329899433,0.8712613716814159,2.7389508723737923,1.355842272802654
flash_mob-wildcat_strike,baseline,drivers_pickup_reject,driver_decisions,0.3321459292035398,0.08074126563649743,0.20395269911504427,3.0830931357325873,1.5720936204026774
flash_mob-wildcat_strike,baseline,drivers_reject,driver_decisions,1.3957744247787611,0.6264701128280599,1.2727507964601767,1.696657128588588,0.27132165091118704
flash_mob-wildcat_strike,baseline,drivers_removed,supply,0.5297930973451328,0.21389012263919546,0.4378388938053097,2.0787671934665686,0.6050952251964945
flash_mob-wildcat_strike,baseline,drivers_shift_duration_avg,supply,3877.5158748672566,1644.8292373755212,4321.2928469469025,2.389498175808445,-0.4749454076732406
flash_mob-wildcat_strike,baseline,drivers_starting,supply,0.25517761061946903,0.2397232155997057,0.44126827433628313,0.09927472984887128,-1.1953946009700724
flash_mob-wildcat_strike,baseline,drivers_total_length_avg,supply,23406.29834274336,10263.415385540839,25116.59378340708,2.1983013037035053,-0.2860669694139526
flash_mob-wildcat_strike,baseline,drivers_waiting,supply,3.0427657079646018,1.562969480009811,3.067470353982301,1.3767019057432108,-0.02298352476562533
flash_mob-wildcat_strike,baseline,passengers_accept,passenger_decisions,10.356541592920355,5.050333978415501,10.218251769911502,1.553832062209007,0.04049580726562189
flash_mob-wildcat_strike,baseline,passengers_acceptance_rate,passenger_decisions,1.9682454867256638,2.2431085945548195,2.1035813274336284,-2.3640987803084057,-1.1640241517918752
flash_mob-wildcat_strike,baseline,passengers_arrivals,demand,1.919756681415929,1.283363208241354,2.4637315044247785,0.8321375589777006,-0.711292463616667
flash_mob-wildcat_strike,baseline,passengers_change_provider,passenger_decisions,3.2863420353982296,1.491047316654403,3.0978023893805307,1.5743172119504187,0.16533285970360864
flash_mob-wildcat_strike,baseline,passengers_departures,demand,2.0241518584070795,1.2757153838606816,2.4297493362831863,1.012990099403591,-0.5489660691384336
flash_mob-wildcat_strike,baseline,passengers_drivers_ratio,demand,0.29677530973451327,0.13251755212165808,0.1690691150442478,2.3484968666076775,1.8258960942554976
flash_mob-wildcat_strike,baseline,passengers_no_ratings_count,passenger_experience,0.42912995575221236,0.277550868285504,0.547882831858407,0.817909550609515,-0.6407817407591782
flash_mob-wildcat_strike,baseline,passengers_offers_discarded,passenger_decisions,79.86617243362832,38.837796575913664,79.14192508849557,1.5327909317523776,0.027057365536844166
flash_mob-wildcat_strike,baseline,passengers_pickup_accept,passenger_decisions,1.4745057964601769,0.40040925190090754,0.9535915044247788,2.699814392528017,1.3093533444777838
flash_mob-wildcat_strike,baseline,passengers_pickup_reject,passenger_decisions,0.2213425221238938,0.04918821192052981,0.12196889380530974,3.4838431273998305,2.010998920988498
flash_mob-wildcat_strike,baseline,passengers_rating_avg,passenger_experience,4.898096238938052,4.892945523669365,4.88222646017699,0.2443974571526444,0.753008732274006
flash_mob-wildcat_strike,baseline,passengers_ratings_count,passenger_experience,1.493591283185841,1.0061659038508708,1.9197125663716816,0.8411834004012216,-0.7353867179888163
flash_mob-wildcat_strike,baseline,passengers_reject,passenger_decisions,5.295781548672567,2.3354896566102528,4.877352610619469,1.6456141943309517,0.2326029408199014
flash_mob-wildcat_strike,baseline,passengers_unassigned,demand,29.388303805309732,11.129990946774589,22.446718584070794,2.2707567687591665,0.8633136998569071
flash_mob-wildcat_strike,baseline,rides_dispatched,matching,2.611917566371681,1.399374920284523,2.6987390265486724,1.3407357545198162,-0.09600044690761604
flash_mob-wildcat_strike,baseline,rides_duration_avg,trip,1229.151888539823,552.61377952416,1059.141596902655,2.894846017948731,0.7274588219017296
flash_mob-wildcat_strike,baseline,rides_in_progress,matching,3121.2587980088497,1102.0053384988962,2901.356976460177,2.4442081923838512,0.2661804694294485
flash_mob-wildcat_strike,baseline,rides_length_avg,trip,6102.943113230089,4485.528312072602,6486.138796371682,1.3980598790356036,-0.3312264176366572
flash_mob-wildcat_strike,baseline,rides_offers_generated,matching,88.6808257522124,43.05159634780476,87.38766238938054,1.545198236190261,0.043791967855600925
flash_mob-wildcat_strike,baseline,rides_offers_lyft,matching,35.65136433628319,16.18795565121413,32.5410839380531,1.741483935908339,0.2782916105462784
flash_mob-wildcat_strike,baseline,rides_offers_price_lyft_avg,market,23.859751327433628,20.610965023301446,21.72510261061947,6.068924824204133,3.9876499639115237
flash_mob-wildcat_strike,baseline,rides_offers_price_no_surge_avg,market,23.55416292035398,19.738253237674762,20.99102331858407,6.435454868141237,4.322683344107441
flash_mob-wildcat_strike,baseline,rides_offers_price_uber_avg,market,23.348659336283188,19.20179357615894,20.557170796460174,6.633045522656226,4.465075946915735
flash_mob-wildcat_strike,baseline,rides_offers_radius_avg,matching,2328.965165,1296.8546641599214,1464.5127504424777,2.1769975371275128,1.8233617194320673
flash_mob-wildcat_strike,baseline,rides_offers_surge_lyft_avg,market,1.0,1.0,1.0,,
flash_mob-wildcat_strike,baseline,rides_offers_surge_uber_avg,market,1.0,1.0,1.0,,
flash_mob-wildcat_strike,baseline,rides_offers_uber,matching,53.029594424778765,26.863603546725532,54.84662986725663,1.3916720761663224,-0.09664138073295479
flash_mob-wildcat_strike,baseline,rides_partial_acceptances,matching,6.348495884955752,3.0245826956095168,6.246954513274336,1.5417377139649522,0.047098150081279225
flash_mob-wildcat_strike,baseline,rides_waiting_duration_avg,passenger_experience,848.2804492035398,455.6980061123375,779.3879639823009,1.7024251318690704,0.29875074726739326
flash_mob-wildcat_strike,baseline,traffic_duration_avg,trip,1007.537943141593,507.83671827078734,768.2948863716814,3.2923658912737,1.5762932741198754
flash_mob-wildcat_strike,baseline,traffic_length_avg,trip,4036.6215518141594,3731.591470095658,3925.9645492920354,3.8259928304283846,1.3879709696208071
flash_mob-wildcat_strike,baseline,traffic_speed_avg,trip,4.044969247787611,6.996528947755703,5.131735575221239,-3.0317516845686288,-1.1162930717494826
flash_mob-wildcat_strike,drivers,drivers_accept,driver_decisions,2.6026341517857148,1.397220181372549,2.704568482142857,1.3328534170289743,-0.11271108835955232
flash_mob-wildcat_strike,drivers,drivers_acceptance_rate,driver_decisions,1.863977857142857,2.3357570122549016,2.1537070535714284,-2.332837364002413,-1.4326429804013832
flash_mob-wildcat_strike,drivers,drivers_busy,supply,3230.1637536607145,1117.7565746397058,3370.536072232143,2.1722249199749166,-0.14434728848859024
flash_mob-wildcat_strike,drivers,drivers_change_provider,driver_decisions,0.9046794642857143,0.4325935514705882,0.8220530803571429,1.7527251933333854,0.30676904524019877
flash_mob-wildcat_strike,drivers,drivers_change_zone,driver_decisions,1.5307592410714288,0.7794150588235293,1.5264580357142858,1.4445022036676085,0.008269313536482492
flash_mob-wildcat_strike,drivers,drivers_demand_pressure,market,0.0,0.0,0.0,,
flash_mob-wildcat_strike,drivers,drivers_idle,supply,6081.207605401786,5107.363334713235,7988.209872232143,0.29554464616749454,-0.5787417220132075
flash_mob-wildcat_strike,drivers,drivers_idle_duration_avg,supply,729.2521908928572,274.4600001102941,956.9211136160715,3.832411213151672,-1.9185046489678212
flash_mob-wildcat_strike,drivers,drivers_occupied_distance_avg,supply,4952.549697366071,2091.7175847965686,5703.975400223214,2.572873207092016,-0.6757904630289485
flash_mob-wildcat_strike,drivers,drivers_occupied_duration_avg,supply,583.9800271428571,236.63002515441175,668.0843897321429,2.8949092243347674,-0.7009485926953255
flash_mob-wildcat_strike,drivers,drivers_passengers_served,supply,2.607700848214286,0.9330796299019607,2.1233927678571427,1.9446594311159917,0.562404360898613
flash_mob-wildcat_strike,drivers,drivers_pickup,supply,1215.5075025446429,322.3637321838235,767.5479587946429,3.1242803345968073,1.5669942955182692
flash_mob-wildcat_strike,drivers,drivers_pickup_accept,driver_decisions,1.3421577232142856,0.38212582107843135,0.8755211160714287,2.6429903950749902,1.2846615491892535
flash_mob-wildcat_strike,drivers,drivers_pickup_reject,driver_decisions,0.3482957142857143,0.08418385784313726,0.20452375000000003,3.238927393431405,1.7631429342275153
flash_mob-wildcat_strike,drivers,drivers_reject,driver_decisions,1.4090252232142857,0.6473753651960784,1.2743006696428572,1.6797756635710737,0.29712737945439643
flash_mob-wildcat_strike,drivers,drivers_removed,supply,0.5438916517857143,0.22592802450980393,0.4383850446428571,2.0923271068025544,0.6942754300642392
flash_mob-wildcat_strike,drivers,drivers_shift_duration_avg,supply,3766.5804801785716,1575.9136469877453,4306.1415840624995,2.3445271332811113,-0.5774568861648454
flash_mob-wildcat_strike,drivers,drivers_starting,supply,0.21369785714285713,0.23658543382352942,0.4418524999999999,-0.14702341883738534,-1.465601888941196
flash_mob-wildcat_strike,drivers,drivers_total_length_avg,supply,22583.99368450893,9792.920562281863,25037.420132053572,2.139456983062391,-0.4103643451547585
flash_mob-wildcat_strike,drivers,drivers_waiting,supply,3.0319937500000003,1.5727346102941175,3.0737201339285716,1.3575955936736332,-0.03881939363612975
flash_mob-wildcat_strike,drivers,passengers_accept,passenger_decisions,10.566294642857143,5.149937931372549,10.233682589285715,1.5860873396019666,0.09739974585685164
flash_mob-wildcat_strike,drivers,passengers_acceptance_rate,passenger_decisions,1.9518834821428572,2.2430770269607843,2.105880714285714,-2.5045569395425438,-1.324530860307695
flash_mob-wildcat_strike,drivers,passengers_arrivals,demand,1.9274850446428573,1.2756608725490195,2.463988035714286,0.8523144851613429,-0.7015224200012267
flash_mob-wildcat_strike,drivers,passengers_change_provider,passenger_decisions,3.322671339285715,1.508037531862745,3.101064017857142,1.5912759095130748,0.19433033294017793
flash_mob-wildcat_strike,drivers,passengers_departures,demand,2.014776919642857,1.2685102818627452,2.4320387946428568,1.010053279464528,-0.5647535396905289
flash_mob-wildcat_strike,drivers,passengers_drivers_ratio,demand,0.3045794196428571,0.14102666176470588,0.16961428571428572,2.3384170402909574,1.92968173155999
flash_mob-wildcat_strike,drivers,passengers_no_ratings_count,passenger_experience,0.4261679464285714,0.27676225245098035,0.5469636160714285,0.8061820800085855,-0.6518045036711567
flash_mob-wildcat_strike,drivers,passengers_offers_discarded,passenger_decisions,81.61155513392858,39.58986397794117,79.25584852678571,1.5699004845858489,0.08800752283785063
flash_mob-wildcat_strike,drivers,passengers_pickup_accept,passenger_decisions,1.473965848214286,0.4149333014705882,0.9579166964285715,2.6619500140254506,1.2971244850383814
flash_mob-wildcat_strike,drivers,passengers_pickup_reject,passenger_decisions,0.21642071428571427,0.05136653676470588,0.12245526785714286,3.34015954248214,1.901554915276461
flash_mob-wildcat_strike,drivers,passengers_rating_avg,passenger_experience,4.889835401785715,4.880194825980392,4.882312053571428,0.4574378682183688,0.3569770559874357
flash_mob-wildcat_strike,drivers,passengers_ratings_count,passenger_experience,1.5041589732142857,0.9995292769607842,1.9207367857142859,0.870874069826059,-0.7189168962202048
flash_mob-wildcat_strike,drivers,passengers_reject,passenger_decisions,5.435676875,2.374415830882353,4.8793230803571435,1.701742534329229,0.30927480630849247
flash_mob-wildcat_strike,drivers,passengers_unassigned,demand,30.568891428571426,11.453519531862744,22.49610888392857,2.377347811821999,1.0039988770046373
flash_mob-wildcat_strike,drivers,rides_dispatched,matching,2.6026341517857148,1.397220181372549,2.704568482142857,1.3328534170289743,-0.11271108835955232
flash_mob-wildcat_strike,drivers,rides_duration_avg,trip,1218.2782618303572,546.1346758088235,1059.1605075892858,2.876042247369054,0.6808506292718632
flash_mob-wildcat_strike,drivers,rides_in_progress,matching,3035.849144464286,1088.285345639706,2903.3902530357145,2.3574313416962047,0.1603350515800869
flash_mob-wildcat_strike,drivers,rides_length_avg,trip,6123.132575446428,4473.112474666667,6489.357338392858,1.426243225208282,-0.31655710546133115
flash_mob-wildcat_strike,drivers,rides_offers_generated,matching,90.67433767857142,43.892986507352944,87.5163245982143,1.584213940491867,0.10694364786187315
flash_mob-wildcat_strike,drivers,rides_offers_lyft,matching,35.838534419642855,16.633864764705883,32.60349691964286,1.718333321755475,0.2894542230227582
flash_mob-wildcat_strike,drivers,rides_offers_price_lyft_avg,market,23.912005312499996,20.65384567156863,21.728061116071427,6.086434771323109,4.079736833267144
flash_mob-wildcat_strike,drivers,rides_offers_price_no_surge_avg,market,23.60712888392857,19.759682107843137,20.994751473214283,6.488641541350323,4.405721917768129
flash_mob-wildcat_strike,drivers,rides_offers_price_uber_avg,market,23.407112991071426,19.21617830147059,20.560996964285714,6.703535196608005,4.552454374087447
flash_mob-wildcat_strike,drivers,rides_offers_radius_avg,matching,2341.204056160714,1344.619859855392,1468.5065326785714,2.1020630437641996,1.8407528629265253
flash_mob-wildcat_strike,drivers,rides_offers_surge_lyft_avg,market,1.0,1.0,1.0,,
flash_mob-wildcat_strike,drivers,rides_offers_surge_uber_avg,market,1.0,1.0,1.0,,
flash_mob-wildcat_strike,drivers,rides_offers_uber,matching,54.83604147321429,27.259129860294117,54.91292419642857,1.4667137207785776,-0.0040891070984315
flash_mob-wildcat_strike,drivers,rides_partial_acceptances,matching,6.5551191964285715,3.1054207303921575,6.255268125000001,1.6000809659958237,0.1390805592865536
flash_mob-wildcat_strike,drivers,rides_waiting_duration_avg,passenger_experience,875.770384642857,466.51770680882356,778.8620511607143,1.774715238265295,0.4202408572031375
flash_mob-wildcat_strike,drivers,traffic_duration_avg,trip,998.8150238392857,504.1126084950981,768.3487333928572,3.2594303906919944,1.518466067299267
flash_mob-wildcat_strike,drivers,traffic_length_avg,trip,4028.411219375,3736.470094781863,3925.9662558035716,3.6618180190875105,1.2849673511857094
flash_mob-wildcat_strike,drivers,traffic_speed_avg,trip,4.209494642857143,7.004753492647059,5.129775535714286,-2.8712042405063194,-0.9452843346607988
flash_mob-wildcat_strike,managers,drivers_accept,driver_decisions,2.660806113744076,1.4024158050329831,2.7242891469194315,1.3914305492467742,-0.07019462173823517
flash_mob-wildcat_strike,managers,drivers_acceptance_rate,driver_decisions,2.0373540758293838,2.386809797214757,2.1559526540284364,-1.7279766498344014,-0.5864421764768395
flash_mob-wildcat_strike,managers,drivers_busy,supply,3431.872839336493,1238.2638773198141,3379.1157104265403,2.2557261210318726,0.054251070183183134
flash_mob-wildcat_strike,managers,drivers_change_provider,driver_decisions,0.8584914218009478,0.42521379428292205,0.8257894312796208,1.608640700439536,0.1214134993291479
flash_mob-wildcat_strike,managers,drivers_change_zone,driver_decisions,1.4752050710900473,0.7729480772049842,1.5321562085308056,1.350129273874204,-0.10949182209466987
flash_mob-wildcat_strike,managers,drivers_demand_pressure,market,0.0,0.0,0.0,,
flash_mob-wildcat_strike,managers,drivers_idle,supply,6147.993840236967,5189.584482753481,7957.4196642180095,0.29086042087694425,-0.5491289839767721
flash_mob-wildcat_strike,managers,drivers_idle_duration_avg,supply,828.946574549763,279.4980472343025,933.2437686729858,4.630054648717985,-0.8788843440128404
flash_mob-wildcat_strike,managers,drivers_occupied_distance_avg,supply,5332.740347061612,2058.532744681163,5623.187896492891,2.9446401197780827,-0.26121236360356925
flash_mob-wildcat_strike,managers,drivers_occupied_duration_avg,supply,625.0847960663507,232.57334792084043,656.9065790047392,3.2712969782312946,-0.26521137882758417
flash_mob-wildcat_strike,managers,drivers_passengers_served,supply,2.574154786729858,0.9029225506963109,2.1114928436018956,1.9407239642305592,0.5372677124137817
flash_mob-wildcat_strike,managers,drivers_pickup,supply,1186.6835586255925,313.5760984559003,776.5507068246446,3.0541918986860566,1.4346738408488813
flash_mob-wildcat_strike,managers,drivers_pickup_accept,driver_decisions,1.3583802369668248,0.37134986806743225,0.8879070616113743,2.717317808756796,1.2952237116688288
flash_mob-wildcat_strike,managers,drivers_pickup_reject,driver_decisions,0.3282069668246445,0.083221905692646,0.2071877725118483,3.004366544424396,1.4841150596960646
flash_mob-wildcat_strike,managers,drivers_reject,driver_decisions,1.322694028436019,0.6330645809919374,1.2808452606635072,1.5209387233560578,0.09229508929157067
flash_mob-wildcat_strike,managers,drivers_removed,supply,0.49798540284360193,0.21589286586855608,0.43954151658767776,1.856281068360763,0.38458401197582476
flash_mob-wildcat_strike,managers,drivers_shift_duration_avg,supply,3964.83793549763,1586.357835663328,4230.124451753554,2.5455313631184797,-0.2839187712308126
flash_mob-wildcat_strike,managers,drivers_starting,supply,0.2399844549763033,0.2403083166381627,0.44259061611374406,-0.002080397126408621,-1.301485557145046
flash_mob-wildcat_strike,managers,drivers_total_length_avg,supply,23431.45776805687,9797.272756401171,24660.124135450234,2.280477333904303,-0.205508858752889
flash_mob-wildcat_strike,managers,drivers_waiting,supply,3.075686777251185,1.5722311409723917,3.0974722748815164,1.3987130123490361,-0.020267747368631583
flash_mob-wildcat_strike,managers,passengers_accept,passenger_decisions,10.155552748815165,5.089235702418764,10.287645687203792,1.483584216058111,-0.038681155689909985
flash_mob-wildcat_strike,managers,passengers_acceptance_rate,passenger_decisions,1.3707504265402843,2.235289804544344,2.1125689099526066,-7.43590693276439,-6.380383987127711
flash_mob-wildcat_strike,managers,passengers_arrivals,demand,1.9474171563981044,1.276381548986074,2.4619351184834124,0.8774350396044798,-0.672775160442916
flash_mob-wildcat_strike,managers,passengers_change_provider,passenger_decisions,4.233025260663507,1.5219618543855364,3.117187962085308,2.377366645504714,0.9784921921438469
flash_mob-wildcat_strike,managers,passengers_departures,demand,2.0311612322274883,1.2700093061324214,2.4384045497630327,1.030200145902266,-0.5511936720638874
flash_mob-wildcat_strike,managers,passengers_drivers_ratio,demand,0.28714781990521326,0.13676502565355486,0.17140890995260666,2.1501177553156046,1.6547922686788956
flash_mob-wildcat_strike,managers,passengers_no_ratings_count,passenger_experience,0.4739651658767773,0.27914892255069634,0.5436012322274881,1.0512140473550842,-0.3757510662388283
flash_mob-wildcat_strike,managers,passengers_offers_discarded,passenger_decisions,81.33169000000001,39.24170165404348,79.6545027014218,1.572452019011971,0.06265852421325006
flash_mob-wildcat_strike,managers,passengers_pickup_accept,passenger_decisions,1.3765003791469195,0.40127392865868555,0.9715402843601896,2.4512977165218492,1.017894618358856
flash_mob-wildcat_strike,managers,passengers_pickup_reject,passenger_decisions,0.31008696682464454,0.05329827999022722,0.12366507109004739,5.19656754899321,3.7725726383766904
flash_mob-wildcat_strike,managers,passengers_rating_avg,passenger_experience,4.906508909952607,4.89210786953335,4.8826337914691935,0.6833182335306475,1.1328559126607283
flash_mob-wildcat_strike,managers,passengers_ratings_count,passenger_experience,1.476121421800948,0.9976703542633765,1.9218010426540284,0.8256958151542322,-0.7691398824374358
flash_mob-wildcat_strike,managers,passengers_reject,passenger_decisions,7.448949289099526,2.4066402443195702,4.890118625592418,2.8029990415953794,1.4224435340472656
flash_mob-wildcat_strike,managers,passengers_unassigned,demand,29.242906919431277,11.270111172733936,22.662772748815165,2.2352474684571306,0.8183606186967707
flash_mob-wildcat_strike,managers,rides_dispatched,matching,2.660806113744076,1.4024158050329831,2.7242891469194315,1.3914305492467742,-0.07019462173823517
flash_mob-wildcat_strike,managers,rides_duration_avg,trip,1205.4229156398103,555.8874311751771,1057.904722227488,2.7793042042444815,0.6312171466526584
flash_mob-wildcat_strike,managers,rides_in_progress,matching,3029.5467777251183,1104.0446155582702,2911.2672986729863,2.330726802549688,0.1431715619099526
flash_mob-wildcat_strike,managers,rides_length_avg,trip,6154.061492843602,4495.789237735157,6500.0782661611365,1.4333762166179602,-0.2990897374640137
flash_mob-wildcat_strike,managers,rides_offers_generated,matching,90.05236180094788,43.49390254092353,87.9809795734597,1.5766658799058388,0.07014574223954351
flash_mob-wildcat_strike,managers,rides_offers_lyft,matching,35.869107345971564,16.329702770583925,32.83191146919431,1.7482836504047203,0.2717523900976374
flash_mob-wildcat_strike,managers,rides_offers_price_lyft_avg,market,23.825917251184833,20.651026232592226,21.73769805687204,5.930884063495322,3.900916871825384
flash_mob-wildcat_strike,managers,rides_offers_price_no_surge_avg,market,23.50546682464455,19.764610388468117,21.00650369668246,6.308879078685696,4.214451012859832
flash_mob-wildcat_strike,managers,rides_offers_price_uber_avg,market,23.290597203791467,19.23941152944051,20.572708341232225,6.480002139711787,4.347350889490973
flash_mob-wildcat_strike,managers,rides_offers_radius_avg,matching,2314.2865785308054,1315.334613210359,1481.1295551184833,2.1070573029159245,1.757351355821689
flash_mob-wildcat_strike,managers,rides_offers_surge_lyft_avg,market,1.0,1.0,1.0,,
flash_mob-wildcat_strike,managers,rides_offers_surge_uber_avg,market,1.0,1.0,1.0,,
flash_mob-wildcat_strike,managers,rides_offers_uber,matching,54.18368872037915,27.164232504275592,55.149257488151655,1.4370647343108574,-0.051355024084121084
flash_mob-wildcat_strike,managers,rides_partial_acceptances,matching,6.172432748815164,3.0538114585878327,6.283088767772512,1.4465167363962348,-0.05132581628502702
flash_mob-wildcat_strike,managers,rides_waiting_duration_avg,passenger_experience,848.9846450710902,456.17630739799654,777.7191352132702,1.7034047187561887,0.30904131642288063
flash_mob-wildcat_strike,managers,traffic_duration_avg,trip,965.7344467772513,511.19272189103344,768.1598219431281,2.994824900745464,1.3017537748746641
flash_mob-wildcat_strike,managers,traffic_length_avg,trip,4020.133453791469,3737.243679413633,3925.3612319431277,3.5482869180422116,1.1887281387877933
flash_mob-wildcat_strike,managers,traffic_speed_avg,trip,4.226806872037915,6.9633906156853165,5.122496445497631,-2.8109349693505523,-0.9200248848825273
flash_mob-wildcat_strike,managers_drivers,drivers_accept,driver_decisions,2.5983194117647064,1.395476166707647,2.684881008403362,1.3300109080161122,-0.09571310993166136
flash_mob-wildcat_strike,managers_drivers,drivers_acceptance_rate,driver_decisions,1.9450409663865547,2.370527551020408,2.1440931512605044,-2.103931451316228,-0.9842664077644211
flash_mob-wildcat_strike,managers_drivers,drivers_busy,supply,3250.834018487394,1115.4577432456356,3360.73123789916,2.195844439779398,-0.11300921574827452
flash_mob-wildcat_strike,managers_drivers,drivers_change_provider,driver_decisions,0.866806386554622,0.42518275141381856,0.8201535294117648,1.6396271319917175,0.17320923127670446
flash_mob-wildcat_strike,managers_drivers,drivers_change_zone,driver_decisions,1.4745932773109245,0.7727073002212933,1.5214773529411765,1.3494159728448465,-0.09013731944020408
flash_mob-wildcat_strike,managers_drivers,drivers_demand_pressure,market,0.0,0.0,0.0,,
flash_mob-wildcat_strike,managers_drivers,drivers_idle,supply,6310.378242394957,5138.408343280059,8011.040200756303,0.3556722974895857,-0.5161210594575322
flash_mob-wildcat_strike,managers_drivers,drivers_idle_duration_avg,supply,911.8870168907564,276.2876441062208,963.5088330672268,5.356024603545185,-0.4350031314687747
flash_mob-wildcat_strike,managers_drivers,drivers_occupied_distance_avg,supply,5731.082552815126,2064.305608979592,5712.6298102521,3.2976951404197417,0.01659536983284772
flash_mob-wildcat_strike,managers_drivers,drivers_occupied_duration_avg,supply,672.0511600420169,233.99907824440618,670.7700944117646,3.6508449836632955,0.010676748780093757
flash_mob-wildcat_strike,managers_drivers,drivers_passengers_served,supply,2.5607912184873953,0.925371654782395,2.1254971428571428,1.8991363799842769,0.5054866857213153
flash_mob-wildcat_strike,managers_drivers,drivers_pickup,supply,1122.3875607983196,316.5271834472584,760.4554831932771,2.818956827489877,1.2660641097730314
flash_mob-wildcat_strike,managers_drivers,drivers_pickup_accept,driver_decisions,1.3196921008403362,0.37700061224489795,0.864720168067227,2.5952518289586086,1.2525484264353828
flash_mob-wildcat_strike,managers_drivers,drivers_pickup_reject,driver_decisions,0.33023130252100835,0.08368431767887878,0.20248592436974794,3.0235211464151375,1.5666014023430632
flash_mob-wildcat_strike,managers_drivers,drivers_reject,driver_decisions,1.3536276470588233,0.63899776985493,1.270469243697479,1.5760757565311445,0.1834011530590662
flash_mob-wildcat_strike,managers_drivers,drivers_removed,supply,0.512996806722689,0.22500210966314235,0.43677823529411763,1.8951196287309808,0.5015485085763728
flash_mob-wildcat_strike,managers_drivers,drivers_shift_duration_avg,supply,4350.630626680671,1577.078117637079,4332.81818105042,2.968351469292623,0.019063493114281654
flash_mob-wildcat_strike,managers_drivers,drivers_starting,supply,0.22027344537815124,0.2382799901647406,0.44105735294117654,-0.11566902922529508,-1.4182543380228125
flash_mob-wildcat_strike,managers_drivers,drivers_total_length_avg,supply,25559.562320714285,9764.138704740595,25164.8484112605,2.6419698357364774,0.06602053024193211
flash_mob-wildcat_strike,managers_drivers,drivers_waiting,supply,3.020252394957983,1.5699603048930417,3.05235974789916,1.3492532597114497,-0.02987050051045188
flash_mob-wildcat_strike,managers_drivers,passengers_accept,passenger_decisions,10.073830756302518,5.105472913695598,10.190923949579833,1.454898540205459,-0.03428873711676388
flash_mob-wildcat_strike,managers_drivers,passengers_acceptance_rate,passenger_decisions,1.376109537815126,2.259314150479469,2.1013987815126054,-7.596446696878438,-6.238215924786024
flash_mob-wildcat_strike,managers_drivers,passengers_arrivals,demand,1.9195375210084031,1.2731288468158348,2.462247857142857,0.8452332698532546,-0.7096390415352465
flash_mob-wildcat_strike,managers_drivers,passengers_change_provider,passenger_decisions,4.138312226890757,1.5156128079665603,3.0897408823529413,2.2998791194984247,0.9195058050518493
flash_mob-wildcat_strike,managers_drivers,passengers_departures,demand,2.0092294537815127,1.2645831964593066,2.4255743277310926,1.007860134933297,-0.5635124016423316
flash_mob-wildcat_strike,managers_drivers,passengers_drivers_ratio,demand,0.27020457983193275,0.14073405458568972,0.16832285714285714,1.8511218421446138,1.456667313478293
flash_mob-wildcat_strike,managers_drivers,passengers_no_ratings_count,passenger_experience,0.4737814285714287,0.28028773297270715,0.54928512605042,1.0440776775865186,-0.4074123700471676
flash_mob-wildcat_strike,managers_drivers,passengers_offers_discarded,passenger_decisions,80.80812298319326,39.310951121219574,78.93053953781514,1.5503048169391067,0.07014518168266279
flash_mob-wildcat_strike,managers_drivers,passengers_pickup_accept,passenger_decisions,1.3361135294117645,0.4079406097860831,0.9462465546218488,2.333025480673528,0.9799570392818545
flash_mob-wildcat_strike,managers_drivers,passengers_pickup_reject,passenger_decisions,0.31373924369747896,0.052757255962626017,0.12102231092436973,5.281426316141387,3.8999637068747193
flash_mob-wildcat_strike,managers_drivers,passengers_rating_avg,passenger_experience,4.898438781512605,4.8897658470617165,4.882078823529411,0.41152403409575183,0.7762673573753576
flash_mob-wildcat_strike,managers_drivers,passengers_ratings_count,passenger_experience,1.4501054201680672,0.9935148782886648,1.916750924369748,0.7879696070261575,-0.8053221449853016
flash_mob-wildcat_strike,managers_drivers,passengers_reject,passenger_decisions,7.365258781512604,2.4050511826899434,4.868375420168066,2.7573591824974653,1.3880072813207767
flash_mob-wildcat_strike,managers_drivers,passengers_unassigned,demand,28.192716974789917,11.373634534054585,22.373382605042018,2.0917620150628933,0.7237411809164321
flash_mob-wildcat_strike,managers_drivers,rides_dispatched,matching,2.5983194117647064,1.395476166707647,2.684881008403362,1.3300109080161122,-0.09571310993166136
flash_mob-wildcat_strike,managers_drivers,rides_duration_avg,trip,1187.6232412605045,550.2074754929923,1057.9376172689078,2.7274450126609264,0.5549131781260508
flash_mob-wildcat_strike,managers_drivers,rides_in_progress,matching,3035.720973319328,1090.5016593090731,2895.415091134454,2.3545934567525864,0.16983345258655086
flash_mob-wildcat_strike,managers_drivers,rides_length_avg,trip,6110.203442605042,4470.907063816081,6482.006162773109,1.4169738618646677,-0.3213785762386276
flash_mob-wildcat_strike,managers_drivers,rides_offers_generated,matching,89.55494424369748,43.58504757314974,87.15764029411764,1.5567346672376061,0.08118282694787049
flash_mob-wildcat_strike,managers_drivers,rides_offers_lyft,matching,34.64602231092437,16.363255527415788,32.44525193277311,1.6358462781426102,0.1969134144068734
flash_mob-wildcat_strike,managers_drivers,rides_offers_price_lyft_avg,market,23.629028823529413,20.694335165970003,21.73269331932773,5.482181197065305,3.5424667980873794
flash_mob-wildcat_strike,managers_drivers,rides_offers_price_no_surge_avg,market,23.255364831932773,19.79406967543644,20.993561890756304,5.837404607885879,3.8144851317210517
flash_mob-wildcat_strike,managers_drivers,rides_offers_price_uber_avg,market,23.019931176470593,19.256747123186624,20.55699768907563,6.01933425856029,3.939541544425535
flash_mob-wildcat_strike,managers_drivers,rides_offers_radius_avg,matching,2222.2739585294116,1341.33467417015,1456.5368233193276,1.858136944491898,1.6151447505694223
flash_mob-wildcat_strike,managers_drivers,rides_offers_surge_lyft_avg,market,1.0,1.0,1.0,,
flash_mob-wildcat_strike,managers_drivers,rides_offers_surge_uber_avg,market,1.0,1.0,1.0,,
flash_mob-wildcat_strike,managers_drivers,rides_offers_uber,matching,54.90906172268908,27.221787226456847,54.71264012605042,1.472583513505572,0.010446936730659447
flash_mob-wildcat_strike,managers_drivers,rides_partial_acceptances,matching,6.1212669747899175,3.0710990853208755,6.236043529411765,1.4147658501406977,-0.05323705309351492
flash_mob-wildcat_strike,managers_drivers,rides_waiting_duration_avg,passenger_experience,842.1615313445378,462.97837456847805,781.0463778991596,1.644319421403795,0.2650245190391149
flash_mob-wildcat_strike,managers_drivers,traffic_duration_avg,trip,970.1168325630252,504.34306478485365,767.8532120168065,3.0688291117944817,1.332648014829396
flash_mob-wildcat_strike,managers_drivers,traffic_length_avg,trip,4031.877802352941,3729.824450636833,3925.4961350420167,3.7886557009783584,1.3343454328423632
flash_mob-wildcat_strike,managers_drivers,traffic_speed_avg,trip,4.247424621848739,7.0027790312269484,5.137375546218488,-2.8302156220341033,-0.9141303203762273
flash_mob-wildcat_strike,students,drivers_accept,driver_decisions,2.609539655172414,1.388845971810089,2.651002643678161,1.3497485402939953,-0.045846561651493006
flash_mob-wildcat_strike,students,drivers_acceptance_rate,driver_decisions,1.9619525287356323,2.3970621636993075,2.1320514942528734,-2.151515180105078,-0.8410995230226681
flash_mob-wildcat_strike,students,drivers_busy,supply,3495.7763378160917,1216.8435915084076,3336.0959255555554,2.343466047474171,0.16420213592767546
flash_mob-wildcat_strike,students,drivers_change_provider,driver_decisions,0.8787804597701149,0.42438884025717105,0.8165830651340996,1.6870311473830877,0.23092182498767785
flash_mob-wildcat_strike,students,drivers_change_zone,driver_decisions,1.4910471264367815,0.7684249208704252,1.5053699999999999,1.3892825592084599,-0.027536544387716015
flash_mob-wildcat_strike,students,drivers_demand_pressure,market,0.0,0.0,0.0,,
flash_mob-wildcat_strike,students,drivers_idle,supply,5852.175043716475,5054.974675091494,8081.439222107279,0.2419363218138366,-0.6765425567997099
flash_mob-wildcat_strike,students,drivers_idle_duration_avg,supply,712.1033624137932,253.86036322947575,981.8081114942529,3.8614902454687505,-2.272729227908812
flash_mob-wildcat_strike,students,drivers_occupied_distance_avg,supply,5096.222001340997,2024.101162178536,5776.130771111111,2.7628945303367947,-0.6114721130689637
flash_mob-wildcat_strike,students,drivers_occupied_duration_avg,supply,608.2443420689655,227.70102165677545,680.6506511877395,3.171551352278029,-0.6034538389752084
flash_mob-wildcat_strike,students,drivers_passengers_served,supply,2.632656513409962,0.8831084174085063,2.126309042145594,2.031668515766839,0.5879976765183564
flash_mob-wildcat_strike,students,drivers_pickup,supply,1193.4302883524904,310.5423648837784,739.9104214559387,3.088404653857633,1.5864447007467095
flash_mob-wildcat_strike,students,drivers_pickup_accept,driver_decisions,1.314693601532567,0.3673420722057369,0.8336019157088123,2.6080810306406836,1.3244567206087339
flash_mob-wildcat_strike,students,drivers_pickup_reject,driver_decisions,0.3274585057471265,0.0810258803165183,0.19400375478927204,3.022118703390949,1.6366181150786019
flash_mob-wildcat_strike,students,drivers_reject,driver_decisions,1.3480268582375479,0.6246170672601385,1.2605301149425285,1.5954393595433989,0.19296911629593652
flash_mob-wildcat_strike,students,drivers_removed,supply,0.497503103448276,0.21349081355093966,0.43235586206896554,1.8689138059857684,0.42869475429986503
flash_mob-wildcat_strike,students,drivers_shift_duration_avg,supply,3752.1130741762454,1525.2601963897132,4407.934835785441,2.3832546851458463,-0.7018830482996758
flash_mob-wildcat_strike,students,drivers_starting,supply,0.2730203448275862,0.23866639960435213,0.43780306513409956,0.22068017718701421,-1.0585183063634243
flash_mob-wildcat_strike,students,drivers_total_length_avg,supply,22732.96601003831,9592.561221824926,25560.95453402299,2.1978868008781087,-0.47301424500072653
flash_mob-wildcat_strike,students,drivers_waiting,supply,3.027848429118774,1.551111127596439,3.014195287356322,1.3738560883465072,0.012701955802204089
flash_mob-wildcat_strike,students,passengers_accept,passenger_decisions,10.248895134099616,5.055342079624135,10.091902490421456,1.520843102853329,0.04597260812246655
flash_mob-wildcat_strike,students,passengers_acceptance_rate,passenger_decisions,1.7561697701149424,2.2446584668644904,2.0971416091954023,-4.201493395388116,-2.932700263982551
flash_mob-wildcat_strike,students,passengers_arrivals,demand,1.9447061302681992,1.2651463328387733,2.46095785440613,0.8885811292052316,-0.6750421989703868
flash_mob-wildcat_strike,students,passengers_change_provider,passenger_decisions,3.764776436781609,1.4904286275964393,3.0618199233716474,1.9944050771046984,0.6164316793001557
flash_mob-wildcat_strike,students,passengers_departures,demand,2.0240487739463604,1.2583089910979228,2.4023181226053643,1.0364096955790945,-0.5119781279121255
flash_mob-wildcat_strike,students,passengers_drivers_ratio,demand,0.29453421455938694,0.14034714391691394,0.16487383141762452,2.2045098967485544,1.8538363603458117
flash_mob-wildcat_strike,students,passengers_no_ratings_count,passenger_experience,0.44685781609195396,0.27435668892185955,0.5550569731800766,0.9308033302042058,-0.5838346531127624
flash_mob-wildcat_strike,students,passengers_offers_discarded,passenger_decisions,80.62671777777778,38.88779508902077,78.14809739463601,1.5593364558302538,0.09259949406020519
flash_mob-wildcat_strike,students,passengers_pickup_accept,passenger_decisions,1.4008624521072799,0.39767840999010884,0.9115772796934866,2.5215710161079654,1.2298514106805407
flash_mob-wildcat_strike,students,passengers_pickup_reject,passenger_decisions,0.2414109195402299,0.0506774159248269,0.11603444444444445,3.8598255538909414,2.537211938429485
flash_mob-wildcat_strike,students,passengers_rating_avg,passenger_experience,4.89932785440613,4.889286416913946,4.880614980842912,0.4764584453281974,0.8879113824583292
flash_mob-wildcat_strike,students,passengers_ratings_count,passenger_experience,1.5010531800766282,0.9918816913946589,1.9089655938697319,0.878712152455461,-0.7039624234759978
flash_mob-wildcat_strike,students,passengers_reject,passenger_decisions,5.8656830651341,2.341187791790307,4.830498199233716,1.9592525538507959,0.5754550467303698
flash_mob-wildcat_strike,students,passengers_unassigned,demand,28.466685938697317,11.155308743818003,22.078416590038316,2.1529879154984037,0.7944987018525635
flash_mob-wildcat_strike,students,rides_dispatched,matching,2.609539655172414,1.388845971810089,2.651002643678161,1.3497485402939953,-0.045846561651493006
flash_mob-wildcat_strike,students,rides_duration_avg,trip,1222.9070278544061,542.9395816394658,1055.3604246360153,2.909519844896892,0.716916919659238
flash_mob-wildcat_strike,students,rides_in_progress,matching,3040.4069730268197,1076.5332150420377,2872.9448724137933,2.3771737547197223,0.20270473540825468
flash_mob-wildcat_strike,students,rides_length_avg,trip,6219.031870957855,4462.92819560089,6469.08309605364,1.5179396714970965,-0.216139103747498
flash_mob-wildcat_strike,students,rides_offers_generated,matching,89.3003448275862,43.11986484421365,86.31756088122606,1.563865906747791,0.10100965002067525
flash_mob-wildcat_strike,students,rides_offers_lyft,matching,35.46196681992338,16.15889390949555,32.08462950191571,1.7271379300053076,0.30218646592803905
flash_mob-wildcat_strike,students,rides_offers_price_lyft_avg,market,23.615092528735634,20.72924514836795,21.7315091954023,5.390933464383785,3.5186449892331053
flash_mob-wildcat_strike,students,rides_offers_price_no_surge_avg,market,23.228244750957856,19.837360051928783,20.986597164750957,5.718658788682529,3.7804935312786196
flash_mob-wildcat_strike,students,rides_offers_price_uber_avg,market,22.97633318007663,19.29808727992087,20.547722911877397,5.883472943316538,3.884640448374004
flash_mob-wildcat_strike,students,rides_offers_radius_avg,matching,2224.940443256705,1327.668206617211,1431.8458564367816,1.8925875162660886,1.6728489447697807
flash_mob-wildcat_strike,students,rides_offers_surge_lyft_avg,market,1.0,1.0,1.0,,
flash_mob-wildcat_strike,students,rides_offers_surge_uber_avg,market,1.0,1.0,1.0,,
flash_mob-wildcat_strike,students,rides_offers_uber,matching,53.838844022988496,26.960999052917906,54.23295030651341,1.429532956986097,-0.02096105255021456
flash_mob-wildcat_strike,students,rides_partial_acceptances,matching,6.293026896551724,3.0418739317507417,6.180274712643678,1.5079891844854447,0.05229808492595946
flash_mob-wildcat_strike,students,rides_waiting_duration_avg,passenger_experience,879.3831062835249,456.0256527027695,781.1778212260537,1.8358802881374268,0.4258650591905487
flash_mob-wildcat_strike,students,traffic_duration_avg,trip,1008.3729220689655,493.5455934272997,768.6502223371648,3.3920267799095485,1.5794534827587905
flash_mob-wildcat_strike,students,traffic_length_avg,trip,4034.850300842912,3723.423078103363,3928.0809548659004,3.9062321810651386,1.339208087006185
flash_mob-wildcat_strike,students,traffic_speed_avg,trip,4.169847969348659,7.09330765825915,5.1584184291187745,-3.002888214227439,-1.0154292853216662
flash_mob-wildcat_strike,students_drivers,drivers_accept,driver_decisions,2.581214291497976,1.393146887629374,2.674089109311741,1.3136729271224923,-0.10269378098927322
flash_mob-wildcat_strike,students_drivers,drivers_acceptance_rate,driver_decisions,1.8344346963562752,2.3641331542631834,2.1392996761133602,-2.619234743354067,-1.5074858819997283
flash_mob-wildcat_strike,students_drivers,drivers_busy,supply,3158.4766148583,1107.4286697264663,3353.763614048583,2.10912815612733,-0.20081700649438822
flash_mob-wildcat_strike,students_drivers,drivers_change_provider,driver_decisions,0.8940689473684211,0.42945337851158205,0.8192976923076923,1.7249898602020128,0.2776051115370131
flash_mob-wildcat_strike,students_drivers,drivers_change_zone,driver_decisions,1.5123281376518216,0.76848157959586,1.5180496356275304,1.4300875919311826,-0.010999907405237867
flash_mob-wildcat_strike,students_drivers,drivers_demand_pressure,market,0.0,0.0,0.0,,
flash_mob-wildcat_strike,students_drivers,drivers_idle,supply,6208.48259777328,5171.894299583539,8026.452163765182,0.3145863574195941,-0.5517218597429977
flash_mob-wildcat_strike,students_drivers,drivers_idle_duration_avg,supply,798.3262315789475,288.7184190512568,965.6459885020244,4.294327683332105,-1.4099584944728938
flash_mob-wildcat_strike,students_drivers,drivers_occupied_distance_avg,supply,5344.9750909716595,2155.264696367669,5709.383107368421,2.8686480330677324,-0.3277282919600193
flash_mob-wildcat_strike,students_drivers,drivers_occupied_duration_avg,supply,629.0137335627529,243.15008659931,671.5201082591093,3.2158923982591014,-0.35425966747397736
flash_mob-wildcat_strike,students_drivers,drivers_passengers_served,supply,2.697962348178138,0.9207409290290782,2.123171295546559,2.0638042538435024,0.6674780118620341
flash_mob-wildcat_strike,students_drivers,drivers_pickup,supply,1185.365439716599,314.82060865204534,755.6808794331985,3.045227640093271,1.5030671055690943
flash_mob-wildcat_strike,students_drivers,drivers_pickup_accept,driver_decisions,1.3269633198380568,0.3737128585510104,0.8568153846153846,2.6243209289996514,1.2943283179375233
flash_mob-wildcat_strike,students_drivers,drivers_pickup_reject,driver_decisions,0.33315157894736847,0.08398680137999015,0.20036433198380563,3.055624364658871,1.6284322009683583
flash_mob-wildcat_strike,students_drivers,drivers_reject,driver_decisions,1.4251688259109312,0.6354596673238049,1.2679082995951414,1.7416588632281127,0.3468291921342776
flash_mob-wildcat_strike,students_drivers,drivers_removed,supply,0.5451485829959513,0.22094792015771314,0.43519526315789464,2.1333692809812566,0.7235365678492076
flash_mob-wildcat_strike,students_drivers,drivers_shift_duration_avg,supply,4004.4838320647773,1666.979547481518,4339.383116356275,2.5016776336472333,-0.35842075437559057
flash_mob-wildcat_strike,students_drivers,drivers_starting,supply,0.23463542510121463,0.23770592656481024,0.4402697570850203,-0.0197240463252819,-1.320937683373518
flash_mob-wildcat_strike,students_drivers,drivers_total_length_avg,supply,23839.00029331984,10338.123643785115,25190.075804655866,2.258179947006818,-0.22598322359282777
flash_mob-wildcat_strike,students_drivers,drivers_waiting,supply,3.038421376518218,1.5597999482503697,3.040398016194332,1.3756089519044816,-0.0018389313053152985
flash_mob-wildcat_strike,students_drivers,passengers_accept,passenger_decisions,10.406167449392713,5.080608637259734,10.16580927125506,1.559498729158587,0.07038477774286626
flash_mob-wildcat_strike,students_drivers,passengers_acceptance_rate,passenger_decisions,1.7299288259109311,2.226923570724495,2.100226396761134,-4.27465395160901,-3.1849310098838624
flash_mob-wildcat_strike,students_drivers,passengers_arrivals,demand,1.9473075708502023,1.2693079546574666,2.461241538461538,0.8865410620760296,-0.6720115389469196
flash_mob-wildcat_strike,students_drivers,passengers_change_provider,passenger_decisions,3.863825668016194,1.5047621858058158,3.0830971255060735,2.0686933489817907,0.6846309798062918
flash_mob-wildcat_strike,students_drivers,passengers_departures,demand,1.9702295546558706,1.2646012148841794,2.419804372469635,0.9550503567861643,-0.608488301779424
flash_mob-wildcat_strike,students_drivers,passengers_drivers_ratio,demand,0.2927084615384615,0.134531557417447,0.16753526315789474,2.2615550650183285,1.7896802467795014
flash_mob-wildcat_strike,students_drivers,passengers_no_ratings_count,passenger_experience,0.47246987854251005,0.2728457787087235,0.5510453846153845,1.077156885653779,-0.4239876221388076
flash_mob-wildcat_strike,students_drivers,passengers_offers_discarded,passenger_decisions,81.92008097165993,39.11114543371119,78.73092477732794,1.5993113745983631,0.11914460644424538
flash_mob-wildcat_strike,students_drivers,passengers_pickup_accept,passenger_decisions,1.4148719028340082,0.4068410941350418,0.93749,2.5337536920890376,1.199931736613596
flash_mob-wildcat_strike,students_drivers,passengers_pickup_reject,passenger_decisions,0.24552611336032387,0.05084988910793494,0.1197367206477733,3.939613391780071,2.5455680475483926
flash_mob-wildcat_strike,students_drivers,passengers_rating_avg,passenger_experience,4.895047449392712,4.8858170083785115,4.881613238866397,0.4379772894810096,0.6374429026284649
flash_mob-wildcat_strike,students_drivers,passengers_ratings_count,passenger_experience,1.4788120647773277,0.997050330211927,1.9139744939271257,0.8314092602601584,-0.7509896435399267
flash_mob-wildcat_strike,students_drivers,passengers_reject,passenger_decisions,6.059831295546559,2.363523385904386,4.859446801619435,2.0547624979262986,0.667288846467465
flash_mob-wildcat_strike,students_drivers,passengers_unassigned,demand,29.945863643724696,11.20027434696895,22.302044817813766,2.3313585493792774,0.9506493547673033
flash_mob-wildcat_strike,students_drivers,rides_dispatched,matching,2.581214291497976,1.393146887629374,2.674089109311741,1.3136729271224923,-0.10269378098927322
flash_mob-wildcat_strike,students_drivers,rides_duration_avg,trip,1249.878694534413,547.0953234696894,1057.3069979352226,3.0071471452914116,0.8239970544761893
flash_mob-wildcat_strike,students_drivers,rides_in_progress,matching,3051.231923076923,1084.8912001232134,2889.6428273279353,2.380159895938884,0.1955957484036826
flash_mob-wildcat_strike,students_drivers,rides_length_avg,trip,6168.726967449393,4468.467747207985,6480.397851457489,1.469668880288934,-0.26940186159014357
flash_mob-wildcat_strike,students_drivers,rides_offers_generated,matching,90.85960190283403,43.35964588960079,86.94192336032388,1.6085489325329934,0.13266912575258946
flash_mob-wildcat_strike,students_drivers,rides_offers_lyft,matching,36.59013510121458,16.392549682109415,32.35524951417004,1.8071742273228302,0.3789153965566875
flash_mob-wildcat_strike,students_drivers,rides_offers_price_lyft_avg,market,23.901034453441294,20.6858936939379,21.736874048582997,6.006072958336011,4.042779541362473
flash_mob-wildcat_strike,students_drivers,rides_offers_price_no_surge_avg,market,23.49128218623482,19.804500308033514,20.99411951417004,6.217683425145153,4.2114145802309855
flash_mob-wildcat_strike,students_drivers,rides_offers_price_uber_avg,market,23.21760647773279,19.25571549531789,20.555701174089066,6.337172400143442,4.257803381496451
flash_mob-wildcat_strike,students_drivers,rides_offers_radius_avg,matching,2265.476833765182,1330.5252903006406,1449.8024691497974,1.9720632682248516,1.7204757450102548
flash_mob-wildcat_strike,students_drivers,rides_offers_surge_lyft_avg,market,1.0,1.0,1.0,,
flash_mob-wildcat_strike,students_drivers,rides_offers_surge_uber_avg,market,1.0,1.0,1.0,,
flash_mob-wildcat_strike,students_drivers,rides_offers_uber,matching,54.26911599190283,26.96711730162642,54.58686919028341,1.4520921213289848,-0.016900114937733655
flash_mob-wildcat_strike,students_drivers,rides_partial_acceptances,matching,6.399561133603238,3.0520713159191724,6.2239880161943315,1.5526733115590992,0.08143645193120945
flash_mob-wildcat_strike,students_drivers,rides_waiting_duration_avg,passenger_experience,865.3942936842105,455.92843790290783,781.7706918623481,1.7756396797460035,0.3626319104796999
flash_mob-wildcat_strike,students_drivers,traffic_duration_avg,trip,999.9782123886638,502.5527082651552,767.796475708502,3.277371920889893,1.529768574451851
flash_mob-wildcat_strike,students_drivers,traffic_length_avg,trip,4055.7019938056683,3727.489853896008,3926.102672105264,4.116765425492635,1.6255645110822974
flash_mob-wildcat_strike,students_drivers,traffic_speed_avg,trip,4.1215895951417005,7.033843447511089,5.142577773279353,-2.991377922292346,-1.0487277723120236
long_rides,bank_tellers,drivers_accept,driver_decisions,2.3116429383886254,1.37139397922999,2.372954502369668,1.0396544828852232,-0.06779357926929724
long_rides,bank_tellers,drivers_acceptance_rate,driver_decisions,1.8788338862559242,2.4024008789260387,2.0828510426540285,-2.588916084622574,-1.0088170284462636
long_rides,bank_tellers,drivers_busy,supply,3159.1483598104264,1074.0237869072948,3054.006019052133,2.1441697431701408,0.10811969160486733
long_rides,bank_tellers,drivers_change_provider,driver_decisions,0.7955924170616114,0.4155685385005066,0.7515633175355451,1.4109241727853854,0.16346794065287115
long_rides,bank_tellers,drivers_change_zone,driver_decisions,1.4034122274881513,0.7581872922998987,1.3854340284360191,1.2404818760321565,0.03456411690190128
long_rides,bank_tellers,drivers_demand_pressure,market,0.0,0.0,0.0,,
long_rides,bank_tellers,drivers_idle,supply,8372.11838701422,5416.886785949848,8768.206116777252,0.8968609295837762,-0.12020567504220553
long_rides,bank_tellers,drivers_idle_duration_avg,supply,1076.6088642180093,249.085884295846,1320.369405971564,6.97331311238508,-2.0541043854178382
long_rides,bank_tellers,drivers_occupied_distance_avg,supply,6571.963973270143,2013.8519256838904,6780.67241379147,4.0993123331605785,-0.18770075753553497
long_rides,bank_tellers,drivers_occupied_duration_avg,supply,772.971416492891,219.92090323708203,817.3147008056873,4.609273134250845,-0.3695689709501814
long_rides,bank_tellers,drivers_passengers_served,supply,2.1566269194312797,0.8701278774062816,2.1571485781990525,1.4939512695992858,-0.0006057779702540857
long_rides,bank_tellers,drivers_pickup,supply,770.8232716113744,314.65405637538,574.6314627488152,1.5957123093793864,0.6862928798021413
long_rides,bank_tellers,drivers_pickup_accept,driver_decisions,1.0154103791469193,0.38039565096251265,0.6210505687203792,1.7482104746609148,1.0856818287414005
long_rides,bank_tellers,drivers_pickup_reject,driver_decisions,0.2615722748815166,0.0863944731509625,0.14849938388625591,2.148287427866942,1.3866658204292295
long_rides,bank_tellers,drivers_reject,driver_decisions,1.250229194312796,0.6206471631205676,1.1613586729857819,1.3885075446217297,0.19599890600967454
long_rides,bank_tellers,drivers_removed,supply,0.4448818957345972,0.2136802077001013,0.40992028436018957,1.5213990454112971,0.23006130544829037
long_rides,bank_tellers,drivers_shift_duration_avg,supply,5188.96522563981,1543.505903411854,5483.753992890995,3.901496185883737,-0.31549309686686045
long_rides,bank_tellers,drivers_starting,supply,0.4012555924170616,0.2377283004052685,0.3897781042654028,1.0504537846112885,0.0737281876218662
long_rides,bank_tellers,drivers_total_length_avg,supply,30291.65353009479,9773.182725889059,30603.473001469192,3.431954866049312,-0.05215546335416719
long_rides,bank_tellers,drivers_waiting,supply,2.6960821800947867,1.5386905977710232,2.706863886255925,1.0767585205149983,-0.0100305671407994
long_rides,bank_tellers,passengers_accept,passenger_decisions,9.198799431279621,4.995331765450861,9.198190616113742,1.2309135461962253,0.00017828109893713447
long_rides,bank_tellers,passengers_acceptance_rate,passenger_decisions,1.0714993838862559,2.2719340856129686,2.038953127962085,-10.324944066178443,-8.321073840859272
long_rides,bank_tellers,passengers_arrivals,demand,2.0640051184834123,1.23341265704154,2.4528831279620853,1.0860689376993642,-0.5084904405657227
long_rides,bank_tellers,passengers_change_provider,passenger_decisions,4.11621682464455,1.4615974746707192,2.848151516587677,2.3278701208259793,1.1119829070449154
long_rides,bank_tellers,passengers_departures,demand,1.882054123222749,1.2338255395136777,2.2589095260663505,0.8773612187269121,-0.5100643875202455
long_rides,bank_tellers,passengers_drivers_ratio,demand,0.1822427962085308,0.13257059523809522,0.13502483412322275,0.7101948183873483,0.6751050155348489
long_rides,bank_tellers,passengers_no_ratings_count,passenger_experience,0.6385545023696682,0.26605532674772037,0.5924879620853081,2.009978014957226,0.24857164594285763
long_rides,bank_tellers,passengers_offers_discarded,passenger_decisions,75.49169028436019,38.35845238348531,71.33972360189573,1.3872713489428168,0.15511452127400932
long_rides,bank_tellers,passengers_pickup_accept,passenger_decisions,1.0081125592417062,0.4131215501519757,0.6758055924170616,1.4955501885767237,0.835276061835426
long_rides,bank_tellers,passengers_pickup_reject,passenger_decisions,0.2691471090047393,0.05365245440729483,0.09314388625592417,4.3609106883461415,3.5617325947247727
long_rides,bank_tellers,passengers_rating_avg,passenger_experience,4.867730189573459,4.888473946301924,4.8664305687203795,-0.9842752184439675,0.06166600465883204
long_rides,bank_tellers,passengers_ratings_count,passenger_experience,1.4263190047393364,0.9678668870314083,1.8626933175355451,0.7911822560837023,-0.7530810742487037
long_rides,bank_tellers,passengers_reject,passenger_decisions,8.648396445497632,2.2982906813576496,4.531169241706161,3.5299979062847027,2.288749817547437
long_rides,bank_tellers,passengers_unassigned,demand,25.286350900473938,11.14839497213779,19.537164454976303,1.7583146575167063,0.715016997305391
long_rides,bank_tellers,rides_dispatched,matching,2.3116429383886254,1.37139397922999,2.372954502369668,1.0396544828852232,-0.06779357926929724
long_rides,bank_tellers,rides_duration_avg,trip,1338.59199985782,537.7536892021276,1050.347013127962,3.4267154558306596,1.2333745001337324
long_rides,bank_tellers,rides_in_progress,matching,3062.117109052133,1051.8685608865248,2612.3376382938386,2.433308184771691,0.5444361934931611
long_rides,bank_tellers,rides_length_avg,trip,8995.61522900474,4469.038478482776,6472.765711279621,3.91267925812923,2.1806989085617854
long_rides,bank_tellers,rides_offers_generated,matching,83.41283568720378,42.54203139817629,78.63925800947868,1.3840578840233975,0.16165348186277975
long_rides,bank_tellers,rides_offers_lyft,matching,31.17046573459716,16.08670420212766,29.307835687203788,1.3496160321608424,0.1666583874675616
long_rides,bank_tellers,rides_offers_price_lyft_avg,market,28.34400649289099,20.743184490881458,21.442939052132697,14.198784719598411,12.891601842649502
long_rides,bank_tellers,rides_offers_price_no_surge_avg,market,27.442167251184838,19.875053196555218,20.700431374407582,12.761785532212738,11.369801849572715
long_rides,bank_tellers,rides_offers_price_uber_avg,market,26.903993886255925,19.34501628419453,20.25988710900474,12.090828456841535,10.627463067330021
long_rides,bank_tellers,rides_offers_radius_avg,matching,2317.010440947867,1386.9525731610943,1248.3783227962083,1.9617411952594743,2.254031411770305
long_rides,bank_tellers,rides_offers_surge_lyft_avg,market,1.0,1.0,1.0,,
long_rides,bank_tellers,rides_offers_surge_uber_avg,market,1.0,1.0,1.0,,
long_rides,bank_tellers,rides_offers_uber,matching,52.24210123222749,26.45530611195542,49.33235398104266,1.3715040592177499,0.1547586719359479
long_rides,bank_tellers,rides_partial_acceptances,matching,5.6385937440758305,3.0032205268490375,5.6648260189573465,1.2223707563706983,-0.012167371770585668
long_rides,bank_tellers,rides_waiting_duration_avg,passenger_experience,842.3218990521326,452.49606655775074,777.0620620379148,1.6904711506317756,0.2829978481968788
long_rides,bank_tellers,traffic_duration_avg,trip,745.8397161611375,490.0207239589666,740.4434015639811,1.6855066234512392,0.035554529855022284
long_rides,bank_tellers,traffic_length_avg,trip,3930.029123601895,3727.534536793313,3914.944923127962,2.5398899445110157,0.18920115203350157
long_rides,bank_tellers,traffic_speed_avg,trip,5.326829999999999,6.990901757852076,5.412274454976304,-1.709283520562248,-0.08776592603370344
long_rides,bank_tellers_drivers,drivers_accept,driver_decisions,2.2145095569620254,1.350531540062435,2.2580962025316453,0.9553199816224386,-0.048194737169328025
long_rides,bank_tellers_drivers,drivers_acceptance_rate,driver_decisions,1.6700138291139242,2.4843152003121745,2.102016962025316,-4.02652945494916,-2.1361542554427846
long_rides,bank_tellers_drivers,drivers_busy,supply,3295.447430506329,1185.599352562435,2769.812813892405,2.169593351976261,0.5405191879433922
long_rides,bank_tellers_drivers,drivers_change_provider,driver_decisions,0.8490245569620254,0.41460851196670134,0.7198623734177214,1.6128673315226227,0.479543674103886
long_rides,bank_tellers_drivers,drivers_change_zone,driver_decisions,1.4809753164556962,0.7495750806451613,1.325674841772152,1.406158824881591,0.2985740532918494
long_rides,bank_tellers_drivers,drivers_demand_pressure,market,0.0,0.0,0.0,,
long_rides,bank_tellers_drivers,drivers_idle,supply,7779.829747120251,5049.254854206556,9158.883296550632,0.8286815611590888,-0.41851855125076415
long_rides,bank_tellers_drivers,drivers_idle_duration_avg,supply,1293.596857658228,243.09648349115506,1382.0211026265824,8.852283515357742,-0.7451272796660888
long_rides,bank_tellers_drivers,drivers_occupied_distance_avg,supply,6634.657477246836,1877.8426113215398,6762.486774873417,4.278014590882029,-0.11496255704758049
long_rides,bank_tellers_drivers,drivers_occupied_duration_avg,supply,796.5316955696202,205.85179960197712,818.8606664240506,4.922886626391074,-0.1860957055602464
long_rides,bank_tellers_drivers,drivers_passengers_served,supply,2.2057808860759494,0.8446793730489074,2.07488917721519,1.5805836359112861,0.15199843003750335
long_rides,bank_tellers_drivers,drivers_pickup,supply,751.5981689240506,314.1085078095733,508.7263582278481,1.5303699025490551,0.8495828411583927
long_rides,bank_tellers_drivers,drivers_pickup_accept,driver_decisions,0.9568877531645568,0.3810035848074922,0.5434441455696203,1.585422653411036,1.138219970969192
long_rides,bank_tellers_drivers,drivers_pickup_reject,driver_decisions,0.29509531645569625,0.08449588709677419,0.13226781645569619,2.5826794373388524,1.9968298934304607
long_rides,bank_tellers_drivers,drivers_reject,driver_decisions,1.3558227531645568,0.6087403928199792,1.0968931012658227,1.6476478717600676,0.5710546956158242
long_rides,bank_tellers_drivers,drivers_removed,supply,0.5397889556962026,0.21233484391259105,0.3835229113924051,2.1547782687869463,1.028292711247528
long_rides,bank_tellers_drivers,drivers_shift_duration_avg,supply,5206.874617025316,1408.2322847788762,5654.445191012658,4.065437921753676,-0.479005451158952
long_rides,bank_tellers_drivers,drivers_starting,supply,0.34258449367088606,0.23196407127991672,0.37279490506329116,0.7105947877343491,-0.19406326975393998
long_rides,bank_tellers_drivers,drivers_total_length_avg,supply,28832.72216712025,8838.953953290844,31152.90369398734,3.3441922045208705,-0.388077569582675
long_rides,bank_tellers_drivers,drivers_waiting,supply,2.619604430379747,1.508577375130073,2.5689713607594937,1.0336241135095146,0.047105569079718766
long_rides,bank_tellers_drivers,passengers_accept,passenger_decisions,9.572711139240507,4.936586417793965,8.687046234177217,1.3576097582181872,0.25935180562833177
long_rides,bank_tellers_drivers,passengers_acceptance_rate,passenger_decisions,1.2581473734177215,2.300131553069719,2.0369335126582278,-8.962110439888743,-6.698342954937215
long_rides,bank_tellers_drivers,passengers_arrivals,demand,1.9725584810126582,1.1996443938605619,2.3417774683544303,1.0106496513451655,-0.4827846290160155
long_rides,bank_tellers_drivers,passengers_change_provider,passenger_decisions,4.140437784810126,1.429565959937565,2.673776265822785,2.3771986452867675,1.2861344988875836
long_rides,bank_tellers_drivers,passengers_departures,demand,1.7553852531645573,1.2103078017689906,2.1393403481012654,0.7377487341280308,-0.5196736436745366
long_rides,bank_tellers_drivers,passengers_drivers_ratio,demand,0.20749303797468352,0.13987576742976068,0.12244946202531645,0.9667668079190126,1.2159216985838708
long_rides,bank_tellers_drivers,passengers_no_ratings_count,passenger_experience,0.5926690189873418,0.25432273933402705,0.5662866455696202,1.8256915130355582,0.1423573366665137
long_rides,bank_tellers_drivers,passengers_offers_discarded,passenger_decisions,78.05137129746834,37.87806627471384,67.38914572784812,1.5008460937120383,0.3983331614707141
long_rides,bank_tellers_drivers,passengers_pickup_accept,passenger_decisions,1.011877563291139,0.41296744276795005,0.590886170886076,1.5054011405303154,1.0581903704121645
long_rides,bank_tellers_drivers,passengers_pickup_reject,passenger_decisions,0.2403693987341772,0.05250658688865765,0.08431974683544305,3.801732092382034,3.1579372404811132
long_rides,bank_tellers_drivers,passengers_rating_avg,passenger_experience,4.793041677215189,4.887216852237253,4.867985443037974,-4.4685392419610555,-3.5560237444846403
long_rides,bank_tellers_drivers,passengers_ratings_count,passenger_experience,1.3812553797468357,0.9457709911550468,1.7771094303797466,0.7515452710260758,-0.6831524793155133
long_rides,bank_tellers_drivers,passengers_reject,passenger_decisions,8.277346993670884,2.2554468730489075,4.285616993670887,3.3475497270761014,2.218986433584574
long_rides,bank_tellers_drivers,passengers_unassigned,demand,26.718248797468352,11.039290829864724,18.38809607594937,1.9499665827767412,1.0360075886389661
long_rides,bank_tellers_drivers,rides_dispatched,matching,2.2145095569620254,1.350531540062435,2.2580962025316453,0.9553199816224386,-0.048194737169328025
long_rides,bank_tellers_drivers,rides_duration_avg,trip,1274.6562775,522.373673855359,989.1451569303798,3.2189499312925984,1.221676531516586
long_rides,bank_tellers_drivers,rides_in_progress,matching,2735.9044727215187,1011.3001300832465,2364.770184778481,2.087549754115676,0.44924002125273976
long_rides,bank_tellers_drivers,rides_length_avg,trip,8479.379773734177,4380.989705642561,6434.357703924051,3.5425635518708085,1.7676747520165048
long_rides,bank_tellers_drivers,rides_offers_generated,matching,86.45074889240506,42.02590572840791,74.36921974683544,1.504412636287179,0.40913155382834715
long_rides,bank_tellers_drivers,rides_offers_lyft,matching,32.80165075949367,15.892245452653485,27.840374430379747,1.5129650815078137,0.44390903816257876
long_rides,bank_tellers_drivers,rides_offers_price_lyft_avg,market,26.442810189873416,20.70338413111342,21.35916933544304,10.721587086349473,9.496541566784309
long_rides,bank_tellers_drivers,rides_offers_price_no_surge_avg,market,25.65977022151899,19.814493686264306,20.588483132911392,9.857941215218938,8.552623593335996
long_rides,bank_tellers_drivers,rides_offers_price_uber_avg,market,25.180995348101263,19.25636007284079,20.12719844936709,9.476645196433894,8.083711128029922
long_rides,bank_tellers_drivers,rides_offers_radius_avg,matching,2368.702979841772,1373.5185553694068,1232.031997721519,2.09911054998528,2.397543602730499
long_rides,bank_tellers_drivers,rides_offers_surge_lyft_avg,market,1.0,1.0,1.0,,
long_rides,bank_tellers_drivers,rides_offers_surge_uber_avg,market,1.0,1.0,1.0,,
long_rides,bank_tellers_drivers,rides_offers_uber,matching,53.64915588607596,26.133631149843914,46.52861810126583,1.4634487803248384,0.37871501402681573
long_rides,bank_tellers_drivers,rides_partial_acceptances,matching,6.003201170886077,2.9772810223725283,5.332742310126583,1.403518968955786,0.3109803573113762
long_rides,bank_tellers_drivers,rides_waiting_duration_avg,passenger_experience,977.6439275949367,513.6123692247659,756.9846914240507,2.0122626491634152,0.9568839255225662
long_rides,bank_tellers_drivers,traffic_duration_avg,trip,742.7650502531646,485.26541277575444,713.7994413924051,1.6965798386128765,0.1908448046285977
long_rides,bank_tellers_drivers,traffic_length_avg,trip,3927.8165700316454,3722.445123930801,3899.493790981013,2.5759743954751126,0.35525266549130274
long_rides,bank_tellers_drivers,traffic_speed_avg,trip,5.312180791139241,7.052258813735692,5.510348164556961,-1.787354826786892,-0.20355145389476945
long_rides,baseline,drivers_accept,driver_decisions,2.2560767692307695,1.3681898857578065,2.3068593076923074,0.9817565546934198,-0.056151398254216583
long_rides,baseline,drivers_acceptance_rate,driver_decisions,1.903475769230769,2.336820099009901,2.0853663076923077,-2.1427861596539906,-0.8994060879625373
long_rides,baseline,drivers_busy,supply,3188.110049230769,1087.2468124676313,2953.0414702307694,2.160354084041231,0.24172509461151265
long_rides,baseline,drivers_change_provider,driver_decisions,0.7849097692307692,0.4246479918761107,0.7484736923076923,1.337552924634401,0.13527713544445275
long_rides,baseline,drivers_change_zone,driver_decisions,1.3892953846153848,0.7639937496826605,1.3306019999999998,1.2021781907126812,0.11284139202885422
long_rides,baseline,drivers_demand_pressure,market,0.0,0.0,0.0,,
long_rides,baseline,drivers_idle,supply,8271.414664846154,5327.371611609547,8931.804716307692,0.8934654016657994,-0.20041679143805674
long_rides,baseline,drivers_idle_duration_avg,supply,1225.4427560769232,275.82820217567917,1384.8045760769232,8.002145899385312,-1.3428991048974595
long_rides,baseline,drivers_occupied_distance_avg,supply,6534.720306692308,1988.4445344122876,7071.688981923077,4.088667445796037,-0.4829197461392014
long_rides,baseline,drivers_occupied_duration_avg,supply,790.6271157692307,220.28115185072352,857.5156850769231,4.75341811590004,-0.5574674972877512
long_rides,baseline,drivers_passengers_served,supply,2.0588078461538464,0.8605991774562072,2.1806666153846157,1.3914237814185058,-0.14150889900202254
long_rides,baseline,drivers_pickup,supply,823.1303546153846,320.6857637877634,527.3508955384616,1.7575868594068622,1.0346575523875479
long_rides,baseline,drivers_pickup_accept,driver_decisions,1.0291152307692306,0.38781969027672,0.5523721538461538,1.7655016985948861,1.312484898077775
long_rides,baseline,drivers_pickup_reject,driver_decisions,0.28023084615384614,0.08722727341964966,0.1286413846153846,2.3668932064578994,1.8590125643950004
long_rides,baseline,drivers_reject,driver_decisions,1.1977051538461536,0.6243630972328003,1.1293334615384616,1.2644734630514132,0.15078989854270433
long_rides,baseline,drivers_removed,supply,0.42621784615384617,0.21227210967250573,0.39273,1.4078480223032077,0.22036334424920062
long_rides,baseline,drivers_shift_duration_avg,supply,5222.276755923078,1538.836215343996,5801.142417615384,3.9421449945615885,-0.619521978330931
long_rides,baseline,drivers_starting,supply,0.37650038461538465,0.234484978420919,0.3899611538461538,0.9122674207760219,-0.0864682329676255
long_rides,baseline,drivers_total_length_avg,supply,29368.675363846152,9475.961559898453,32353.564964076926,3.327289669383692,-0.4992577900119265
long_rides,baseline,drivers_waiting,supply,2.5983335384615387,1.5309191698400608,2.612563538461539,0.9930498319554912,-0.013238625527382385
long_rides,baseline,passengers_accept,passenger_decisions,9.143768846153845,5.027130058390454,8.884486692307693,1.2054871956903008,0.07592634006695471
long_rides,baseline,passengers_acceptance_rate,passenger_decisions,1.8028478461538462,2.2803366539730896,2.037603153846154,-4.106883303080549,-2.0191314177065416
long_rides,baseline,passengers_arrivals,demand,2.0175512307692305,1.2316260294490988,2.470820769230769,1.0276627686063462,-0.5926877367437507
long_rides,baseline,passengers_change_provider,passenger_decisions,3.0784999230769228,1.4685035110434121,2.7141279230769233,1.4118267247041607,0.31952253029194716
long_rides,baseline,passengers_departures,demand,1.922589923076923,1.2298798527545063,2.226191923076923,0.9375658013180815,-0.410917733994087
long_rides,baseline,passengers_drivers_ratio,demand,0.1830536923076923,0.13738719471947194,0.1265216153846154,0.6529227480851056,0.8082747959435177
long_rides,baseline,passengers_no_ratings_count,passenger_experience,0.47338407692307694,0.26356990860624524,0.5940510769230768,1.13214174189576,-0.6511102117900979
long_rides,baseline,passengers_offers_discarded,passenger_decisions,71.34917953846154,38.602135488702714,68.84505153846155,1.2234062672926358,0.0935524404782278
long_rides,baseline,passengers_pickup_accept,passenger_decisions,1.136794846153846,0.4229291698400609,0.5991795384615384,1.794349713725714,1.3513324781681
long_rides,baseline,passengers_pickup_reject,passenger_decisions,0.17334615384615387,0.05211110434120335,0.08144884615384615,2.453402958769178,1.8597025160287726
long_rides,baseline,passengers_rating_avg,passenger_experience,4.860906692307692,4.888613033764916,4.866336923076924,-1.3146444806051132,-0.25766025154221023
long_rides,baseline,passengers_ratings_count,passenger_experience,1.5466156153846153,0.9685312160446814,1.878013,0.9976398878103634,-0.5719151909061063
long_rides,baseline,passengers_reject,passenger_decisions,5.090333384615384,2.2995311373445033,4.379910384615385,1.5513955917638296,0.39492124945987184
long_rides,baseline,passengers_unassigned,demand,25.123436153846153,11.271248657019548,18.67242315384615,1.7227741009945499,0.8023020280461249
long_rides,baseline,rides_dispatched,matching,2.2560767692307695,1.3681898857578065,2.3068593076923074,0.9817565546934198,-0.056151398254216583
long_rides,baseline,rides_duration_avg,trip,1319.1101117692306,544.092162505712,1028.410530923077,3.3162324403699577,1.2438774886698514
long_rides,baseline,rides_in_progress,matching,3140.524576769231,1065.586230390962,2528.055961538462,2.51161204207617,0.7413634974226272
long_rides,baseline,rides_length_avg,trip,8872.775837923078,4456.585712124905,6432.716002307692,3.8172633443524746,2.1091372208160717
long_rides,baseline,rides_offers_generated,matching,79.06448715384614,42.83429638233054,75.8356286153846,1.2269071296561238,0.10934277399952513
long_rides,baseline,rides_offers_lyft,matching,29.354936076923078,16.207287298806804,28.143666769230766,1.1763827966896103,0.10837803775980735
long_rides,baseline,rides_offers_price_lyft_avg,market,28.08117130769231,20.69008079969535,21.44676646153846,13.806993893340804,12.39346035577387
long_rides,baseline,rides_offers_price_no_surge_avg,market,27.32384576923077,19.805390284336124,20.704381769230768,12.679723833819008,11.163592790638576
long_rides,baseline,rides_offers_price_uber_avg,market,26.875096307692306,19.267514117796395,20.26625723076923,12.168573062614986,10.571051243247068
long_rides,baseline,rides_offers_radius_avg,matching,2372.262612846154,1399.9453594008635,1157.988602,2.050877560429902,2.561229179296587
long_rides,baseline,rides_offers_surge_lyft_avg,market,1.0,1.0,1.0,,
long_rides,baseline,rides_offers_surge_uber_avg,market,1.0,1.0,1.0,,
long_rides,baseline,rides_offers_uber,matching,49.71007684615385,26.62695822543793,47.69217946153846,1.227705526803855,0.1073244829835095
long_rides,baseline,rides_partial_acceptances,matching,5.695256461538461,3.034477479055598,5.449884076923077,1.2341547664263663,0.1138115942797706
long_rides,baseline,rides_waiting_duration_avg,passenger_experience,875.0892032307692,456.3455374917492,784.6539658461538,1.815872698615504,0.39217041831477834
long_rides,baseline,traffic_duration_avg,trip,809.1654103076922,499.66919792079204,737.7671303846153,2.03916805167824,0.4704196223956145
long_rides,baseline,traffic_length_avg,trip,3962.738414923077,3728.302868690023,3914.3708093846153,2.9405254525453053,0.6066749579994573
long_rides,baseline,traffic_speed_avg,trip,5.084839307692307,6.9235844427519675,5.473007538461538,-1.8887026614334657,-0.39871451271792474
long_rides,drivers,drivers_accept,driver_decisions,2.190305112540193,1.3540040005198857,2.256436463022508,0.9247170036027842,-0.07312292592136005
long_rides,drivers,drivers_acceptance_rate,driver_decisions,1.6134161414790997,2.399310103977125,2.100576848874598,-3.886061475996946,-2.408895535488763
long_rides,drivers,drivers_busy,supply,2881.1385876205786,1038.738112791786,2773.168516527331,1.8945723455889276,0.11102749572594739
long_rides,drivers,drivers_change_provider,driver_decisions,0.8596730546623795,0.4108430829217572,0.7193510289389067,1.6663822783904392,0.5209770996946085
long_rides,drivers,drivers_change_zone,driver_decisions,1.473665852090032,0.7526848895243047,1.3246407073954984,1.3861271755811195,0.2865093721350099
long_rides,drivers,drivers_demand_pressure,market,0.0,0.0,0.0,,
long_rides,drivers,drivers_idle,supply,8117.7183827652725,5230.242680943592,9155.538850610932,0.8762982032114343,-0.31496029928682845
long_rides,drivers,drivers_idle_duration_avg,supply,1223.588773118971,249.59218688328573,1383.623045273312,8.20760671426244,-1.3485656779583781
long_rides,drivers,drivers_occupied_distance_avg,supply,6587.602655273312,1943.1653762048352,6773.55945948553,4.1769484426689925,-0.16723920188533903
long_rides,drivers,drivers_occupied_duration_avg,supply,785.8578265594856,211.6124453496231,820.2114466237942,4.785916918323108,-0.28631239684509135
long_rides,drivers,drivers_passengers_served,supply,2.248590450160772,0.8503578060826618,2.0771328295819935,1.6237022847118991,0.19910572925336173
long_rides,drivers,drivers_pickup,supply,779.1483429581994,310.27765890564075,508.1654037942122,1.640142949284152,0.9479175648275093
long_rides,drivers,drivers_pickup_accept,driver_decisions,0.9728780064308682,0.37349925136469975,0.5422561736334405,1.6501038029335349,1.1855120287785321
long_rides,drivers,drivers_pickup_reject,driver_decisions,0.28159739549839224,0.08276933974525605,0.13202562700964632,2.438321569639775,1.8342686495314855
long_rides,drivers,drivers_reject,driver_decisions,1.3735741157556272,0.6081639537301794,1.0967520900321541,1.6880688012806067,0.6105153136385406
long_rides,drivers,drivers_removed,supply,0.5381509324758842,0.210838780868209,0.3839171382636656,2.1538441143783347,1.0149196975137191
long_rides,drivers,drivers_shift_duration_avg,supply,5262.030492282957,1474.4817323030934,5662.350962315112,4.053565198439507,-0.42843676171020845
long_rides,drivers,drivers_starting,supply,0.33401938906752415,0.23444811021575254,0.3726147909967846,0.6396181666170216,-0.24792611390067912
long_rides,drivers,drivers_total_length_avg,supply,29615.381154083603,9246.198911476475,31200.57913434084,3.4069846033863262,-0.26514295211903605
long_rides,drivers,drivers_waiting,supply,2.5947051125401925,1.5147673121913179,2.5674971704180063,1.0047007822686846,0.025312421442467106
long_rides,drivers,passengers_accept,passenger_decisions,9.76729887459807,4.927157936054067,8.684040514469453,1.4173524148134682,0.3172136663146498
long_rides,drivers,passengers_acceptance_rate,passenger_decisions,1.8328475241157556,2.248695261242527,2.037146816720257,-3.5767081872132174,-1.7571791000936228
long_rides,drivers,passengers_arrivals,demand,2.0776847266881027,1.2100211931375098,2.346173697749196,1.1345424572333629,-0.35107172906206785
long_rides,drivers,passengers_change_provider,passenger_decisions,3.247958231511254,1.4380499350142966,2.6722292604501607,1.5871320477234705,0.5048641981157168
long_rides,drivers,passengers_departures,demand,1.8283760450160773,1.2197097010657656,2.1402782958199356,0.8238147140484177,-0.42215191641681166
long_rides,drivers,passengers_drivers_ratio,demand,0.20010842443729904,0.13303019495710944,0.12237932475884244,0.9590597974867711,1.1113420132602896
long_rides,drivers,passengers_no_ratings_count,passenger_experience,0.5209379421221864,0.2580105978684689,0.5675077813504823,1.4187365129028329,-0.25128740983837017
long_rides,drivers,passengers_offers_discarded,passenger_decisions,76.06330633440514,37.85106022095139,67.36513414790996,1.4275823280871753,0.32495752443424186
long_rides,drivers,passengers_pickup_accept,passenger_decisions,1.0877810610932475,0.4049542084741357,0.5898768167202572,1.7163315287101355,1.2515160316529719
long_rides,drivers,passengers_pickup_reject,passenger_decisions,0.1670203215434084,0.051275451000779834,0.08406228295819937,2.3422995990944413,1.6788007935801479
long_rides,drivers,passengers_rating_avg,passenger_experience,4.783926205787782,4.886470046789706,4.867722379421222,-4.865625972355919,-3.9760636507390155
long_rides,drivers,passengers_ratings_count,passenger_experience,1.5582046302250805,0.9527324356641539,1.7802783922829584,1.0449048840338255,-0.38324791902015615
long_rides,drivers,passengers_reject,passenger_decisions,5.371623794212218,2.2618217676111256,4.283338617363344,1.7287262686007432,0.6049732931082119
long_rides,drivers,passengers_unassigned,demand,26.851666655948552,10.94212931894983,18.37662922829582,1.978643365119496,1.0540266646451648
long_rides,drivers,rides_dispatched,matching,2.190305112540193,1.3540040005198857,2.256436463022508,0.9247170036027842,-0.07312292592136005
long_rides,drivers,rides_duration_avg,trip,1291.0865029581992,524.6841312789186,990.7546137942123,3.2793671549858905,1.2850932738650185
long_rides,drivers,rides_in_progress,matching,2807.354057009646,1020.9880768338963,2367.7175779099675,2.1623092152091736,0.5321585949626199
long_rides,drivers,rides_length_avg,trip,8747.220955691319,4384.723782828178,6438.687315434084,3.770852267100247,1.9954486997014897
long_rides,drivers,rides_offers_generated,matching,84.43609858520901,41.98677886924877,74.34225649517685,1.4375130767876214,0.34182008325553886
long_rides,drivers,rides_offers_lyft,matching,31.89087344051447,15.707638840655058,27.838681639871382,1.447991127489968,0.3625689127851956
long_rides,drivers,rides_offers_price_lyft_avg,market,26.514221543408357,20.68536262802183,21.357746623794213,10.888652948142196,9.632599905148776
long_rides,drivers,rides_offers_price_no_surge_avg,market,25.64426160771704,19.785243776969065,20.58812006430868,9.881115633465335,8.527080936227131
long_rides,drivers,rides_offers_price_uber_avg,market,25.116956077170418,19.238844741356903,20.127220160771703,9.40222865485871,7.981243520772617
long_rides,drivers,rides_offers_radius_avg,matching,2415.900753922829,1366.9559087704704,1229.3941783601285,2.212505679014608,2.5026602196985372
long_rides,drivers,rides_offers_surge_lyft_avg,market,1.0,1.0,1.0,,
long_rides,drivers,rides_offers_surge_uber_avg,market,1.0,1.0,1.0,,
long_rides,drivers,rides_offers_uber,matching,52.544850032154336,26.27911266701326,46.503461897106114,1.3969772221255479,0.3213190437928747
long_rides,drivers,rides_partial_acceptances,matching,6.203617459807074,2.9649441304912916,5.331666334405145,1.5022007286540058,0.40443894235118255
long_rides,drivers,rides_waiting_duration_avg,passenger_experience,937.6656702250805,444.49061584091504,757.8073053054662,2.138642778784302,0.7799518445222379
long_rides,drivers,traffic_duration_avg,trip,722.8713201607718,488.47433003379257,714.1663549196142,1.5443641458169481,0.05735413326657428
long_rides,drivers,traffic_length_avg,trip,3891.4494450803863,3720.940929487912,3899.8605868167206,2.1386885991980025,-0.10550096501180535
long_rides,drivers,traffic_speed_avg,trip,5.327290353697749,6.989588193397453,5.510993536977493,-1.707461406191056,-0.18869428098472937
long_rides,managers,drivers_accept,driver_decisions,2.4002195620437963,1.3700865864775893,2.4095257664233576,1.1390412672976,-0.010290080098056929
long_rides,managers,drivers_acceptance_rate,driver_decisions,1.903780583941606,2.363404289693593,2.086372116788321,-2.2727315154584122,-0.9028723409242804
long_rides,managers,drivers_busy,supply,3306.157992627737,1078.1148107292984,3142.969874233577,2.2911354262405963,0.1678091709496534
long_rides,managers,drivers_change_provider,driver_decisions,0.8107788321167885,0.41434329450493806,0.7572256204379562,1.4718561504229057,0.19882835040274383
long_rides,managers,drivers_change_zone,driver_decisions,1.40576598540146,0.7548109926563688,1.414622116788321,1.2514982397221392,-0.017026419591108188
long_rides,managers,drivers_demand_pressure,market,0.0,0.0,0.0,,
long_rides,managers,drivers_idle,supply,8210.027741313868,5430.566134051659,8603.634126423358,0.8435178210512453,-0.11945263048495577
long_rides,managers,drivers_idle_duration_avg,supply,1208.3012655474452,274.87895116231954,1239.640169051095,7.865698261221538,-0.26408449315851923
long_rides,managers,drivers_occupied_distance_avg,supply,7215.798910291971,2054.0431092023296,6530.104217372263,4.642195934471383,0.6166756503840259
long_rides,managers,drivers_occupied_duration_avg,supply,854.8414437956205,227.4255814940491,785.7613862043795,5.2290541438695355,0.5757319556460316
long_rides,managers,drivers_passengers_served,supply,2.322591167883212,0.8578238060268424,2.137980583941606,1.7009659458964437,0.2143796514818303
long_rides,managers,drivers_pickup,supply,831.2078974452555,311.30878076475057,624.1627172262774,1.818644030359133,0.7242587435501885
long_rides,managers,drivers_pickup_accept,driver_decisions,1.057092189781022,0.3794464168143834,0.681824890510949,1.8655747431198872,1.0331196966996008
long_rides,managers,drivers_pickup_reject,driver_decisions,0.27854014598540144,0.08204372499366928,0.16635043795620438,2.4097276405299306,1.3758349340740108
long_rides,managers,drivers_reject,driver_decisions,1.2725546715328466,0.6207669106102811,1.1790755474452557,1.4374810250211247,0.2061629186183373
long_rides,managers,drivers_removed,supply,0.4395497080291971,0.21091240314003545,0.4158752554744526,1.5045243845792435,0.15578731203748514
long_rides,managers,drivers_shift_duration_avg,supply,5531.406884890511,1576.8737276221827,5210.280146788321,4.232277654549119,0.3436809008542916
long_rides,managers,drivers_starting,supply,0.4043667153284672,0.23632901747277793,0.39009664233576646,1.0794273756893569,0.09166697495841104
long_rides,managers,drivers_total_length_avg,supply,32015.735492116786,9779.265618088124,29263.887576642333,3.719310357782081,0.46027883531185937
long_rides,managers,drivers_waiting,supply,2.784525474452555,1.5396074753102051,2.751459489051095,1.158187154107044,0.030762347043134956
long_rides,managers,passengers_accept,passenger_decisions,9.393370291970804,4.96965215750823,9.381009197080289,1.2954101254375399,0.0036197350274020305
long_rides,managers,passengers_acceptance_rate,passenger_decisions,1.3185340875912408,2.2801748619903774,2.0324064963503647,-8.271076463505958,-6.140019678058272
long_rides,managers,passengers_arrivals,demand,2.0702918248175184,1.2402537199290962,2.4704623357664235,1.0853440702570725,-0.523256328344734
long_rides,managers,passengers_change_provider,passenger_decisions,4.011167445255475,1.4545687034692327,2.9113139416058393,2.2419145788280925,0.9644757951670143
long_rides,managers,passengers_departures,demand,2.021860729927007,1.2387135477336033,2.283685693430657,1.0599701763847666,-0.35437355717684477
long_rides,managers,passengers_drivers_ratio,demand,0.18614897810218978,0.13276830590022792,0.1415216788321168,0.7632171729702687,0.6380646736207912
long_rides,managers,passengers_no_ratings_count,passenger_experience,0.5756208029197081,0.26813410736895416,0.6070805109489051,1.6591754784878132,-0.16975425889220058
long_rides,managers,passengers_offers_discarded,passenger_decisions,76.11950102189779,38.21027811091416,72.76574226277373,1.4162615968335779,0.12529404115575948
long_rides,managers,passengers_pickup_accept,passenger_decisions,1.090243211678832,0.41066718156495313,0.7478587591240876,1.7081603662279186,0.8606065045711704
long_rides,managers,passengers_pickup_reject,passenger_decisions,0.24630102189781022,0.05079515320334262,0.09925810218978103,3.956402696005489,2.97567028471421
long_rides,managers,passengers_rating_avg,passenger_experience,4.875961240875913,4.891782919726513,4.866888613138687,-0.7507264287116642,0.43048917150408694
long_rides,managers,passengers_ratings_count,passenger_experience,1.4971659854014598,0.9725821929602431,1.8649758394160583,0.9053102218910508,-0.6347546861905461
long_rides,managers,passengers_reject,passenger_decisions,7.1779561313868605,2.282960288680679,4.633236131386861,2.721108233126468,1.4145994737297716
long_rides,managers,passengers_unassigned,demand,25.261362262773723,11.140205044315017,20.056934671532847,1.756225429204311,0.6472662217967567
long_rides,managers,rides_dispatched,matching,2.4002195620437963,1.3700865864775893,2.4095257664233576,1.1390412672976,-0.010290080098056929
long_rides,managers,rides_duration_avg,trip,1373.4792343065694,540.8859754748037,1060.5799815328467,3.5625920369909183,1.3388678979651896
long_rides,managers,rides_in_progress,matching,3233.229975766423,1061.6663510357052,2695.923746934306,2.628572246268537,0.6503830810071018
long_rides,managers,rides_length_avg,trip,8810.077823430656,4463.564751440871,6503.889920875913,3.7570359411228265,1.9934210925803928
long_rides,managers,rides_offers_generated,matching,83.87255481751825,42.3849045530514,80.09626598540147,1.4049468914796113,0.12788107357710865
long_rides,managers,rides_offers_lyft,matching,30.265656861313875,15.825472291719425,29.685851459854018,1.2920321340624914,0.051877952569007825
long_rides,managers,rides_offers_price_lyft_avg,market,28.35183467153285,20.624875998987086,21.488637956204382,14.434415475024249,12.82085708933059
long_rides,managers,rides_offers_price_no_surge_avg,market,27.528253284671536,19.75321345910357,20.757351459854018,13.112448159494233,11.418989633851686
long_rides,managers,rides_offers_price_uber_avg,market,27.06765182481752,19.236047951380094,20.327053868613138,12.5269029702965,10.78180381997405
long_rides,managers,rides_offers_radius_avg,matching,2235.238664087591,1365.0051249632818,1305.5203493430656,1.8355556598420124,1.9610249869309135
long_rides,managers,rides_offers_surge_lyft_avg,market,1.0,1.0,1.0,,
long_rides,managers,rides_offers_surge_uber_avg,market,1.0,1.0,1.0,,
long_rides,managers,rides_offers_uber,matching,53.60694620437956,26.559393950367184,50.411861532846714,1.4385590584352843,0.16993471178226338
long_rides,managers,rides_partial_acceptances,matching,5.721471897810219,2.9787451633324893,5.792469270072993,1.2721647662753643,-0.032930861961366825
long_rides,managers,rides_waiting_duration_avg,passenger_experience,825.5682740875912,447.2154590934414,778.2409862773723,1.6407186625251409,0.20523374289715685
long_rides,managers,traffic_duration_avg,trip,784.3111559854013,495.0813788098253,746.5934290510949,1.9056392214362827,0.24850961229280963
long_rides,managers,traffic_length_avg,trip,3936.055332408759,3731.3302497695618,3924.764241678832,2.567867057483462,0.14162417010491443
long_rides,managers,traffic_speed_avg,trip,5.2151759124087596,6.9438928083058995,5.314890802919708,-1.7756850255595586,-0.10242408015206728
long_rides,managers_drivers,drivers_accept,driver_decisions,2.2181352173913043,1.3643220163976428,2.3105009486166006,0.9440805153923896,-0.1021308724651823
long_rides,managers_drivers,drivers_acceptance_rate,driver_decisions,1.6233161264822136,2.386662021521906,2.0903200790513834,-3.774566566391723,-2.3092251064620135
long_rides,managers_drivers,drivers_busy,supply,3049.0526546245055,1074.4691690494492,2922.425526007905,2.030498426882316,0.13021287139031884
long_rides,managers_drivers,drivers_change_provider,driver_decisions,0.8612709090909091,0.4177705457340507,0.7352168774703558,1.6465949078478193,0.4680039606034773
long_rides,managers_drivers,drivers_change_zone,driver_decisions,1.5298949011857708,0.7570556879323597,1.3422066403162056,1.485827631333089,0.36084142638529865
long_rides,managers_drivers,drivers_demand_pressure,market,0.0,0.0,0.0,,
long_rides,managers_drivers,drivers_idle,supply,8185.249491857708,5255.18456754804,8959.39110798419,0.8892232848385627,-0.23493839508843273
long_rides,managers_drivers,drivers_idle_duration_avg,supply,1346.7122521343872,256.5884033000256,1351.4619761660078,9.18617985680031,-0.040024644237705825
long_rides,managers_drivers,drivers_occupied_distance_avg,supply,6873.063765019762,1952.9789862131693,6909.9386436758905,4.424850465147731,-0.03316321390978394
long_rides,managers_drivers,drivers_occupied_duration_avg,supply,812.4507778656126,214.679189610556,835.9988847826088,4.9819907153545175,-0.1962563165089639
long_rides,managers_drivers,drivers_passengers_served,supply,2.2470949407114627,0.8622482141942096,2.130441343873518,1.6081578436501192,0.1354643753368488
long_rides,managers_drivers,drivers_pickup,supply,757.9978043478261,312.9817441199078,535.0924725296443,1.5566977811289517,0.7797386801399024
long_rides,managers_drivers,drivers_pickup_accept,driver_decisions,0.9896044664031621,0.3787617063797079,0.569677233201581,1.6816644780775478,1.1560695446817948
long_rides,managers_drivers,drivers_pickup_reject,driver_decisions,0.2956454940711462,0.08584178068152704,0.13756920948616602,2.572921199730439,1.9385635135447576
long_rides,managers_drivers,drivers_reject,driver_decisions,1.384038695652174,0.6177388572892647,1.1268312252964428,1.690030932100156,0.5672565216731222
long_rides,managers_drivers,drivers_removed,supply,0.5465415810276679,0.21549229823212912,0.39502573122529644,2.178435923677513,0.9970345424970074
long_rides,managers_drivers,drivers_shift_duration_avg,supply,5541.667642213439,1489.3426565180628,5628.242658379447,4.33693783914982,-0.0926555655977175
long_rides,managers_drivers,drivers_starting,supply,0.3266667193675889,0.23429406097873431,0.3765805928853755,0.5933762334435296,-0.3206328234041008
long_rides,managers_drivers,drivers_total_length_avg,supply,30757.98488268775,9295.242590356136,31330.324058577076,3.589895346091372,-0.09573043909887337
long_rides,managers_drivers,drivers_waiting,supply,2.623135691699605,1.5260701793492186,2.631152766798419,1.0206352422355758,-0.007458542168524074
long_rides,managers_drivers,passengers_accept,passenger_decisions,9.802114703557313,4.981528831667949,8.904637272727273,1.4116260483095358,0.2628109015788695
long_rides,managers_drivers,passengers_acceptance_rate,passenger_decisions,1.3255302766798418,2.243447394312067,2.0388260869565222,-7.895009102376041,-6.1350603520147065
long_rides,managers_drivers,passengers_arrivals,demand,1.9574571541501975,1.2279839738662568,2.4244664822134383,0.9538470414429606,-0.6106536579261185
long_rides,managers_drivers,passengers_change_provider,passenger_decisions,4.2219895256917,1.4602583730463745,2.74791814229249,2.4217978491193928,1.2926323050472242
long_rides,managers_drivers,passengers_departures,demand,1.8088474308300395,1.2289149116064566,2.209841462450593,0.7849241990133037,-0.5427354194592627
long_rides,managers_drivers,passengers_drivers_ratio,demand,0.2044097233201581,0.13630106584678453,0.12796565217391304,0.9737924770778384,1.0929691490177789
long_rides,managers_drivers,passengers_no_ratings_count,passenger_experience,0.5534254545454546,0.26331450678964896,0.5860473517786562,1.5654172278743055,-0.17602534592311692
long_rides,managers_drivers,passengers_offers_discarded,passenger_decisions,79.27671304347825,38.28780295669997,69.07467743083004,1.5313165186287463,0.38114079208771867
long_rides,managers_drivers,passengers_pickup_accept,passenger_decisions,1.0534716600790512,0.4140933282090699,0.6210276679841897,1.6071207298794894,1.0869772551954753
long_rides,managers_drivers,passengers_pickup_reject,passenger_decisions,0.2326214229249012,0.050467655649500384,0.08585652173913043,3.6861996048937318,2.9700440943683764
long_rides,managers_drivers,passengers_rating_avg,passenger_experience,4.8115595256917,4.88317972841404,4.866865691699605,-3.3983232450272154,-2.624234816349816
long_rides,managers_drivers,passengers_ratings_count,passenger_experience,1.404703675889328,0.9651265103766332,1.8400195256916996,0.7586084568046018,-0.7512544120802921
long_rides,managers_drivers,passengers_reject,passenger_decisions,7.527075019762846,2.295339536254163,4.387338656126483,2.9083004266342685,1.745366644522866
long_rides,managers_drivers,passengers_unassigned,demand,27.793913241106715,11.152195667435306,18.85632415019763,2.069703434100567,1.1115534650882393
long_rides,managers_drivers,rides_dispatched,matching,2.2181352173913043,1.3643220163976428,2.3105009486166006,0.9440805153923896,-0.1021308724651823
long_rides,managers_drivers,rides_duration_avg,trip,1259.9572028063242,534.2574657161158,1028.505227944664,3.1052042244872187,0.9903622853552138
long_rides,managers_drivers,rides_in_progress,matching,2824.8453953754943,1040.1366265488086,2498.1188078656123,2.1603032413989927,0.3954866577547326
long_rides,managers_drivers,rides_length_avg,trip,8727.477206007905,4439.7097985728915,6483.649655533596,3.7062574045207533,1.9395180948930972
long_rides,managers_drivers,rides_offers_generated,matching,87.8125822924901,42.466836635921084,76.15557351778655,1.535598280353476,0.3947555028441131
long_rides,managers_drivers,rides_offers_lyft,matching,33.6968904743083,15.976058598513966,28.54067197628459,1.5855672838181873,0.4613514430917809
long_rides,managers_drivers,rides_offers_price_lyft_avg,market,27.682011304347824,20.736261027414812,21.38470802371541,12.975072021445714,11.763734708177726
long_rides,managers_drivers,rides_offers_price_no_surge_avg,market,26.87690371541502,19.850988736869073,20.646494031620552,11.849064184371285,10.507460517759847
long_rides,managers_drivers,rides_offers_price_uber_avg,market,26.37614960474308,19.304394066102997,20.204076956521735,11.311501053144909,9.872429254514122
long_rides,managers_drivers,rides_offers_radius_avg,matching,2421.1886935177863,1383.096160873687,1220.9624618972332,2.189615244721585,2.5315986496669085
long_rides,managers_drivers,rides_offers_surge_lyft_avg,market,1.0,1.0,1.0,,
long_rides,managers_drivers,rides_offers_surge_uber_avg,market,1.0,1.0,1.0,,
long_rides,managers_drivers,rides_offers_uber,matching,54.1160276284585,26.490786992057394,47.61566541501977,1.4692841624163606,0.34573017393341077
long_rides,managers_drivers,rides_partial_acceptances,matching,6.2009157312252965,2.999424752754291,5.468300079051384,1.4849543598935315,0.33981067388216185
long_rides,managers_drivers,rides_waiting_duration_avg,passenger_experience,917.3311386166008,465.33887513707407,775.1268340711463,1.9600545116052772,0.6166658396944755
long_rides,managers_drivers,traffic_duration_avg,trip,728.3282178656126,493.3577967050987,727.4134228063242,1.5481422930013895,0.006027281705153919
long_rides,managers_drivers,traffic_length_avg,trip,3897.2960252964426,3728.2943573712528,3905.870775849802,2.119788206361014,-0.1075531106802164
long_rides,managers_drivers,traffic_speed_avg,trip,5.276385612648222,6.98115891109403,5.466559841897233,-1.7510908959173583,-0.1953411411239494
long_rides,students,drivers_accept,driver_decisions,2.3523325384615386,1.369781470961197,2.361461846153846,1.0864288782669587,-0.01009448144078674
long_rides,students,drivers_acceptance_rate,driver_decisions,1.9349768461538461,2.401436005579508,2.078868230769231,-2.3065312320356917,-0.7115091770196831
long_rides,students,drivers_busy,supply,3441.3952176923076,1090.2482054197312,3094.7033993846153,2.4177252289731346,0.35650920653867724
long_rides,students,drivers_change_provider,driver_decisions,0.8050772307692309,0.4201323357849353,0.7477812307692308,1.4291945537215593,0.21272429435223802
long_rides,students,drivers_change_zone,driver_decisions,1.447192,0.7579140933299517,1.3909351538461538,1.3251762356706058,0.1081570073484756
long_rides,students,drivers_demand_pressure,market,0.0,0.0,0.0,,
long_rides,students,drivers_idle,supply,8136.438534384617,5433.7269459650015,8685.27166276923,0.8202255372180766,-0.16656122299589404
long_rides,students,drivers_idle_duration_avg,supply,1178.2229686153846,278.0007746538169,1268.033980076923,7.585929794726339,-0.7568131871337516
long_rides,students,drivers_occupied_distance_avg,supply,6670.542884,2060.2004442125285,6634.372436000001,4.146285441474065,0.0325296881766786
long_rides,students,drivers_occupied_duration_avg,supply,795.341784076923,228.2756309358357,799.4375968461538,4.726083282391269,-0.03413561565832083
long_rides,students,drivers_passengers_served,supply,2.1282435384615384,0.8631578797869641,2.131410230769231,1.4690849073263472,-0.003677331920948233
long_rides,students,drivers_pickup,supply,842.5692696923077,314.482687555161,600.94756,1.8472843659526317,0.8452098990718679
long_rides,students,drivers_pickup_accept,driver_decisions,1.0723584615384614,0.38061171950291656,0.6493593076923077,1.904395042453122,1.1645266144312216
long_rides,students,drivers_pickup_reject,driver_decisions,0.2866793076923077,0.08576524473750952,0.15785884615384616,2.4639032529438234,1.5797856534400445
long_rides,students,drivers_reject,driver_decisions,1.235154,0.6195559802181081,1.159576923076923,1.3576665987475929,0.16668096659211742
long_rides,students,drivers_removed,supply,0.44516676923076925,0.21071942936850113,0.4099225384615384,1.5427567250826209,0.23192105345079891
long_rides,students,drivers_shift_duration_avg,supply,5390.271585769231,1587.7691388942428,5341.739425307693,4.069569149445212,0.05194079050034972
long_rides,students,drivers_starting,supply,0.3985386153846153,0.23498727872178546,0.3871663076923077,1.050608240753566,0.07305253764177234
long_rides,students,drivers_total_length_avg,supply,31090.295540076924,9839.838082016233,29960.256987307694,3.5543882180545583,0.18901220012968747
long_rides,students,drivers_waiting,supply,2.707961307692308,1.533772548820695,2.6928073076923082,1.092385472745097,0.014098252371183796
long_rides,students,passengers_accept,passenger_decisions,9.525705384615383,4.991433005325894,9.215973923076923,1.3277840434417632,0.09069955617600249
long_rides,students,passengers_acceptance_rate,passenger_decisions,1.6450597692307691,2.245417555161045,2.0297099230769233,-5.163679915707732,-3.308377638363717
long_rides,students,passengers_arrivals,demand,2.1073588461538466,1.2331313416180574,2.4764744615384617,1.143125396913078,-0.48264946155795485
long_rides,students,passengers_change_provider,passenger_decisions,3.7295637692307695,1.4630986355566826,2.8585385384615383,1.987492656762928,0.7638133162908027
long_rides,students,passengers_departures,demand,2.01,1.2315723484656353,2.264409923076923,1.053582409361071,-0.34433748491900346
long_rides,students,passengers_drivers_ratio,demand,0.1956156923076923,0.1327639436976921,0.13727184615384616,0.8986311320485655,0.8341788045170813
long_rides,students,passengers_no_ratings_count,passenger_experience,0.5460771538461539,0.26485675627694655,0.6131154615384615,1.5174444762941177,-0.3617337525552823
long_rides,students,passengers_offers_discarded,passenger_decisions,76.13967946153846,38.37425298250063,71.50812846153848,1.4108894644423462,0.17303145016923108
long_rides,students,passengers_pickup_accept,passenger_decisions,1.1636412307692308,0.41329270352523456,0.711269076923077,1.8860518298164555,1.1370680391061916
long_rides,students,passengers_pickup_reject,passenger_decisions,0.19551207692307693,0.0530831980725336,0.09506453846153846,2.8822971097300614,2.0327313682711545
long_rides,students,passengers_rating_avg,passenger_experience,4.871409615384615,4.892478983007862,4.86397876923077,-0.999725203650818,0.3525879047387238
long_rides,students,passengers_ratings_count,passenger_experience,1.564526153846154,0.9688807735226985,1.865513076923077,1.0279460768689928,-0.5194337721511056
long_rides,students,passengers_reject,passenger_decisions,5.842628230769232,2.304081541973117,4.557807692307692,1.9670636784161755,0.7142264993967495
long_rides,students,passengers_unassigned,demand,26.26801315384615,11.126971019528279,19.63396176923077,1.8830668626919602,0.8250662151880831
long_rides,students,rides_dispatched,matching,2.3523325384615386,1.369781470961197,2.361461846153846,1.0864288782669587,-0.01009448144078674
long_rides,students,rides_duration_avg,trip,1359.7172662307692,543.6538389652547,1057.292464769231,3.491862367147858,1.2940486582694501
long_rides,students,rides_in_progress,matching,3298.701077,1064.9974656124778,2653.2018974615385,2.703789680586091,0.7813453904830046
long_rides,students,rides_length_avg,trip,8877.524336692308,4473.778273842252,6499.848580692308,3.8065069538906666,2.0552137135386443
long_rides,students,rides_offers_generated,matching,84.07946138461537,42.569244250570634,78.74942376923077,1.405711100902458,0.18049756328614341
long_rides,students,rides_offers_lyft,matching,30.545474307692306,16.095281919857975,29.181384538461536,1.2929275812567753,0.12205161278222781
long_rides,students,rides_offers_price_lyft_avg,market,28.411770615384615,20.735026112097387,21.48580069230769,14.340612439117487,12.938121151394313
long_rides,students,rides_offers_price_no_surge_avg,market,27.60610253846154,19.845036535632765,20.75896592307692,13.088881588728247,11.547558073588
long_rides,students,rides_offers_price_uber_avg,market,27.15185330769231,19.315706583819427,20.331335230769234,12.534169406078135,10.909638630543704
long_rides,students,rides_offers_radius_avg,matching,2397.3879562307698,1369.7935292112606,1266.011551923077,2.1674719276342818,2.38637591976565
long_rides,students,rides_offers_surge_lyft_avg,market,1.0,1.0,1.0,,
long_rides,students,rides_offers_surge_uber_avg,market,1.0,1.0,1.0,,
long_rides,students,rides_offers_uber,matching,53.53339746153846,26.473979112351003,49.56998738461539,1.4391901720585083,0.21079909246152104
long_rides,students,rides_partial_acceptances,matching,5.940513,3.0020631143799137,5.696153384615384,1.362947451147945,0.11334183937653688
long_rides,students,rides_waiting_duration_avg,passenger_experience,923.3422310000001,452.76610201369516,780.6695610769231,2.0406430357300405,0.6186968958555291
long_rides,students,traffic_duration_avg,trip,803.1290496153847,498.05657824499116,743.2994763076923,2.0100214870718784,0.3941972455613529
long_rides,students,traffic_length_avg,trip,3965.8226722307695,3727.5874246462085,3924.9012735384613,2.988185113017909,0.5132771729457152
long_rides,students,traffic_speed_avg,trip,5.139141615384616,6.931072257164596,5.349150461538462,-1.8406162483873623,-0.21571465185275496
long_rides,students_drivers,drivers_accept,driver_decisions,2.200295756578947,1.355657516848108,2.272127434210526,0.9339355537688988,-0.07942590622983864
long_rides,students_drivers,drivers_acceptance_rate,driver_decisions,1.641103947368421,2.3792960134784864,2.100878717105263,-3.650186776952271,-2.2734784914627686
long_rides,students_drivers,drivers_busy,supply,2937.3030136513153,1073.3576295438052,2809.8809220394737,1.9167273492731693,0.13103034561871096
long_rides,students_drivers,drivers_change_provider,driver_decisions,0.831513355263158,0.4164797330222914,0.7227626973684211,1.5409057250705365,0.4037612915561205
long_rides,students_drivers,drivers_change_zone,driver_decisions,1.4734705263157895,0.7533985251425609,1.330060164473684,1.3843796452674022,0.27571463066355506
long_rides,students_drivers,drivers_demand_pressure,market,0.0,0.0,0.0,,
long_rides,students_drivers,drivers_idle,supply,8024.837292598684,5056.185413950234,9103.721249243421,0.9009337483181841,-0.32742234751446286
long_rides,students_drivers,drivers_idle_duration_avg,supply,1156.9344193092104,231.45749304302745,1371.518996875,7.798744617036306,-1.8082463989046955
long_rides,students_drivers,drivers_occupied_distance_avg,supply,6647.742662105263,1898.665366106791,6765.224704901317,4.271055851057606,-0.10565681184028636
long_rides,students_drivers,drivers_occupied_duration_avg,supply,796.9030160197368,209.57616278900983,818.6561133552632,4.894941457848914,-0.18129621930033032
long_rides,students_drivers,drivers_passengers_served,supply,2.259506644736842,0.8466320347330222,2.0872970723684214,1.64070531609365,0.19997893575730555
long_rides,students_drivers,drivers_pickup,supply,774.7641729934211,316.8351949377916,516.3210947368422,1.601868084690588,0.9040522408654249
long_rides,students_drivers,drivers_pickup_accept,driver_decisions,0.95970375,0.38612493519958524,0.5509429934210527,1.5790759608751714,1.125327972037395
long_rides,students_drivers,drivers_pickup_reject,driver_decisions,0.29098128289473685,0.08619927941938829,0.13423779605263159,2.5113376191132106,1.9222187906025687
long_rides,students_drivers,drivers_reject,driver_decisions,1.3542324671052632,0.618982156557802,1.1040951644736843,1.621552955454205,0.5516636668260164
long_rides,students_drivers,drivers_removed,supply,0.5444903618421052,0.21313158890616898,0.3870281578947368,2.180472491871144,1.0361639173592099
long_rides,students_drivers,drivers_shift_duration_avg,supply,5080.81658993421,1406.1714560393984,5632.74078618421,3.9327318472463126,-0.5906882936360114
long_rides,students_drivers,drivers_starting,supply,0.34358572368421053,0.23472044841886985,0.37416618421052633,0.699320211374745,-0.1964403623384646
long_rides,students_drivers,drivers_total_length_avg,supply,29120.84296671053,8908.301185513219,31099.504155197366,3.3807846492627736,-0.33095428791401005
long_rides,students_drivers,drivers_waiting,supply,2.619490197368421,1.5215647071021254,2.5867104276315787,1.021435307280589,0.030496071427959633
long_rides,students_drivers,passengers_accept,passenger_decisions,9.639035230263158,4.970886798859513,8.743760657894736,1.3669873534608248,0.26216583218942174
long_rides,students_drivers,passengers_acceptance_rate,passenger_decisions,1.672731447368421,2.250932029548989,2.0385989144736842,-4.973105710338975,-3.1468276683959213
long_rides,students_drivers,passengers_arrivals,demand,2.042829177631579,1.2078832607568688,2.3612390789473685,1.0917614438762875,-0.41634751015519567
long_rides,students_drivers,passengers_change_provider,passenger_decisions,3.671666315789474,1.4523228875064798,2.688996513157895,1.9461710224490025,0.8617158886476761
long_rides,students_drivers,passengers_departures,demand,1.8232566118421052,1.2165138024883357,2.154402072368421,0.8212112579523762,-0.44819712077622076
long_rides,students_drivers,passengers_drivers_ratio,demand,0.20067986842105262,0.14165867288750647,0.12400786184210527,0.8438632962509417,1.0962280858087696
long_rides,students_drivers,passengers_no_ratings_count,passenger_experience,0.541825625,0.26009114307931575,0.569857302631579,1.5202184374514194,-0.1512568602810144
long_rides,students_drivers,passengers_offers_discarded,passenger_decisions,76.42575638157895,38.2010549222395,67.81857470394736,1.4280476509479105,0.32155818375974543
long_rides,students_drivers,passengers_pickup_accept,passenger_decisions,1.0751704934210524,0.4203098367029549,0.6001590460526316,1.646036601703553,1.1939734362957548
long_rides,students_drivers,passengers_pickup_reject,passenger_decisions,0.17613483552631579,0.05196232503888024,0.08456690789473684,2.512847611904767,1.8530369352511729
long_rides,students_drivers,passengers_rating_avg,passenger_experience,4.804998815789474,4.886956060134785,4.867893585526315,-3.888807877810828,-2.9843081960541755
long_rides,students_drivers,passengers_ratings_count,passenger_experience,1.5030703618421053,0.9484382944530845,1.7929328289473687,0.9571665904110296,-0.5002355356648936
long_rides,students_drivers,passengers_reject,passenger_decisions,5.83349240131579,2.2907071539657853,4.308410032894737,1.9694198758366013,0.847787071175994
long_rides,students_drivers,passengers_unassigned,demand,26.674594539473684,11.170767203214101,18.51625009868421,1.9281858700886214,1.014640071310385
long_rides,students_drivers,rides_dispatched,matching,2.200295756578947,1.355657516848108,2.272127434210526,0.9339355537688988,-0.07942590622983864
long_rides,students_drivers,rides_duration_avg,trip,1267.6814080592103,530.4521718714359,997.9115810855264,3.154537919229254,1.1543209450739262
long_rides,students_drivers,rides_in_progress,matching,2801.922680789474,1028.124952032141,2400.3038762828946,2.1470959575885624,0.4861400472373688
long_rides,students_drivers,rides_length_avg,trip,8760.850757796054,4407.722729618975,6449.008768980263,3.762753772343621,1.9983083677237388
long_rides,students_drivers,rides_offers_generated,matching,84.78121134868421,42.37178627786418,74.82922726973685,1.4361620757711953,0.33701617244269255
long_rides,students_drivers,rides_offers_lyft,matching,32.16605233552632,15.9557865940902,28.03429819078947,1.4504097325548253,0.36968773489824014
long_rides,students_drivers,rides_offers_price_lyft_avg,market,26.606952138157897,20.765389974079834,21.357442993421053,10.91238336747881,9.80639333613856
long_rides,students_drivers,rides_offers_price_no_surge_avg,market,25.75371861842105,19.84989131674443,20.595260065789475,9.95668590420196,8.699636512709452
long_rides,students_drivers,rides_offers_price_uber_avg,market,25.23408217105263,19.303162934162778,20.138297302631578,9.486696595722266,8.15087223968564
long_rides,students_drivers,rides_offers_radius_avg,matching,2380.1208387499996,1388.5949416537067,1232.0485292434212,2.0913937356705916,2.4215920564763067
long_rides,students_drivers,rides_offers_surge_lyft_avg,market,1.0,1.0,1.0,,
long_rides,students_drivers,rides_offers_surge_uber_avg,market,1.0,1.0,1.0,,
long_rides,students_drivers,rides_offers_uber,matching,52.614934210526314,26.416019090202173,46.79509319078948,1.3934231945860642,0.30953577384636316
long_rides,students_drivers,rides_partial_acceptances,matching,6.085241282894737,2.99622866251944,5.368289177631579,1.4327832841756616,0.3325454176521944
long_rides,students_drivers,rides_waiting_duration_avg,passenger_experience,951.5957471052632,456.63421045101086,761.1702663486842,2.1463898198651172,0.8257759099862177
long_rides,students_drivers,traffic_duration_avg,trip,742.1919309539473,490.86471992742355,717.5776152960526,1.6559117647682546,0.16217557467474478
long_rides,students_drivers,traffic_length_avg,trip,3916.7932445394736,3725.7649456609647,3902.4545800328947,2.396068275628618,0.17984989313518357
long_rides,students_drivers,traffic_speed_avg,trip,5.331373552631579,7.007081049766718,5.4971451315789475,-1.7212353954211599,-0.1702754864598264
normal,bank_tellers_drivers,drivers_accept,driver_decisions,2.7954764285714275,1.4278014425603056,2.7102375000000003,1.5122690820193172,0.09425060601493969
normal,bank_tellers_drivers,drivers_acceptance_rate,driver_decisions,1.899970357142857,2.346065572008598,2.0620975,-2.2058362983297415,-0.8016807281073628
normal,bank_tellers_drivers,drivers_busy,supply,2969.841001785714,1146.5948534822066,3429.094880357143,1.8748756195898977,-0.4722587243290519
normal,bank_tellers_drivers,drivers_change_provider,driver_decisions,0.9494635714285715,0.4406037998566993,0.8330346428571426,1.8892564198524733,0.4322685994230713
normal,bank_tellers_drivers,drivers_change_zone,driver_decisions,1.6813707142857144,0.8035674086458084,1.5394646428571428,1.6876271079785823,0.2728225462252294
normal,bank_tellers_drivers,drivers_demand_pressure,market,0.0,0.0,0.0,,
normal,bank_tellers_drivers,drivers_idle,supply,8129.042143928571,5474.925626532124,7939.683937857144,0.8054777859571157,0.05746689249680809
normal,bank_tellers_drivers,drivers_idle_duration_avg,supply,849.6351557142859,300.94893941963215,921.2579464285716,4.623630859208712,-0.6035459531051555
normal,bank_tellers_drivers,drivers_occupied_distance_avg,supply,6122.884798214284,2227.5532660019107,5592.532409642858,3.5032444189702243,0.4769694260901956
normal,bank_tellers_drivers,drivers_occupied_duration_avg,supply,706.2561017857143,247.78688144256031,650.616457857143,3.821006959686489,0.4637158990224539
normal,bank_tellers_drivers,drivers_passengers_served,supply,2.365118928571429,0.9608231048483401,2.0943457142857143,1.6307431721377976,0.31443629108257243
normal,bank_tellers_drivers,drivers_pickup,supply,860.3021425,326.5365642846907,772.1042371428572,1.8671498975233076,0.30852253624142795
normal,bank_tellers_drivers,drivers_pickup_accept,driver_decisions,1.0546417857142856,0.38704189156914265,0.8755360714285716,1.83791820256511,0.4930822418578338
normal,bank_tellers_drivers,drivers_pickup_reject,driver_decisions,0.2677375,0.08772399092428947,0.2011314285714286,2.207589971864054,0.816821449156536
normal,bank_tellers_drivers,drivers_reject,driver_decisions,1.4942267857142857,0.6629850561261046,1.3305942857142856,1.8332565984323668,0.3608822195339044
normal,bank_tellers_drivers,drivers_removed,supply,0.5089885714285715,0.23635572963935994,0.40452250000000006,1.7940325123577336,0.6874282912916425
normal,bank_tellers_drivers,drivers_shift_duration_avg,supply,4412.336481785714,1738.9198897540007,4105.648316071429,2.86118256031326,0.3282282431445933
normal,bank_tellers_drivers,drivers_starting,supply,0.40744178571428563,0.24180275376164315,0.46583321428571417,1.0640190139114842,-0.3750902762292018
normal,bank_tellers_drivers,drivers_total_length_avg,supply,26914.836484642852,10797.40936238118,23958.285600714287,2.6958286983600734,0.494517807376816
normal,bank_tellers_drivers,drivers_waiting,supply,3.1949399999999994,1.6088241007881539,3.131308928571428,1.4756145068652424,0.05919802716436783
normal,bank_tellers_drivers,passengers_accept,passenger_decisions,11.167261785714286,5.271779732505374,10.183335,1.7263909937132398,0.288126115218312
normal,bank_tellers_drivers,passengers_acceptance_rate,passenger_decisions,1.258462857142857,2.245068053498925,2.093990357142857,-8.485795564827367,-7.1863756444603775
normal,bank_tellers_drivers,passengers_arrivals,demand,2.291785,1.2924592333412943,2.4947028571428573,1.3067018112908537,-0.26533202717106236
normal,bank_tellers_drivers,passengers_change_provider,passenger_decisions,4.485416428571429,1.611641573919274,3.0860717857142856,2.520050423874037,1.227103457554906
normal,bank_tellers_drivers,passengers_departures,demand,2.2387496428571425,1.2904422283257702,2.4500585714285714,1.2835104311204237,-0.28600136396100806
normal,bank_tellers_drivers,passengers_drivers_ratio,demand,0.19294928571428574,0.13662916169094816,0.1693117857142857,0.8052443715170535,0.3379602613063708
normal,bank_tellers_drivers,passengers_no_ratings_count,passenger_experience,0.5988678571428572,0.2907345091951278,0.5280335714285714,1.66266476701864,0.3822165693472859
normal,bank_tellers_drivers,passengers_offers_discarded,passenger_decisions,90.28839285714284,40.79699070695008,78.84607142857145,1.8489635728844347,0.4274769877494992
normal,bank_tellers_drivers,passengers_pickup_accept,passenger_decisions,1.044762142857143,0.4177617315500358,0.9516657142857142,1.5760079884276226,0.23400417683424599
normal,bank_tellers_drivers,passengers_pickup_reject,passenger_decisions,0.2779764285714285,0.05700950322426559,0.12565392857142857,4.471651644062887,3.0825118124924584
normal,bank_tellers_drivers,passengers_rating_avg,passenger_experience,4.8733675000000005,4.882713181275376,4.8942507142857155,-0.4434453507741465,-0.990892371711934
normal,bank_tellers_drivers,passengers_ratings_count,passenger_experience,1.6936307142857143,1.002627260568426,1.9707746428571424,1.192512042930454,-0.47828628159317815
normal,bank_tellers_drivers,passengers_reject,passenger_decisions,8.89809607142857,2.645765087174588,4.88898892857143,3.475645304752597,2.2286463164560266
normal,bank_tellers_drivers,passengers_unassigned,demand,26.11559464285714,11.702930057320277,22.429584285714288,1.7924797278388342,0.4584231321398251
normal,bank_tellers_drivers,rides_dispatched,matching,2.7954764285714275,1.4278014425603056,2.7102375000000003,1.5122690820193172,0.09425060601493969
normal,bank_tellers_drivers,rides_duration_avg,trip,1167.7607503571428,551.1010566993074,1069.5882303571427,2.6386316377833796,0.4200714265859824
normal,bank_tellers_drivers,rides_in_progress,matching,2786.543035357143,1112.420062880344,2946.8075589285713,2.0264445085456724,-0.1939924181468758
normal,bank_tellers_drivers,rides_length_avg,trip,6553.168057857144,4495.063973654168,6528.9182775,1.778982574503674,0.020961008251245607
normal,bank_tellers_drivers,rides_offers_generated,matching,99.87690607142858,45.201494337234294,87.43452392857141,1.851540139454829,0.4213515589042784
normal,bank_tellers_drivers,rides_offers_lyft,matching,35.76625035714286,16.611111318366373,33.40880928571428,1.7139015814691347,0.2109314880128281
normal,bank_tellers_drivers,rides_offers_price_lyft_avg,market,21.868462857142855,20.74186815380941,21.783173928571426,2.1045454892434368,0.1593247592735061
normal,bank_tellers_drivers,rides_offers_price_no_surge_avg,market,21.23557678571429,19.84620532123239,21.144920000000003,2.343147007734932,0.15289084424697919
normal,bank_tellers_drivers,rides_offers_price_uber_avg,market,20.883367500000002,19.322944076904708,20.752550000000003,2.4959475899938535,0.20924681020638514
normal,bank_tellers_drivers,rides_offers_radius_avg,matching,1594.4793328571427,1346.7395902053977,1469.0802392857145,0.5225494839578418,0.26450028135632836
normal,bank_tellers_drivers,rides_offers_surge_lyft_avg,market,1.0,1.0,1.0,,
normal,bank_tellers_drivers,rides_offers_surge_uber_avg,market,1.0,1.0,1.0,,
normal,bank_tellers_drivers,rides_offers_uber,matching,64.11172714285713,28.590369806544064,54.02339214285713,1.8892493444204155,0.536561148398441
normal,bank_tellers_drivers,rides_partial_acceptances,matching,6.8771425,3.181081234774302,6.143987857142858,1.7143519463708554,0.3400606750754764
normal,bank_tellers_drivers,rides_waiting_duration_avg,passenger_experience,769.4488164285715,466.5072041222832,772.8521096428573,1.3136996403054868,-0.014758306187863815
normal,bank_tellers_drivers,traffic_duration_avg,trip,812.8434467857143,506.4487990016718,785.7921375,2.018732869613856,0.17823211866172198
normal,bank_tellers_drivers,traffic_length_avg,trip,3877.3520025,3738.5634143205157,3907.464649285714,1.7408254960572191,-0.3777029795169131
normal,bank_tellers_drivers,traffic_speed_avg,trip,4.910684285714285,6.954432679722952,5.130129642857144,-2.0992757274864506,-0.22540754679494324
normal,baseline,drivers_accept,driver_decisions,2.2539790322580644,1.4356003274378586,2.2539790322580644,0.9048997936945131,0.0
normal,baseline,drivers_acceptance_rate,driver_decisions,2.14683935483871,2.378539689292543,2.14683935483871,-1.1457038565796478,0.0
normal,baseline,drivers_busy,supply,1785.507930322581,1260.073558102294,1785.507930322581,0.5403132731622533,0.0
normal,baseline,drivers_change_provider,driver_decisions,0.6460764516129032,0.4388220841300191,0.6460764516129032,0.7694784814684418,0.0
normal,baseline,drivers_change_zone,driver_decisions,1.2075267741935485,0.7911189173040153,1.2075267741935485,0.8005679435779227,0.0
normal,baseline,drivers_demand_pressure,market,0.0,0.0,0.0,,
normal,baseline,drivers_idle,supply,2992.66598548387,5685.9844717638625,2992.66598548387,-0.8173748955581865,0.0
normal,baseline,drivers_idle_duration_avg,supply,82.4249593548387,342.91557018881457,82.4249593548387,-2.1950841683606432,0.0
normal,baseline,drivers_occupied_distance_avg,supply,1538.7540806451611,2341.8938523087954,1538.7540806451611,-0.7222992188127441,0.0
normal,baseline,drivers_occupied_duration_avg,supply,157.49649064516132,263.0937896414914,157.49649064516132,-0.8800765601823185,0.0
normal,baseline,drivers_passengers_served,supply,1.253171935483871,0.9614323828871892,1.253171935483871,0.338783520824162,0.0
normal,baseline,drivers_pickup,supply,709.5336651612904,325.9254211089866,709.5336651612904,1.3418888793207906,0.0
normal,baseline,drivers_pickup_accept,driver_decisions,0.9075822580645159,0.38191201242829825,0.9075822580645159,1.447182543728248,0.0
normal,baseline,drivers_pickup_reject,driver_decisions,0.25774258064516126,0.08535209608030593,0.25774258064516126,2.1141052520125005,0.0
normal,baseline,drivers_reject,driver_decisions,1.065535806451613,0.6579637093690248,1.065535806451613,0.8988771974714822,0.0
normal,baseline,drivers_removed,supply,0.35048290322580644,0.22509312858508607,0.35048290322580644,0.8251145788099375,0.0
normal,baseline,drivers_shift_duration_avg,supply,1027.3370767741935,1840.9282923326962,1027.3370767741935,-0.8707333545090981,0.0
normal,baseline,drivers_starting,supply,0.38419419354838713,0.24804253346080307,0.38419419354838713,0.8746003487283219,0.0
normal,baseline,drivers_total_length_avg,supply,7331.159339032257,11209.84602037285,7331.159339032257,-0.6487558335574898,0.0
normal,baseline,drivers_waiting,supply,2.6182793548387093,1.6168677676864247,2.6182793548387093,0.9316453268510445,0.0
normal,baseline,passengers_accept,passenger_decisions,8.398602903225807,5.228739619980879,8.398602903225807,0.9282401971722878,0.0
normal,baseline,passengers_acceptance_rate,passenger_decisions,2.1443925806451616,2.2748490224665394,2.1443925806451616,-1.122056420845648,0.0
normal,baseline,passengers_arrivals,demand,1.8026345161290322,1.3091145052581261,1.8026345161290322,0.6453185874206909,0.0
normal,baseline,passengers_change_provider,passenger_decisions,2.5030103225806455,1.5425322777246653,2.5030103225806455,0.84225564857411,0.0
normal,baseline,passengers_departures,demand,1.8866661290322582,1.3029540726577438,1.8866661290322582,0.7900397082708422,0.0
normal,baseline,passengers_drivers_ratio,demand,0.4347470967741936,0.1293827413957935,0.4347470967741936,4.3659869841284165,0.0
normal,baseline,passengers_no_ratings_count,passenger_experience,0.31951580645161276,0.28462709608030595,0.31951580645161276,0.18825690204401357,0.0
normal,baseline,passengers_offers_discarded,passenger_decisions,64.57333322580645,40.25014580544933,64.57333322580645,0.9086969769052318,0.0
normal,baseline,passengers_pickup_accept,passenger_decisions,1.0447309677419354,0.41527717017208415,1.0447309677419354,1.5821747409194156,0.0
normal,baseline,passengers_pickup_reject,passenger_decisions,0.11935548387096775,0.05196587237093691,0.11935548387096775,1.3637464818928442,0.0
normal,baseline,passengers_rating_avg,passenger_experience,4.886636774193549,4.887391627629063,4.886636774193549,-0.03581721188983147,0.0
normal,baseline,passengers_ratings_count,passenger_experience,1.4834403225806454,1.0252441085086041,1.4834403225806454,0.7907406256316647,0.0
normal,baseline,passengers_reject,passenger_decisions,3.9349467741935484,2.433352084130019,3.9349467741935484,0.8347303665312051,0.0
normal,baseline,passengers_unassigned,demand,21.66526806451613,11.492116364722753,21.66526806451613,1.2652183835879893,0.0
normal,baseline,rides_dispatched,matching,2.2539790322580644,1.4356003274378586,2.2539790322580644,0.9048997936945131,0.0
normal,baseline,rides_duration_avg,trip,721.2530219354838,561.1761058556405,721.2530219354838,0.6849547969344614,0.0
normal,baseline,rides_in_progress,matching,1650.0715587096772,1149.5705369287762,1650.0715587096772,0.6058321663246042,0.0
normal,baseline,rides_length_avg,trip,5744.065723225806,4537.07051496415,5744.065723225806,1.0433016772513992,0.0
normal,baseline,rides_offers_generated,matching,71.68360225806454,44.61262184034417,71.68360225806454,0.9167376205867277,0.0
normal,baseline,rides_offers_lyft,matching,26.513494516129033,16.611702956500956,26.513494516129033,0.8859604818879078,0.0
normal,baseline,rides_offers_price_lyft_avg,market,21.242871935483876,20.78385077676864,21.242871935483876,0.8574786533107996,0.0
normal,baseline,rides_offers_price_no_surge_avg,market,20.405293225806453,19.892093424952197,20.405293225806453,0.8655011337736295,0.0
normal,baseline,rides_offers_price_uber_avg,market,19.90881935483871,19.370232222753344,19.90881935483871,0.8614874875843698,0.0
normal,baseline,rides_offers_radius_avg,matching,2097.5590425806454,1302.903958714149,2097.5590425806454,1.6761404510807032,0.0
normal,baseline,rides_offers_surge_lyft_avg,market,1.0,1.0,1.0,,
normal,baseline,rides_offers_surge_uber_avg,market,1.0,1.0,1.0,,
normal,baseline,rides_offers_uber,matching,45.17139806451613,28.00094523422562,45.17139806451613,0.9132327474396854,0.0
normal,baseline,rides_partial_acceptances,matching,5.0813977419354845,3.1351235779158695,5.0813977419354845,0.9027444790081393,0.0
normal,baseline,rides_waiting_duration_avg,passenger_experience,742.3705074193547,494.25534740200766,742.3705074193547,1.0759459355474,0.0
normal,baseline,traffic_duration_avg,trip,577.8118529032257,511.9310656118547,577.8118529032257,0.4340666905998613,0.0
normal,baseline,traffic_length_avg,trip,3867.029882258065,3744.8521059249524,3867.029882258065,1.532476054999589,0.0
normal,baseline,traffic_speed_avg,trip,6.693976451612904,6.8899997394837476,6.693976451612904,-0.20134911491830465,0.0
normal,managers_drivers,drivers_accept,driver_decisions,2.4905633846153847,1.4185295180722892,2.517590307692308,1.1853720275889894,-0.02988427847945802
normal,managers_drivers,drivers_acceptance_rate,driver_decisions,1.7433424615384614,2.3537944506024098,2.0854881538461543,-3.0185420309207167,-1.6918302690976212
normal,managers_drivers,drivers_busy,supply,3188.6250136923077,1152.186628612048,3344.633324307692,2.0941048922750425,-0.1604260501514584
normal,managers_drivers,drivers_change_provider,driver_decisions,0.8949746153846154,0.43716307951807226,0.7716144615384615,1.699728356491282,0.45800233311411903
normal,managers_drivers,drivers_change_zone,driver_decisions,1.6270253846153848,0.7909630096385544,1.5034863076923077,1.6073777791748949,0.23751094780629875
normal,managers_drivers,drivers_demand_pressure,market,0.0,0.0,0.0,,
normal,managers_drivers,drivers_idle,supply,8091.314124153846,5447.619295187952,8264.27861123077,0.8023149864085821,-0.052491686475239344
normal,managers_drivers,drivers_idle_duration_avg,supply,948.2400123076924,295.64771825783134,1116.7667055384613,5.499219371004533,-1.4201290214364286
normal,managers_drivers,drivers_occupied_distance_avg,supply,6712.269579384616,2159.749936033735,6179.830494615385,4.094282835988341,0.4788460845334098
normal,managers_drivers,drivers_occupied_duration_avg,supply,788.3478399999999,241.74292041445784,729.2100573846153,4.5555538065826395,0.4928703366055431
normal,managers_drivers,drivers_passengers_served,supply,2.316641076923077,0.943784269879518,2.1586407692307694,1.5942345099864395,0.1834783801334646
normal,managers_drivers,drivers_pickup,supply,777.5152863076922,327.18194210361446,720.2537907692307,1.575298018080132,0.20030477777182987
normal,managers_drivers,drivers_pickup_accept,driver_decisions,0.8963590769230769,0.3905297686746988,0.8098201538461538,1.3925599766774257,0.2382436895936348
normal,managers_drivers,drivers_pickup_reject,driver_decisions,0.2611538461538461,0.08879357108433734,0.19989723076923077,2.1137347788223244,0.7512185642497253
normal,managers_drivers,drivers_reject,driver_decisions,1.4450003076923077,0.6596279927710843,1.2334356923076923,1.7320941999251465,0.4665937877551023
normal,managers_drivers,drivers_removed,supply,0.5403843076923077,0.2322803469879518,0.46140969230769235,2.0274465800314934,0.5196843737574752
normal,managers_drivers,drivers_shift_duration_avg,supply,4997.394939846155,1714.158570118072,4760.061067846154,3.513832700242617,0.2540028881252506
normal,managers_drivers,drivers_starting,supply,0.3313066153846154,0.24133807710843375,0.3914864615384615,0.5779328353419133,-0.3865785727380219
normal,managers_drivers,drivers_total_length_avg,supply,30365.12868323077,10617.821210951806,27133.81021415384,3.302968755204132,0.5404759082450963
normal,managers_drivers,drivers_waiting,supply,2.9222820000000005,1.5996771686746987,2.8849233846153846,1.2304617064386443,0.03475591843277741
normal,managers_drivers,passengers_accept,passenger_decisions,10.483358615384615,5.21532491566265,9.892588923076923,1.542653484769341,0.17299679092460465
normal,managers_drivers,passengers_acceptance_rate,passenger_decisions,1.4087526153846153,2.223700074698795,2.041767230769231,-7.009366625431585,-5.444561447214433
normal,managers_drivers,passengers_arrivals,demand,2.3023596923076926,1.2779123831325303,2.487923076923077,1.3395503239619826,-0.2426396064988044
normal,managers_drivers,passengers_change_provider,passenger_decisions,4.291896923076923,1.5811084313253014,3.0832053846153844,2.377125569392738,1.059917278802152
normal,managers_drivers,passengers_departures,demand,2.1645380000000003,1.276183946987952,2.3552306153846154,1.2023650517723006,-0.2580976983130942
normal,managers_drivers,passengers_drivers_ratio,demand,0.17612000000000003,0.13651623373493976,0.15644969230769232,0.566240050583022,0.2812388081509897
normal,managers_drivers,passengers_no_ratings_count,passenger_experience,0.6599747692307691,0.28329566746987955,0.6173843076923077,2.032532587405313,0.22981498199628478
normal,managers_drivers,passengers_offers_discarded,passenger_decisions,84.27279476923077,40.27525826746988,76.76589784615385,1.6437166609572875,0.2804523281447062
normal,managers_drivers,passengers_pickup_accept,passenger_decisions,0.936256,0.4217221493975904,0.8905638461538461,1.293315672912112,0.11485032253787643
normal,managers_drivers,passengers_pickup_reject,passenger_decisions,0.22210246153846153,0.05761820963855421,0.11869292307692308,3.328626102187461,2.092672611282546
normal,managers_drivers,passengers_rating_avg,passenger_experience,4.817282153846153,4.878836640963856,4.862848307692308,-2.920712822034045,-2.162078769899532
normal,managers_drivers,passengers_ratings_count,passenger_experience,1.6519741538461539,0.9955755108433734,1.8756670769230768,1.1327921481913132,-0.3860422162183359
normal,managers_drivers,passengers_reject,passenger_decisions,7.457128307692308,2.5202405710843374,4.865666615384614,2.7443957661623277,1.4405829899279006
normal,managers_drivers,passengers_unassigned,demand,23.657641230769226,11.540430961445782,21.454974769230766,1.5069977960576928,0.2739420567283754
normal,managers_drivers,rides_dispatched,matching,2.4905633846153847,1.4185295180722892,2.517590307692308,1.1853720275889894,-0.02988427847945802
normal,managers_drivers,rides_duration_avg,trip,1163.087720615385,552.1775134722891,1114.6681523076923,2.6140300995689847,0.20718299921087804
normal,managers_drivers,rides_in_progress,matching,2894.6510252307694,1105.9768557686748,2865.3771540000002,2.1651031661798585,0.035434598637459055
normal,managers_drivers,rides_length_avg,trip,6372.012847230769,4497.676810804819,6559.851864461539,1.6201372773900968,-0.16236415885392078
normal,managers_drivers,rides_offers_generated,matching,92.95200015384617,44.65015501445784,84.5292316923077,1.6357042818458905,0.2852304792451964
normal,managers_drivers,rides_offers_lyft,matching,35.61561553846153,16.617061443373494,31.10969230769231,1.6998911802875714,0.4031664262817674
normal,managers_drivers,rides_offers_price_lyft_avg,market,21.798403384615387,20.674914831325303,21.575081846153846,2.0987430173843666,0.4171778324800395
normal,managers_drivers,rides_offers_price_no_surge_avg,market,21.12489076923077,19.798445768674696,20.85535169230769,2.2370227929914517,0.4545722275903133
normal,managers_drivers,rides_offers_price_uber_avg,market,20.70547969230769,19.27837385060241,20.43638907692308,2.282701818974757,0.43041911766929575
normal,managers_drivers,rides_offers_radius_avg,matching,1581.0765687692308,1351.675467754217,1454.7943867692304,0.48386837602905647,0.2663629514216969
normal,managers_drivers,rides_offers_surge_lyft_avg,market,1.0,1.0,1.0,,
normal,managers_drivers,rides_offers_surge_uber_avg,market,1.0,1.0,1.0,,
normal,managers_drivers,rides_offers_uber,matching,57.33846215384616,28.033023592771084,53.42225661538461,1.5586476627362593,0.20828845801425735
normal,managers_drivers,rides_partial_acceptances,matching,6.5482573846153835,3.1371670674698797,6.143333538461539,1.5821732662994914,0.1878166875416842
normal,managers_drivers,rides_waiting_duration_avg,passenger_experience,805.7141836923075,471.45618279277113,770.8588129230768,1.4495024708160147,0.15114954889709056
normal,managers_drivers,traffic_duration_avg,trip,925.0088806153846,509.5015089036145,767.6605476923078,2.737640474165942,1.0367160586781718
normal,managers_drivers,traffic_length_avg,trip,4041.7529204615385,3741.918911407229,3939.5085747692306,3.7608184822212145,1.2824510007888983
normal,managers_drivers,traffic_speed_avg,trip,4.825897538461539,6.943169108433735,5.148286307692307,-2.174796481000152,-0.33114786538519086
underground_alarm,bank_tellers,drivers_accept,driver_decisions,2.8143519135802473,1.3690092676767678,2.5488581481481485,1.5981479654743438,0.2935624450534383
underground_alarm,bank_tellers,drivers_acceptance_rate,driver_decisions,1.8786819753086423,2.3913656540404045,2.124481728395062,-2.535100647623186,-1.2154221776211909
underground_alarm,bank_tellers,drivers_busy,supply,3551.360142222222,1130.6748342373737,3206.0090388271606,2.489232663874386,0.35513052615322765
underground_alarm,bank_tellers,drivers_change_provider,driver_decisions,0.9681173148148148,0.4182736111111111,0.792062160493827,2.0414184912453073,0.6536443812832728
underground_alarm,bank_tellers,drivers_change_zone,driver_decisions,1.689089413580247,0.7581729292929293,1.4502055555555555,1.7897402345758198,0.45926789278503355
underground_alarm,bank_tellers,drivers_demand_pressure,market,0.0,0.0,0.0,,
underground_alarm,bank_tellers,drivers_idle,supply,6448.603379691357,5291.728932270203,8392.792632253086,0.3510910928105136,-0.5900273195885191
underground_alarm,bank_tellers,drivers_idle_duration_avg,supply,1027.950178302469,265.9331054242424,1139.7862644753088,6.421312489307366,-0.9424125553833504
underground_alarm,bank_tellers,drivers_occupied_distance_avg,supply,5406.30170574074,1965.0125318131313,6258.6809775,3.0949039877428515,-0.7665824851987801
underground_alarm,bank_tellers,drivers_occupied_duration_avg,supply,648.4340897530865,223.05136438636362,745.3742786419754,3.5452551273563926,-0.8079258540857428
underground_alarm,bank_tellers,drivers_passengers_served,supply,2.751342469135803,0.8574625505050505,2.1409157098765434,2.1992743223916267,0.7088600941026025
underground_alarm,bank_tellers,drivers_pickup,supply,1348.772522962963,302.1585931085859,661.9748996604939,3.661129851063179,2.402466858683763
underground_alarm,bank_tellers,drivers_pickup_accept,driver_decisions,1.4436732098765432,0.35499024747474744,0.733642037037037,2.9971697883249657,1.954732510288066
underground_alarm,bank_tellers,drivers_pickup_reject,driver_decisions,0.37382157407407407,0.07959726767676768,0.17314814814814813,3.608210470516248,2.460952208355419
underground_alarm,bank_tellers,drivers_reject,driver_decisions,1.5171090740740738,0.6161761060606061,1.2174486111111111,1.9869566812703356,0.6608841946473426
underground_alarm,bank_tellers,drivers_removed,supply,0.5196350308641975,0.20978239141414143,0.420091975308642,2.0389535815463016,0.655032889193049
underground_alarm,bank_tellers,drivers_shift_duration_avg,supply,4410.593967037037,1544.9342405202021,4903.632148425926,3.066927787364003,-0.5276664513727687
underground_alarm,bank_tellers,drivers_starting,supply,0.41341570987654325,0.2371780328282828,0.41945429012345675,1.1321017584825914,-0.03879015787524815
underground_alarm,bank_tellers,drivers_total_length_avg,supply,24872.71993472222,9601.947760305555,27881.25566583333,2.5542157294478964,-0.5032128827043789
underground_alarm,bank_tellers,drivers_waiting,supply,3.2817848765432096,1.5303724065656565,2.897623209876543,1.629395209699227,0.3573979231886822
underground_alarm,bank_tellers,passengers_accept,passenger_decisions,11.24671824074074,4.96294741919192,9.697036666666667,1.840094712352695,0.4537977197553574
underground_alarm,bank_tellers,passengers_acceptance_rate,passenger_decisions,1.1385760802469136,2.3036786136363636,2.073888148148148,-10.021051933358303,-8.044623144941735
underground_alarm,bank_tellers,passengers_arrivals,demand,1.9281993827160495,1.2541973383838385,2.449243827160494,0.8813139033604303,-0.6813090806164703
underground_alarm,bank_tellers,passengers_change_provider,passenger_decisions,4.790030833333334,1.4564141363636365,2.9663270679012346,2.9232916965058857,1.5992294732685741
underground_alarm,bank_tellers,passengers_departures,demand,2.0117643209876546,1.2439296767676766,2.347474135802469,1.0392450381915448,-0.45437486045308695
underground_alarm,bank_tellers,passengers_drivers_ratio,demand,0.3007080864197531,0.13011737626262623,0.15145805555555558,2.4390430875152567,2.133921921981937
underground_alarm,bank_tellers,passengers_no_ratings_count,passenger_experience,0.5202312037037037,0.27299318181818183,0.5601332716049383,1.334078089224454,-0.21530860866712337
underground_alarm,bank_tellers,passengers_offers_discarded,passenger_decisions,91.52211932098766,38.176768967171725,75.15902796296297,1.9929443358189298,0.6113134513536896
underground_alarm,bank_tellers,passengers_pickup_accept,passenger_decisions,1.4217642283950618,0.3862799343434344,0.8020473148148148,2.6027598864163677,1.557700423720773
underground_alarm,bank_tellers,passengers_pickup_reject,passenger_decisions,0.395931512345679,0.048294280303030304,0.1046912037037037,7.035046524536079,5.893756284612179
underground_alarm,bank_tellers,passengers_rating_avg,passenger_experience,4.895544629629629,4.886016037878787,4.8757775,0.45212431141530496,0.9379350176969331
underground_alarm,bank_tellers,passengers_ratings_count,passenger_experience,1.412891049382716,0.9820395000000001,1.89223237654321,0.743550062724208,-0.8272321972315702
underground_alarm,bank_tellers,passengers_reject,passenger_decisions,9.967829197530865,2.2820989116161616,4.692330462962963,4.272466132888454,2.9326282394848273
underground_alarm,bank_tellers,passengers_unassigned,demand,32.60668734567901,10.933583335858586,20.944598981481484,2.695448807983106,1.4503950225877376
underground_alarm,bank_tellers,rides_dispatched,matching,2.8143519135802473,1.3690092676767678,2.5488581481481485,1.5981479654743438,0.2935624450534383
underground_alarm,bank_tellers,rides_duration_avg,trip,1179.8915250925925,559.532149580808,1047.4418074074074,2.6544622453128865,0.5667404876530242
underground_alarm,bank_tellers,rides_in_progress,matching,3142.7565124691364,1083.965689361111,2751.136589537037,2.4920662498043,0.4740368869610209
underground_alarm,bank_tellers,rides_length_avg,trip,6124.083086234567,4485.347478123737,6456.380821018519,1.4164891432965716,-0.28723128449386626
underground_alarm,bank_tellers,rides_offers_generated,matching,101.19248462962962,42.33418984595959,82.96009790123456,1.9931902088205788,0.617425544590358
underground_alarm,bank_tellers,rides_offers_lyft,matching,39.3543313271605,16.038944856060606,30.959624444444447,2.0861387466041905,0.7511144332145696
underground_alarm,bank_tellers,rides_offers_price_lyft_avg,market,23.247485061728398,20.87279387121212,21.576706388888887,4.436063491653015,3.1211133063598355
underground_alarm,bank_tellers,rides_offers_price_no_surge_avg,market,22.838252746913582,19.980956694444444,20.835279197530866,4.818772277040034,3.377974572522586
underground_alarm,bank_tellers,rides_offers_price_uber_avg,market,22.581049567901236,19.436544858585858,20.395428796296297,5.029736695038533,3.4959709119892564
underground_alarm,bank_tellers,rides_offers_radius_avg,matching,1977.4139804938272,1281.2518606237372,1345.362290925926,1.4683924048491797,1.3331663328748617
underground_alarm,bank_tellers,rides_offers_surge_lyft_avg,market,1.0,1.0,1.0,,
underground_alarm,bank_tellers,rides_offers_surge_uber_avg,market,1.0,1.0,1.0,,
underground_alarm,bank_tellers,rides_offers_uber,matching,61.838065956790125,26.29530215909091,52.00079737654321,1.890387874763083,0.523207856055651
underground_alarm,bank_tellers,rides_partial_acceptances,matching,6.9154733950617295,2.9777188914141415,5.931378703703704,1.8264570344579008,0.4564547307199024
underground_alarm,bank_tellers,rides_waiting_duration_avg,passenger_experience,918.1578275308643,462.5316516464647,778.1069210493827,1.9758128928419774,0.607327676341679
underground_alarm,bank_tellers,traffic_duration_avg,trip,1064.5249369753085,513.4858123030303,754.8537980246914,3.630614312177,2.04032058487847
underground_alarm,bank_tellers,traffic_length_avg,trip,4011.150650308642,3726.6697972449497,3918.0479365740744,3.568243820687477,1.1677874956956318
underground_alarm,bank_tellers,traffic_speed_avg,trip,3.7814379012345674,7.013798247474748,5.284986543209876,-3.3201815043593537,-1.5443990945495003
underground_alarm,bank_tellers_drivers,drivers_accept,driver_decisions,2.7543153172205437,1.370297182920667,2.5509870392749243,1.5303400697267284,0.2248246633026378
underground_alarm,bank_tellers_drivers,drivers_acceptance_rate,driver_decisions,1.6412261329305136,2.365399113188479,2.1253884290030216,-3.5808656826848293,-2.3940690941525444
underground_alarm,bank_tellers_drivers,drivers_busy,supply,3397.658873897281,1106.0643779888833,3203.72521305136,2.3564863440752735,0.19942534521526736
underground_alarm,bank_tellers_drivers,drivers_change_provider,driver_decisions,1.029335256797583,0.41799823143001513,0.7922602416918431,2.269726286873636,0.8801943468464571
underground_alarm,bank_tellers_drivers,drivers_change_zone,driver_decisions,1.8060624773413894,0.7611723395654371,1.450704682779456,2.008861108223659,0.6831957037311698
underground_alarm,bank_tellers_drivers,drivers_demand_pressure,market,0.0,0.0,0.0,,
underground_alarm,bank_tellers_drivers,drivers_idle,supply,6540.620744561934,5142.636979219303,8388.319963323262,0.424263539573902,-0.5607442876330441
underground_alarm,bank_tellers_drivers,drivers_idle_duration_avg,supply,871.638651570997,242.7387999671551,1137.9805732930513,5.299569544254351,-2.2443915881308065
underground_alarm,bank_tellers_drivers,drivers_occupied_distance_avg,supply,5154.935662779456,1937.930292486104,6255.236566193353,2.893195615336134,-0.989549404767449
underground_alarm,bank_tellers_drivers,drivers_occupied_duration_avg,supply,622.1126866767371,220.33022192521477,744.8297949848943,3.3485641477665284,-1.0227576991255944
underground_alarm,bank_tellers_drivers,drivers_passengers_served,supply,2.7230009667673714,0.8768207908034361,2.13940084592145,2.1438828383805055,0.6777075714752996
underground_alarm,bank_tellers_drivers,drivers_pickup,supply,1255.232560422961,305.0650649014654,663.3421793957705,3.3237533747020747,2.07047458544462
underground_alarm,bank_tellers_drivers,drivers_pickup_accept,driver_decisions,1.3832579456193355,0.3625766826680142,0.7360474320241692,2.8099595111492532,1.7817857585960852
underground_alarm,bank_tellers_drivers,drivers_pickup_reject,driver_decisions,0.3880717824773414,0.08077585901970694,0.17316214501510574,3.7685138326727547,2.6355375380135104
underground_alarm,bank_tellers_drivers,drivers_reject,driver_decisions,1.687285770392749,0.6220112708438605,1.2178751963746224,2.3494026297347532,1.0352584591957321
underground_alarm,bank_tellers_drivers,drivers_removed,supply,0.6313144712990936,0.2184012152602324,0.4196318731117825,2.717133421108344,1.3929556723837888
underground_alarm,bank_tellers_drivers,drivers_shift_duration_avg,supply,4117.430224229607,1483.6765950378979,4900.151292175226,2.8187338907320156,-0.837695058776388
underground_alarm,bank_tellers_drivers,drivers_starting,supply,0.34865030211480363,0.2372423193532087,0.420261419939577,0.7156538562345104,-0.46000987855808884
underground_alarm,bank_tellers_drivers,drivers_total_length_avg,supply,24117.917211661632,9377.905368986863,27867.24263277946,2.4654398396357675,-0.6271186457409011
underground_alarm,bank_tellers_drivers,drivers_waiting,supply,3.290679788519638,1.5373307453259224,2.8998185498489426,1.631196865891436,0.363630749959945
underground_alarm,bank_tellers_drivers,passengers_accept,passenger_decisions,11.854919365558912,4.998478602829712,9.702381299093656,2.007791301011798,0.6303339231688175
underground_alarm,bank_tellers_drivers,passengers_acceptance_rate,passenger_decisions,1.1107818429003022,2.2717963112683175,2.0754289728096675,-9.985890468411895,-8.29693414026381
underground_alarm,bank_tellers_drivers,passengers_arrivals,demand,1.9440890030211477,1.2522089969681658,2.450619335347432,0.9046908298263906,-0.6623306681439384
underground_alarm,bank_tellers_drivers,passengers_change_provider,passenger_decisions,5.148439123867069,1.4556046892369883,2.965860936555891,3.2382943873355727,1.9139311060391035
underground_alarm,bank_tellers_drivers,passengers_departures,demand,1.9741640483383687,1.2458733577564427,2.3479907854984896,0.9857232833213017,-0.5059651640642686
underground_alarm,bank_tellers_drivers,passengers_drivers_ratio,demand,0.3161735951661631,0.1359188175846387,0.15173646525679757,2.5772163610015295,2.3510614655796402
underground_alarm,bank_tellers_drivers,passengers_no_ratings_count,passenger_experience,0.5498590030211481,0.2706968468923699,0.5601254682779455,1.506338357635388,-0.055397087585578965
underground_alarm,bank_tellers_drivers,passengers_offers_discarded,passenger_decisions,96.70813682779456,38.394832377463366,75.19321262839878,2.1785435663346275,0.8037822609537376
underground_alarm,bank_tellers_drivers,passengers_pickup_accept,passenger_decisions,1.3869786102719033,0.3939388605356241,0.8039980060422962,2.496072650331933,1.4653612227284492
underground_alarm,bank_tellers_drivers,passengers_pickup_reject,passenger_decisions,0.3845620241691843,0.04941098787266296,0.10518111782477342,6.782366546984957,5.653760567161752
underground_alarm,bank_tellers_drivers,passengers_rating_avg,passenger_experience,4.8702196374622355,4.881995497726123,4.8759867975830815,-0.5587554648526464,-0.2736472887747285
underground_alarm,bank_tellers_drivers,passengers_ratings_count,passenger_experience,1.3982933836858007,0.981974388580091,1.8936000906344412,0.7184702372954905,-0.8547847478952497
underground_alarm,bank_tellers_drivers,passengers_reject,passenger_decisions,10.760835921450152,2.292786819100556,4.691193564954682,4.70735397360087,3.3740894413634597
underground_alarm,bank_tellers_drivers,passengers_unassigned,demand,34.72731114803626,11.090082862556846,20.964572175226586,2.9397237597923533,1.7116495330818022
underground_alarm,bank_tellers_drivers,rides_dispatched,matching,2.7543153172205437,1.370297182920667,2.5509870392749243,1.5303400697267284,0.2248246633026378
underground_alarm,bank_tellers_drivers,rides_duration_avg,trip,1197.978269939577,546.4191828777161,1046.673252960725,2.7879630186444846,0.6474206257710675
underground_alarm,bank_tellers_drivers,rides_in_progress,matching,3052.086329516616,1064.6310556139465,2749.841812749245,2.405718033856091,0.36585230076326863
underground_alarm,bank_tellers_drivers,rides_length_avg,trip,6131.888024833837,4444.968369517433,6459.355961691843,1.4581384364522068,-0.2830565071273662
underground_alarm,bank_tellers_drivers,rides_offers_generated,matching,107.162915407855,42.58474018696312,83.00252788519639,2.1868894949619446,0.8181726641668654
underground_alarm,bank_tellers_drivers,rides_offers_lyft,matching,42.203152054380666,16.076480543203637,30.977975770392742,2.3376778174715396,1.0043700203089514
underground_alarm,bank_tellers_drivers,rides_offers_price_lyft_avg,market,22.978167885196374,20.651790790803435,21.579916012084592,4.345809904659938,2.6120171377306947
underground_alarm,bank_tellers_drivers,rides_offers_price_no_surge_avg,market,22.616817009063443,19.802981149570492,20.83939350453172,4.745477536410169,2.9975889620521965
underground_alarm,bank_tellers_drivers,rides_offers_price_uber_avg,market,22.383815468277945,19.28221153865589,20.399951268882173,4.9611155143387435,3.173254767949333
underground_alarm,bank_tellers_drivers,rides_offers_radius_avg,matching,1967.7838061631421,1294.5564536634663,1345.3826350755287,1.4200168364973949,1.312810804134005
underground_alarm,bank_tellers_drivers,rides_offers_surge_lyft_avg,market,1.0,1.0,1.0,,
underground_alarm,bank_tellers_drivers,rides_offers_surge_uber_avg,market,1.0,1.0,1.0,,
underground_alarm,bank_tellers_drivers,rides_offers_uber,matching,64.95969274924471,26.508231018191005,52.02471305135952,2.0450907373727065,0.6879636294004707
underground_alarm,bank_tellers_drivers,rides_partial_acceptances,matching,7.413121873111782,3.0061699418898433,5.934169274924471,2.0440858737745478,0.6859857246272741
underground_alarm,bank_tellers_drivers,rides_waiting_duration_avg,passenger_experience,917.5365776737161,467.33911455280446,778.2026463141993,1.9522713993164678,0.6042185294910278
underground_alarm,bank_tellers_drivers,traffic_duration_avg,trip,1086.1471514803625,508.081465535624,754.3319987311178,3.8086833743748616,2.186220158659473
underground_alarm,bank_tellers_drivers,traffic_length_avg,trip,4015.3065919637465,3728.876150869126,3917.969210090634,3.592697506653781,1.220902945313049
underground_alarm,bank_tellers_drivers,traffic_speed_avg,trip,3.8402932930513596,7.048193880747852,5.285616344410876,-3.2950571898588645,-1.484591551969101
underground_alarm,baseline,drivers_accept,driver_decisions,2.8235127490039837,1.3793939469734868,2.544130358565737,1.5967947336983292,0.30891941100176995
underground_alarm,baseline,drivers_acceptance_rate,driver_decisions,1.8322100000000001,2.4336550975487743,2.089241155378486,-2.974005063077946,-1.2709588299577108
underground_alarm,baseline,drivers_busy,supply,3798.9993449402386,1235.9063395722862,3262.0350584462153,2.6356729676775523,0.552169683876684
underground_alarm,baseline,drivers_change_provider,driver_decisions,0.987516533864542,0.41559691345672845,0.7974895219123506,2.123380300151,0.7055180470782276
underground_alarm,baseline,drivers_change_zone,driver_decisions,1.7148406772908367,0.764059592296148,1.4625762151394421,1.8279310666535042,0.48499287023757637
underground_alarm,baseline,drivers_demand_pressure,market,0.0,0.0,0.0,,
underground_alarm,baseline,drivers_idle,supply,6147.734010717132,5212.259657266134,8345.622896374502,0.28390004963931387,-0.6670207060599109
underground_alarm,baseline,drivers_idle_duration_avg,supply,957.919408247012,272.71597751375685,1094.8146023505974,5.77402463026813,-1.153578903820681
underground_alarm,baseline,drivers_occupied_distance_avg,supply,5131.601447689243,2013.712100835418,6059.7544759362545,2.8040561793026026,-0.8347291852485588
underground_alarm,baseline,drivers_occupied_duration_avg,supply,608.4162841035857,227.47955761130564,724.0253892828686,3.1748301053617842,-0.9635176711809188
underground_alarm,baseline,drivers_passengers_served,supply,2.934003864541833,0.8618880890445223,2.1265007569721117,2.4062513009634747,0.9377156557071984
underground_alarm,baseline,drivers_pickup,supply,1543.9986355776891,305.96446897448726,672.6638137051792,4.330731432762184,3.0479910840400537
underground_alarm,baseline,drivers_pickup_accept,driver_decisions,1.5527489641434264,0.3584070660330165,0.744455657370518,3.288051322168198,2.2252504749596222
underground_alarm,baseline,drivers_pickup_reject,driver_decisions,0.40624183266932273,0.07931380190095048,0.17545824701195217,4.0092715594026735,2.830207199359486
underground_alarm,baseline,drivers_reject,driver_decisions,1.5532470517928285,0.6203404377188595,1.235431673306773,2.0574727484141193,0.7009238335297424
underground_alarm,baseline,drivers_removed,supply,0.5394155776892431,0.2084171035517759,0.4246342231075697,2.1781015825031647,0.7553069563467828
underground_alarm,baseline,drivers_shift_duration_avg,supply,4259.730223545816,1557.318667096048,4719.986048007969,2.8922139703737466,-0.49258164333936705
underground_alarm,baseline,drivers_starting,supply,0.40927633466135455,0.23823319659829914,0.4209622310756972,1.098733486622956,-0.07506694426356943
underground_alarm,baseline,drivers_total_length_avg,supply,24150.343738406373,9656.816928089045,26917.44025,2.4242123273966953,-0.4628293418360051
underground_alarm,baseline,drivers_waiting,supply,3.3061152988047806,1.5464728739369684,2.903240119521912,1.6370518007673498,0.37480770434313304
underground_alarm,baseline,passengers_accept,passenger_decisions,11.712709083665338,4.999569752376187,9.74958139442231,1.9658279300115147,0.5748683367416145
underground_alarm,baseline,passengers_acceptance_rate,passenger_decisions,1.9236519123505977,2.256166775887944,2.0745037450199204,-2.85996178072637,-1.2974772658195368
underground_alarm,baseline,passengers_arrivals,demand,1.9103388446215142,1.2656866408204102,2.4424900000000003,0.8429365382782457,-0.6958320317693478
underground_alarm,baseline,passengers_change_provider,passenger_decisions,3.79284219123506,1.4671980990495248,2.9770051792828687,2.0393874526408227,0.715418051784402
underground_alarm,baseline,passengers_departures,demand,2.027244342629482,1.254430922961481,2.342078047808765,1.0459836865705645,-0.4261195667921598
underground_alarm,baseline,passengers_drivers_ratio,demand,0.3461562549800796,0.13401911455727866,0.1527127091633466,3.0330586318382227,2.7657845073401974
underground_alarm,baseline,passengers_no_ratings_count,passenger_experience,0.4206504382470119,0.2746107178589295,0.5611747410358566,0.7880195353464587,-0.7582587497037352
underground_alarm,baseline,passengers_offers_discarded,passenger_decisions,90.92122179282867,38.48160373186594,75.53421657370518,1.959106821755608,0.5748475676563797
underground_alarm,baseline,passengers_pickup_accept,passenger_decisions,1.686839123505976,0.3882825337668834,0.8135126294820718,3.264009914423709,2.1951652762361755
underground_alarm,baseline,passengers_pickup_reject,passenger_decisions,0.27185306772908363,0.049433496748374196,0.10584298804780876,4.5010484654436596,3.359503892139009
underground_alarm,baseline,passengers_rating_avg,passenger_experience,4.890799760956176,4.88612744122061,4.8762954581673315,0.22169795898411157,0.6882179531288523
underground_alarm,baseline,passengers_ratings_count,passenger_experience,1.4932201195219126,0.9916436293146573,1.8842629482071713,0.8656049427904271,-0.6748494236897828
underground_alarm,baseline,passengers_reject,passenger_decisions,6.122802111553786,2.3122899249624815,4.717563147410359,2.118248189896311,0.7811666113135675
underground_alarm,baseline,passengers_unassigned,demand,35.826334820717136,11.04328584042021,21.080146414342625,3.082227621934518,1.8339595447078652
underground_alarm,baseline,rides_dispatched,matching,2.8235127490039837,1.3793939469734868,2.544130358565737,1.5967947336983292,0.30891941100176995
underground_alarm,baseline,rides_duration_avg,trip,1204.9880881673307,555.2035967533767,1061.1469263346614,2.780369682694368,0.6154834576196526
underground_alarm,baseline,rides_in_progress,matching,3224.4810491633466,1089.4062380640319,2795.273273625498,2.5844043104464096,0.5195351560566622
underground_alarm,baseline,rides_length_avg,trip,6027.201212031872,4451.214100530266,6443.997027928287,1.3622506415118862,-0.360269676979387
underground_alarm,baseline,rides_offers_generated,matching,100.87751661354582,42.65759465232617,83.44279565737054,1.9715722114939171,0.5904132158617849
underground_alarm,baseline,rides_offers_lyft,matching,37.9263013944223,15.992411258129065,31.081248207171313,1.962529685441762,0.612459531571177
underground_alarm,baseline,rides_offers_price_lyft_avg,market,22.978964820717135,20.706479467233617,21.620780557768928,4.245136947559385,2.537168473889996
underground_alarm,baseline,rides_offers_price_no_surge_avg,market,22.59999454183267,19.809279264632313,20.878893864541833,4.706485139775496,2.9026016476511045
underground_alarm,baseline,rides_offers_price_uber_avg,market,22.371536653386453,19.27565116308154,20.44040438247012,4.951968686227285,3.088908347704688
underground_alarm,baseline,rides_offers_radius_avg,matching,2212.698325099602,1291.1428948749374,1367.037080438247,1.943807276733091,1.783726108176873
underground_alarm,baseline,rides_offers_surge_lyft_avg,market,1.0,1.0,1.0,,
underground_alarm,baseline,rides_offers_surge_uber_avg,market,1.0,1.0,1.0,,
underground_alarm,baseline,rides_offers_uber,matching,62.95132780876494,26.665181773386696,52.36162019920319,1.929925620798287,0.5632272992709066
underground_alarm,baseline,rides_partial_acceptances,matching,7.335922788844622,2.999831213106553,5.9698207968127495,2.011218564596737,0.6336419883012766
underground_alarm,baseline,rides_waiting_duration_avg,passenger_experience,954.3058970119521,460.08877891195596,776.5267288446215,2.1431616651737957,0.7709354535259498
underground_alarm,baseline,traffic_duration_avg,trip,1065.7242069322708,515.9051545997999,765.4317775298804,3.622575659565119,1.978527373487548
underground_alarm,baseline,traffic_length_avg,trip,3996.060956374502,3739.847561525763,3923.559315856574,3.2136850445315774,0.9093881995280736
underground_alarm,baseline,traffic_speed_avg,trip,3.7244080876494023,7.009738471735869,5.241231035856574,-3.3745907041711947,-1.5580340551706133
underground_alarm,drivers,drivers_accept,driver_decisions,2.714156296296297,1.3772692257579555,2.519177037037037,1.4782261894128632,0.2155929650163314
underground_alarm,drivers,drivers_acceptance_rate,driver_decisions,1.6555434156378601,2.3477297594587823,2.0766010288065844,-3.4226992613401346,-2.082031225318537
underground_alarm,drivers,drivers_busy,supply,3421.578750576132,1112.6165152442998,3240.50091090535,2.3743458915876516,0.18620548145002455
underground_alarm,drivers,drivers_change_provider,driver_decisions,1.0438957613168725,0.4293777524429968,0.7901709053497942,2.2815364040148918,0.9420106280581513
underground_alarm,drivers,drivers_change_zone,driver_decisions,1.8055485596707819,0.7712996366825356,1.4593962139917696,1.9884027636011539,0.6654977012559985
underground_alarm,drivers,drivers_demand_pressure,market,0.0,0.0,0.0,,
underground_alarm,drivers,drivers_idle,supply,5823.752483786009,4965.921564913555,8405.131588065844,0.260336629808831,-0.7834032575445917
underground_alarm,drivers,drivers_idle_duration_avg,supply,819.524809835391,243.47236744926087,1126.0951177366255,4.8542386705569065,-2.5833853558443685
underground_alarm,drivers,drivers_occupied_distance_avg,supply,4847.90196728395,1913.3077413455273,6154.532097901235,2.6392107472613775,-1.1751104302394395
underground_alarm,drivers,drivers_occupied_duration_avg,supply,585.3342636213993,217.81927027812577,734.9248068312756,3.062969737210955,-1.2467282019072086
underground_alarm,drivers,drivers_passengers_served,supply,3.0481616049382714,0.8960222425457279,2.141694197530864,2.499178956045008,1.0526382763683049
underground_alarm,drivers,drivers_pickup,supply,1444.5170008230452,315.56662947632174,659.6424681893004,3.949148570458484,2.745546852376099
underground_alarm,drivers,drivers_pickup_accept,driver_decisions,1.4097260905349795,0.37323488348784767,0.7280591358024693,2.8534846589062566,1.8766451510515454
underground_alarm,drivers,drivers_pickup_reject,driver_decisions,0.431138683127572,0.08348372588323727,0.17135131687242797,4.263455566318809,3.185894144870117
underground_alarm,drivers,drivers_reject,driver_decisions,1.6667280246913583,0.6349515835630168,1.2313237860082302,2.275524557390424,0.9602594108776501
underground_alarm,drivers,drivers_removed,supply,0.6573592592592594,0.22405521172638435,0.4240939917695474,2.8513129376071378,1.5349782188160683
underground_alarm,drivers,drivers_shift_duration_avg,supply,3757.189297777778,1427.8440832197446,4816.691533292182,2.492945515752053,-1.1339158019375248
underground_alarm,drivers,drivers_starting,supply,0.35246946502057613,0.23728566524680533,0.4166453909465021,0.7399086532267689,-0.41224827636087163
underground_alarm,drivers,drivers_total_length_avg,supply,21890.34902707819,8955.968995923327,27370.27505436214,2.163426744168196,-0.9165818922077043
underground_alarm,drivers,drivers_waiting,supply,3.213552757201646,1.5457643397644698,2.8808297119341564,1.551597070790993,0.30954292344528905
underground_alarm,drivers,passengers_accept,passenger_decisions,12.217139711934156,5.067867344024053,9.694066913580246,2.0935420235644573,0.7388386761673175
underground_alarm,drivers,passengers_acceptance_rate,passenger_decisions,1.8785978189300412,2.2717577774993734,2.068694979423868,-3.3815705056263266,-1.6350265003293287
underground_alarm,drivers,passengers_arrivals,demand,1.9237308230452672,1.2557855124029065,2.4430246913580245,0.8733942187619878,-0.6790200562778641
underground_alarm,drivers,passengers_change_provider,passenger_decisions,4.01418403292181,1.4896387546980705,2.96178316872428,2.2138064811089717,0.922863960484964
underground_alarm,drivers,passengers_departures,demand,2.013367572016461,1.247215382109747,2.3298351028806588,1.0369678782454477,-0.42833090910277255
underground_alarm,drivers,passengers_drivers_ratio,demand,0.37961374485596705,0.14399896767727388,0.15046234567901234,3.368733227412094,3.2763222313935056
underground_alarm,drivers,passengers_no_ratings_count,passenger_experience,0.44189979423868314,0.2727708494111752,0.5655619753086419,0.9126072835694482,-0.66727198742727
underground_alarm,drivers,passengers_offers_discarded,passenger_decisions,95.18892987654321,38.96836882485593,75.10537736625514,2.1003601618769325,0.7503072330208727
underground_alarm,drivers,passengers_pickup_accept,passenger_decisions,1.5870234979423867,0.4065668228514157,0.7933744032921811,2.9671577823333286,1.994890737901652
underground_alarm,drivers,passengers_pickup_reject,passenger_decisions,0.2532850205761317,0.05014733400150338,0.10546617283950617,4.110845859467135,2.991372543499303
underground_alarm,drivers,passengers_rating_avg,passenger_experience,4.8494399588477375,4.8793817313956405,4.875217119341564,-1.4207139575034602,-1.2231063354648135
underground_alarm,drivers,passengers_ratings_count,passenger_experience,1.4866044855967078,0.9837060235529943,1.8808915637860082,0.8678863602376347,-0.6804482475205877
underground_alarm,drivers,passengers_reject,passenger_decisions,6.540535102880659,2.342602480581308,4.704183868312757,2.3336136306775215,1.0208201648915285
underground_alarm,drivers,passengers_unassigned,demand,37.23689325102881,11.236291663743424,20.914657283950618,3.233652665697364,2.029970024651048
underground_alarm,drivers,rides_dispatched,matching,2.714156296296297,1.3772692257579555,2.519177037037037,1.4782261894128632,0.2155929650163314
underground_alarm,drivers,rides_duration_avg,trip,1195.6543651851853,544.3734607992984,1063.4269666666667,2.7867726998714923,0.565789203836545
underground_alarm,drivers,rides_in_progress,matching,3062.3310699588474,1073.2356765271861,2775.9858986419754,2.4077033188486068,0.3466069156826451
underground_alarm,drivers,rides_length_avg,trip,6057.5665717283955,4425.876732149837,6443.224052510289,1.4103989268011548,-0.3333543445659432
underground_alarm,drivers,rides_offers_generated,matching,105.8617351440329,43.21061019794538,82.98002086419753,2.1216314416363717,0.7748713929145553
underground_alarm,drivers,rides_offers_lyft,matching,40.691611893004115,16.293288168378854,30.931707736625512,2.1830343038586535,0.8732651396965752
underground_alarm,drivers,rides_offers_price_lyft_avg,market,22.863407201646087,20.748927221247808,21.592957901234566,3.949973572284449,2.3732743786051587
underground_alarm,drivers,rides_offers_price_no_surge_avg,market,22.553105761316868,19.84872710849411,20.85604061728395,4.5608801606608935,2.862066204630754
underground_alarm,drivers,rides_offers_price_uber_avg,market,22.361378271604938,19.30853744424956,20.41997518518518,4.88311735961885,3.1053368483434403
underground_alarm,drivers,rides_offers_radius_avg,matching,2133.3876341975306,1344.5906332823854,1355.9379029629629,1.6637841848214217,1.6398497532584912
underground_alarm,drivers,rides_offers_surge_lyft_avg,market,1.0,1.0,1.0,,
underground_alarm,drivers,rides_offers_surge_uber_avg,market,1.0,1.0,1.0,,
underground_alarm,drivers,rides_offers_uber,matching,65.1699247325103,26.917349496366825,52.04805905349794,2.0345127018385996,0.6979034020837889
underground_alarm,drivers,rides_partial_acceptances,matching,7.835459341563785,3.0555880731646203,5.943710658436215,2.217057841946203,0.8774538094043778
underground_alarm,drivers,rides_waiting_duration_avg,passenger_experience,1028.026655144033,467.36614528940123,775.8873222222223,2.4312919724770077,1.0933966728590372
underground_alarm,drivers,traffic_duration_avg,trip,1078.2888026337448,510.4098314883488,763.9304875720164,3.7415664839606757,2.0712028360848898
underground_alarm,drivers,traffic_length_avg,trip,3999.8707788065844,3734.372765151591,3922.18026707819,3.330142033907375,0.9744722198889966
underground_alarm,drivers,traffic_speed_avg,trip,3.8071472016460906,7.034920483588073,5.262529423868313,-3.3154698124652557,-1.4949240240545214
underground_alarm,managers,drivers_accept,driver_decisions,2.762065785714286,1.3728086488530375,2.5172978571428573,1.5361329530324979,0.27064541973386214
underground_alarm,managers,drivers_acceptance_rate,driver_decisions,1.8899624285714285,2.4406723519032014,2.098106392857143,-2.723131515995343,-1.029223126362968
underground_alarm,managers,drivers_busy,supply,3553.1109326428573,1120.726675860852,3203.447999857143,2.5012628957194005,0.35956445505958456
underground_alarm,managers,drivers_change_provider,driver_decisions,0.9362024285714287,0.4156973607259894,0.7890351428571429,1.9324922030191392,0.5463916679228141
underground_alarm,managers,drivers_change_zone,driver_decisions,1.6815059642857144,0.7542189740357954,1.4443569642857141,1.7827623245059832,0.45593252891461755
underground_alarm,managers,drivers_demand_pressure,market,0.0,0.0,0.0,,
underground_alarm,managers,drivers_idle,supply,6429.663762714285,5242.4766059667245,8454.420911892856,0.3602904681335482,-0.6144782623262609
underground_alarm,managers,drivers_idle_duration_avg,supply,927.8175120357143,250.2028333022435,1159.3863302857144,5.710076262536139,-1.9513680174466344
underground_alarm,managers,drivers_occupied_distance_avg,supply,5458.47923625,2025.7556855306277,6255.296302785714,3.0872005428752947,-0.7166129296563494
underground_alarm,managers,drivers_occupied_duration_avg,supply,648.5025958928571,230.70765102344342,747.7691651785715,3.482016504560535,-0.8273145399401498
underground_alarm,managers,drivers_passengers_served,supply,2.79372025,0.866636410385682,2.133595357142857,2.237832485506145,0.7665722161951348
underground_alarm,managers,drivers_pickup,supply,1360.1404384999998,305.089132304008,646.6416657142856,3.69064439267953,2.4958693757364556
underground_alarm,managers,drivers_pickup_accept,driver_decisions,1.4170596071428572,0.36139054701285606,0.7133214285714287,2.9062817392776648,1.9374077491319124
underground_alarm,managers,drivers_pickup_reject,driver_decisions,0.37696978571428574,0.07924933198890849,0.168155,3.6510853626353854,2.5607935164794737
underground_alarm,managers,drivers_reject,driver_decisions,1.488654642857143,0.6142441542727503,1.2184108928571429,1.928462853675531,0.5960072987650106
underground_alarm,managers,drivers_removed,supply,0.5283160357142858,0.21000965717166625,0.4188565,2.0945825464337173,0.7202872719598447
underground_alarm,managers,drivers_shift_duration_avg,supply,4413.427125107143,1533.0780818830353,4915.233066142858,3.0826488002847117,-0.5370500098758791
underground_alarm,managers,drivers_starting,supply,0.4119523928571428,0.23624901941013363,0.4135768214285714,1.128669540941648,-0.010434876770079475
underground_alarm,managers,drivers_total_length_avg,supply,25787.40392153571,9695.5462993093,27795.776663142857,2.6915518996207406,-0.3359238936064686
underground_alarm,managers,drivers_waiting,supply,3.239107142857143,1.534953708091757,2.8694163928571426,1.5854286130752469,0.34393516515720357
underground_alarm,managers,passengers_accept,passenger_decisions,11.184357,4.961095243256869,9.62526157142857,1.8223756685873604,0.456554405887837
underground_alarm,managers,passengers_acceptance_rate,passenger_decisions,1.3466998214285715,2.2470022409881523,2.0671113928571425,-7.743505008000001,-6.196263044485923
underground_alarm,managers,passengers_arrivals,demand,1.9071904642857143,1.2601591908243006,2.446,0.846047370339254,-0.7045384195513257
underground_alarm,managers,passengers_change_provider,passenger_decisions,4.673083428571428,1.450075596168389,2.951059392857143,2.826297349302868,1.5100652001662576
underground_alarm,managers,passengers_departures,demand,2.0091069642857144,1.2501436425510462,2.3298687500000006,1.0272379244927081,-0.4341430759270736
underground_alarm,managers,passengers_drivers_ratio,demand,0.29696185714285717,0.13245861356188554,0.1486407142857143,2.352006734484216,2.1206410236809936
underground_alarm,managers,passengers_no_ratings_count,passenger_experience,0.5041311428571429,0.27341940257121256,0.5667792142857142,1.2449034954049933,-0.33804436222080847
underground_alarm,managers,passengers_offers_discarded,passenger_decisions,90.20743425,38.12756614066045,74.60312514285714,1.9456668195128022,0.5829658863084692
underground_alarm,managers,passengers_pickup_accept,passenger_decisions,1.4376612857142856,0.3920372447693471,0.7781904285714286,2.628246826801588,1.657624652630867
underground_alarm,managers,passengers_pickup_reject,passenger_decisions,0.3564527142857143,0.04860950340307537,0.10290453571428572,6.229745007739118,5.130990204876995
underground_alarm,managers,passengers_rating_avg,passenger_experience,4.896914285714286,4.890253609780691,4.875090857142856,0.316043923255569,1.035504812629438
underground_alarm,managers,passengers_ratings_count,passenger_experience,1.4060475357142856,0.9871158028737081,1.8820355357142855,0.7229792179627904,-0.8214451306094528
underground_alarm,managers,passengers_reject,passenger_decisions,8.357720357142856,2.2868018603478704,4.672952535714286,3.3747988425534143,2.0483474099347876
underground_alarm,managers,passengers_unassigned,demand,32.08540467857143,10.858846289387445,20.740202607142855,2.6399126531107266,1.4109843881108652
underground_alarm,managers,rides_dispatched,matching,2.762065785714286,1.3728086488530375,2.5172978571428573,1.5361329530324979,0.27064541973386214
underground_alarm,managers,rides_duration_avg,trip,1203.3829537857143,559.1874282228384,1055.2922427857143,2.756454998033093,0.6336668981696957
underground_alarm,managers,rides_in_progress,matching,3255.2837559285713,1087.836341073859,2744.954803642857,2.62358977423011,0.6177283986380424
underground_alarm,managers,rides_length_avg,trip,6072.40556775,4462.406465772624,6456.858081678572,1.3916499021445234,-0.3323127961567216
underground_alarm,managers,rides_offers_generated,matching,99.78985707142856,42.270044469372316,82.37041092857142,1.9478635545422156,0.5898959462320889
underground_alarm,managers,rides_offers_lyft,matching,38.216047499999995,16.067022102344342,30.799517750000003,1.9817788625911632,0.6635922632462283
underground_alarm,managers,rides_offers_price_lyft_avg,market,23.181192785714284,20.73560418200151,21.558630535714286,4.568504049646262,3.0310421788335797
underground_alarm,managers,rides_offers_price_no_surge_avg,market,22.898379321428575,19.87221980841946,20.82617232142857,5.103557104132737,3.4947353933658154
underground_alarm,managers,rides_offers_price_uber_avg,market,22.721956357142858,19.3496274262667,20.39051735714286,5.3941488849163886,3.729211871047585
underground_alarm,managers,rides_offers_radius_avg,matching,1937.0258454999998,1307.7954138215275,1342.82366875,1.3272155442026319,1.2533315708808888
underground_alarm,managers,rides_offers_surge_lyft_avg,market,1.0,1.0,1.0,,
underground_alarm,managers,rides_offers_surge_uber_avg,market,1.0,1.0,1.0,,
underground_alarm,managers,rides_offers_uber,matching,61.57369646428571,26.203031215023948,51.571238071428574,1.8812345908180808,0.5319936899477515
underground_alarm,managers,rides_partial_acceptances,matching,6.93390475,2.9740971237711116,5.889773857142857,1.836685981141364,0.48430144956654997
underground_alarm,managers,rides_waiting_duration_avg,passenger_experience,896.3015557142857,458.79017053440884,776.3795855,1.8972585012825884,0.5200389868393206
underground_alarm,managers,traffic_duration_avg,trip,1080.8492987142856,512.704925737333,757.1803294642857,3.7433151287392117,2.1325476532460548
underground_alarm,managers,traffic_length_avg,trip,4015.122156107143,3736.021188182506,3918.1967737142863,3.5007639122974883,1.2157352351360118
underground_alarm,managers,traffic_speed_avg,trip,3.72505275,7.052536707839677,5.295434964285715,-3.417889563495729,-1.6130484921679873
underground_alarm,managers_drivers,drivers_accept,driver_decisions,2.815217154150197,1.3801102897826631,2.5568117786561264,1.586830030946448,0.2857246524095583
underground_alarm,managers_drivers,drivers_acceptance_rate,driver_decisions,1.677627233201581,2.392932880339745,2.0962041897233203,-3.537018798402679,-2.0697649595231082
underground_alarm,managers_drivers,drivers_busy,supply,3373.0937337944665,1108.3833162553083,3273.2255081422927,2.328840980262751,0.10269622761643372
underground_alarm,managers_drivers,drivers_change_provider,driver_decisions,1.0576746640316206,0.422685468398701,0.801257628458498,2.3575402918582054,0.952005950715322
underground_alarm,managers_drivers,drivers_change_zone,driver_decisions,1.8636822924901186,0.7670675993005246,1.4664753754940711,2.1083045271574345,0.7636530374084913
underground_alarm,managers_drivers,drivers_demand_pressure,market,0.0,0.0,0.0,,
underground_alarm,managers_drivers,drivers_idle,supply,6469.904272173913,5143.4155904721465,8313.226563675891,0.40256603635563604,-0.5594159670204981
underground_alarm,managers_drivers,drivers_idle_duration_avg,supply,964.1058442687748,273.9437089333,1077.8834726086955,5.8158102974484605,-0.9587734079281672
underground_alarm,managers_drivers,drivers_occupied_distance_avg,supply,5408.960558102766,2006.3678124881337,6018.36348889328,3.060102573434345,-0.548063084885472
underground_alarm,managers_drivers,drivers_occupied_duration_avg,supply,653.4396317786562,229.81402635273545,718.2546046245059,3.530610812700365,-0.5401855813799571
underground_alarm,managers_drivers,drivers_passengers_served,supply,2.785665375494071,0.8964368548588559,2.124440118577075,2.1938728710777515,0.767850017600763
underground_alarm,managers_drivers,drivers_pickup,supply,1292.9978777470355,307.89656741693733,680.4464988142292,3.445954339698865,2.142748223342339
underground_alarm,managers_drivers,drivers_pickup_accept,driver_decisions,1.4340516205533598,0.36262675493379964,0.7538671541501976,2.949657842178963,1.8725638258304143
underground_alarm,managers_drivers,drivers_pickup_reject,driver_decisions,0.4197824505928854,0.08216328503622283,0.17825426877470352,4.140381952548503,2.9619732143553934
underground_alarm,managers_drivers,drivers_reject,driver_decisions,1.692206837944664,0.6300220134898825,1.2376614624505926,2.342588526145308,1.002474105004644
underground_alarm,managers_drivers,drivers_removed,supply,0.6525556916996047,0.2216591406445166,0.4259216600790514,2.8354706534340663,1.4913420498633139
underground_alarm,managers_drivers,drivers_shift_duration_avg,supply,4269.240281541503,1545.2509258680986,4673.843121264822,2.915307274654352,-0.4330199013202842
underground_alarm,managers_drivers,drivers_starting,supply,0.35614632411067193,0.23797954783912065,0.42281233201581025,0.7590704635457097,-0.42824386955437566
underground_alarm,managers_drivers,drivers_total_length_avg,supply,24462.099316284584,9561.949715520857,26724.81160521739,2.4922247576423757,-0.37846516558538057
underground_alarm,managers_drivers,drivers_waiting,supply,3.31669347826087,1.5494330377217087,2.9144266403162056,1.6441390851478639,0.3742417448793727
underground_alarm,managers_drivers,passengers_accept,passenger_decisions,12.230638853754941,5.040078248813391,9.784406837944664,2.1056325769601023,0.716337168447351
underground_alarm,managers_drivers,passengers_acceptance_rate,passenger_decisions,1.3397257312252964,2.246532970272295,2.0763784584980236,-7.7994529885703505,-6.335953296208732
underground_alarm,managers_drivers,passengers_arrivals,demand,2.0127138735177863,1.2604958930801897,2.444183083003953,0.9835877651887349,-0.5641819878585785
underground_alarm,managers_drivers,passengers_change_provider,passenger_decisions,5.191264940711463,1.4949629452910318,2.9858233201581026,3.241335136343932,1.933980347036499
underground_alarm,managers_drivers,passengers_departures,demand,2.098010592885376,1.2528632825380965,2.3482935968379444,1.1438858033184942,-0.338751802825484
underground_alarm,managers_drivers,passengers_drivers_ratio,demand,0.3323421343873518,0.13743996752435672,0.15400786561264823,2.7866393333557102,2.5497576340551786
underground_alarm,managers_drivers,passengers_no_ratings_count,passenger_experience,0.5343808695652174,0.2759138895828129,0.5591299209486166,1.3946687170236316,-0.13354405171131378
underground_alarm,managers_drivers,passengers_offers_discarded,passenger_decisions,98.80346505928854,38.80994869847614,75.80341252964428,2.2413150878966652,0.8592655987536032
underground_alarm,managers_drivers,passengers_pickup_accept,passenger_decisions,1.502799841897233,0.3959684611541344,0.8252240316205534,2.7820956197732016,1.7031326782309273
underground_alarm,managers_drivers,passengers_pickup_reject,passenger_decisions,0.3511522924901186,0.0488209143142643,0.1065214229249012,6.1182034467278035,4.950532883422244
underground_alarm,managers_drivers,passengers_rating_avg,passenger_experience,4.859643992094862,4.882894586560081,4.876698932806324,-1.103222730856725,-0.8092437504961401
underground_alarm,managers_drivers,passengers_ratings_count,passenger_experience,1.4828853754940712,0.9850703672245815,1.887997391304348,0.8591134954815602,-0.6991295846507298
underground_alarm,managers_drivers,passengers_reject,passenger_decisions,9.187015849802373,2.358698938296278,4.7300988932806325,3.795833533542638,2.4775819662489194
underground_alarm,managers_drivers,passengers_unassigned,demand,36.139202806324114,11.17868180114914,21.178854110671935,3.104299529940456,1.8605943126759994
underground_alarm,managers_drivers,rides_dispatched,matching,2.815217154150197,1.3801102897826631,2.5568117786561264,1.586830030946448,0.2857246524095583
underground_alarm,managers_drivers,rides_duration_avg,trip,1164.6151873913043,547.5372297327006,1059.464896324111,2.6404213520078113,0.44992868446819106
underground_alarm,managers_drivers,rides_in_progress,matching,3024.2786231620557,1077.5118873270048,2805.955744426878,2.3564665356785763,0.26426923587831896
underground_alarm,managers_drivers,rides_length_avg,trip,6127.324796521738,4444.327546357733,6443.8143256521735,1.4547479906191598,-0.27356699870403167
underground_alarm,managers_drivers,rides_offers_generated,matching,109.46130407114623,43.02039384961279,83.72749683794467,2.2499695617316715,0.8714552944731994
underground_alarm,managers_drivers,rides_offers_lyft,matching,42.087786521739126,16.06866474644017,31.164275256916994,2.3280548300301604,0.9773786133358391
underground_alarm,managers_drivers,rides_offers_price_lyft_avg,market,22.751578418972333,20.773120517112165,21.63785960474308,3.6958762904688327,2.0804925674126746
underground_alarm,managers_drivers,rides_offers_price_no_surge_avg,market,22.250114782608698,19.911634833874594,20.891270711462447,3.9437993615103744,2.2916631733702695
underground_alarm,managers_drivers,rides_offers_price_uber_avg,market,21.93598671936759,19.387921778666,20.45053272727273,4.075712049538732,2.376031567291781
underground_alarm,managers_drivers,rides_offers_radius_avg,matching,2041.1846383003951,1300.2875021483887,1372.4221714624505,1.562750538198102,1.4105991965438887
underground_alarm,managers_drivers,rides_offers_surge_lyft_avg,market,1.0,1.0,1.0,,
underground_alarm,managers_drivers,rides_offers_surge_uber_avg,market,1.0,1.0,1.0,,
underground_alarm,managers_drivers,rides_offers_uber,matching,67.37378770750988,26.951734639020735,52.56348490118577,2.1498991870364397,0.7877051150551522
underground_alarm,managers_drivers,rides_partial_acceptances,matching,7.7221604743083,3.0299283212590558,5.989868300395257,2.1764080049448724,0.8034927580805346
underground_alarm,managers_drivers,rides_waiting_duration_avg,passenger_experience,977.7225669960474,461.96747083187614,777.2663847826087,2.2365606334449724,0.8692738262862253
underground_alarm,managers_drivers,traffic_duration_avg,trip,1032.796356916996,508.3002799650263,766.3550477865612,3.4557309606555235,1.7554935520403325
underground_alarm,managers_drivers,traffic_length_avg,trip,3991.6751348221346,3732.118938038971,3924.3451176284584,3.25561381484366,0.8445205194330853
underground_alarm,managers_drivers,traffic_speed_avg,trip,3.972358260869565,7.004878928303772,5.228891660079052,-3.114912309611163,-1.2906726060161648
underground_alarm,students,drivers_accept,driver_decisions,2.6177960277777776,1.3558198841698843,2.409639,1.3953954877761194,0.23016392091184276
underground_alarm,students,drivers_acceptance_rate,driver_decisions,1.8791528611111112,2.4223146254826253,2.110393388888889,-2.6858076387932237,-1.1434302203189164
underground_alarm,students,drivers_busy,supply,3491.715268555555,1098.9097328674388,3008.5379698333336,2.460563410736242,0.49685959197364377
underground_alarm,students,drivers_change_provider,driver_decisions,0.9049304444444444,0.41089736679536687,0.7585689722222223,1.8342089819457588,0.5433999039867845
underground_alarm,students,drivers_change_zone,driver_decisions,1.6029306111111112,0.7355538352638353,1.3811665555555552,1.667581507549496,0.4263540924558243
underground_alarm,students,drivers_demand_pressure,market,0.0,0.0,0.0,,
underground_alarm,students,drivers_idle,supply,6257.151697416665,5174.771355037323,8757.299139777777,0.3284834392268662,-0.7587508736861416
underground_alarm,students,drivers_idle_duration_avg,supply,1066.2303361666668,252.98538279536677,1254.010490638889,6.8529960309482805,-1.5823727499990508
underground_alarm,students,drivers_occupied_distance_avg,supply,5476.472791833334,1950.5881793667954,6514.238457277776,3.1709844177347826,-0.9333086915973843
underground_alarm,students,drivers_occupied_duration_avg,supply,672.385540861111,222.56767729472332,783.3102389722221,3.7489042034098246,-0.9244765508280803
underground_alarm,students,drivers_passengers_served,supply,2.6582637222222223,0.8488322960102961,2.105023166666667,2.1012082311287315,0.6424524258215314
underground_alarm,students,drivers_pickup,supply,1314.6475454722222,303.6566327052767,585.2701697499999,3.536518007551908,2.5514138564143667
underground_alarm,students,drivers_pickup_accept,driver_decisions,1.3159444999999999,0.3565199665379665,0.6375972777777777,2.641318294837897,1.8675058494102255
underground_alarm,students,drivers_pickup_reject,driver_decisions,0.3348563611111111,0.0808390218790219,0.1516528611111111,3.1151336010704687,2.2467103246140074
underground_alarm,students,drivers_reject,driver_decisions,1.4070925555555556,0.6036389009009009,1.1620045555555556,1.7719715715667659,0.5405277155890518
underground_alarm,students,drivers_removed,supply,0.4804351666666667,0.2057528416988417,0.39852261111111115,1.8075189266570262,0.5390171883642483
underground_alarm,students,drivers_shift_duration_avg,supply,4533.072359666667,1509.6099715830119,5256.069190833334,3.2358136335099914,-0.7737761225323014
underground_alarm,students,drivers_starting,supply,0.38819452777777774,0.23503811325611326,0.3942681388888889,0.9838341557088542,-0.039015186391417614
underground_alarm,students,drivers_total_length_avg,supply,25518.411900333336,9480.45942886229,29396.670801555556,2.6825356310008552,-0.6486842823160323
underground_alarm,students,drivers_waiting,supply,3.045986138888889,1.5125748288288285,2.742360888888889,1.4265817367067741,0.2824723109914085
underground_alarm,students,passengers_accept,passenger_decisions,10.764,4.862225232947233,9.177453555555555,1.7282337072365779,0.4645929659485289
underground_alarm,students,passengers_acceptance_rate,passenger_decisions,1.7670656666666666,2.2817209395109397,2.0591467500000005,-4.426552229652758,-2.5121906621556715
underground_alarm,students,passengers_arrivals,demand,1.9639398333333336,1.2326860231660233,2.407648138888889,0.9561753635692051,-0.5801856270481353
underground_alarm,students,passengers_change_provider,passenger_decisions,3.9723843888888886,1.4132397323037322,2.808152638888889,2.2441471245189164,1.0209299139511874
underground_alarm,students,passengers_departures,demand,1.9711897777777778,1.2273290450450451,2.25169875,1.0067969469954603,-0.37966189692612656
underground_alarm,students,passengers_drivers_ratio,demand,0.28368125,0.12916296267696267,0.13711030555555556,2.2092455107480276,2.0956173319668294
underground_alarm,students,passengers_no_ratings_count,passenger_experience,0.4878143888888889,0.2639340308880309,0.5631524166666667,1.208041861599126,-0.40651842858641757
underground_alarm,students,passengers_offers_discarded,passenger_decisions,85.0886108888889,37.35438006692407,71.13981952777779,1.7833169022293833,0.5211169211612058
underground_alarm,students,passengers_pickup_accept,passenger_decisions,1.4033145277777777,0.38911284169884175,0.6955000277777778,2.5492646102177265,1.7791396723319162
underground_alarm,students,passengers_pickup_reject,passenger_decisions,0.24765272222222226,0.04824462548262549,0.09341650000000001,4.035371095579748,3.1212393238964173
underground_alarm,students,passengers_rating_avg,passenger_experience,4.896798583333333,4.886210697554698,4.874408666666667,0.5023869940262871,1.0623842347603558
underground_alarm,students,passengers_ratings_count,passenger_experience,1.4815468333333333,0.9702243063063063,1.8462128333333334,0.8824243468265413,-0.6293291217401005
underground_alarm,students,passengers_reject,passenger_decisions,6.1657129444444445,2.2221587824967823,4.471226944444445,2.1922056816136997,0.941957859348952
underground_alarm,students,passengers_unassigned,demand,29.729958444444442,10.720895315315316,19.654523277777777,2.364126362752192,1.2530655367868437
underground_alarm,students,rides_dispatched,matching,2.6177960277777776,1.3558198841698843,2.409639,1.3953954877761194,0.23016392091184276
underground_alarm,students,rides_duration_avg,trip,1229.3534079722222,552.4490655984556,1023.2211733333334,2.8964130977099716,0.8820213830725178
underground_alarm,students,rides_in_progress,matching,3192.9126156666666,1063.1901690373231,2575.4892038333332,2.577925533339695,0.7473610379446192
underground_alarm,students,rides_length_avg,trip,6198.538567222222,4402.122573495496,6457.074070583333,1.5527848051655528,-0.22347273828382017
underground_alarm,students,rides_offers_generated,matching,94.14046327777778,41.439606625482625,78.53956033333334,1.7846733729186333,0.52831240034929
underground_alarm,students,rides_offers_lyft,matching,35.789967777777775,15.520153969111968,29.524546250000004,1.8136368455708294,0.5605971245257525
underground_alarm,students,rides_offers_price_lyft_avg,market,23.393927416666667,20.82164331016731,21.446109416666665,4.8051787367435725,3.638639142930435
underground_alarm,students,rides_offers_price_no_surge_avg,market,23.050496333333335,19.937317925353927,20.718609861111112,5.250312718868264,3.932679596095338
underground_alarm,students,rides_offers_price_uber_avg,market,22.841191416666668,19.4027425997426,20.281014222222222,5.499909775062854,4.0950859900291325
underground_alarm,students,rides_offers_radius_avg,matching,1846.5188327777778,1270.8772094182755,1288.7758763888887,1.2141823916157342,1.176429308122082
underground_alarm,students,rides_offers_surge_lyft_avg,market,1.0,1.0,1.0,,
underground_alarm,students,rides_offers_surge_uber_avg,market,1.0,1.0,1.0,,
underground_alarm,students,rides_offers_uber,matching,58.35029194444444,25.919466767052768,49.01543980555555,1.7248753932824745,0.4964861876386804
underground_alarm,students,rides_partial_acceptances,matching,6.740018305555556,2.902685093951094,5.6061757777777785,1.7798784132940828,0.5259125877219967
underground_alarm,students,rides_waiting_duration_avg,passenger_experience,921.5783740555557,448.94374326383524,769.6942812222221,2.0495696835443016,0.6586420287535184
underground_alarm,students,traffic_duration_avg,trip,1135.79268525,519.6631122110682,736.5499656944445,4.059473721327914,2.6304780672568993
underground_alarm,students,traffic_length_avg,trip,4059.594103027778,3732.370345158301,3908.498266,4.10436814789247,1.895195339157893
underground_alarm,students,traffic_speed_avg,trip,3.676456,7.006926736164736,5.3927445,-3.420957490672852,-1.7629189581145914
underground_alarm,students_drivers,drivers_accept,driver_decisions,2.6822470287539937,1.3671480902865838,2.4947498722044728,1.454134560317619,0.20731983527998107
underground_alarm,students_drivers,drivers_acceptance_rate,driver_decisions,1.632583514376997,2.374482033984276,2.109060447284345,-3.6685143209154707,-2.3560667743100008
underground_alarm,students_drivers,drivers_busy,supply,3309.6199830990417,1092.6027349429369,3158.449863322683,2.279797267442921,0.15545085464346145
underground_alarm,students_drivers,drivers_change_provider,driver_decisions,1.0088976996805112,0.41362166624397667,0.7805745047923324,2.2100962398349933,0.847701244708815
underground_alarm,students_drivers,drivers_change_zone,driver_decisions,1.7659373162939298,0.7585311387268577,1.4249944408945687,1.9367960488231575,0.6554821964092273
underground_alarm,students_drivers,drivers_demand_pressure,market,0.0,0.0,0.0,,
underground_alarm,students_drivers,drivers_idle,supply,6240.992294984026,5050.913467248288,8516.343468434505,0.3611680395325454,-0.6905291510199583
underground_alarm,students_drivers,drivers_idle_duration_avg,supply,878.0931933865813,237.4319810499619,1184.5711183067092,5.398679361150412,-2.5826068693622495
underground_alarm,students_drivers,drivers_occupied_distance_avg,supply,5024.81020827476,1961.0039417702255,6336.197957667731,2.7554168663641314,-1.1793891678220263
underground_alarm,students_drivers,drivers_occupied_duration_avg,supply,599.534751341853,221.7791257189957,758.6518125559105,3.1483179470266376,-1.3261247894650587
underground_alarm,students_drivers,drivers_passengers_served,supply,2.878136325878595,0.8598659117423282,2.118205623003195,2.3437231969077232,0.8824720433380013
underground_alarm,students_drivers,drivers_pickup,supply,1366.5231344089457,306.03663410854676,633.2196201916934,3.7096570876326114,2.565147767681497
underground_alarm,students_drivers,drivers_pickup_accept,driver_decisions,1.3578330670926517,0.359142531067715,0.6973856869009585,2.749418522961418,1.8182271635094807
underground_alarm,students_drivers,drivers_pickup_reject,driver_decisions,0.4065288178913738,0.08210719756530561,0.16496281150159744,3.9785342742610426,2.9624370747921507
underground_alarm,students_drivers,drivers_reject,driver_decisions,1.662912364217252,0.622643974131372,1.2017892332268372,2.2942530702956554,1.0169809725466776
underground_alarm,students_drivers,drivers_removed,supply,0.6345792651757188,0.2130868348972863,0.41152769968051117,2.773587799142788,1.4677679981785963
underground_alarm,students_drivers,drivers_shift_duration_avg,supply,3974.4962178274754,1457.6226295561758,5017.83436258786,2.6936448433583586,-1.1166164350126064
underground_alarm,students_drivers,drivers_starting,supply,0.3500798402555911,0.2366663454222673,0.41061715654952075,0.7285367072859377,-0.38887486136921406
underground_alarm,students_drivers,drivers_total_length_avg,supply,22938.860610447286,9253.02431950038,28296.104610607028,2.289116616090225,-0.8960618844554982
underground_alarm,students_drivers,drivers_waiting,supply,3.202997987220447,1.539615450164849,2.840361693290735,1.5474981389223952,0.3373721783536955
underground_alarm,students_drivers,passengers_accept,passenger_decisions,11.828029776357827,4.986622391580014,9.514483194888179,2.003389033637201,0.6774825104609169
underground_alarm,students_drivers,passengers_acceptance_rate,passenger_decisions,1.6916159424920127,2.274814146588892,2.065538083067093,-5.016090278075641,-3.2161059497781292
underground_alarm,students_drivers,passengers_arrivals,demand,1.9484132587859424,1.2426088612731423,2.448099009584665,0.9228981333391412,-0.6533808067694068
underground_alarm,students_drivers,passengers_change_provider,passenger_decisions,4.4939617252396165,1.4445479939132642,2.9180988498402556,2.6740704317027806,1.3818945839437389
underground_alarm,students_drivers,passengers_departures,demand,1.9483013099041533,1.2405246107025107,2.3172201916932904,0.9579581076862258,-0.4993225042405014
underground_alarm,students_drivers,passengers_drivers_ratio,demand,0.325961821086262,0.1386570530053259,0.14604364217252394,2.678014526263871,2.5724037973327634
underground_alarm,students_drivers,passengers_no_ratings_count,passenger_experience,0.4906707667731629,0.26908729393862546,0.5673477635782748,1.1956480390370294,-0.413743406475715
underground_alarm,students_drivers,passengers_offers_discarded,passenger_decisions,93.85904674121406,38.314807245751965,73.75600115015975,2.0750932697161084,0.7510354806496363
underground_alarm,students_drivers,passengers_pickup_accept,passenger_decisions,1.4917999361022365,0.3929609535886381,0.7611341533546326,2.7620061856528513,1.836577918793293
underground_alarm,students_drivers,passengers_pickup_reject,passenger_decisions,0.2728325559105431,0.04825601318792797,0.10092108626198083,4.544698555703712,3.478928824662359
underground_alarm,students_drivers,passengers_rating_avg,passenger_experience,4.8546027795527165,4.891639543494801,4.874304920127796,-1.7573658135668828,-0.9348513373057044
underground_alarm,students_drivers,passengers_ratings_count,passenger_experience,1.464920607028754,0.9744357266041086,1.8834238338658147,0.8464633912249568,-0.7222397157694037
underground_alarm,students_drivers,passengers_reject,passenger_decisions,7.059015111821085,2.280755412122749,4.621278115015974,2.656215087136284,1.3551280584001795
underground_alarm,students_drivers,passengers_unassigned,demand,34.26076130990415,11.019100519908697,20.472327188498404,2.8905276716964363,1.7148451970542007
underground_alarm,students_drivers,rides_dispatched,matching,2.6822470287539937,1.3671480902865838,2.4947498722044728,1.454134560317619,0.20731983527998107
underground_alarm,students_drivers,rides_duration_avg,trip,1212.7343100638975,542.2237155490743,1046.3526666134187,2.8690548228654693,0.7119321610768762
underground_alarm,students_drivers,rides_in_progress,matching,2972.5995582108626,1059.9431921607913,2706.681677284345,2.3151775905582723,0.321880673275996
underground_alarm,students_drivers,rides_length_avg,trip,6166.365585814697,4430.953118356581,6464.945568146964,1.5000546196282347,-0.25808635711950406
underground_alarm,students_drivers,rides_offers_generated,matching,104.05363677316292,42.49307847831601,81.40816309904153,2.0847002532744194,0.7668712892084315
underground_alarm,students_drivers,rides_offers_lyft,matching,39.585916261980834,15.82101109561248,30.476496261980827,2.1263593266355305,0.8150632220763989
underground_alarm,students_drivers,rides_offers_price_lyft_avg,market,22.79307335463259,20.749337539944207,21.535383738019167,3.817819289653327,2.349438535154089
underground_alarm,students_drivers,rides_offers_price_no_surge_avg,market,22.352387444089455,19.8307398478316,20.804665623003192,4.252707912017539,2.610201696661937
underground_alarm,students_drivers,rides_offers_price_uber_avg,market,22.081232523961663,19.288808531574947,20.369057891373803,4.46657223346038,2.738678543660455
underground_alarm,students_drivers,rides_offers_radius_avg,matching,1996.9230146964858,1308.968078858737,1317.1568841214057,1.4510812551121928,1.433808871123912
underground_alarm,students_drivers,rides_offers_surge_lyft_avg,market,1.0,1.0,1.0,,
underground_alarm,students_drivers,rides_offers_surge_uber_avg,market,1.0,1.0,1.0,,
underground_alarm,students_drivers,rides_offers_uber,matching,64.46790750798722,26.672065275171192,50.93239616613418,2.010220766174603,0.7199036818012873
underground_alarm,students_drivers,rides_partial_acceptances,matching,7.4831469329073474,2.996790897793558,5.818269361022365,2.080916047921706,0.7722237000462476
underground_alarm,students_drivers,rides_waiting_duration_avg,passenger_experience,972.5860128115015,458.4080801394877,777.1905756230032,2.2297212986418846,0.8473280167675908
underground_alarm,students_drivers,traffic_duration_avg,trip,1051.2685718210862,504.90331740806494,750.0855075399361,3.599819728822127,1.9843954717640033
underground_alarm,students_drivers,traffic_length_avg,trip,3986.2623721086256,3729.3505213568346,3915.8468767412137,3.2224457781037947,0.8832216773800269
underground_alarm,students_drivers,traffic_speed_avg,trip,3.9062682428115014,7.0784723357849355,5.325005431309905,-3.2583908442616547,-1.4572833682600743
underground_alarm-flash_mob,bank_tellers,drivers_accept,driver_decisions,2.7289169736842105,1.3600370244773077,2.512184342105263,1.5136014370046673,0.23964615947056603
underground_alarm-flash_mob,bank_tellers,drivers_acceptance_rate,driver_decisions,1.8215079736842104,2.4145991636919937,2.121629078947368,-2.9326969479654488,-1.4840285343198734
underground_alarm-flash_mob,bank_tellers,drivers_busy,supply,3601.528933421053,1121.931621170321,3134.830114605263,2.5498128990785336,0.47991448543757986
underground_alarm-flash_mob,bank_tellers,drivers_change_provider,driver_decisions,0.9470263947368422,0.41556736359000507,0.7819951052631579,1.9731612569435002,0.6127158021385326
underground_alarm-flash_mob,bank_tellers,drivers_change_zone,driver_decisions,1.683662315789474,0.7604436282508925,1.426732263157895,1.7749407796393788,0.4939627350335926
underground_alarm-flash_mob,bank_tellers,drivers_demand_pressure,market,0.0,0.0,0.0,,
underground_alarm-flash_mob,bank_tellers,drivers_idle,supply,5649.635784921053,4960.374245617032,8484.147839289473,0.20917878133270648,-0.8602246656680587
underground_alarm-flash_mob,bank_tellers,drivers_idle_duration_avg,supply,849.581443368421,225.76484758796533,1157.777797526316,5.256734317503112,-2.5970876093865978
underground_alarm-flash_mob,bank_tellers,drivers_occupied_distance_avg,supply,4783.813861947368,1852.7218803977564,6320.88701118421,2.6360610235453055,-1.3823580578659138
underground_alarm-flash_mob,bank_tellers,drivers_occupied_duration_avg,supply,593.077348631579,213.9995802753697,754.9121654210527,3.1593370435366617,-1.3487753023187237
underground_alarm-flash_mob,bank_tellers,drivers_passengers_served,supply,2.7788686315789475,0.847884586945436,2.124587684210526,2.2423616114905305,0.7597859151586399
underground_alarm-flash_mob,bank_tellers,drivers_pickup,supply,1456.7783375263157,308.25657606068324,643.2441797894737,4.017610682940696,2.8458002562265787
underground_alarm-flash_mob,bank_tellers,drivers_pickup_accept,driver_decisions,1.4772235526315791,0.3628345716471188,0.7115177631578946,3.0679390617818676,2.1080060386846178
underground_alarm-flash_mob,bank_tellers,drivers_pickup_reject,driver_decisions,0.38541210526315794,0.08259146863844977,0.1666928947368421,3.7136312942215532,2.682256116727565
underground_alarm-flash_mob,bank_tellers,drivers_reject,driver_decisions,1.5172585526315792,0.6222467669556349,1.201057052631579,1.9738978486776027,0.6973645158507626
underground_alarm-flash_mob,bank_tellers,drivers_removed,supply,0.5229914473684211,0.21220767465578788,0.4112889473684211,2.045080808682395,0.7350468688822864
underground_alarm-flash_mob,bank_tellers,drivers_shift_duration_avg,supply,3752.488945657895,1389.1472015680774,4992.871417394737,2.5293297731466677,-1.3275000637123338
underground_alarm-flash_mob,bank_tellers,drivers_starting,supply,0.4140347631578948,0.2361124706782254,0.41355671052631576,1.142923258880277,0.0030708769766049212
underground_alarm-flash_mob,bank_tellers,drivers_total_length_avg,supply,21431.972695710523,8804.8731081846,28318.37585113158,2.1120304864345067,-1.1518316859159083
underground_alarm-flash_mob,bank_tellers,drivers_waiting,supply,3.2195306578947367,1.5294884701682816,2.8562761578947367,1.5723004672373841,0.3379473152941944
underground_alarm-flash_mob,bank_tellers,passengers_accept,passenger_decisions,11.157666394736843,4.976858357980622,9.552328605263158,1.8099438234602716,0.47009568964871923
underground_alarm-flash_mob,bank_tellers,passengers_acceptance_rate,passenger_decisions,1.1367877631578949,2.291038396226415,2.077988921052632,-9.927714691720606,-8.09527523346945
underground_alarm-flash_mob,bank_tellers,passengers_arrivals,demand,1.7386840263157894,1.2397352524222338,2.4455262631578947,0.6524171479816612,-0.9242551948466877
underground_alarm-flash_mob,bank_tellers,passengers_change_provider,passenger_decisions,4.9086362368421055,1.453957238653748,2.913986657894737,3.029452797820894,1.7491340731753022
underground_alarm-flash_mob,bank_tellers,passengers_departures,demand,1.7980612631578947,1.2313950841407446,2.324355105263158,0.7669685384576354,-0.7123255874893334
underground_alarm-flash_mob,bank_tellers,passengers_drivers_ratio,demand,0.3728648684210526,0.14290780724120347,0.14823226315789473,3.2878412897128206,3.211714181815656
underground_alarm-flash_mob,bank_tellers,passengers_no_ratings_count,passenger_experience,0.48846481578947365,0.2679361397246303,0.5610346315789474,1.189956433642754,-0.3915813613353501
underground_alarm-flash_mob,bank_tellers,passengers_offers_discarded,passenger_decisions,91.16249557894737,38.25172909229984,74.02843884210526,1.9767085917331362,0.6401161693907035
underground_alarm-flash_mob,bank_tellers,passengers_pickup_accept,passenger_decisions,1.4365269210526315,0.39586773584905666,0.7757193157894737,2.6157673257220466,1.6609846595433306
underground_alarm-flash_mob,bank_tellers,passengers_pickup_reject,passenger_decisions,0.42649976315789473,0.04953267975522693,0.10243855263157896,7.6285872901872915,6.5579445545994455
underground_alarm-flash_mob,bank_tellers,passengers_rating_avg,passenger_experience,4.902520789473685,4.890166149923509,4.875053078947368,0.5862180944958175,1.3033216274343709
underground_alarm-flash_mob,bank_tellers,passengers_ratings_count,passenger_experience,1.2546053421052632,0.9728463819479857,1.887078894736842,0.4862507580585614,-1.0915029791685336
underground_alarm-flash_mob,bank_tellers,passengers_reject,passenger_decisions,10.161758921052632,2.2845010479347274,4.611434315789474,4.3789355377983785,3.085402820598992
underground_alarm-flash_mob,bank_tellers,passengers_unassigned,demand,35.474451736842106,11.139736162672106,20.622706210526314,3.0264691230791505,1.8470875125795152
underground_alarm-flash_mob,bank_tellers,rides_dispatched,matching,2.7289169736842105,1.3600370244773077,2.512184342105263,1.5136014370046673,0.23964615947056603
underground_alarm-flash_mob,bank_tellers,rides_duration_avg,trip,1336.6280878947368,556.9244216394696,1037.0095180263158,3.3362822040034272,1.2820410444417576
underground_alarm-flash_mob,bank_tellers,rides_in_progress,matching,3212.920000157895,1070.2158792325342,2691.3464167894736,2.5936392192644355,0.631339478160153
underground_alarm-flash_mob,bank_tellers,rides_length_avg,trip,6034.1445766578945,4417.070743980113,6475.078096368421,1.3977651529386552,-0.38113380858644563
underground_alarm-flash_mob,bank_tellers,rides_offers_generated,matching,101.02875007894737,42.43333630545641,81.72220192105263,1.9842879486124025,0.653801182923759
underground_alarm-flash_mob,bank_tellers,rides_offers_lyft,matching,39.145078815789475,15.985884719530851,30.580578947368423,2.0721634704283316,0.766306620863694
underground_alarm-flash_mob,bank_tellers,rides_offers_price_lyft_avg,market,24.818303473684214,20.670409813870474,21.56491097368421,7.748510503194466,6.077529470318228
underground_alarm-flash_mob,bank_tellers,rides_offers_price_no_surge_avg,market,24.793338000000002,19.80025636664967,20.82911944736842,8.420731667267871,6.685574791958022
underground_alarm-flash_mob,bank_tellers,rides_offers_price_uber_avg,market,24.77843102631579,19.276269268230493,20.390292815789476,8.80088518064412,7.01896858828056
underground_alarm-flash_mob,bank_tellers,rides_offers_radius_avg,matching,2020.3009249473682,1299.15608809026,1321.9881719999998,1.521087647565172,1.4729286661396996
underground_alarm-flash_mob,bank_tellers,rides_offers_surge_lyft_avg,market,1.0,1.0,1.0,,
underground_alarm-flash_mob,bank_tellers,rides_offers_surge_uber_avg,market,1.0,1.0,1.0,,
underground_alarm-flash_mob,bank_tellers,rides_offers_uber,matching,61.88350871052632,26.4474626236614,51.14166668421054,1.8847119552501304,0.5713187650444431
underground_alarm-flash_mob,bank_tellers,rides_partial_acceptances,matching,6.911530605263158,2.9945036129525753,5.839806921052631,1.8168429488532214,0.4970998725817567
underground_alarm-flash_mob,bank_tellers,rides_waiting_duration_avg,passenger_experience,915.0011582368421,475.3492716139724,780.4398619736842,1.9065407387220925,0.5835221023423638
underground_alarm-flash_mob,bank_tellers,traffic_duration_avg,trip,1273.5280571578946,524.966338763386,746.5020244473683,4.932025271285854,3.472400001336896
underground_alarm-flash_mob,bank_tellers,traffic_length_avg,trip,4099.089681473684,3734.1522710122385,3913.429632631579,4.5774105560812455,2.328734306350857
underground_alarm-flash_mob,bank_tellers,traffic_speed_avg,trip,3.2785808157894736,7.059910142784293,5.3215382894736845,-3.884065620339387,-2.098463318363892
underground_alarm-flash_mob,bank_tellers_drivers,drivers_accept,driver_decisions,2.443894981481481,1.335027107569721,2.3638857962962967,1.2261002203835092,0.08846796078796502
underground_alarm-flash_mob,bank_tellers_drivers,drivers_acceptance_rate,driver_decisions,1.606947888888889,2.3955167038512615,2.124517648148148,-3.899287994600849,-2.559261170814089
underground_alarm-flash_mob,bank_tellers_drivers,drivers_busy,supply,3391.557977111111,1061.045246621514,2822.3602514814816,2.396506639328147,0.5853158880944278
underground_alarm-flash_mob,bank_tellers_drivers,drivers_change_provider,driver_decisions,0.9450493703703704,0.4074209721115538,0.7450212222222222,1.996066420750672,0.74264951594177
underground_alarm-flash_mob,bank_tellers_drivers,drivers_change_zone,driver_decisions,1.6581942222222223,0.7313062841965472,1.367150962962963,1.7819951237597498,0.5595473277037923
underground_alarm-flash_mob,bank_tellers_drivers,drivers_demand_pressure,market,0.0,0.0,0.0,,
underground_alarm-flash_mob,bank_tellers_drivers,drivers_idle,supply,5466.668984018518,4854.786609606906,8959.661821537036,0.1856955627142989,-1.0600620276793298
underground_alarm-flash_mob,bank_tellers_drivers,drivers_idle_duration_avg,supply,1144.751199074074,202.9444257184595,1251.492056351852,7.936351837131495,-0.8994764347841617
underground_alarm-flash_mob,bank_tellers_drivers,drivers_occupied_distance_avg,supply,5108.8570485,1731.242126440903,6337.450367537037,3.037638908853976,-1.1049284643702943
underground_alarm-flash_mob,bank_tellers_drivers,drivers_occupied_duration_avg,supply,662.3787984074074,197.6360495245684,758.8214241851852,3.873292249839635,-0.8037790280261525
underground_alarm-flash_mob,bank_tellers_drivers,drivers_passengers_served,supply,2.6943764074074075,0.8071158857901727,2.0472622962962963,2.191587525705979,0.7514634028396522
underground_alarm-flash_mob,bank_tellers_drivers,drivers_pickup,supply,1233.3413414444444,299.33969709163347,570.9734748333333,3.2672040793093116,2.3170098349181942
underground_alarm-flash_mob,bank_tellers_drivers,drivers_pickup_accept,driver_decisions,1.2136698703703703,0.35642056308100933,0.6297625555555555,2.3600274952423925,1.607510564217893
underground_alarm-flash_mob,bank_tellers_drivers,drivers_pickup_reject,driver_decisions,0.3817314444444444,0.07809670650730412,0.1475338148148148,3.7236149999036128,2.8720752195728583
underground_alarm-flash_mob,bank_tellers_drivers,drivers_reject,driver_decisions,1.557512314814815,0.6036113413014609,1.130864074074074,2.103774620182734,0.9409485528776622
underground_alarm-flash_mob,bank_tellers_drivers,drivers_removed,supply,0.5729906296296297,0.20571852589641434,0.38757375925925924,2.416796489576422,1.2201167386915563
underground_alarm-flash_mob,bank_tellers_drivers,drivers_shift_duration_avg,supply,4304.987707981481,1284.2321663691898,5243.299136351852,3.232916673140854,-1.0042132240062356
underground_alarm-flash_mob,bank_tellers_drivers,drivers_starting,supply,0.3471849259259259,0.23334797078353253,0.3911447777777778,0.7312568983856763,-0.28238584630508734
underground_alarm-flash_mob,bank_tellers_drivers,drivers_total_length_avg,supply,22881.017769092596,8203.126241790173,29200.52125937037,2.4550494883928797,-1.0570110687794976
underground_alarm-flash_mob,bank_tellers_drivers,drivers_waiting,supply,2.944429166666667,1.4956632138114212,2.683212888888889,1.3478334453036802,0.24301788356687304
underground_alarm-flash_mob,bank_tellers_drivers,passengers_accept,passenger_decisions,10.907101796296296,4.81477649933599,9.002274462962962,1.7840331678592432,0.5577960755652807
underground_alarm-flash_mob,bank_tellers_drivers,passengers_acceptance_rate,passenger_decisions,1.3401277037037036,2.2632839123505977,2.0564766296296297,-7.940070546872993,-6.161320212930668
underground_alarm-flash_mob,bank_tellers_drivers,passengers_arrivals,demand,1.6194536296296296,1.2151014103585656,2.305422851851852,0.5287242608459893,-0.8969619868449604
underground_alarm-flash_mob,bank_tellers_drivers,passengers_change_provider,passenger_decisions,4.649144925925926,1.400485107569721,2.7583239074074073,2.848791908321588,1.6580854625663735
underground_alarm-flash_mob,bank_tellers_drivers,passengers_departures,demand,1.6258918518518517,1.21061795750332,2.190444333333333,0.5620628574666786,-0.7641077015668842
underground_alarm-flash_mob,bank_tellers_drivers,passengers_drivers_ratio,demand,0.34888837037037035,0.13707020982735724,0.1332271296296296,3.028497975105295,3.0834449190649087
underground_alarm-flash_mob,bank_tellers_drivers,passengers_no_ratings_count,passenger_experience,0.4464105740740741,0.2606772616201859,0.5408605185185185,1.0022032238170147,-0.5096449180868442
underground_alarm-flash_mob,bank_tellers_drivers,passengers_offers_discarded,passenger_decisions,88.65608338888889,37.00450638778221,69.83664522222222,1.9296661684237564,0.7030808205174721
underground_alarm-flash_mob,bank_tellers_drivers,passengers_pickup_accept,passenger_decisions,1.248441611111111,0.3867981407702523,0.6844754999999999,2.165799205143679,1.417567006791366
underground_alarm-flash_mob,bank_tellers_drivers,passengers_pickup_reject,passenger_decisions,0.347108,0.04770614077025233,0.09277157407407408,6.058919514568772,5.146941766736892
underground_alarm-flash_mob,bank_tellers_drivers,passengers_rating_avg,passenger_experience,4.862318574074074,4.8865583081009305,4.875075833333333,-1.1501566382895672,-0.6053220884008419
underground_alarm-flash_mob,bank_tellers_drivers,passengers_ratings_count,passenger_experience,1.1774812962962964,0.9550302310756973,1.7665370740740738,0.3838990569601481,-1.0165739478997775
underground_alarm-flash_mob,bank_tellers_drivers,passengers_reject,passenger_decisions,9.20475635185185,2.19766040371846,4.387669666666667,3.895216071160485,2.677798850079243
underground_alarm-flash_mob,bank_tellers_drivers,passengers_unassigned,demand,32.62540112962963,10.720718857901728,19.32850011111111,2.724249820968162,1.653714021950659
underground_alarm-flash_mob,bank_tellers_drivers,rides_dispatched,matching,2.443894981481481,1.335027107569721,2.3638857962962967,1.2261002203835092,0.08846796078796502
underground_alarm-flash_mob,bank_tellers_drivers,rides_duration_avg,trip,1431.542684888889,548.7636100743692,969.2053789444444,3.777332651923254,1.9782999526955451
underground_alarm-flash_mob,bank_tellers_drivers,rides_in_progress,matching,3143.816691259259,1039.0443939867198,2417.16042912963,2.5477245899306884,0.8795820953429508
underground_alarm-flash_mob,bank_tellers_drivers,rides_length_avg,trip,6007.943632518518,4385.012956297476,6352.298221259259,1.4028276872803471,-0.2976529795175027
underground_alarm-flash_mob,bank_tellers_drivers,rides_offers_generated,matching,98.36357096296297,41.038910108897745,77.0893705,1.941254892929446,0.7204341923107953
underground_alarm-flash_mob,bank_tellers_drivers,rides_offers_lyft,matching,38.58708651851852,15.401479803452856,28.775435203703704,2.0745267333131627,0.8778952045841658
underground_alarm-flash_mob,bank_tellers_drivers,rides_offers_price_lyft_avg,market,24.608940648148145,20.717119022576362,21.435252500000004,7.270152808993773,5.9286370304136335
underground_alarm-flash_mob,bank_tellers_drivers,rides_offers_price_no_surge_avg,market,24.606547074074076,19.807451476759628,20.667569537037036,8.093578122301881,6.643006327242507
underground_alarm-flash_mob,bank_tellers_drivers,rides_offers_price_uber_avg,market,24.595609481481482,19.263930398406377,20.21150611111111,8.528192643779137,7.012514731324698
underground_alarm-flash_mob,bank_tellers_drivers,rides_offers_radius_avg,matching,1838.3729554074075,1300.8190978778218,1294.5252425740741,1.133845090194105,1.1471205170831285
underground_alarm-flash_mob,bank_tellers_drivers,rides_offers_surge_lyft_avg,market,1.0,1.0,1.0,,
underground_alarm-flash_mob,bank_tellers_drivers,rides_offers_surge_uber_avg,market,1.0,1.0,1.0,,
underground_alarm-flash_mob,bank_tellers_drivers,rides_offers_uber,matching,59.776682,25.6374178937583,48.31395361111111,1.8157409279452676,0.6096600388589034
underground_alarm-flash_mob,bank_tellers_drivers,rides_partial_acceptances,matching,6.905987592592592,2.876046409030544,5.507583277777778,1.8692161779893517,0.6486248432815916
underground_alarm-flash_mob,bank_tellers_drivers,rides_waiting_duration_avg,passenger_experience,898.617631425926,446.5099267808765,755.5726292592593,1.960555119681101,0.6203115064425466
underground_alarm-flash_mob,bank_tellers_drivers,traffic_duration_avg,trip,1406.5264028333333,513.5713784594953,715.7344900740741,5.883384947575422,4.551399152812398
underground_alarm-flash_mob,bank_tellers_drivers,traffic_length_avg,trip,4155.4070585,3727.9860813306777,3899.8546207407403,5.361142038881517,3.2053946586413673
underground_alarm-flash_mob,bank_tellers_drivers,traffic_speed_avg,trip,3.216983277777778,7.094652332005312,5.40984962962963,-3.983022836191,-2.2524451246344723
underground_alarm-flash_mob,baseline,drivers_accept,driver_decisions,2.589870073170732,1.352750657894737,2.4438862926829263,1.3679108425782744,0.1614175589712863
underground_alarm-flash_mob,baseline,drivers_acceptance_rate,driver_decisions,1.797155512195122,2.3802460165118675,2.129770829268293,-2.8832459008114975,-1.6447047969372925
underground_alarm-flash_mob,baseline,drivers_busy,supply,3803.9531321463414,1111.7847288338494,3021.4327024634144,2.768403436857623,0.8046793225416454
underground_alarm-flash_mob,baseline,drivers_change_provider,driver_decisions,0.925089243902439,0.41066731940144474,0.7634507317073171,1.9099071643534282,0.6001193529540079
underground_alarm-flash_mob,baseline,drivers_change_zone,driver_decisions,1.6677195853658537,0.7482855804953561,1.3939023170731708,1.7676645105427402,0.5264293739091251
underground_alarm-flash_mob,baseline,drivers_demand_pressure,market,0.0,0.0,0.0,,
underground_alarm-flash_mob,baseline,drivers_idle,supply,5262.911120756097,4879.235907174922,8682.770578682926,0.11643869420817383,-1.037867330390433
underground_alarm-flash_mob,baseline,drivers_idle_duration_avg,supply,869.9036232926829,211.49744724200207,1222.0811101219513,5.548211387629848,-2.967704760325033
underground_alarm-flash_mob,baseline,drivers_occupied_distance_avg,supply,5193.990631829268,1761.913728635191,6443.392266536584,3.086618984074638,-1.1236423055766873
underground_alarm-flash_mob,baseline,drivers_occupied_duration_avg,supply,658.5800602439024,207.26744592879257,771.7427403658536,3.761361861984132,-0.9431285005329544
underground_alarm-flash_mob,baseline,drivers_passengers_served,supply,2.805869902439025,0.8405585990712074,2.1080690731707312,2.2822242542852407,0.8103235220229142
underground_alarm-flash_mob,baseline,drivers_pickup,supply,1455.9602737317073,312.7901369427245,604.1280690487805,3.998890319780525,2.9797695441484766
underground_alarm-flash_mob,baseline,drivers_pickup_accept,driver_decisions,1.3913496585365852,0.37151922084623323,0.662150512195122,2.8076171692045464,2.0075023919409727
underground_alarm-flash_mob,baseline,drivers_pickup_reject,driver_decisions,0.38141878048780486,0.07944807791537667,0.15757714634146341,3.7032081548683293,2.7450747966881455
underground_alarm-flash_mob,baseline,drivers_reject,driver_decisions,1.472487731707317,0.6126818188854489,1.166211243902439,1.896253288237547,0.6754754630655472
underground_alarm-flash_mob,baseline,drivers_removed,supply,0.5202681707317074,0.21109303921568626,0.4020686829268293,2.034495309926998,0.777799632187871
underground_alarm-flash_mob,baseline,drivers_shift_duration_avg,supply,3962.239841951219,1293.1164585397316,5185.274802170731,2.8565878205078037,-1.3089341591069095
underground_alarm-flash_mob,baseline,drivers_starting,supply,0.391447243902439,0.23377881578947368,0.40150380487804876,1.0128180745085231,-0.06460054714439724
underground_alarm-flash_mob,baseline,drivers_total_length_avg,supply,22936.31677260976,8213.71253642415,29151.12715831708,2.4625282133081132,-1.0394999192839545
underground_alarm-flash_mob,baseline,drivers_waiting,supply,3.0598375609756094,1.5181385397316824,2.7759672682926833,1.4342920603077793,0.2640936404200694
underground_alarm-flash_mob,baseline,passengers_accept,passenger_decisions,11.165101658536585,4.90822064757482,9.277918512195122,1.8322204916526457,0.552629277457978
underground_alarm-flash_mob,baseline,passengers_acceptance_rate,passenger_decisions,1.8822510487804882,2.2546904024767804,2.0665451463414635,-3.203352493414758,-1.5851143309226778
underground_alarm-flash_mob,baseline,passengers_arrivals,demand,1.7612194390243903,1.2377493292053665,2.4043333414634147,0.6844808404612566,-0.8409250809104831
underground_alarm-flash_mob,baseline,passengers_change_provider,passenger_decisions,3.6889391219512198,1.4379312693498454,2.8324673414634147,1.9739379666116899,0.7510512070771438
underground_alarm-flash_mob,baseline,passengers_departures,demand,1.8296910975609757,1.2275288544891643,2.2680405121951215,0.815011575746752,-0.5932949985807
underground_alarm-flash_mob,baseline,passengers_drivers_ratio,demand,0.39625809756097563,0.14462899122807016,0.14057960975609757,3.5977002021600075,3.655596765688174
underground_alarm-flash_mob,baseline,passengers_no_ratings_count,passenger_experience,0.4023901463414634,0.2641438596491228,0.5552313658536585,0.7459667432474877,-0.8247199218248759
underground_alarm-flash_mob,baseline,passengers_offers_discarded,passenger_decisions,87.12322339024391,37.71473462590299,71.91612209756097,1.8458659877790597,0.5681264849600758
underground_alarm-flash_mob,baseline,passengers_pickup_accept,passenger_decisions,1.524439048780488,0.4017006424148607,0.7236951951219511,2.8220790057505187,2.012723895059857
underground_alarm-flash_mob,baseline,passengers_pickup_reject,passenger_decisions,0.2483737073170732,0.04924799535603715,0.09598768292682927,4.029656546412149,3.083797339471785
underground_alarm-flash_mob,baseline,passengers_rating_avg,passenger_experience,4.891516170731706,4.88613286635707,4.8749806341463415,0.2554336304004656,0.7845984262973155
underground_alarm-flash_mob,baseline,passengers_ratings_count,passenger_experience,1.3624104634146341,0.9745570820433437,1.8512519756097563,0.6693451757562326,-0.8436273179837405
underground_alarm-flash_mob,baseline,passengers_reject,passenger_decisions,5.99354856097561,2.260267012383901,4.502699317073171,2.0753159930848573,0.8287570168171027
underground_alarm-flash_mob,baseline,passengers_unassigned,demand,35.23860563414634,10.981298635190917,19.935008243902438,3.016841944079075,1.9032835963272838
underground_alarm-flash_mob,baseline,rides_dispatched,matching,2.589870073170732,1.352750657894737,2.4438862926829263,1.3679108425782744,0.1614175589712863
underground_alarm-flash_mob,baseline,rides_duration_avg,trip,1376.0512329756098,566.3005924174407,1016.6047621463414,3.4648505178249764,1.5380392780234973
underground_alarm-flash_mob,baseline,rides_in_progress,matching,3429.425000121951,1075.8029377296182,2589.9421749268295,2.848945138403195,1.0161531674213
underground_alarm-flash_mob,baseline,rides_length_avg,trip,6085.8112561219505,4419.50405878225,6449.224137731708,1.4403214543861875,-0.31412657343046446
underground_alarm-flash_mob,baseline,rides_offers_generated,matching,96.81147575609755,41.83497035087719,79.40331314634146,1.8617364415942772,0.5895138381914027
underground_alarm-flash_mob,baseline,rides_offers_lyft,matching,36.75743897560976,15.820813116615067,29.760727585365856,1.8732996976800118,0.6260291137823079
underground_alarm-flash_mob,baseline,rides_offers_price_lyft_avg,market,24.789062365853663,20.624040552115584,21.48046607317073,7.780506907024413,6.180653417675896
underground_alarm-flash_mob,baseline,rides_offers_price_no_surge_avg,market,24.90752636585366,19.7408919246646,20.739428560975607,8.713424984186508,7.0294130469193705
underground_alarm-flash_mob,baseline,rides_offers_price_uber_avg,market,24.97905951219512,19.206909259545924,20.295641878048777,9.232740485017926,7.491277549329897
underground_alarm-flash_mob,baseline,rides_offers_radius_avg,matching,2062.3891833658536,1313.9820263235292,1302.0043816341463,1.578591184106356,1.6038552454332693
underground_alarm-flash_mob,baseline,rides_offers_surge_lyft_avg,market,1.0,1.0,1.0,,
underground_alarm-flash_mob,baseline,rides_offers_surge_uber_avg,market,1.0,1.0,1.0,,
underground_alarm-flash_mob,baseline,rides_offers_uber,matching,60.053935073170734,26.01417521413829,49.6427113902439,1.8104486658273742,0.553734400725617
underground_alarm-flash_mob,baseline,rides_partial_acceptances,matching,7.103288439024389,2.9428065428276575,5.668560853658537,1.9297651539739915,0.6654727430049001
underground_alarm-flash_mob,baseline,rides_waiting_duration_avg,passenger_experience,942.3154035609756,470.57060441950466,770.352430097561,2.0457109481597304,0.745713653086214
underground_alarm-flash_mob,baseline,traffic_duration_avg,trip,1312.3518212682927,531.1196175283798,736.5615133658537,5.147280280177169,3.793691661960795
underground_alarm-flash_mob,baseline,traffic_length_avg,trip,4108.50291604878,3736.159467125903,3909.741743292683,4.670304509017542,2.4930617257420495
underground_alarm-flash_mob,baseline,traffic_speed_avg,trip,3.246216804878049,7.076455985552116,5.372382463414634,-3.9343043233836337,-2.1839322162482238
underground_alarm-flash_mob,drivers,drivers_accept,driver_decisions,2.6192196418732783,1.3632560530341662,2.497943195592286,1.3887472703459722,0.13409810222735882
underground_alarm-flash_mob,drivers,drivers_acceptance_rate,driver_decisions,1.585130082644628,2.3870774706782254,2.1201167493112947,-3.965441903266394,-2.6453836964176665
underground_alarm-flash_mob,drivers,drivers_busy,supply,3473.2928092011016,1082.3580083962265,3126.7344007162537,2.458639701627316,0.35637201890523695
underground_alarm-flash_mob,drivers,drivers_change_provider,driver_decisions,1.0178145454545455,0.421331364099949,0.7785118457300274,2.214578048147066,0.8884651273297177
underground_alarm-flash_mob,drivers,drivers_change_zone,driver_decisions,1.7757854269972453,0.757007434982152,1.419031074380165,1.9586590131183221,0.6858806665429852
underground_alarm-flash_mob,drivers,drivers_demand_pressure,market,0.0,0.0,0.0,,
underground_alarm-flash_mob,drivers,drivers_idle,supply,5655.704917107438,4997.291121269761,8524.277202424242,0.1998170325375114,-0.870561348038132
underground_alarm-flash_mob,drivers,drivers_idle_duration_avg,supply,882.2654509917355,223.4673428301887,1175.3876466115703,5.551514093892003,-2.470061738272404
underground_alarm-flash_mob,drivers,drivers_occupied_distance_avg,supply,4974.387230055097,1862.3973300994392,6376.589567410469,2.7987505450452583,-1.2610627547322701
underground_alarm-flash_mob,drivers,drivers_occupied_duration_avg,supply,618.6859469696969,213.37692047169807,762.7877022589532,3.377955470845895,-1.200983153135483
underground_alarm-flash_mob,drivers,drivers_passengers_served,supply,2.8172131680440775,0.861207256501785,2.1235674655647383,2.2714183372361463,0.805498367289854
underground_alarm-flash_mob,drivers,drivers_pickup,supply,1435.9136945454545,305.297467427333,633.453973030303,3.954975852246221,2.8070610918810712
underground_alarm-flash_mob,drivers,drivers_pickup_accept,driver_decisions,1.3886226721763084,0.3640710683324835,0.6966530027548209,2.820614650610551,1.9050087667872146
underground_alarm-flash_mob,drivers,drivers_pickup_reject,driver_decisions,0.4244765289256198,0.0827100254971953,0.1650641597796143,4.191242699292698,3.181295379689311
underground_alarm-flash_mob,drivers,drivers_reject,driver_decisions,1.6735718457300275,0.6206202116267211,1.195775950413223,2.322225247289216,1.0537518108329174
underground_alarm-flash_mob,drivers,drivers_removed,supply,0.6323230303030303,0.21762277919428863,0.41002702479338843,2.728892559272877,1.4627961130225533
underground_alarm-flash_mob,drivers,drivers_shift_duration_avg,supply,3979.729100192838,1395.02657899796,5046.0867547933885,2.7662377046969318,-1.1412527076750687
underground_alarm-flash_mob,drivers,drivers_starting,supply,0.3518225068870523,0.23646022437531872,0.4102430027548209,0.7410551766313592,-0.3752769964461955
underground_alarm-flash_mob,drivers,drivers_total_length_avg,supply,22807.610817438017,8858.095628064762,28566.54718280992,2.3332200040650903,-0.9632496432607092
underground_alarm-flash_mob,drivers,drivers_waiting,supply,3.1433656198347104,1.5254231591024985,2.841000688705234,1.5052237781085533,0.2812997959125642
underground_alarm-flash_mob,drivers,passengers_accept,passenger_decisions,11.890955013774104,4.986132947475778,9.49699699724518,2.021958937515819,0.7010296226435975
underground_alarm-flash_mob,drivers,passengers_acceptance_rate,passenger_decisions,1.8331577410468318,2.2745317338092805,2.0716174104683196,-3.7962596224376735,-2.050992648975232
underground_alarm-flash_mob,drivers,passengers_arrivals,demand,1.790876997245179,1.2441853161652219,2.4421717355371904,0.7148449822056818,-0.8516222062960452
underground_alarm-flash_mob,drivers,passengers_change_provider,passenger_decisions,4.018567603305786,1.452619760326364,2.9035306060606056,2.250112926860324,0.9777903975303136
underground_alarm-flash_mob,drivers,passengers_departures,demand,1.8462898622589534,1.2367644543600207,2.317653608815427,0.824977435674505,-0.6379790733326831
underground_alarm-flash_mob,drivers,passengers_drivers_ratio,demand,0.4031051515151514,0.13870823559408466,0.14623451790633607,3.780249636944776,3.6726416269219735
underground_alarm-flash_mob,drivers,passengers_no_ratings_count,passenger_experience,0.4100549311294766,0.2677830086690464,0.5616984297520661,0.7676887762602467,-0.8182571084451072
underground_alarm-flash_mob,drivers,passengers_offers_discarded,passenger_decisions,92.80244267217631,38.27362902345742,73.62029865013774,2.0371576825226834,0.7166312532213053
underground_alarm-flash_mob,drivers,passengers_pickup_accept,passenger_decisions,1.5678097245179061,0.39702533656297806,0.761588650137741,2.9428458337000074,2.026491260209861
underground_alarm-flash_mob,drivers,passengers_pickup_reject,passenger_decisions,0.24538564738292015,0.04972053034166241,0.10005961432506888,3.9596253644234873,2.940926084875814
underground_alarm-flash_mob,drivers,passengers_rating_avg,passenger_experience,4.8555597796143255,4.887543442121366,4.874047079889807,-1.5176000573491502,-0.8772081043603197
underground_alarm-flash_mob,drivers,passengers_ratings_count,passenger_experience,1.384316005509642,0.9767168740438551,1.882933884297521,0.7034217706816409,-0.8604990641888403
underground_alarm-flash_mob,drivers,passengers_reject,passenger_decisions,6.541170743801653,2.283137858235594,4.5989808815427,2.3670231220117772,1.0796554265439078
underground_alarm-flash_mob,drivers,passengers_unassigned,demand,38.40842523415978,11.073351060683326,20.454058898071626,3.3996188577160518,2.232955432538516
underground_alarm-flash_mob,drivers,rides_dispatched,matching,2.6192196418732783,1.3632560530341662,2.497943195592286,1.3887472703459722,0.13409810222735882
underground_alarm-flash_mob,drivers,rides_duration_avg,trip,1326.9535926721762,549.6514812876082,1036.706704352617,3.326006165652174,1.2419404578647821
underground_alarm-flash_mob,drivers,rides_in_progress,matching,3254.5321991735536,1061.3837463462519,2681.9931176308537,2.6546996318210523,0.6930307371647194
underground_alarm-flash_mob,drivers,rides_length_avg,trip,6046.069907024794,4427.141635224375,6465.091863333334,1.3993680917355658,-0.36219390667795603
underground_alarm-flash_mob,drivers,rides_offers_generated,matching,103.31738760330579,42.45148522692504,81.26016542699723,2.0611762728350445,0.7469506114165584
underground_alarm-flash_mob,drivers,rides_offers_lyft,matching,39.69565212121212,16.219801973482916,30.39639121212121,2.1004961965076654,0.83204919297746
underground_alarm-flash_mob,drivers,rides_offers_price_lyft_avg,market,24.59610319559229,20.68836174145844,21.539059283746553,7.299891989633172,5.710738703153509
underground_alarm-flash_mob,drivers,rides_offers_price_no_surge_avg,market,24.516380303030303,19.81060922488526,20.803690165289257,7.93618819928253,6.261377183343074
underground_alarm-flash_mob,drivers,rides_offers_price_uber_avg,market,24.465974600550965,19.263730808261087,20.365450550964184,8.321156721788999,6.558920462098791
underground_alarm-flash_mob,drivers,rides_offers_radius_avg,matching,2159.6115217906336,1323.9298575140235,1312.410763415978,1.762676499727514,1.7869733550167237
underground_alarm-flash_mob,drivers,rides_offers_surge_lyft_avg,market,1.0,1.0,1.0,,
underground_alarm-flash_mob,drivers,rides_offers_surge_uber_avg,market,1.0,1.0,1.0,,
underground_alarm-flash_mob,drivers,rides_offers_uber,matching,63.62128096418732,26.23174309535951,50.863934848484845,1.9886109429341168,0.6785159575249743
underground_alarm-flash_mob,drivers,rides_partial_acceptances,matching,7.598310578512397,3.0022833503314637,5.803916336088154,2.1317850703224996,0.8322976924108995
underground_alarm-flash_mob,drivers,rides_waiting_duration_avg,passenger_experience,939.7547371625344,457.6273490336563,779.9174136088153,2.0907348169982125,0.6931310388868419
underground_alarm-flash_mob,drivers,traffic_duration_avg,trip,1262.2248086225895,507.97239444671084,746.0602531129476,4.969519381277363,3.400837324911029
underground_alarm-flash_mob,drivers,traffic_length_avg,trip,4079.6549966942143,3732.451452118817,3913.557180495867,4.354974646306236,2.08336518924436
underground_alarm-flash_mob,drivers,traffic_speed_avg,trip,3.416385592286501,7.085849316675166,5.330130110192838,-3.7691607010351422,-1.9657397294248322
underground_alarm-flash_mob,managers,drivers_accept,driver_decisions,2.7024322972972974,1.3619549324840763,2.5105631891891886,1.4821960587771388,0.2121540007343201
underground_alarm-flash_mob,managers,drivers_acceptance_rate,driver_decisions,1.7951085675675678,2.385039625477707,2.122225945945946,-2.9170708352966583,-1.6175187784936387
underground_alarm-flash_mob,managers,drivers_busy,supply,3772.183978243244,1134.5153012713376,3138.0394240270275,2.7123604235292462,0.6521018377589741
underground_alarm-flash_mob,managers,drivers_change_provider,driver_decisions,0.941815162162162,0.4160819286624204,0.7812607567567568,1.9519029445991458,0.5960943625210817
underground_alarm-flash_mob,managers,drivers_change_zone,driver_decisions,1.6680628108108106,0.7514603312101911,1.425688972972973,1.7622207411109436,0.4659775787717707
underground_alarm-flash_mob,managers,drivers_demand_pressure,market,0.0,0.0,0.0,,
underground_alarm-flash_mob,managers,drivers_idle,supply,5596.007897945946,5005.639313205095,8490.016039918919,0.17916650509457122,-0.8782806841596038
underground_alarm-flash_mob,managers,drivers_idle_duration_avg,supply,955.091872027027,240.0365302980892,1164.189919108108,6.025578638345979,-1.7620128852757222
underground_alarm-flash_mob,managers,drivers_occupied_distance_avg,supply,5301.2256800540545,1833.0350316484078,6336.25995862162,3.1190976769187078,-0.9308522342321153
underground_alarm-flash_mob,managers,drivers_occupied_duration_avg,supply,650.2739619729731,211.89433435923567,757.0993360270271,3.653574839425694,-0.8903116711436787
underground_alarm-flash_mob,managers,drivers_passengers_served,supply,2.8025042162162164,0.844848450955414,2.123725189189189,2.27333423532616,0.7882343912267686
underground_alarm-flash_mob,managers,drivers_pickup,supply,1453.9695802162162,312.1831693401274,641.5104008918919,3.994049948273057,2.8420399054008785
underground_alarm-flash_mob,managers,drivers_pickup_accept,driver_decisions,1.4617524054054054,0.3677516585987261,0.7082659459459459,3.011809773802446,2.0743659359026183
underground_alarm-flash_mob,managers,drivers_pickup_reject,driver_decisions,0.4026984324324325,0.07883658853503187,0.16649086486486486,3.9716694737426947,2.896724029868506
underground_alarm-flash_mob,managers,drivers_reject,driver_decisions,1.5314638648648649,0.6170505757961784,1.200509081081081,2.0166867665677977,0.7299020484149256
underground_alarm-flash_mob,managers,drivers_removed,supply,0.5300588648648649,0.21080417579617833,0.41114813513513515,2.100822806794172,0.7824798868811857
underground_alarm-flash_mob,managers,drivers_shift_duration_avg,supply,4158.008288351351,1406.7424475617836,5009.40302072973,2.9444995089487094,-0.9111919808847718
underground_alarm-flash_mob,managers,drivers_starting,supply,0.4035813243243243,0.23694383184713375,0.41333297297297295,1.0704328462687207,-0.06264187526834221
underground_alarm-flash_mob,managers,drivers_total_length_avg,supply,23633.661544567567,8801.856968713375,28390.08880118919,2.480793250731029,-0.795568238205462
underground_alarm-flash_mob,managers,drivers_waiting,supply,3.2160224054054054,1.5258331159235667,2.8548285945945944,1.5724373207197413,0.3360301900303857
underground_alarm-flash_mob,managers,passengers_accept,passenger_decisions,11.182892027027028,4.938649250955414,9.545112324324323,1.8285196009207483,0.4795957485602584
underground_alarm-flash_mob,managers,passengers_acceptance_rate,passenger_decisions,1.345454027027027,2.2562016687898088,2.075447783783784,-7.833344409386624,-6.278679461974495
underground_alarm-flash_mob,managers,passengers_arrivals,demand,1.7187566756756754,1.2474928993630574,2.446099108108108,0.6162167039507317,-0.9510609108638614
underground_alarm-flash_mob,managers,passengers_change_provider,passenger_decisions,4.835968378378379,1.443838349044586,2.9150583243243244,2.974602796186403,1.6844709278830243
underground_alarm-flash_mob,managers,passengers_departures,demand,1.8110133783783782,1.2369685757961784,2.323734081081081,0.7769553214015738,-0.6939546818744626
underground_alarm-flash_mob,managers,passengers_drivers_ratio,demand,0.3933441891891892,0.1394048203821656,0.14780281081081081,3.6307314833631494,3.51066011203736
underground_alarm-flash_mob,managers,passengers_no_ratings_count,passenger_experience,0.4488740810810811,0.2684429656050955,0.5616167027027026,0.9735929608848545,-0.608350851863599
underground_alarm-flash_mob,managers,passengers_offers_discarded,passenger_decisions,90.6873604054054,37.98412656815287,73.98171645945945,1.9689553196041498,0.6241109723239303
underground_alarm-flash_mob,managers,passengers_pickup_accept,passenger_decisions,1.4928107297297297,0.39619919490445854,0.7727522972972972,2.7564073450663034,1.8099156255454945
underground_alarm-flash_mob,managers,passengers_pickup_reject,passenger_decisions,0.3717747297297297,0.0503792356687898,0.10198197297297298,6.503999126358202,5.45972761494597
underground_alarm-flash_mob,managers,passengers_rating_avg,passenger_experience,4.894176864864865,4.8852391031847135,4.874636378378378,0.4240898813694298,0.9271809757870801
underground_alarm-flash_mob,managers,passengers_ratings_count,passenger_experience,1.272707135135135,0.9796858063694267,1.8867748108108107,0.505686999838867,-1.0597386951949392
underground_alarm-flash_mob,managers,passengers_reject,passenger_decisions,8.522216243243243,2.2759180458598727,4.613761432432432,3.472291703125584,2.172694095409148
underground_alarm-flash_mob,managers,passengers_unassigned,demand,37.12968918918919,10.974360980891719,20.58946408108108,3.252895764700687,2.057080980704049
underground_alarm-flash_mob,managers,rides_dispatched,matching,2.7024322972972974,1.3619549324840763,2.5105631891891886,1.4821960587771388,0.2121540007343201
underground_alarm-flash_mob,managers,rides_duration_avg,trip,1362.1827362702704,562.7061452687898,1037.7795622162162,3.420888779304939,1.388092147516507
underground_alarm-flash_mob,managers,rides_in_progress,matching,3335.2887074054056,1085.0625680713374,2693.1902568378378,2.723789397796252,0.7772289733132883
underground_alarm-flash_mob,managers,rides_length_avg,trip,5982.9757823243235,4443.040470214012,6469.982543972973,1.3310882122699006,-0.42095856535551535
underground_alarm-flash_mob,managers,rides_offers_generated,matching,100.62018021621621,42.12086456815287,81.6690137027027,1.9810336606077579,0.6417664609431327
underground_alarm-flash_mob,managers,rides_offers_lyft,matching,37.651247702702705,15.79473244585987,30.543022513513513,1.9556065862156182,0.6360067848386789
underground_alarm-flash_mob,managers,rides_offers_price_lyft_avg,market,24.688489351351347,20.81907926878981,21.556883135135134,7.228286722095227,5.850025494460249
underground_alarm-flash_mob,managers,rides_offers_price_no_surge_avg,market,24.645117513513508,19.93401656050955,20.821527918918918,7.945176925945287,6.4484068849950456
underground_alarm-flash_mob,managers,rides_offers_price_uber_avg,market,24.61738110810811,19.405889278980894,20.383412648648648,8.335949254966014,6.7723690993662204
underground_alarm-flash_mob,managers,rides_offers_radius_avg,matching,2104.7874013243245,1312.2630695108282,1319.0504093243244,1.6716461241962899,1.6573298062772281
underground_alarm-flash_mob,managers,rides_offers_surge_lyft_avg,market,1.0,1.0,1.0,,
underground_alarm-flash_mob,managers,rides_offers_surge_uber_avg,market,1.0,1.0,1.0,,
underground_alarm-flash_mob,managers,rides_offers_uber,matching,62.96886924324325,26.32612817324841,51.126166702702704,1.948891589046473,0.6298694556924972
underground_alarm-flash_mob,managers,rides_partial_acceptances,matching,6.9495855135135125,2.9596043286624205,5.834765648648649,1.850681446919919,0.5170892655826327
underground_alarm-flash_mob,managers,rides_waiting_duration_avg,passenger_experience,958.779607054054,475.1714033401274,780.4994145945947,2.097156341220742,0.7731081343516149
underground_alarm-flash_mob,managers,traffic_duration_avg,trip,1285.1657851891891,526.2903963082803,747.044156162162,4.999978630679839,3.545505211085449
underground_alarm-flash_mob,managers,traffic_length_avg,trip,4071.9274648378378,3738.053113864968,3914.24921818919,4.187786548426351,1.9777585141552765
underground_alarm-flash_mob,managers,traffic_speed_avg,trip,3.215335081081081,7.030941880254778,5.32222872972973,-3.9192743894597233,-2.1641365982082417
underground_alarm-flash_mob,managers_drivers,drivers_accept,driver_decisions,2.6732924175824175,1.3653977224199287,2.5248078296703294,1.4461686659927167,0.16418275814982564
underground_alarm-flash_mob,managers_drivers,drivers_acceptance_rate,driver_decisions,1.578820989010989,2.3771823538383328,2.1249659065934066,-3.947709858870025,-2.7005586323408015
underground_alarm-flash_mob,managers_drivers,drivers_busy,supply,3426.6784690384616,1088.38331281393,3158.6432683516487,2.404509442616817,0.27562524315610765
underground_alarm-flash_mob,managers_drivers,drivers_change_provider,driver_decisions,1.036547445054945,0.4165789984748347,0.784427142857143,2.301772380609586,0.9360533610880397
underground_alarm-flash_mob,managers_drivers,drivers_change_zone,driver_decisions,1.7787404670329672,0.7521855770208439,1.4341481318681317,1.9736105447330325,0.6624984917342968
underground_alarm-flash_mob,managers_drivers,drivers_demand_pressure,market,0.0,0.0,0.0,,
underground_alarm-flash_mob,managers_drivers,drivers_idle,supply,5773.492035164835,5053.8193090645655,8450.911605000001,0.21840804283965795,-0.8125498534271581
underground_alarm-flash_mob,managers_drivers,drivers_idle_duration_avg,supply,1018.3528334615384,247.53846547534317,1155.1187625274727,6.495444924077561,-1.152489622188756
underground_alarm-flash_mob,managers_drivers,drivers_occupied_distance_avg,supply,5066.634326318681,1921.098727058973,6301.518189313187,2.828919680302566,-1.1105858295596376
underground_alarm-flash_mob,managers_drivers,drivers_occupied_duration_avg,supply,618.6157550274725,220.26805189120486,751.4365098076923,3.3199379119050914,-1.1069642320288666
underground_alarm-flash_mob,managers_drivers,drivers_passengers_served,supply,2.8997939010989016,0.8709832816471784,2.1270878846153844,2.3559630452080205,0.8973074185391628
underground_alarm-flash_mob,managers_drivers,drivers_pickup,supply,1401.0891653571427,306.9631720767667,650.1986210164836,3.8273304229576635,2.62666844798174
underground_alarm-flash_mob,managers_drivers,drivers_pickup_accept,driver_decisions,1.3932690934065934,0.3607048729028979,0.7205862637362638,2.8426735726363104,1.8519116435559417
underground_alarm-flash_mob,managers_drivers,drivers_pickup_reject,driver_decisions,0.43079225274725275,0.08066060244026436,0.16864920329670327,4.2938284133155316,3.2147829911893044
underground_alarm-flash_mob,managers_drivers,drivers_reject,driver_decisions,1.719464368131868,0.6192758362989323,1.2058059340659342,2.4264035523115353,1.1328446107467882
underground_alarm-flash_mob,managers_drivers,drivers_removed,supply,0.6463192582417583,0.2155075699034062,0.4135342857142858,2.8349122230119934,1.5318176869735927
underground_alarm-flash_mob,managers_drivers,drivers_shift_duration_avg,supply,4198.351210879121,1479.8595751448906,4976.295662554944,2.9094234253289852,-0.8325829594465699
underground_alarm-flash_mob,managers_drivers,drivers_starting,supply,0.3519503021978022,0.23601461870869345,0.41649230769230766,0.7447385448286392,-0.4145998695631577
underground_alarm-flash_mob,managers_drivers,drivers_total_length_avg,supply,23314.24756208791,9282.53492246314,28230.35823068681,2.3469684915649336,-0.8222771614966868
underground_alarm-flash_mob,managers_drivers,drivers_waiting,supply,3.2341576373626375,1.5311226563294353,2.870462197802198,1.5843880796859224,0.3383575355135104
underground_alarm-flash_mob,managers_drivers,passengers_accept,passenger_decisions,11.816025549450549,4.959140785460092,9.60181282967033,2.0079213191802383,0.6483942895752227
underground_alarm-flash_mob,managers_drivers,passengers_acceptance_rate,passenger_decisions,1.3110648901098902,2.2971189095068634,2.077121401098901,-8.481054889416171,-6.588855367240125
underground_alarm-flash_mob,managers_drivers,passengers_arrivals,demand,1.7613598351648352,1.241436230299949,2.4508470604395605,0.6798434893572033,-0.9015620693347802
underground_alarm-flash_mob,managers_drivers,passengers_change_provider,passenger_decisions,5.140503489010989,1.439833032536858,2.931483351648352,3.245165896471933,1.9371183948162196
underground_alarm-flash_mob,managers_drivers,passengers_departures,demand,1.7864424175824176,1.2377368174885612,2.3327333516483515,0.7426593428911311,-0.7393911526534304
underground_alarm-flash_mob,managers_drivers,passengers_drivers_ratio,demand,0.3909744230769231,0.1331404956786985,0.1493903021978022,3.686414446415725,3.4540807031106273
underground_alarm-flash_mob,managers_drivers,passengers_no_ratings_count,passenger_experience,0.47106233516483514,0.27094082867310626,0.5615975824175824,1.079840855209653,-0.48852150143125467
underground_alarm-flash_mob,managers_drivers,passengers_offers_discarded,passenger_decisions,96.01486285714286,38.08912815709202,74.40914398351649,2.1640642362068285,0.8071742853856747
underground_alarm-flash_mob,managers_drivers,passengers_pickup_accept,passenger_decisions,1.453241813186813,0.39135786222674124,0.7855220054945055,2.669117211593748,1.678358948378738
underground_alarm-flash_mob,managers_drivers,passengers_pickup_reject,passenger_decisions,0.37089282967032966,0.049998098627351294,0.10368585164835165,6.4938653121277,5.407399866291324
underground_alarm-flash_mob,managers_drivers,passengers_rating_avg,passenger_experience,4.863495549450549,4.882722816471784,4.875070302197802,-0.9123189543308036,-0.549213068677354
underground_alarm-flash_mob,managers_drivers,passengers_ratings_count,passenger_experience,1.2952838461538463,0.9716141077783427,1.8918635714285714,0.558579061896924,-1.029558540020438
underground_alarm-flash_mob,managers_drivers,passengers_reject,passenger_decisions,9.193132032967034,2.256799852567361,4.63753684065934,3.8558787811658086,2.5324367952326154
underground_alarm-flash_mob,managers_drivers,passengers_unassigned,demand,38.06134615384615,10.946496870869344,20.7332235989011,3.37222984512623,2.1550705087812116
underground_alarm-flash_mob,managers_drivers,rides_dispatched,matching,2.6732924175824175,1.3653977224199287,2.5248078296703294,1.4461686659927167,0.16418275814982564
underground_alarm-flash_mob,managers_drivers,rides_duration_avg,trip,1293.944416565934,543.0995770005084,1040.429434532967,3.2127978674783044,1.0847679183900758
underground_alarm-flash_mob,managers_drivers,rides_in_progress,matching,3018.6546198901096,1052.9430405668531,2711.655041291209,2.379398348145813,0.3716080720505135
underground_alarm-flash_mob,managers_drivers,rides_length_avg,trip,6007.873904065933,4411.973122325877,6469.889993406594,1.3794636059195309,-0.399357145435949
underground_alarm-flash_mob,managers_drivers,rides_offers_generated,matching,106.66570499999999,42.23658625826131,82.14014673076922,2.1818418136469933,0.8305388864519404
underground_alarm-flash_mob,managers_drivers,rides_offers_lyft,matching,40.467110934065936,15.83385523640061,30.707188653846156,2.2040547871512013,0.8732667613230218
underground_alarm-flash_mob,managers_drivers,rides_offers_price_lyft_avg,market,24.67422587912088,20.648060610066093,21.569813131868134,7.521114674928448,5.7992264872621755
underground_alarm-flash_mob,managers_drivers,rides_offers_price_no_surge_avg,market,24.64930936813187,19.762439229791564,20.834112994505492,8.241608118899473,6.434251886782052
underground_alarm-flash_mob,managers_drivers,rides_offers_price_uber_avg,market,24.634245384615387,19.238278741738686,20.396134478021978,8.63102266900081,6.7789950771538035
underground_alarm-flash_mob,managers_drivers,rides_offers_radius_avg,matching,2046.6514400549452,1296.3434221987798,1326.1154918406592,1.5826006087820916,1.5198033383030047
underground_alarm-flash_mob,managers_drivers,rides_offers_surge_lyft_avg,market,1.0,1.0,1.0,,
underground_alarm-flash_mob,managers_drivers,rides_offers_surge_uber_avg,market,1.0,1.0,1.0,,
underground_alarm-flash_mob,managers_drivers,rides_offers_uber,matching,66.19832398351649,26.40272709456024,51.432912087912094,2.1165803046726532,0.7853175338925101
underground_alarm-flash_mob,managers_drivers,rides_partial_acceptances,matching,7.423127087912087,2.974420757498729,5.871950494505494,2.063452905429794,0.719485533719669
underground_alarm-flash_mob,managers_drivers,rides_waiting_duration_avg,passenger_experience,934.3348302747253,463.50927,780.3518338736263,2.041724689027467,0.6677438779218043
underground_alarm-flash_mob,managers_drivers,traffic_duration_avg,trip,1231.1106825274724,516.3359805109304,748.9435412637364,4.709413809167698,3.1768396209156813
underground_alarm-flash_mob,managers_drivers,traffic_length_avg,trip,4102.422889532967,3736.035468810371,3915.576605906593,4.595598037237046,2.34361325125441
underground_alarm-flash_mob,managers_drivers,traffic_speed_avg,trip,3.4544885164835164,7.015836881037112,5.311798214285715,-3.6581079161935355,-1.9077716114427024
underground_alarm-flash_mob,students,drivers_accept,driver_decisions,2.6131561805555554,1.3512332506459948,2.451061087962963,1.3953366481895573,0.1792322001806669
underground_alarm-flash_mob,students,drivers_acceptance_rate,driver_decisions,1.7748205555555554,2.366028819121447,2.129895949074074,-2.9233863179604636,-1.7557646116033594
underground_alarm-flash_mob,students,drivers_busy,supply,3738.7831602314814,1122.8929396589147,3018.699100300926,2.6899652592924173,0.7404749212141866
underground_alarm-flash_mob,students,drivers_change_provider,driver_decisions,0.9483486805555557,0.4151510904392765,0.7649532638888888,1.9796160483768337,0.6808967571532268
underground_alarm-flash_mob,students,drivers_change_zone,driver_decisions,1.6446872222222222,0.7452820490956072,1.3994712962962963,1.7291579348953885,0.47144165582628134
underground_alarm-flash_mob,students,drivers_demand_pressure,market,0.0,0.0,0.0,,
underground_alarm-flash_mob,students,drivers_idle,supply,5213.652575949074,4919.341892971576,8663.110119027777,0.08931812742749744,-1.0468498298174318
underground_alarm-flash_mob,students,drivers_idle_duration_avg,supply,914.090736087963,224.76728134366923,1207.7089186342591,5.80874296215327,-2.474241286420045
underground_alarm-flash_mob,students,drivers_occupied_distance_avg,supply,4962.021938356482,1826.0353216589149,6376.93100810185,2.8203318567524955,-1.2724904827601642
underground_alarm-flash_mob,students,drivers_occupied_duration_avg,supply,632.1965881944445,210.11691561757107,762.827332662037,3.517726588605678,-1.088712091481522
underground_alarm-flash_mob,students,drivers_passengers_served,supply,2.780397361111111,0.8386124263565891,2.1039505787037034,2.2549041808838877,0.7855260644447971
underground_alarm-flash_mob,students,drivers_pickup,supply,1470.7049805555555,304.77204167958655,610.1944630324075,4.078516217962583,3.010126898746862
underground_alarm-flash_mob,students,drivers_pickup_accept,driver_decisions,1.4109296527777777,0.36052895090439274,0.672214699074074,2.8917778251482775,2.0336996333074646
underground_alarm-flash_mob,students,drivers_pickup_reject,driver_decisions,0.3766472916666667,0.0790263591731266,0.15856087962962964,3.6498648871581874,2.6744958124797598
underground_alarm-flash_mob,students,drivers_reject,driver_decisions,1.4922032870370372,0.6143729095607235,1.1688077546296296,1.936005225110764,0.7132305472478506
underground_alarm-flash_mob,students,drivers_removed,supply,0.5108410185185185,0.21048920930232556,0.4025728703703703,1.97643434056975,0.7124474680153071
underground_alarm-flash_mob,students,drivers_shift_duration_avg,supply,3855.880548773148,1364.1779347235142,5134.691978356482,2.666705999377296,-1.3686280586268242
underground_alarm-flash_mob,students,drivers_starting,supply,0.40301692129629635,0.23385025581395347,0.404139375,1.0866795493267483,-0.007210330010365793
underground_alarm-flash_mob,students,drivers_total_length_avg,supply,21704.15697814815,8627.799937932818,28885.973690833336,2.1871740639251986,-1.2012430677398287
underground_alarm-flash_mob,students,drivers_waiting,supply,3.0775114120370373,1.513107253229974,2.784027592592593,1.4554153782098211,0.27303741278782806
underground_alarm-flash_mob,students,passengers_accept,passenger_decisions,11.101794074074075,4.905714028423773,9.310046018518518,1.81441596982128,0.5246827448877843
underground_alarm-flash_mob,students,passengers_acceptance_rate,passenger_decisions,1.7071302777777777,2.2538891395348837,2.0718194444444444,-4.702675336867005,-3.1366931012227437
underground_alarm-flash_mob,students,passengers_arrivals,demand,1.7291473842592593,1.2333333100775192,2.4029320601851856,0.6483182665878812,-0.8810296760346811
underground_alarm-flash_mob,students,passengers_change_provider,passenger_decisions,4.225150717592592,1.4316015245478035,2.836126412037037,2.449699501214965,1.21805341998871
underground_alarm-flash_mob,students,passengers_departures,demand,1.7938694212962962,1.2250236563307493,2.2683524999999998,0.7699185536715027,-0.6422010115857733
underground_alarm-flash_mob,students,passengers_drivers_ratio,demand,0.4011506712962962,0.13929094832041344,0.14183597222222222,3.7439737875216537,3.7075859739675026
underground_alarm-flash_mob,students,passengers_no_ratings_count,passenger_experience,0.4221413425925926,0.261853496124031,0.5539617592592593,0.8649013703955841,-0.7112932236161699
underground_alarm-flash_mob,students,passengers_offers_discarded,passenger_decisions,87.92399675925925,37.69997338242894,72.14883891203705,1.8763337806765672,0.5893486736847744
underground_alarm-flash_mob,students,passengers_pickup_accept,passenger_decisions,1.5048652777777776,0.3897040930232558,0.7329128935185186,2.8030331461723823,1.9403545872355816
underground_alarm-flash_mob,students,passengers_pickup_reject,passenger_decisions,0.28242671296296296,0.049846178294573634,0.09783555555555556,4.706673311369772,3.73552445101668
underground_alarm-flash_mob,students,passengers_rating_avg,passenger_experience,4.9030278935185185,4.8930644108527135,4.875530648148147,0.4727595490883654,1.3047230329495028
underground_alarm-flash_mob,students,passengers_ratings_count,passenger_experience,1.3117861805555557,0.9721245012919898,1.8512730324074074,0.5861774508720515,-0.931029453434807
underground_alarm-flash_mob,students,passengers_reject,passenger_decisions,6.615555393518519,2.2486971834625322,4.506593425925926,2.4275186762385377,1.17236336000526
underground_alarm-flash_mob,students,passengers_unassigned,demand,35.28006944444444,10.939513294573642,20.04341828703704,3.0271955060099724,1.8949576018866015
underground_alarm-flash_mob,students,rides_dispatched,matching,2.6131561805555554,1.3512332506459948,2.451061087962963,1.3953366481895573,0.1792322001806669
underground_alarm-flash_mob,students,rides_duration_avg,trip,1364.9965081250002,558.0451710051678,1014.937801712963,3.4528725489515164,1.497869874292194
underground_alarm-flash_mob,students,rides_in_progress,matching,3288.863363935185,1065.9794112170541,2589.4192593981484,2.6906930095198733,0.84664310088091
underground_alarm-flash_mob,students,rides_length_avg,trip,5974.925232870371,4437.295174118863,6457.049025300926,1.329095598977597,-0.41673782782455043
underground_alarm-flash_mob,students,rides_offers_generated,matching,97.57807493055554,41.82099007751938,79.67536666666666,1.8881701552842753,0.6062612407326284
underground_alarm-flash_mob,students,rides_offers_lyft,matching,36.763480092592594,15.690777746770026,29.86729159722222,1.8854751094847992,0.6170348512948977
underground_alarm-flash_mob,students,rides_offers_price_lyft_avg,market,24.77965479166667,20.741455625323,21.50205513888889,7.543594706285247,6.122749862385718
underground_alarm-flash_mob,students,rides_offers_price_no_surge_avg,market,24.863407569444444,19.853734439276487,20.757494097222224,8.448712892675116,6.924540421624133
underground_alarm-flash_mob,students,rides_offers_price_uber_avg,market,24.911473449074077,19.31853120413437,20.31144016203704,8.9460914971023,7.357901596924714
underground_alarm-flash_mob,students,rides_offers_radius_avg,matching,2056.488152824074,1293.5280775917313,1309.9122744907406,1.6092871871330676,1.5747285267300164
underground_alarm-flash_mob,students,rides_offers_surge_lyft_avg,market,1.0,1.0,1.0,,
underground_alarm-flash_mob,students,rides_offers_surge_uber_avg,market,1.0,1.0,1.0,,
underground_alarm-flash_mob,students,rides_offers_uber,matching,60.81430192129629,26.130219602067182,49.80806326388889,1.8447177894421263,0.5853810419227584
underground_alarm-flash_mob,students,rides_partial_acceptances,matching,6.997229907407408,2.940030555555556,5.690856365740741,1.8818593920783029,0.6059380143166754
underground_alarm-flash_mob,students,rides_waiting_duration_avg,passenger_experience,958.6939176157407,479.50076019379844,769.8389212499999,2.0780105900591357,0.8189655389591317
underground_alarm-flash_mob,students,traffic_duration_avg,trip,1339.3394466203706,520.6296449767442,736.0610554629629,5.394207761807734,3.974801539665315
underground_alarm-flash_mob,students,traffic_length_avg,trip,4092.9820744907406,3739.77343234367,3909.2569226388887,4.4302965952950215,2.3044648901325604
underground_alarm-flash_mob,students,traffic_speed_avg,trip,3.2105293287037036,7.065998428940568,5.368458402777778,-3.9602197236843186,-2.2165586234201604
underground_alarm-flash_mob,students_drivers,drivers_accept,driver_decisions,2.5263784112149534,1.352646653736747,2.4424183644859814,1.2978216795463515,0.09283651751461443
underground_alarm-flash_mob,students_drivers,drivers_acceptance_rate,driver_decisions,1.5361795093457946,2.345648293250582,2.1296430841121494,-4.002633443264805,-2.934538303330915
underground_alarm-flash_mob,students_drivers,drivers_busy,supply,3663.6748315887853,1148.7343048590637,3007.056210934579,2.58615693918867,0.6752123098566868
underground_alarm-flash_mob,students_drivers,drivers_change_provider,driver_decisions,1.0144392523364485,0.41874508404447897,0.7625930140186916,2.2116486595862237,0.9350358372558343
underground_alarm-flash_mob,students_drivers,drivers_change_zone,driver_decisions,1.736156355140187,0.7447729325058186,1.3953269626168223,1.9059913851870183,0.6552640190834048
underground_alarm-flash_mob,students_drivers,drivers_demand_pressure,market,0.0,0.0,0.0,,
underground_alarm-flash_mob,students_drivers,drivers_idle,supply,5143.948099766355,4829.642643809155,8690.670716588786,0.09538619013870209,-1.076368072794536
underground_alarm-flash_mob,students_drivers,drivers_idle_duration_avg,supply,880.3640966121496,199.9840474372899,1216.8857787149532,5.733379293904953,-2.8357775135502474
underground_alarm-flash_mob,students_drivers,drivers_occupied_distance_avg,supply,4707.468443691589,1787.467289852599,6394.895759252337,2.626086550266794,-1.517578228392449
underground_alarm-flash_mob,students_drivers,drivers_occupied_duration_avg,supply,595.2890814252336,204.27344026894235,765.6955582009347,3.25883051666191,-1.4202138439048446
underground_alarm-flash_mob,students_drivers,drivers_passengers_served,supply,2.805696985981308,0.8484629635376261,2.0998831308411217,2.272844485084225,0.819628674831892
underground_alarm-flash_mob,students_drivers,drivers_pickup,supply,1386.4146079439254,307.4549742435997,604.5075395560748,3.774277420120021,2.7351664517119136
underground_alarm-flash_mob,students_drivers,drivers_pickup_accept,driver_decisions,1.3479907943925231,0.3656516343418671,0.6642330140186915,2.7044028005149694,1.8824012431933739
underground_alarm-flash_mob,students_drivers,drivers_pickup_reject,driver_decisions,0.4063316121495327,0.08140252909231963,0.15740640186915889,3.9847575274053324,3.0526864388160084
underground_alarm-flash_mob,students_drivers,drivers_reject,driver_decisions,1.6671104205607474,0.6169609852598914,1.1652374532710281,2.3160451563940483,1.1068524306576044
underground_alarm-flash_mob,students_drivers,drivers_removed,supply,0.6204989018691589,0.2143473648823377,0.40118341121495327,2.672638620925146,1.443183140061827
underground_alarm-flash_mob,students_drivers,drivers_shift_duration_avg,supply,3788.305593738318,1331.2076850943884,5159.5602444158885,2.6296708512052205,-1.4675639793517734
underground_alarm-flash_mob,students_drivers,drivers_starting,supply,0.3523051168224299,0.23419175329712952,0.4028423598130841,0.7587273549382382,-0.32463717530113895
underground_alarm-flash_mob,students_drivers,drivers_total_length_avg,supply,21448.827696331777,8602.844055552108,28987.502793014024,2.1486414112365058,-1.2609318174101096
underground_alarm-flash_mob,students_drivers,drivers_waiting,supply,3.058026378504673,1.513714359968968,2.7745558411214954,1.4367230155185953,0.2637217352397489
underground_alarm-flash_mob,students_drivers,passengers_accept,passenger_decisions,11.559392570093458,4.920164202223947,9.275829205607478,1.9441843696660324,0.6687024386540695
underground_alarm-flash_mob,students_drivers,passengers_acceptance_rate,passenger_decisions,1.6470204205607475,2.27154421773985,2.069013341121495,-5.371531883072451,-3.6295629365310655
underground_alarm-flash_mob,students_drivers,passengers_arrivals,demand,1.6700933411214949,1.231596783035945,2.398278831775701,0.5733708324273411,-0.9521632798231833
underground_alarm-flash_mob,students_drivers,passengers_change_provider,passenger_decisions,4.500175210280373,1.4275018981122316,2.8278580841121497,2.6944670596656826,1.4664765668158612
underground_alarm-flash_mob,students_drivers,passengers_departures,demand,1.7000466588785046,1.2257999146625291,2.260953925233645,0.6418811387517278,-0.7591739938191189
underground_alarm-flash_mob,students_drivers,passengers_drivers_ratio,demand,0.43067616822429905,0.13954523920351694,0.1406916121495327,4.162482701056789,4.146092283271913
underground_alarm-flash_mob,students_drivers,passengers_no_ratings_count,passenger_experience,0.4087620560747663,0.26357545125420223,0.5535977336448598,0.7834161868100045,-0.781522609308477
underground_alarm-flash_mob,students_drivers,passengers_offers_discarded,passenger_decisions,91.89781133177571,37.79213776312387,71.8924690186916,2.0213494701811316,0.747385355697224
underground_alarm-flash_mob,students_drivers,passengers_pickup_accept,passenger_decisions,1.472164859813084,0.3970700155159039,0.7247937149532712,2.702323686514783,1.8785679775933057
underground_alarm-flash_mob,students_drivers,passengers_pickup_reject,passenger_decisions,0.28238338785046735,0.049963832428238944,0.09685350467289719,4.703415615180062,3.7545212064219404
underground_alarm-flash_mob,students_drivers,passengers_rating_avg,passenger_experience,4.8484428271028035,4.887278337212309,4.875029112149533,-1.8427149284856008,-1.2614986699142259
underground_alarm-flash_mob,students_drivers,passengers_ratings_count,passenger_experience,1.2634191121495326,0.9687574450478407,1.8468496028037384,0.5085178441850393,-1.0068660041786377
underground_alarm-flash_mob,students_drivers,passengers_reject,passenger_decisions,7.12941586448598,2.245300064649599,4.496390280373832,2.7150600616507155,1.463688187935046
underground_alarm-flash_mob,students_drivers,passengers_unassigned,demand,37.56270623831775,10.933263193690198,19.946912102803736,3.3118606582320407,2.19084775686639
underground_alarm-flash_mob,students_drivers,rides_dispatched,matching,2.5263784112149534,1.352646653736747,2.4424183644859814,1.2978216795463515,0.09283651751461443
underground_alarm-flash_mob,students_drivers,rides_duration_avg,trip,1352.5220418457945,551.0625514817688,1013.0991674065422,3.4293734282066963,1.4523601011934033
underground_alarm-flash_mob,students_drivers,rides_in_progress,matching,3091.5331424065425,1053.8520817248511,2578.344583457944,2.466513908161045,0.6211898135483397
underground_alarm-flash_mob,students_drivers,rides_length_avg,trip,6011.392256822431,4413.56154473235,6452.700008668224,1.3811317977709792,-0.3814572870988146
underground_alarm-flash_mob,students_drivers,rides_offers_generated,matching,102.32457170560748,41.91755545642617,79.39167850467288,2.045636452338048,0.7766045271279725
underground_alarm-flash_mob,students_drivers,rides_offers_lyft,matching,38.82753109813084,15.784678409619861,29.750712546728973,2.0617538502044646,0.8121462150947516
underground_alarm-flash_mob,students_drivers,rides_offers_price_lyft_avg,market,24.58801598130841,20.737239025084047,21.48985039719626,7.193478940852004,5.7875564172989415
underground_alarm-flash_mob,students_drivers,rides_offers_price_no_surge_avg,market,24.506010630841118,19.8764235971037,20.743765046728967,7.807705341922681,6.344951446130112
underground_alarm-flash_mob,students_drivers,rides_offers_price_uber_avg,market,24.45782112149533,19.352918882854926,20.29704156542056,8.165455767393093,6.655301088008792
underground_alarm-flash_mob,students_drivers,rides_offers_radius_avg,matching,2126.768232640187,1315.6972306387381,1305.780599719626,1.7107660200681225,1.7316828512310045
underground_alarm-flash_mob,students_drivers,rides_offers_surge_lyft_avg,market,1.0,1.0,1.0,,
underground_alarm-flash_mob,students_drivers,rides_offers_surge_uber_avg,market,1.0,1.0,1.0,,
underground_alarm-flash_mob,students_drivers,rides_offers_uber,matching,63.49705219626167,26.132857553659168,49.64096962616822,1.9872630306604286,0.7369536773028417
underground_alarm-flash_mob,students_drivers,rides_partial_acceptances,matching,7.366031565420561,2.95046326609775,5.668847219626167,2.048082422090279,0.7872086196020058
underground_alarm-flash_mob,students_drivers,rides_waiting_duration_avg,passenger_experience,952.4894519392524,503.1492201060253,769.0295994626168,1.9485540346873018,0.795569616119228
underground_alarm-flash_mob,students_drivers,traffic_duration_avg,trip,1277.5713751635517,511.2759850426687,735.1859578738317,5.0488665616670305,3.5735978999663547
underground_alarm-flash_mob,students_drivers,traffic_length_avg,trip,4120.12803338785,3733.0492452055855,3909.165379275701,4.855129894247499,2.6461049270088113
underground_alarm-flash_mob,students_drivers,traffic_speed_avg,trip,3.350326121495327,7.120218205327128,5.374660794392524,-3.8723176346128314,-2.079334548019851
underground_alarm-long_rides,bank_tellers,drivers_accept,driver_decisions,2.6534767621776507,1.3671576094704685,2.4965665329512894,1.4223121020307508,0.17349917980415594
underground_alarm-long_rides,bank_tellers,drivers_acceptance_rate,driver_decisions,1.7976661891117474,2.4349658783095722,2.1193127220630372,-3.151297616518739,-1.5904667299096735
underground_alarm-long_rides,bank_tellers,drivers_busy,supply,3550.5490123209165,1092.0377061303461,3136.269753982808,2.5281297935288483,0.4260105427249238
underground_alarm-long_rides,bank_tellers,drivers_change_provider,driver_decisions,0.9658263037249283,0.42142733197556004,0.7784808882521491,2.0212036985386077,0.6955620166603902
underground_alarm-long_rides,bank_tellers,drivers_change_zone,driver_decisions,1.6389445272206302,0.7552766395112016,1.4195842693409741,1.6989021027455213,0.42173265381019587
underground_alarm-long_rides,bank_tellers,drivers_demand_pressure,market,0.0,0.0,0.0,,
underground_alarm-long_rides,bank_tellers,drivers_idle,supply,6698.279340200573,5216.709078757638,8521.23671372493,0.4496305742814927,-0.5532355717980971
underground_alarm-long_rides,bank_tellers,drivers_idle_duration_avg,supply,969.5612148710603,248.3062817795316,1178.200365444126,6.0778209238040235,-1.7581458880874727
underground_alarm-long_rides,bank_tellers,drivers_occupied_distance_avg,supply,5715.458947220631,1955.3363160692465,6362.795258825216,3.3816450572419594,-0.5821782567342955
underground_alarm-long_rides,bank_tellers,drivers_occupied_duration_avg,supply,679.3161878796561,218.22897874745416,761.15566495702,3.8428259890552354,-0.6820724219079624
underground_alarm-long_rides,bank_tellers,drivers_passengers_served,supply,2.4652339255014324,0.8485408477596741,2.120983782234957,1.8773901861931939,0.3997616179979196
underground_alarm-long_rides,bank_tellers,drivers_pickup,supply,1227.2732719197707,318.19194736252547,633.4866738108883,3.1800310309682858,2.077107687454684
underground_alarm-long_rides,bank_tellers,drivers_pickup_accept,driver_decisions,1.4467910028653295,0.3834907051934827,0.6962227220630374,2.927290715626014,2.066332121458695
underground_alarm-long_rides,bank_tellers,drivers_pickup_reject,driver_decisions,0.38371578796561606,0.08408819246435845,0.16550610315186245,3.6744735354507143,2.6760075642759475
underground_alarm-long_rides,bank_tellers,drivers_reject,driver_decisions,1.4979182808022924,0.6138840911405296,1.196408853868195,1.9496873818403646,0.6649619800612508
underground_alarm-long_rides,bank_tellers,drivers_removed,supply,0.5123738681948423,0.2103560412423625,0.41088773638968473,1.9873973997721852,0.6678191035863666
underground_alarm-long_rides,bank_tellers,drivers_shift_duration_avg,supply,4341.822500859599,1464.7564670035642,5040.883336848137,3.0791352105294623,-0.748158995679895
underground_alarm-long_rides,bank_tellers,drivers_starting,supply,0.4128081088825215,0.2364600381873727,0.4100807449856733,1.1328108965276495,0.017519826153849345
underground_alarm-long_rides,bank_tellers,drivers_total_length_avg,supply,25061.615830630373,9206.65290865326,28503.323196045847,2.651928482894421,-0.5756659184286919
underground_alarm-long_rides,bank_tellers,drivers_waiting,supply,3.107445014326647,1.523057889511202,2.839961489971347,1.4740061725816676,0.24884850412397652
underground_alarm-long_rides,bank_tellers,passengers_accept,passenger_decisions,10.756499541547276,4.9731686303462315,9.499861260744986,1.6935494517070773,0.3679850079692011
underground_alarm-long_rides,bank_tellers,passengers_acceptance_rate,passenger_decisions,1.0469467048710603,2.306630621181263,2.0691154727793695,-10.834546817298182,-8.79167799770127
underground_alarm-long_rides,bank_tellers,passengers_arrivals,demand,1.8071536389684815,1.2427596766802442,2.4437249570200574,0.7379921917449508,-0.8323701059915567
underground_alarm-long_rides,bank_tellers,passengers_change_provider,passenger_decisions,5.005339255014326,1.4441942693482688,2.9083427507163324,3.122814202398923,1.8388834187771401
underground_alarm-long_rides,bank_tellers,passengers_departures,demand,1.8937345845272207,1.2346656619144603,2.31883452722063,0.8920333470331547,-0.5753621688018922
underground_alarm-long_rides,bank_tellers,passengers_drivers_ratio,demand,0.31817283667621776,0.13704572046843178,0.14614570200573065,2.5896887371021746,2.4595805556858372
underground_alarm-long_rides,bank_tellers,passengers_no_ratings_count,passenger_experience,0.5150906017191976,0.26952269602851325,0.5630845845272205,1.325066265699093,-0.2589719833159203
underground_alarm-long_rides,bank_tellers,passengers_offers_discarded,passenger_decisions,89.01112252148997,38.18244531313646,73.65023899713466,1.898923217631669,0.573871679724536
underground_alarm-long_rides,bank_tellers,passengers_pickup_accept,passenger_decisions,1.4152291977077365,0.4153539409368635,0.7614327220630372,2.5132541601000287,1.6433617105191713
underground_alarm-long_rides,bank_tellers,passengers_pickup_reject,passenger_decisions,0.415391547277937,0.052209488289205706,0.10022919770773639,7.349623246192108,6.377860561657149
underground_alarm-long_rides,bank_tellers,passengers_rating_avg,passenger_experience,4.896079885386819,4.890400262219959,4.873823667621777,0.2694937279885017,1.056040325249423
underground_alarm-long_rides,bank_tellers,passengers_ratings_count,passenger_experience,1.2939731805157595,0.9740847581466395,1.8830754727793697,0.5520533855757994,-1.0166542211375276
underground_alarm-long_rides,bank_tellers,passengers_reject,passenger_decisions,10.487588309455587,2.269095417515275,4.606146275071634,4.568626693620765,3.269469649553467
underground_alarm-long_rides,bank_tellers,passengers_unassigned,demand,35.488314269340975,11.100465010183301,20.453051747851003,3.033077273337595,1.8699112237407198
underground_alarm-long_rides,bank_tellers,rides_dispatched,matching,2.6534767621776507,1.3671576094704685,2.4965665329512894,1.4223121020307508,0.17349917980415594
underground_alarm-long_rides,bank_tellers,rides_duration_avg,trip,1363.3163480802293,548.2181705422607,1039.0036512320917,3.487732149954066,1.3877050036501488
underground_alarm-long_rides,bank_tellers,rides_in_progress,matching,3306.3359170773633,1068.0739493584522,2689.4008357879657,2.709307349423806,0.7467699375503336
underground_alarm-long_rides,bank_tellers,rides_length_avg,trip,8156.12446320917,4477.694481300917,6461.985919856733,3.179558745145211,1.464378293863679
underground_alarm-long_rides,bank_tellers,rides_offers_generated,matching,98.54907836676217,42.35397873727088,81.28799438395416,1.9030031837802237,0.5845331352974921
underground_alarm-long_rides,bank_tellers,rides_offers_lyft,matching,37.0566618051576,15.932911545315681,30.404474699140405,1.8900426096418774,0.5952028841007934
underground_alarm-long_rides,bank_tellers,rides_offers_price_lyft_avg,market,29.128446676217767,20.721657479633404,21.537711518624644,15.704379072919822,14.179941898081104
underground_alarm-long_rides,bank_tellers,rides_offers_price_no_surge_avg,market,28.494016532951285,19.843621970468433,20.802024813753583,14.588716302998655,12.97238919980335
underground_alarm-long_rides,bank_tellers,rides_offers_price_uber_avg,market,28.11321131805158,19.315754200611,20.363804383954154,14.071816383526004,12.395426314913061
underground_alarm-long_rides,bank_tellers,rides_offers_radius_avg,matching,2406.79181747851,1360.4079538034623,1311.6076016905445,2.207103883020674,2.310036898695164
underground_alarm-long_rides,bank_tellers,rides_offers_surge_lyft_avg,market,1.0,1.0,1.0,,
underground_alarm-long_rides,bank_tellers,rides_offers_surge_uber_avg,market,1.0,1.0,1.0,,
underground_alarm-long_rides,bank_tellers,rides_offers_uber,matching,61.49229217765043,26.421075626272913,50.88386819484241,1.865308024420039,0.5642227537956497
underground_alarm-long_rides,bank_tellers,rides_partial_acceptances,matching,6.605047908309456,2.992134676680245,5.807516618911174,1.6757852173574115,0.3699206317642334
underground_alarm-long_rides,bank_tellers,rides_waiting_duration_avg,passenger_experience,950.6637154441261,462.41262785132386,779.758203696275,2.1172901050679225,0.741127993609469
underground_alarm-long_rides,bank_tellers,traffic_duration_avg,trip,1010.5293630372493,496.6220006313646,747.1410560744986,3.3859654270349533,1.7353783317795317
underground_alarm-long_rides,bank_tellers,traffic_length_avg,trip,3995.155366790831,3724.6702710005093,3914.3491472779374,3.3926950135578617,1.0135525478948246
underground_alarm-long_rides,bank_tellers,traffic_speed_avg,trip,4.294704126074499,7.014006494399185,5.328728481375358,-2.793184070140595,-1.062118134050367
underground_alarm-long_rides,bank_tellers_drivers,drivers_accept,driver_decisions,2.4813569999999996,1.3574590671834625,2.4409802857142857,1.2427192955403306,0.04464544374383713
underground_alarm-long_rides,bank_tellers_drivers,drivers_acceptance_rate,driver_decisions,1.5801710952380954,2.3021199018087857,2.129387619047619,-3.569867665020241,-2.7157470053251767
underground_alarm-long_rides,bank_tellers_drivers,drivers_busy,supply,3394.1186435,1074.438751870801,3010.3924476428565,2.385367043344794,0.3945922989498479
underground_alarm-long_rides,bank_tellers_drivers,drivers_change_provider,driver_decisions,0.9726112380952381,0.4141961395348837,0.7623011190476191,2.073241723626197,0.7808236468434065
underground_alarm-long_rides,bank_tellers_drivers,drivers_change_zone,driver_decisions,1.7009047857142856,0.7505323100775193,1.393888738095238,1.8271454917706427,0.5902559277429921
underground_alarm-long_rides,bank_tellers_drivers,drivers_demand_pressure,market,0.0,0.0,0.0,,
underground_alarm-long_rides,bank_tellers_drivers,drivers_idle,supply,6427.461614309524,5019.462952953489,8693.075187238095,0.42730288476262807,-0.6875739601466446
underground_alarm-long_rides,bank_tellers_drivers,drivers_idle_duration_avg,supply,1001.8161863333335,229.90477611369505,1220.3544004761904,6.504689403296771,-1.8415626287295905
underground_alarm-long_rides,bank_tellers_drivers,drivers_occupied_distance_avg,supply,5513.110180380952,1873.7009644366926,6416.06213252381,3.2730821288693357,-0.812064739749159
underground_alarm-long_rides,bank_tellers_drivers,drivers_occupied_duration_avg,supply,661.2227697142857,209.01736519638243,768.3283727380951,3.7688026179325034,-0.8926471754615906
underground_alarm-long_rides,bank_tellers_drivers,drivers_passengers_served,supply,2.459230142857143,0.8462261266149871,2.101900738095238,1.8731062513196115,0.4149499536889915
underground_alarm-long_rides,bank_tellers_drivers,drivers_pickup,supply,1162.4166752619049,311.3558001317829,603.2082149047619,2.9770713785974277,1.9561509060609164
underground_alarm-long_rides,bank_tellers_drivers,drivers_pickup_accept,driver_decisions,1.341333238095238,0.3732229483204134,0.6616509047619047,2.665230386152359,1.8711814416849972
underground_alarm-long_rides,bank_tellers_drivers,drivers_pickup_reject,driver_decisions,0.39144816666666665,0.0834549896640827,0.1573094285714286,3.7770645794560407,2.871353005104522
underground_alarm-long_rides,bank_tellers_drivers,drivers_reject,driver_decisions,1.5917182380952377,0.6146141162790698,1.1648371666666666,2.154947850804364,0.9414620477848464
underground_alarm-long_rides,bank_tellers_drivers,drivers_removed,supply,0.5955834285714287,0.2130395322997416,0.401352761904762,2.517290957360254,1.278115023157516
underground_alarm-long_rides,bank_tellers_drivers,drivers_shift_duration_avg,supply,4338.503545523809,1371.4455436614987,5172.838222547618,3.1754477157317083,-0.8929337217702135
underground_alarm-long_rides,bank_tellers_drivers,drivers_starting,supply,0.35303588095238086,0.23351606718346257,0.4019441428571428,0.767761999633323,-0.31417305444593435
underground_alarm-long_rides,bank_tellers_drivers,drivers_total_length_avg,supply,24629.944741047617,8660.340956475453,29062.777767595235,2.6711035115788455,-0.7414433083739304
underground_alarm-long_rides,bank_tellers_drivers,drivers_waiting,supply,2.9771427857142854,1.520168852713178,2.773202166666666,1.3554695925620952,0.1897325007304216
underground_alarm-long_rides,bank_tellers_drivers,passengers_accept,passenger_decisions,10.985896738095237,4.950308356589148,9.269241857142857,1.7674187334555431,0.5026929942356392
underground_alarm-long_rides,bank_tellers_drivers,passengers_acceptance_rate,passenger_decisions,1.1081483809523809,2.287807279069767,2.0676028095238097,-10.14625128939712,-8.252271693577251
underground_alarm-long_rides,bank_tellers_drivers,passengers_arrivals,demand,1.7148054285714287,1.231435881136951,2.399773833333333,0.6320460096484093,-0.8956533345197619
underground_alarm-long_rides,bank_tellers_drivers,passengers_change_provider,passenger_decisions,5.151357023809524,1.4500081188630491,2.8276744761904764,3.2457608367323156,2.037667348782226
underground_alarm-long_rides,bank_tellers_drivers,passengers_departures,demand,1.7345395952380949,1.2276119715762275,2.262511761904762,0.686113893894447,-0.7145971579192999
underground_alarm-long_rides,bank_tellers_drivers,passengers_drivers_ratio,demand,0.3506524523809524,0.13985254521963822,0.14040809523809522,3.0139393636212097,3.0059963142544626
underground_alarm-long_rides,bank_tellers_drivers,passengers_no_ratings_count,passenger_experience,0.49404361904761906,0.2661538682170542,0.5541702857142857,1.229676248917118,-0.3244390485183687
underground_alarm-long_rides,bank_tellers_drivers,passengers_offers_discarded,passenger_decisions,91.05684133333332,38.05435660206718,71.84579378571429,1.980135120097681,0.7177110683731174
underground_alarm-long_rides,bank_tellers_drivers,passengers_pickup_accept,passenger_decisions,1.3603057142857145,0.40625705684754526,0.7227064761904763,2.3980658997283175,1.6026488572130715
underground_alarm-long_rides,bank_tellers_drivers,passengers_pickup_reject,passenger_decisions,0.3727296190476191,0.05039813178294574,0.096238,6.522940583509452,5.59529079268953
underground_alarm-long_rides,bank_tellers_drivers,passengers_rating_avg,passenger_experience,4.852135357142857,4.8832880025839795,4.874926761904762,-1.4781689400836382,-1.0814345344633438
underground_alarm-long_rides,bank_tellers_drivers,passengers_ratings_count,passenger_experience,1.223658476190476,0.9656973850129199,1.8478213571428574,0.4451811437147673,-1.077160683180041
underground_alarm-long_rides,bank_tellers_drivers,passengers_reject,passenger_decisions,10.620777904761907,2.273856545219638,4.496353285714286,4.64001955518575,3.4045426777808254
underground_alarm-long_rides,bank_tellers_drivers,passengers_unassigned,demand,37.62346016666667,11.055910335917313,19.92175407142857,3.304163099566949,2.201532488011723
underground_alarm-long_rides,bank_tellers_drivers,rides_dispatched,matching,2.4813569999999996,1.3574590671834625,2.4409802857142857,1.2427192955403306,0.04464544374383713
underground_alarm-long_rides,bank_tellers_drivers,rides_duration_avg,trip,1372.321614357143,538.2002584857881,1014.0778646666666,3.569130627457803,1.5328929419148036
underground_alarm-long_rides,bank_tellers_drivers,rides_in_progress,matching,3129.5102421190472,1043.984145609819,2580.6947977380955,2.5244279991256064,0.6643144271686681
underground_alarm-long_rides,bank_tellers_drivers,rides_length_avg,trip,7906.243168499999,4424.773678870802,6449.997842428572,3.0093101720436235,1.2587483204411125
underground_alarm-long_rides,bank_tellers_drivers,rides_offers_generated,matching,101.19996426190477,42.19961413178295,79.33701602380953,1.9980008022415912,0.7403716761467036
underground_alarm-long_rides,bank_tellers_drivers,rides_offers_lyft,matching,38.876908785714285,15.854708855297158,29.730563428571433,2.0599059495086203,0.8183671097629003
underground_alarm-long_rides,bank_tellers_drivers,rides_offers_price_lyft_avg,market,28.668358880952383,20.640523387596897,21.48334904761905,14.996471158562816,13.422023013395872
underground_alarm-long_rides,bank_tellers_drivers,rides_offers_price_no_surge_avg,market,28.087344904761906,19.756936901808785,20.739117619047622,14.049065411466147,12.39263740248057
underground_alarm-long_rides,bank_tellers_drivers,rides_offers_price_uber_avg,market,27.725211333333334,19.22990162790698,20.293503833333332,13.588521853542696,11.887255824044026
underground_alarm-long_rides,bank_tellers_drivers,rides_offers_radius_avg,matching,2369.0112370952384,1374.7269029870802,1303.4090817142858,2.097212018283029,2.2476404085937585
underground_alarm-long_rides,bank_tellers_drivers,rides_offers_surge_lyft_avg,market,1.0,1.0,1.0,,
underground_alarm-long_rides,bank_tellers_drivers,rides_offers_surge_uber_avg,market,1.0,1.0,1.0,,
underground_alarm-long_rides,bank_tellers_drivers,rides_offers_uber,matching,62.322825476190474,26.34494661757106,49.60646826190475,1.9135300321927082,0.6763359097751955
underground_alarm-long_rides,bank_tellers_drivers,rides_partial_acceptances,matching,6.913178738095238,2.978183813953488,5.664027642857143,1.825177052834893,0.5793964054602715
underground_alarm-long_rides,bank_tellers_drivers,rides_waiting_duration_avg,passenger_experience,959.0562802619048,463.83299975193796,769.2870402857143,2.1475248663398707,0.8229301362723099
underground_alarm-long_rides,bank_tellers_drivers,traffic_duration_avg,trip,1122.0749092142858,499.07139861757105,735.5293148571428,4.104763819545787,2.546820914062421
underground_alarm-long_rides,bank_tellers_drivers,traffic_length_avg,trip,4021.2140800714287,3720.365734276486,3909.433632214286,3.7735413096729857,1.402062346356323
underground_alarm-long_rides,bank_tellers_drivers,traffic_speed_avg,trip,3.9879982380952383,7.040224126614988,5.375020285714285,-3.135152908919229,-1.42470654733778
underground_alarm-long_rides,baseline,drivers_accept,driver_decisions,2.454004430379747,1.354204412756028,2.3869790379746836,1.2160736871465492,0.07411148824181625
underground_alarm-long_rides,baseline,drivers_acceptance_rate,driver_decisions,1.7877796708860758,2.4136073710137413,2.112966303797468,-3.0945713189443174,-1.6079716946156053
underground_alarm-long_rides,baseline,drivers_busy,supply,3782.41777,1081.305383596059,2947.565165949367,2.777600689711159,0.8584934046026084
underground_alarm-long_rides,baseline,drivers_change_provider,driver_decisions,0.8732658987341771,0.40850312418978474,0.7517505822784809,1.7255363944454054,0.45115295912501435
underground_alarm-long_rides,baseline,drivers_change_zone,driver_decisions,1.5597931898734179,0.7432192714544984,1.3739619493670885,1.56991010575822,0.35727119842542526
underground_alarm-long_rides,baseline,drivers_demand_pressure,market,0.0,0.0,0.0,,
underground_alarm-long_rides,baseline,drivers_idle,supply,6148.493353797468,5122.800340383717,8834.967815113923,0.31127982969135953,-0.8152978540875003
underground_alarm-long_rides,baseline,drivers_idle_duration_avg,supply,1123.8698340506328,234.22462413015296,1257.699883544304,7.496800400990176,-1.1277497563308048
underground_alarm-long_rides,baseline,drivers_occupied_distance_avg,supply,5806.643771569619,1843.8453297770288,6427.749774860759,3.563920403157333,-0.5585881770589068
underground_alarm-long_rides,baseline,drivers_occupied_duration_avg,supply,727.7079935696203,209.11039791807104,773.6010053924052,4.32213316474788,-0.3824848207794287
underground_alarm-long_rides,baseline,drivers_passengers_served,supply,2.495135063291139,0.8216078714026446,2.074860734177215,1.9433889893111655,0.4880449553786253
underground_alarm-long_rides,baseline,drivers_pickup,supply,1288.581303772152,307.751883938294,574.1868832911392,3.431010963378206,2.4990024149782992
underground_alarm-long_rides,baseline,drivers_pickup_accept,driver_decisions,1.380350430379747,0.36932543427534353,0.6252828101265823,2.783375581519513,2.078718908737724
underground_alarm-long_rides,baseline,drivers_pickup_reject,driver_decisions,0.3720512911392405,0.07923864143116412,0.14988182278481013,3.590898663380994,2.724568244416202
underground_alarm-long_rides,baseline,drivers_reject,driver_decisions,1.393628430379747,0.6087741794140524,1.1494893417721517,1.7309516391861017,0.5384349452076668
underground_alarm-long_rides,baseline,drivers_removed,supply,0.4840335696202532,0.20590917293233083,0.3940503037974684,1.8301691273268932,0.5921256712682385
underground_alarm-long_rides,baseline,drivers_shift_duration_avg,supply,4607.339460405063,1386.9817652164895,5240.107920759494,3.446537776008107,-0.6772106109008899
underground_alarm-long_rides,baseline,drivers_starting,supply,0.39541794936708863,0.23390208452164893,0.39380126582278474,1.0375329366392354,0.010385124872674692
underground_alarm-long_rides,baseline,drivers_total_length_avg,supply,25623.839363037972,8727.263305460203,29196.03958460759,2.8261504950208223,-0.5974923789352466
underground_alarm-long_rides,baseline,drivers_waiting,supply,2.8982235189873418,1.518302525278714,2.715620025316456,1.2837847711230768,0.1698818884540075
underground_alarm-long_rides,baseline,passengers_accept,passenger_decisions,10.426130835443038,4.905338397718435,9.090894329113924,1.6166695541817766,0.39100115278088665
underground_alarm-long_rides,baseline,passengers_acceptance_rate,passenger_decisions,1.7702501012658227,2.24879125745398,2.058416227848101,-4.115934555957146,-2.4785181021921745
underground_alarm-long_rides,baseline,passengers_arrivals,demand,1.826540075949367,1.2329600311122635,2.3780928354430384,0.7761554296034147,-0.7212012477798853
underground_alarm-long_rides,baseline,passengers_change_provider,passenger_decisions,3.541641569620253,1.4309882914182008,2.779780405063291,1.8508592208515304,0.6680859314942158
underground_alarm-long_rides,baseline,passengers_departures,demand,1.8192491645569622,1.228129468498833,2.2227212405063295,0.8000657638074844,-0.5460893906463206
underground_alarm-long_rides,baseline,passengers_drivers_ratio,demand,0.35994683544303796,0.13631884106818773,0.13488311392405064,3.1973506256729305,3.217878123115436
underground_alarm-long_rides,baseline,passengers_no_ratings_count,passenger_experience,0.42281875949367087,0.2625113481980814,0.5565481265822785,0.8650069407559126,-0.7215937789753548
underground_alarm-long_rides,baseline,passengers_offers_discarded,passenger_decisions,81.31420265822784,37.69246348975888,70.48127015189873,1.6296771399525025,0.4047106511739879
underground_alarm-long_rides,baseline,passengers_pickup_accept,passenger_decisions,1.509345670886076,0.39855069743323823,0.6823502531645569,2.7920583784265816,2.078708978842705
underground_alarm-long_rides,baseline,passengers_pickup_reject,passenger_decisions,0.24307997468354428,0.04999701840808919,0.09251040506329115,3.9073708316897067,3.0470382048373423
underground_alarm-long_rides,baseline,passengers_rating_avg,passenger_experience,4.896289898734177,4.887255506870624,4.873582582278481,0.42867490886087434,1.077444609347772
underground_alarm-long_rides,baseline,passengers_ratings_count,passenger_experience,1.4067678734177216,0.9710167409904071,1.8236623037974684,0.7520056091539543,-0.7194633054061125
underground_alarm-long_rides,baseline,passengers_reject,passenger_decisions,5.940746784810126,2.247915952813067,4.430443037974684,2.0528296046386694,0.8395716956857802
underground_alarm-long_rides,baseline,passengers_unassigned,demand,36.74061592405063,10.909778719211822,19.46366683544304,3.2125393446845423,2.148706147738272
underground_alarm-long_rides,baseline,rides_dispatched,matching,2.454004430379747,1.354204412756028,2.3869790379746836,1.2160736871465492,0.07411148824181625
underground_alarm-long_rides,baseline,rides_duration_avg,trip,1528.409069898734,546.3300278714026,1008.0592497721518,4.202228324225717,2.226530308729292
underground_alarm-long_rides,baseline,rides_in_progress,matching,3544.9430126582283,1058.6203331915997,2522.3442110632914,3.009572787131405,1.237806158810215
underground_alarm-long_rides,baseline,rides_length_avg,trip,8235.679790582279,4441.807368470314,6446.904462987342,3.2793448011843136,1.5461803714975064
underground_alarm-long_rides,baseline,rides_offers_generated,matching,90.65711815189873,41.80577395385015,77.834152,1.6543126385355171,0.43423973929148485
underground_alarm-long_rides,baseline,rides_offers_lyft,matching,34.781890379746834,15.753007031371533,29.225620177215188,1.7026048831256761,0.4971459757045482
underground_alarm-long_rides,baseline,rides_offers_price_lyft_avg,market,28.454408759493674,20.71791571947109,21.446583443037973,14.4522262369662,13.091031864000927
underground_alarm-long_rides,baseline,rides_offers_price_no_surge_avg,market,27.863103569620247,19.846128493647917,20.69844830379747,13.520467089307205,12.083046886114927
underground_alarm-long_rides,baseline,rides_offers_price_uber_avg,market,27.49347764556962,19.318846886180967,20.249356632911393,13.07558553723383,11.587205187744699
underground_alarm-long_rides,baseline,rides_offers_radius_avg,matching,2482.0600133670882,1337.6573782914181,1289.5631565569618,2.413851730036798,2.5152953275786842
underground_alarm-long_rides,baseline,rides_offers_surge_lyft_avg,market,1.0,1.0,1.0,,
underground_alarm-long_rides,baseline,rides_offers_surge_uber_avg,market,1.0,1.0,1.0,,
underground_alarm-long_rides,baseline,rides_offers_uber,matching,55.875615898734175,26.052823033445684,48.60864974683544,1.586163820714521,0.38650299616689826
underground_alarm-long_rides,baseline,rides_partial_acceptances,matching,6.578806101265823,2.942345125745398,5.554864810126581,1.6867074174173395,0.47493686372291627
underground_alarm-long_rides,baseline,rides_waiting_duration_avg,passenger_experience,1009.2270723544303,455.7049128130672,764.1189954177214,2.4003366733105325,1.0629057858917332
underground_alarm-long_rides,baseline,traffic_duration_avg,trip,1197.7771558227848,500.0930440420016,730.7068429620252,4.596809569767454,3.0773716179840855
underground_alarm-long_rides,baseline,traffic_length_avg,trip,4079.819002658228,3721.047577511019,3905.992318886076,4.500070591865624,2.1803083882826635
underground_alarm-long_rides,baseline,traffic_speed_avg,trip,3.913152126582279,7.001015745397978,5.4107877974683545,-3.1717588934975227,-1.5383254718269843
underground_alarm-long_rides,drivers,drivers_accept,driver_decisions,2.418985062656642,1.353174899016054,2.4017335839598997,1.178490338904614,0.019075349128294946
underground_alarm-long_rides,drivers,drivers_acceptance_rate,driver_decisions,1.580992731829574,2.382219254272398,2.1193169674185466,-3.961877391849647,-2.661887192603375
underground_alarm-long_rides,drivers,drivers_busy,supply,3666.628174661654,1087.654391349042,2968.604993709273,2.652003446925386,0.7177893369438522
underground_alarm-long_rides,drivers,drivers_change_provider,driver_decisions,0.9474642355889724,0.4152857405489384,0.754865814536341,1.975832428560929,0.7150649820541772
underground_alarm-long_rides,drivers,drivers_change_zone,driver_decisions,1.6892607268170428,0.7550876540652511,1.3784919548872177,1.7960012123334397,0.5974707550681428
underground_alarm-long_rides,drivers,drivers_demand_pressure,market,0.0,0.0,0.0,,
underground_alarm-long_rides,drivers,drivers_idle,supply,5898.485013333334,5058.502053461937,8793.802782030076,0.25492008746572115,-0.8786781328876372
underground_alarm-long_rides,drivers,drivers_idle_duration_avg,supply,1140.8658738596491,230.58883556965304,1247.1713376441103,7.67065925783444,-0.8958074911660905
underground_alarm-long_rides,drivers,drivers_occupied_distance_avg,supply,5931.257841177945,1891.8162839254273,6427.510856265664,3.632848956290007,-0.4463023470856693
underground_alarm-long_rides,drivers,drivers_occupied_duration_avg,supply,736.3882814786969,212.56735950802693,772.399865538847,4.365665784458175,-0.30013031893433983
underground_alarm-long_rides,drivers,drivers_passengers_served,supply,2.566219799498747,0.8490554013464525,2.08356305764411,1.9940628394812798,0.5604867385982696
underground_alarm-long_rides,drivers,drivers_pickup,supply,1225.5433669924812,309.076339945624,581.8225194987468,3.205866742766573,2.2517812378427924
underground_alarm-long_rides,drivers,drivers_pickup_accept,driver_decisions,1.3142443107769424,0.3740824728120145,0.6341479699248119,2.5882876413056155,1.8723212141167622
underground_alarm-long_rides,drivers,drivers_pickup_reject,driver_decisions,0.40431070175438594,0.08175352408078715,0.15225142857142857,3.955669740794413,3.091120920041664
underground_alarm-long_rides,drivers,drivers_reject,driver_decisions,1.5519378446115286,0.61597859399275,1.1526941604010026,2.064205165578932,0.8805093541490095
underground_alarm-long_rides,drivers,drivers_removed,supply,0.5989267669172932,0.21249871828068356,0.3965451879699249,2.542850224467956,1.3317512672027605
underground_alarm-long_rides,drivers,drivers_shift_duration_avg,supply,4691.764120626566,1420.6113843474882,5222.008662706767,3.5009003793343987,-0.567485980682192
underground_alarm-long_rides,drivers,drivers_starting,supply,0.3569675689223057,0.23291737182806835,0.3955175689223058,0.7968639204886996,-0.24763446455069332
underground_alarm-long_rides,drivers,drivers_total_length_avg,supply,26195.740991378447,9022.135920794924,29167.94070859649,2.87248684621845,-0.497135258261353
underground_alarm-long_rides,drivers,drivers_waiting,supply,2.9009148370927322,1.516500163127913,2.7303923809523805,1.2879653860318265,0.1586425116550625
underground_alarm-long_rides,drivers,passengers_accept,passenger_decisions,11.151854837092731,4.976093177110306,9.137522781954887,1.8084660784116844,0.5898626587193218
underground_alarm-long_rides,drivers,passengers_acceptance_rate,passenger_decisions,1.7551153383458646,2.2717826670119114,2.059520902255639,-4.443857930485932,-2.6181935729457506
underground_alarm-long_rides,drivers,passengers_arrivals,demand,1.8042607518796991,1.227627752459865,2.38467,0.7539957538684274,-0.7589335140877832
underground_alarm-long_rides,drivers,passengers_change_provider,passenger_decisions,3.8114074937343356,1.4532652485758675,2.7938845614035084,2.067885504268627,0.8922790498952393
underground_alarm-long_rides,drivers,passengers_departures,demand,1.8061239097744362,1.2233091688244433,2.23460709273183,0.7888252142262631,-0.5799413001081218
underground_alarm-long_rides,drivers,passengers_drivers_ratio,demand,0.3905670175438596,0.13556698342827553,0.1363440852130326,3.6458964849428295,3.634785770094045
underground_alarm-long_rides,drivers,passengers_no_ratings_count,passenger_experience,0.41608624060150373,0.26313788969445884,0.5558684210526316,0.8252979949118842,-0.7542543124302057
underground_alarm-long_rides,drivers,passengers_offers_discarded,passenger_decisions,86.86845879699247,38.189996931641645,70.84270689223058,1.8185927022220612,0.5987106893853213
underground_alarm-long_rides,drivers,passengers_pickup_accept,passenger_decisions,1.4940724310776943,0.40434921284308645,0.6928947869674185,2.7390930949032577,2.013814256732538
underground_alarm-long_rides,drivers,passengers_pickup_reject,passenger_decisions,0.2243610275689223,0.05145118073537028,0.09330812030075189,3.49913273062539,2.652084457093431
underground_alarm-long_rides,drivers,passengers_rating_avg,passenger_experience,4.851274686716792,4.887170706887623,4.873816441102758,-1.7032384036027153,-1.0695888171456684
underground_alarm-long_rides,drivers,passengers_ratings_count,passenger_experience,1.3896657644110277,0.9648491921284309,1.8309563909774436,0.7331350889176574,-0.7615654940388766
underground_alarm-long_rides,drivers,passengers_reject,passenger_decisions,6.406065037593985,2.280270168306577,4.450233909774436,2.2935125478681186,1.0872385504565687
underground_alarm-long_rides,drivers,passengers_unassigned,demand,38.496574812030076,11.092060189021232,19.581996817042608,3.4082550538434306,2.3523753998038828
underground_alarm-long_rides,drivers,rides_dispatched,matching,2.418985062656642,1.353174899016054,2.4017335839598997,1.178490338904614,0.019075349128294946
underground_alarm-long_rides,drivers,rides_duration_avg,trip,1482.2157667418548,540.933685952874,1010.0330340100252,4.02766177843707,2.0204276527477054
underground_alarm-long_rides,drivers,rides_in_progress,matching,3375.9444152631577,1045.0233963438634,2541.4051713533836,2.8214666283770553,1.0101692024958198
underground_alarm-long_rides,drivers,rides_length_avg,trip,8138.329589573935,4434.8782411988595,6447.121587017544,3.201186696460406,1.4618451950519842
underground_alarm-long_rides,drivers,rides_offers_generated,matching,97.03287796992483,42.37493841791818,78.22446125313283,1.8509484576436055,0.6369323505058151
underground_alarm-long_rides,drivers,rides_offers_lyft,matching,37.9705220802005,16.168234508026927,29.35813696741855,1.950754576823992,0.7705911418934317
underground_alarm-long_rides,drivers,rides_offers_price_lyft_avg,market,28.460285939849623,20.775941004660798,21.455992205513787,14.35481049510646,13.08443465987928
underground_alarm-long_rides,drivers,rides_offers_price_no_surge_avg,market,27.848516441102756,19.867783531848783,20.708274962406012,13.459345404667156,12.041873525559998
underground_alarm-long_rides,drivers,rides_offers_price_uber_avg,market,27.454237543859648,19.3038880631797,20.25973345864662,13.036746848850942,11.5078413121153
underground_alarm-long_rides,drivers,rides_offers_radius_avg,matching,2494.600646766917,1342.3895934489901,1292.4264345363408,2.4303217758976032,2.535707462615659
underground_alarm-long_rides,drivers,rides_offers_surge_lyft_avg,market,1.0,1.0,1.0,,
underground_alarm-long_rides,drivers,rides_offers_surge_uber_avg,market,1.0,1.0,1.0,,
underground_alarm-long_rides,drivers,rides_offers_uber,matching,59.062326641604024,26.20671892542724,48.86653714285714,1.7474680021550133,0.5422762549297176
underground_alarm-long_rides,drivers,rides_partial_acceptances,matching,7.180965037593985,3.006923526670119,5.583462656641603,1.9360545388708843,0.7409729221440695
underground_alarm-long_rides,drivers,rides_waiting_duration_avg,passenger_experience,1056.0343617042608,471.5169645572243,765.6400815538847,2.5347468396253134,1.2592884103178756
underground_alarm-long_rides,drivers,traffic_duration_avg,trip,1160.6558141353382,496.27843769031585,732.2321840350876,4.3773625203881155,2.822741423382358
underground_alarm-long_rides,drivers,traffic_length_avg,trip,4071.988817218045,3719.9381734826516,3907.067833634085,4.41577181926059,2.068604175773512
underground_alarm-long_rides,drivers,traffic_speed_avg,trip,4.041381428571429,7.02403282496116,5.399840250626567,-3.0636881224470214,-1.3953672772491443
underground_alarm-long_rides,managers,drivers_accept,driver_decisions,2.5663241102756893,1.3553119772844606,2.4274729824561403,1.3390434316665991,0.15353082402817939
underground_alarm-long_rides,managers,drivers_acceptance_rate,driver_decisions,1.8140590977443605,2.4229100516262263,2.125879373433584,-3.010625287136313,-1.5418781904609467
underground_alarm-long_rides,managers,drivers_busy,supply,3726.843097243108,1073.886412256066,3007.376288571428,2.7280813471831054,0.7398401910448653
underground_alarm-long_rides,managers,drivers_change_provider,driver_decisions,0.9066246616541354,0.41493931337119255,0.7603086215538848,1.825492508322102,0.5432312270095555
underground_alarm-long_rides,managers,drivers_change_zone,driver_decisions,1.600756215538847,0.7424643185338152,1.3869755639097747,1.6501153078799748,0.41100554136959333
underground_alarm-long_rides,managers,drivers_demand_pressure,market,0.0,0.0,0.0,,
underground_alarm-long_rides,managers,drivers_idle,supply,6421.317364310777,5146.4320238332475,8721.910875864662,0.3869053278807639,-0.6981897576567223
underground_alarm-long_rides,managers,drivers_idle_duration_avg,supply,991.3197399498746,228.34312109189466,1232.6717225062657,6.429398324655622,-2.0338081062340074
underground_alarm-long_rides,managers,drivers_occupied_distance_avg,supply,5786.863070626567,1910.6145775193597,6450.343245639097,3.4860821955010968,-0.596697149135832
underground_alarm-long_rides,managers,drivers_occupied_duration_avg,supply,706.5963863408521,214.60937774651524,773.6074674185464,4.100353307267269,-0.5584885436416827
underground_alarm-long_rides,managers,drivers_passengers_served,supply,2.4104720050125312,0.8391997909137842,2.1003592481203004,1.8246450579893176,0.3601194651096216
underground_alarm-long_rides,managers,drivers_pickup,supply,1234.3467258897244,306.8155990320083,595.315152406015,3.24456974961296,2.235377824350765
underground_alarm-long_rides,managers,drivers_pickup_accept,driver_decisions,1.397919523809524,0.3715221063500258,0.6502089974937343,2.825696218886011,2.0584646561770676
underground_alarm-long_rides,managers,drivers_pickup_reject,driver_decisions,0.3655470927318296,0.08116225090345895,0.15576017543859647,3.48754450815362,2.572715221333936
underground_alarm-long_rides,managers,drivers_reject,driver_decisions,1.4385254887218042,0.6114330046463603,1.161035789473684,1.8241056722408848,0.6119878298165534
underground_alarm-long_rides,managers,drivers_removed,supply,0.4872805764411027,0.208405918946825,0.40042984962406014,1.8351061417764944,0.5715123189455737
underground_alarm-long_rides,managers,drivers_shift_duration_avg,supply,4458.494057218045,1419.2238330562725,5203.733110451129,3.2527317244045455,-0.797580515034662
underground_alarm-long_rides,managers,drivers_starting,supply,0.4074728070175439,0.23483743159525042,0.3984875438596491,1.10896157601057,0.05771882829967193
underground_alarm-long_rides,managers,drivers_total_length_avg,supply,25768.57708689223,9026.002694445018,29187.543718596495,2.8003919105206476,-0.5718622640305426
underground_alarm-long_rides,managers,drivers_waiting,supply,3.024101979949874,1.5172225038719669,2.7580281704260647,1.4018983203579058,0.24753700118971741
underground_alarm-long_rides,managers,passengers_accept,passenger_decisions,10.559791303258145,4.902784870934435,9.222531152882205,1.6565574906339966,0.3915937422969586
underground_alarm-long_rides,managers,passengers_acceptance_rate,passenger_decisions,1.3273624561403508,2.271186208053691,2.0626424060150375,-8.117832175976545,-6.324146031865495
underground_alarm-long_rides,managers,passengers_arrivals,demand,1.8402585714285715,1.233584047496128,2.3987468671679197,0.7932775534619849,-0.7302700400364893
underground_alarm-long_rides,managers,passengers_change_provider,passenger_decisions,4.665931754385966,1.4347848399586989,2.8192229573934835,2.8334346158399097,1.6194028836667926
underground_alarm-long_rides,managers,passengers_departures,demand,1.8923392731829574,1.2261483324728963,2.2573473684210525,0.9016728208772257,-0.49402935219377997
underground_alarm-long_rides,managers,passengers_drivers_ratio,demand,0.3268129824561404,0.1354335312338668,0.13888546365914786,2.736272843733446,2.6869183864321275
underground_alarm-long_rides,managers,passengers_no_ratings_count,passenger_experience,0.4823101002506266,0.2643482447083118,0.5561942857142856,1.1761060598533108,-0.3986736029335441
underground_alarm-long_rides,managers,passengers_offers_discarded,passenger_decisions,85.81857566416039,37.687444168817755,71.49786147869675,1.7981448290054693,0.5350116932685961
underground_alarm-long_rides,managers,passengers_pickup_accept,passenger_decisions,1.4235338596491227,0.4029688538977801,0.7111821804511278,2.5652592450788507,1.7905441794614425
underground_alarm-long_rides,managers,passengers_pickup_reject,passenger_decisions,0.34007097744360903,0.04970917914300465,0.094711679197995,5.875978093572295,4.965273909940853
underground_alarm-long_rides,managers,passengers_rating_avg,passenger_experience,4.895393258145363,4.890384414042334,4.8746431077694234,0.2376657800318212,0.984578592073299
underground_alarm-long_rides,managers,passengers_ratings_count,passenger_experience,1.3611024561403509,0.9695220676303562,1.84473679197995,0.6757771275403853,-0.8346409366853274
underground_alarm-long_rides,managers,passengers_reject,passenger_decisions,8.261516015037595,2.250072333505421,4.48449045112782,3.341737035214709,2.09963311286533
underground_alarm-long_rides,managers,passengers_unassigned,demand,34.85419403508772,10.901189491481674,19.791341002506265,2.9789963410604146,1.8733426108737994
underground_alarm-long_rides,managers,rides_dispatched,matching,2.5663241102756893,1.3553119772844606,2.4274729824561403,1.3390434316665991,0.15353082402817939
underground_alarm-long_rides,managers,rides_duration_avg,trip,1419.7922281453634,539.6497125090347,1015.6812685964912,3.7660510511732577,1.7291546277586114
underground_alarm-long_rides,managers,rides_in_progress,matching,3409.328454686716,1042.8750821502324,2576.394937443609,2.8644768158286547,1.0082255483919174
underground_alarm-long_rides,managers,rides_length_avg,trip,8125.034682431078,4433.23866655395,6448.165566842106,3.1911120682756398,1.4494509579244217
underground_alarm-long_rides,managers,rides_offers_generated,matching,95.11371764411027,41.7997809808983,78.93927749373434,1.8054348489259544,0.5477347901323883
underground_alarm-long_rides,managers,rides_offers_lyft,matching,36.74769807017544,15.887221228704181,29.606466090225563,1.8664862821628216,0.6389600597154333
underground_alarm-long_rides,managers,rides_offers_price_lyft_avg,market,28.25244045112782,20.71115852607124,21.467218771929826,14.08756033694351,12.675195113398676
underground_alarm-long_rides,managers,rides_offers_price_no_surge_avg,market,27.584503709273182,19.850784832214764,20.725069122807017,13.042761211595804,11.568298354267139
underground_alarm-long_rides,managers,rides_offers_price_uber_avg,market,27.163381629072685,19.325045942178626,20.28027556390978,12.537670723026103,11.009750136239955
underground_alarm-long_rides,managers,rides_offers_radius_avg,matching,2427.0226128070176,1342.8608960428498,1296.5553707518798,2.286787495449807,2.384458253020616
underground_alarm-long_rides,managers,rides_offers_surge_lyft_avg,market,1.0,1.0,1.0,,
underground_alarm-long_rides,managers,rides_offers_surge_uber_avg,market,1.0,1.0,1.0,,
underground_alarm-long_rides,managers,rides_offers_uber,matching,58.36583561403509,25.91254818533815,49.33325814536341,1.7260700771778812,0.48040931824610916
underground_alarm-long_rides,managers,rides_partial_acceptances,matching,6.555472005012531,2.9360508466701085,5.634582130325814,1.6788038028263814,0.42713830636840966
underground_alarm-long_rides,managers,rides_waiting_duration_avg,passenger_experience,1038.2127707769425,456.20886543107895,769.036966942356,2.5238471376993425,1.1672749543529661
underground_alarm-long_rides,managers,traffic_duration_avg,trip,1070.7946443609023,489.0221402142488,735.3935178446114,3.83310637196966,2.2098469522913633
underground_alarm-long_rides,managers,traffic_length_avg,trip,4010.726267568922,3716.3980019256583,3908.958308997494,3.6917599333129862,1.2764756763267153
underground_alarm-long_rides,managers,traffic_speed_avg,trip,4.202052330827068,7.058019759938048,5.381712105263158,-2.933562233003098,-1.2117103741466337
underground_alarm-long_rides,managers_drivers,drivers_accept,driver_decisions,2.5470192700729926,1.3580561035282,2.4599514598540146,1.314663392118844,0.09627284170584013
underground_alarm-long_rides,managers_drivers,drivers_acceptance_rate,driver_decisions,1.622699294403893,2.4055014267319086,2.131727542579075,-3.8707731003542465,-2.517025400144563
underground_alarm-long_rides,managers_drivers,drivers_busy,supply,3312.642424987834,1060.0184274246717,3042.788110827251,2.316412305087869,0.27749586907483675
underground_alarm-long_rides,managers_drivers,drivers_change_provider,driver_decisions,0.9797041849148418,0.41412102755601343,0.7676637712895377,2.099854755073082,0.787247754862458
underground_alarm-long_rides,managers_drivers,drivers_change_zone,driver_decisions,1.6692379562043795,0.7457030569147566,1.400076885644769,1.7755487148333915,0.5174775672071521
underground_alarm-long_rides,managers_drivers,drivers_demand_pressure,market,0.0,0.0,0.0,,
underground_alarm-long_rides,managers_drivers,drivers_idle,supply,6527.539076885646,5089.973033595158,8639.314710827251,0.4362760663019501,-0.640886845365045
underground_alarm-long_rides,managers_drivers,drivers_idle_duration_avg,supply,1071.9612082481751,234.08023322173577,1210.4376711192212,7.060597145374064,-1.1669038295301473
underground_alarm-long_rides,managers_drivers,drivers_occupied_distance_avg,supply,5808.085110583941,1884.195106891579,6431.318769148417,3.5289283190437484,-0.5605016718154299
underground_alarm-long_rides,managers_drivers,drivers_occupied_duration_avg,supply,697.0671275182482,208.7248142879217,769.6857385888078,4.069977426545337,-0.6052232210827366
underground_alarm-long_rides,managers_drivers,drivers_passengers_served,supply,2.45839396593674,0.8458218593870719,2.1126033819951338,1.8726046947600135,0.4015504598292604
underground_alarm-long_rides,managers_drivers,drivers_pickup,supply,1182.7978642092455,312.6332118465104,612.7525648418492,3.04389774799623,1.9940589384880454
underground_alarm-long_rides,managers_drivers,drivers_pickup_accept,driver_decisions,1.3610665936739663,0.37658428277105327,0.6735362287104624,2.710302945192568,1.8927872572549158
underground_alarm-long_rides,managers_drivers,drivers_pickup_reject,driver_decisions,0.3941768613138686,0.08490771310842134,0.1591401703163017,3.7927124119231235,2.8823650221057218
underground_alarm-long_rides,managers_drivers,drivers_reject,driver_decisions,1.5914110705596105,0.6123035925830543,1.1725505839416057,2.1593661394553214,0.9237731018334181
underground_alarm-long_rides,managers_drivers,drivers_removed,supply,0.5885644038929441,0.21289207571465363,0.4034585644768856,2.472073306803081,1.218070031329658
underground_alarm-long_rides,managers_drivers,drivers_shift_duration_avg,supply,4589.381074525548,1412.303626281226,5154.92632946472,3.4002177643301534,-0.6052660200145422
underground_alarm-long_rides,managers_drivers,drivers_starting,supply,0.36553970802919716,0.23402528972443987,0.4041278588807785,0.8448119988999845,-0.2478795349969574
underground_alarm-long_rides,managers_drivers,drivers_total_length_avg,supply,25950.293577128952,8931.646058011847,29035.914129878347,2.8465683785187395,-0.5161062231118827
underground_alarm-long_rides,managers_drivers,drivers_waiting,supply,3.037976642335767,1.5197508987895956,2.7935156447688563,1.4124541169950011,0.22742990884318845
underground_alarm-long_rides,managers_drivers,passengers_accept,passenger_decisions,11.034355571776155,4.920179307236673,9.334817274939171,1.7904318496450824,0.4976806955986057
underground_alarm-long_rides,managers_drivers,passengers_acceptance_rate,passenger_decisions,1.313510583941606,2.267208024723152,2.069754914841849,-8.202755816674733,-6.504460763820154
underground_alarm-long_rides,managers_drivers,passengers_arrivals,demand,1.8449797323600972,1.2274238346639197,2.414099781021898,0.8075058574653379,-0.7441719439645907
underground_alarm-long_rides,managers_drivers,passengers_change_provider,passenger_decisions,4.8748299270072994,1.4318123100695337,2.848142554744525,3.019226781431358,1.7772284294516045
underground_alarm-long_rides,managers_drivers,passengers_departures,demand,1.8628467639902677,1.222962941024981,2.279707907542579,0.866066793210747,-0.5642111596718717
underground_alarm-long_rides,managers_drivers,passengers_drivers_ratio,demand,0.3416070316301703,0.13545341746072623,0.14231065693430656,2.947508379226144,2.849466097075681
underground_alarm-long_rides,managers_drivers,passengers_no_ratings_count,passenger_experience,0.49219379562043797,0.26392689415400467,0.5563459854014599,1.23171132586771,-0.34616047365990504
underground_alarm-long_rides,managers_drivers,passengers_offers_discarded,passenger_decisions,89.7477494890511,37.78766296935359,72.34824832116789,1.9411918645442963,0.6500329844797285
underground_alarm-long_rides,managers_drivers,passengers_pickup_accept,passenger_decisions,1.4240067396593672,0.4100570589750193,0.7350933333333335,2.54863117759498,1.7316304935770093
underground_alarm-long_rides,managers_drivers,passengers_pickup_reject,passenger_decisions,0.33151274939172753,0.051400206026268346,0.09758306569343066,5.668566520056684,4.7339756982233405
underground_alarm-long_rides,managers_drivers,passengers_rating_avg,passenger_experience,4.855683479318735,4.880875459696112,4.875622603406327,-1.1953399913793505,-0.9460960217473476
underground_alarm-long_rides,managers_drivers,passengers_ratings_count,passenger_experience,1.3552352311435523,0.9640239917589493,1.8597849878345498,0.6751400615817441,-0.8707361126415041
underground_alarm-long_rides,managers_drivers,passengers_reject,passenger_decisions,8.610855571776156,2.2488552665464847,4.523605182481752,3.5366100331850023,2.2720858285774734
underground_alarm-long_rides,managers_drivers,passengers_unassigned,demand,37.07355649635036,10.933796453772857,20.083787615571772,3.2509595771701254,2.1129900108841198
underground_alarm-long_rides,managers_drivers,rides_dispatched,matching,2.5470192700729926,1.3580561035282,2.4599514598540146,1.314663392118844,0.09627284170584013
underground_alarm-long_rides,managers_drivers,rides_duration_avg,trip,1352.9046781021896,534.984136227144,1020.6702071776157,3.499808794349273,1.4216015659201244
underground_alarm-long_rides,managers_drivers,rides_in_progress,matching,3133.6525954501217,1038.853582760752,2609.5482077372267,2.535652413568502,0.6344028938413047
underground_alarm-long_rides,managers_drivers,rides_length_avg,trip,8064.820987883212,4428.1967681843935,6457.842262725061,3.1434227095310403,1.3890391509336988
underground_alarm-long_rides,managers_drivers,rides_offers_generated,matching,99.6605109002433,41.9309665670873,79.87695878345498,1.954965955902015,0.6699545496485305
underground_alarm-long_rides,managers_drivers,rides_offers_lyft,matching,37.1441197080292,15.729440705639968,29.94067309002433,1.9160733907778058,0.6445266998915831
underground_alarm-long_rides,managers_drivers,rides_offers_price_lyft_avg,market,28.53828790754258,20.72753667525109,21.49603180048662,14.590944928893723,13.155350615752958
underground_alarm-long_rides,managers_drivers,rides_offers_price_no_surge_avg,market,27.857922433090025,19.80874943342776,20.75820131386861,13.574768239487717,11.973536754952457
underground_alarm-long_rides,managers_drivers,rides_offers_price_uber_avg,market,27.453118126520682,19.26317582796807,20.31630102189781,13.100076837934491,11.415569126215642
underground_alarm-long_rides,managers_drivers,rides_offers_radius_avg,matching,2435.7205315328465,1371.9101594875096,1307.0501374209248,2.243861057540236,2.3806682193529127
underground_alarm-long_rides,managers_drivers,rides_offers_surge_lyft_avg,market,1.0,1.0,1.0,,
underground_alarm-long_rides,managers_drivers,rides_offers_surge_uber_avg,market,1.0,1.0,1.0,,
underground_alarm-long_rides,managers_drivers,rides_offers_uber,matching,62.51639503649635,26.201505266546487,49.93647206812652,1.9314543935076596,0.6690794778992213
underground_alarm-long_rides,managers_drivers,rides_partial_acceptances,matching,6.896358272506084,2.9497965233067216,5.702846593673967,1.8305421178670709,0.5535890567812984
underground_alarm-long_rides,managers_drivers,rides_waiting_duration_avg,passenger_experience,984.708486593674,450.73639162245684,772.2527925547445,2.315558248193473,0.9213094454571266
underground_alarm-long_rides,managers_drivers,traffic_duration_avg,trip,1031.979630729927,492.18621517125933,738.4640964963503,3.5565200589191464,1.9338766554343587
underground_alarm-long_rides,managers_drivers,traffic_length_avg,trip,4006.6689374695866,3724.417384736029,3910.4201612408756,3.5402817028795734,1.2072485628758192
underground_alarm-long_rides,managers_drivers,traffic_speed_avg,trip,4.377524793187348,7.032331671388102,5.361890340632604,-2.7269362789024827,-1.0111101282249981
underground_alarm-long_rides,students,drivers_accept,driver_decisions,2.4694465109890107,1.3565889940675782,2.3948856318681315,1.2305116586517624,0.0824436458778433
underground_alarm-long_rides,students,drivers_acceptance_rate,driver_decisions,1.798022087912088,2.38117977559969,2.107484835164835,-2.8835781068364468,-1.5302207648122774
underground_alarm-long_rides,students,drivers_busy,supply,3894.9156341483513,1088.8755988986331,2984.205289148352,2.8854996099007817,0.9364992345863814
underground_alarm-long_rides,students,drivers_change_provider,driver_decisions,0.8913964010989012,0.4120733118390508,0.7543905769230769,1.779594839596765,0.5086649551443199
underground_alarm-long_rides,students,drivers_change_zone,driver_decisions,1.5691527472527476,0.7461167861748775,1.3774311813186813,1.5823337527120316,0.3685956862722986
underground_alarm-long_rides,students,drivers_demand_pressure,market,0.0,0.0,0.0,,
underground_alarm-long_rides,students,drivers_idle,supply,6229.759942664835,5199.678013807067,8796.251152445055,0.3126117885075713,-0.7788850428315178
underground_alarm-long_rides,students,drivers_idle_duration_avg,supply,1253.390818434066,248.89067440288883,1262.4134393406596,8.464651974286163,-0.07603119454392304
underground_alarm-long_rides,students,drivers_occupied_distance_avg,supply,6234.21292043956,1870.289065571318,6515.988089120878,3.924670278500109,-0.2534129069436554
underground_alarm-long_rides,students,drivers_occupied_duration_avg,supply,763.0452693406593,208.66347835697704,783.8117649175825,4.62036836428542,-0.17307361237539912
underground_alarm-long_rides,students,drivers_passengers_served,supply,2.5067810714285717,0.8261318571060099,2.101845274725275,1.9516594614296225,0.47023303386131354
underground_alarm-long_rides,students,drivers_pickup,supply,1221.5350449999999,310.5717804333247,578.5484646153845,3.1866141907657037,2.2492127193517155
underground_alarm-long_rides,students,drivers_pickup_accept,driver_decisions,1.3728202472527473,0.3740284137219499,0.6297207692307693,2.7496973973763614,2.045770331827369
underground_alarm-long_rides,students,drivers_pickup_reject,driver_decisions,0.3594640934065934,0.0832939179778179,0.15003673076923077,3.386804206722533,2.5683058341900913
underground_alarm-long_rides,students,drivers_reject,driver_decisions,1.3965611813186811,0.6087404384833633,1.1567856043956044,1.7374940691443246,0.5288114670986651
underground_alarm-long_rides,students,drivers_removed,supply,0.49472065934065934,0.20626811194222336,0.39707829670329675,1.8981324660266305,0.6425255739742811
underground_alarm-long_rides,students,drivers_shift_duration_avg,supply,4990.702082005494,1438.6503040237299,5278.490543159341,3.8015282132918604,-0.30800112805726476
underground_alarm-long_rides,students,drivers_starting,supply,0.3951008516483516,0.23444080732525147,0.3926186813186812,1.0320353839336311,0.015944770960092038
underground_alarm-long_rides,students,drivers_total_length_avg,supply,27386.12318475275,8980.456532713439,29478.403570494505,3.0785635943396064,-0.34995843108903235
underground_alarm-long_rides,students,drivers_waiting,supply,2.897389945054945,1.5178789579571834,2.726899945054945,1.2834033288191407,0.15861231666643416
underground_alarm-long_rides,students,passengers_accept,passenger_decisions,10.438722362637364,4.911210580345628,9.130553901098901,1.6186371992088766,0.38307473924553015
underground_alarm-long_rides,students,passengers_acceptance_rate,passenger_decisions,1.6131961813186815,2.278272883672943,2.0577606868131864,-5.720327596035667,-3.8237012362576723
underground_alarm-long_rides,students,passengers_arrivals,demand,1.8848854120879122,1.2318127650245037,2.3977380769230767,0.8539469703413698,-0.6705976453565435
underground_alarm-long_rides,students,passengers_change_provider,passenger_decisions,4.151236043956044,1.4356946195511995,2.792797445054945,2.381293477650411,1.191232417329343
underground_alarm-long_rides,students,passengers_departures,demand,1.9094964010989015,1.2244372942997164,2.2388138186813187,0.9272104130339538,-0.44572291025010174
underground_alarm-long_rides,students,passengers_drivers_ratio,demand,0.35952521978021973,0.13416580861490843,0.1357712912087912,3.222105784675975,3.199151186391408
underground_alarm-long_rides,students,passengers_no_ratings_count,passenger_experience,0.4720648626373627,0.2613183440804746,0.5618082142857143,1.1371726348678706,-0.4842484912901745
underground_alarm-long_rides,students,passengers_offers_discarded,passenger_decisions,83.18661634615385,37.74534821253547,70.7778068956044,1.6976534475576064,0.4635842926272943
underground_alarm-long_rides,students,passengers_pickup_accept,passenger_decisions,1.4758010989010988,0.40612620582924946,0.6865979670329669,2.688700272121478,1.983715509409867
underground_alarm-long_rides,students,passengers_pickup_reject,passenger_decisions,0.25656167582417577,0.051183239618261545,0.09278373626373626,4.1561913416334395,3.3143326384528278
underground_alarm-long_rides,students,passengers_rating_avg,passenger_experience,4.895845714285715,4.887553848336342,4.874001263736264,0.39344262832716687,1.0365022892331235
underground_alarm-long_rides,students,passengers_ratings_count,passenger_experience,1.415004423076923,0.971367485168945,1.837701346153846,0.7656146844101044,-0.7294770649367989
underground_alarm-long_rides,students,passengers_reject,passenger_decisions,6.616790274725275,2.2593069770441065,4.4513050000000005,2.422307200668856,1.2037844360070828
underground_alarm-long_rides,students,passengers_unassigned,demand,37.14186343406593,10.94252007222079,19.540338956043957,3.25836985798744,2.1890730626989177
underground_alarm-long_rides,students,rides_dispatched,matching,2.4694465109890107,1.3565889940675782,2.3948856318681315,1.2305116586517624,0.0824436458778433
underground_alarm-long_rides,students,rides_duration_avg,trip,1459.1571062362636,541.1314481635284,1018.6749289835165,3.9281496270967566,1.8847838130696954
underground_alarm-long_rides,students,rides_in_progress,matching,3525.3410256868133,1043.9259878462728,2554.278612774725,3.003632325417064,1.1754238645859587
underground_alarm-long_rides,students,rides_length_avg,trip,8265.34353175824,4445.0357607608985,6451.169899285715,3.302194969637395,1.5681341405736033
underground_alarm-long_rides,students,rides_offers_generated,matching,92.61914403846154,41.86995264379675,78.15159818681319,1.7185817524137963,0.48993214708573
underground_alarm-long_rides,students,rides_offers_lyft,matching,35.384194148351646,15.649491831312872,29.376904697802193,1.7657578701217187,0.5375008173418718
underground_alarm-long_rides,students,rides_offers_price_lyft_avg,market,28.255693516483515,20.70628558679391,21.436434203296702,14.102740193856915,12.738779425364397
underground_alarm-long_rides,students,rides_offers_price_no_surge_avg,market,27.724938434065933,19.818540242455505,20.70608953296703,13.333981399669224,11.837147386992239
underground_alarm-long_rides,students,rides_offers_price_uber_avg,market,27.39891445054945,19.275148243487234,20.266727912087916,12.994226045370109,11.40816238630157
underground_alarm-long_rides,students,rides_offers_radius_avg,matching,2502.2972092582418,1361.7772468480784,1285.9160511813186,2.4056621332606767,2.5656737172874475
underground_alarm-long_rides,students,rides_offers_surge_lyft_avg,market,1.0,1.0,1.0,,
underground_alarm-long_rides,students,rides_offers_surge_uber_avg,market,1.0,1.0,1.0,,
underground_alarm-long_rides,students,rides_offers_uber,matching,57.23511417582418,26.220487838534947,48.77500914835164,1.6495530258149087,0.44996163084513835
underground_alarm-long_rides,students,rides_partial_acceptances,matching,6.573337912087911,2.945791614650503,5.579404587912087,1.6825725033490369,0.46101820467514026
underground_alarm-long_rides,students,rides_waiting_duration_avg,passenger_experience,1102.6647691483515,466.08124415269543,767.5366865384615,2.7605304581454266,1.4532755610205135
underground_alarm-long_rides,students,traffic_duration_avg,trip,1146.238005934066,497.23148402630903,734.4450609065934,4.276089050003274,2.713167346800325
underground_alarm-long_rides,students,traffic_length_avg,trip,4050.248431428571,3721.683345359814,3907.8227879945052,4.1211924297625835,1.786445086261256
underground_alarm-long_rides,students,traffic_speed_avg,trip,4.133730192307693,6.9783432499355165,5.40324673076923,-2.921899370526811,-1.3040084888373111
underground_alarm-long_rides,students_drivers,drivers_accept,driver_decisions,2.481784683544304,1.356090938386182,2.4344727088607594,1.2447049657536962,0.052313917601051606
underground_alarm-long_rides,students_drivers,drivers_acceptance_rate,driver_decisions,1.6055096202531645,2.389330631606084,2.127299088607595,-3.8758112183654796,-2.58012664343146
underground_alarm-long_rides,students_drivers,drivers_busy,supply,3603.559524683544,1089.9157060350603,3019.918006962025,2.584823511790784,0.6001686898802462
underground_alarm-long_rides,students_drivers,drivers_change_provider,driver_decisions,0.9619956202531645,0.41595943284351633,0.7622991139240507,2.0272822301295648,0.7414182210532652
underground_alarm-long_rides,students_drivers,drivers_change_zone,driver_decisions,1.678054911392405,0.7522497731374067,1.3890250886075948,1.779913379212006,0.5556763808155301
underground_alarm-long_rides,students_drivers,drivers_demand_pressure,market,0.0,0.0,0.0,,
underground_alarm-long_rides,students_drivers,drivers_idle,supply,6309.774992936709,5048.527486774943,8702.35125956962,0.3827664844961915,-0.7261049096184634
underground_alarm-long_rides,students_drivers,drivers_idle_duration_avg,supply,1066.584275012658,241.2668725161124,1229.6400576962028,6.954727305881089,-1.3740271328106495
underground_alarm-long_rides,students_drivers,drivers_occupied_distance_avg,supply,5675.432307265823,1883.7132356664088,6460.312798050633,3.410061137553362,-0.7058778376532262
underground_alarm-long_rides,students_drivers,drivers_occupied_duration_avg,supply,687.0291759493671,207.9539493374581,774.7132876202531,3.992743010593733,-0.7307831934663178
underground_alarm-long_rides,students_drivers,drivers_passengers_served,supply,2.418278329113924,0.8523683964939418,2.1050168860759495,1.8184180908782188,0.3637758873154238
underground_alarm-long_rides,students_drivers,drivers_pickup,supply,1186.1079579493671,311.30517514823407,598.6832404556963,3.0601222576427873,2.0548533772789233
underground_alarm-long_rides,students_drivers,drivers_pickup_accept,driver_decisions,1.3146792911392404,0.3735318999742202,0.6542237721518988,2.5910008924339207,1.8182495698052281
underground_alarm-long_rides,students_drivers,drivers_pickup_reject,driver_decisions,0.3967296708860759,0.08514572828048467,0.1565104556962025,3.821099819795583,2.945920743532534
underground_alarm-long_rides,students_drivers,drivers_reject,driver_decisions,1.5640381012658227,0.6192308352668213,1.1637677974683542,2.0837189628312194,0.8827735055562957
underground_alarm-long_rides,students_drivers,drivers_removed,supply,0.5821692405063291,0.2131386594483114,0.40134556962025314,2.428367969638162,1.1898916595833686
underground_alarm-long_rides,students_drivers,drivers_shift_duration_avg,supply,4461.326030126582,1419.4351188399073,5200.333252151899,3.2555364740721267,-0.7909109945328356
underground_alarm-long_rides,students_drivers,drivers_starting,supply,0.3585995189873417,0.23586412993039443,0.3991811139240506,0.7884179598064358,-0.26068486466316493
underground_alarm-long_rides,students_drivers,drivers_total_length_avg,supply,25083.771288506327,8917.716496996649,29197.353360050634,2.7039622463078143,-0.6880448422323932
underground_alarm-long_rides,students_drivers,drivers_waiting,supply,2.9625360253164557,1.5231770095385406,2.7655736455696203,1.339081869946939,0.18324042083277323
underground_alarm-long_rides,students_drivers,passengers_accept,passenger_decisions,11.081792962025316,4.9677958726475895,9.246134835443039,1.7903793812662867,0.5375410574854078
underground_alarm-long_rides,students_drivers,passengers_acceptance_rate,passenger_decisions,1.6051003037974683,2.2591594534673884,2.0629867341772155,-5.625565577703164,-3.9382831698656457
underground_alarm-long_rides,students_drivers,passengers_arrivals,demand,1.8530506582278479,1.224782199020366,2.4039577974683546,0.8215134253650325,-0.7203570454363022
underground_alarm-long_rides,students_drivers,passengers_change_provider,passenger_decisions,4.411531594936709,1.4517907450373808,2.827122227848101,2.5954351195159697,1.3893891132974414
underground_alarm-long_rides,students_drivers,passengers_departures,demand,1.8542151898734176,1.2231764913637535,2.26446817721519,0.8540951378916116,-0.5552671850738335
underground_alarm-long_rides,students_drivers,passengers_drivers_ratio,demand,0.36977007594936717,0.1375936581593194,0.13954496202531647,3.319572832385047,3.291673809034841
underground_alarm-long_rides,students_drivers,passengers_no_ratings_count,passenger_experience,0.4629155443037974,0.25908305748904353,0.5568224050632911,1.0998650307014914,-0.5067144786698702
underground_alarm-long_rides,students_drivers,passengers_offers_discarded,passenger_decisions,88.20708437974685,38.174882266047945,71.68067946835444,1.869167474760272,0.6174147295154773
underground_alarm-long_rides,students_drivers,passengers_pickup_accept,passenger_decisions,1.4502487594936708,0.40794105439546274,0.7155696455696201,2.6199109920995656,1.8466656984505663
underground_alarm-long_rides,students_drivers,passengers_pickup_reject,passenger_decisions,0.26130774683544306,0.050714129930394425,0.09507587341772153,4.261729631179399,3.363992275749662
underground_alarm-long_rides,students_drivers,passengers_rating_avg,passenger_experience,4.842902556962025,4.884286988914669,4.874810683544304,-1.9636592992084012,-1.5140159361208274
underground_alarm-long_rides,students_drivers,passengers_ratings_count,passenger_experience,1.3930252151898734,0.9664316138179945,1.8493037215189876,0.7362018298698287,-0.7874311058804115
underground_alarm-long_rides,students_drivers,passengers_reject,passenger_decisions,6.998569569620253,2.284033727764888,4.495396683544304,2.620791254349691,1.391503602477943
underground_alarm-long_rides,students_drivers,passengers_unassigned,demand,38.81992830379747,11.099795599381284,19.847329265822786,3.447507962929358,2.3595913828530555
underground_alarm-long_rides,students_drivers,rides_dispatched,matching,2.481784683544304,1.356090938386182,2.4344727088607594,1.2447049657536962,0.052313917601051606
underground_alarm-long_rides,students_drivers,rides_duration_avg,trip,1393.205445113924,531.1929127275071,1018.1536110126582,3.688474475490262,1.604813230775861
underground_alarm-long_rides,students_drivers,rides_in_progress,matching,3166.3521347341775,1030.8196863366848,2587.4329283797465,2.584958258158164,0.7007535682238026
underground_alarm-long_rides,students_drivers,rides_length_avg,trip,8186.702138734177,4427.16144786543,6449.58669349367,3.2496691632498607,1.5015266383773813
underground_alarm-long_rides,students_drivers,rides_offers_generated,matching,98.19064984810126,42.33674996906419,79.13302121518987,1.891448720567231,0.6453717175135797
underground_alarm-long_rides,students_drivers,rides_offers_lyft,matching,37.82268351898735,16.030722345965454,29.67994086075949,1.9498306246772013,0.7285699932107789
underground_alarm-long_rides,students_drivers,rides_offers_price_lyft_avg,market,28.48974210126582,20.601127104923947,21.470181949367092,14.736399042003688,13.112953230154664
underground_alarm-long_rides,students_drivers,rides_offers_price_no_surge_avg,market,27.928673240506328,19.72656148234081,20.730568556962027,13.832696377149036,12.13945865578798
underground_alarm-long_rides,students_drivers,rides_offers_price_uber_avg,market,27.579429594936705,19.190085509151842,20.287296151898733,13.419026427460365,11.664002618571752
underground_alarm-long_rides,students_drivers,rides_offers_radius_avg,matching,2458.339719468355,1353.7773885176591,1297.4068748607594,2.3298178558654903,2.4487183701978195
underground_alarm-long_rides,students_drivers,rides_offers_surge_lyft_avg,market,1.0,1.0,1.0,,
underground_alarm-long_rides,students_drivers,rides_offers_surge_uber_avg,market,1.0,1.0,1.0,,
underground_alarm-long_rides,students_drivers,rides_offers_uber,matching,60.3679326835443,26.306095179169887,49.45357384810126,1.811622893957053,0.580494294725343
underground_alarm-long_rides,students_drivers,rides_partial_acceptances,matching,7.035569696202531,2.9924236839391596,5.648400708860759,1.8753410017303953,0.6434135374781019
underground_alarm-long_rides,students_drivers,rides_waiting_duration_avg,passenger_experience,1049.464106278481,469.5718521113689,770.2312635949366,2.5146900087963253,1.2108870821746678
underground_alarm-long_rides,students_drivers,traffic_duration_avg,trip,1037.8577532405063,489.0911680381542,736.5307884303799,3.61564130217629,1.9853435846958067
underground_alarm-long_rides,students_drivers,traffic_length_avg,trip,3995.9951621265823,3720.004978857953,3909.409605164557,3.4617453351006486,1.0860427872850817
underground_alarm-long_rides,students_drivers,traffic_speed_avg,trip,4.374582835443038,7.019079904614592,5.376892962025316,-2.7163463589722863,-1.0295422500716718
underground_alarm-wildcat_strike,bank_tellers,drivers_accept,driver_decisions,2.752866333333333,1.3711909414437153,2.528177933333333,1.5277496465995912,0.2484430320681654
underground_alarm-wildcat_strike,bank_tellers,drivers_acceptance_rate,driver_decisions,1.9797087666666668,2.434524790509844,2.1132116333333335,-2.2489586550647664,-0.6601403902371801
underground_alarm-wildcat_strike,bank_tellers,drivers_busy,supply,3011.668289766667,1083.1302550252399,3201.9030304999997,1.983149091609443,-0.19562168154409731
underground_alarm-wildcat_strike,bank_tellers,drivers_change_provider,driver_decisions,0.9168779666666668,0.4159169964664311,0.7901604666666667,1.8599303421505418,0.47046723627442877
underground_alarm-wildcat_strike,bank_tellers,drivers_change_zone,driver_decisions,1.5887390333333333,0.7538960903584049,1.4435164333333335,1.6050333513406363,0.2791987622699476
underground_alarm-wildcat_strike,bank_tellers,drivers_demand_pressure,market,0.0,0.0,0.0,,
underground_alarm-wildcat_strike,bank_tellers,drivers_idle,supply,5602.469438733334,5081.909985348309,8435.496278933333,0.15798065880804918,-0.8597739292319561
underground_alarm-wildcat_strike,bank_tellers,drivers_idle_duration_avg,supply,1052.8715724333333,279.43811781171127,1153.4200071666664,6.517515261240902,-0.847294559024449
underground_alarm-wildcat_strike,bank_tellers,drivers_occupied_distance_avg,supply,5486.0518391,1990.1170518551237,6261.424847166666,3.144049211529797,-0.6973273367535305
underground_alarm-wildcat_strike,bank_tellers,drivers_occupied_duration_avg,supply,665.7334069,224.458107501262,747.5253848333333,3.6777081542754315,-0.6816765511452881
underground_alarm-wildcat_strike,bank_tellers,drivers_passengers_served,supply,3.051816533333333,0.8615941822311964,2.1319112333333337,2.5434029527012965,1.0682430736076731
underground_alarm-wildcat_strike,bank_tellers,drivers_pickup,supply,1378.6389388666666,308.83250132004036,650.8964491,3.7422588899676392,2.5456949092417434
underground_alarm-wildcat_strike,bank_tellers,drivers_pickup_accept,driver_decisions,1.5422389,0.36532774103987886,0.7185278666666667,3.2400640875244564,2.2676958386214325
underground_alarm-wildcat_strike,bank_tellers,drivers_pickup_reject,driver_decisions,0.37726056666666663,0.0816537405350833,0.17023900000000003,3.6251649575264993,2.5388024314369915
underground_alarm-wildcat_strike,bank_tellers,drivers_reject,driver_decisions,1.4128665666666669,0.6187258001009591,1.2145667666666666,1.7514325238604114,0.4373389880196746
underground_alarm-wildcat_strike,bank_tellers,drivers_removed,supply,0.5237334666666668,0.2089875214538112,0.41850493333333333,2.071153479305344,0.6924455938205685
underground_alarm-wildcat_strike,bank_tellers,drivers_shift_duration_avg,supply,4319.738466466667,1554.0788969712264,4913.673071333333,2.9599041734046234,-0.6356492805783008
underground_alarm-wildcat_strike,bank_tellers,drivers_starting,supply,0.3118724666666667,0.2365623397274104,0.41512723333333335,0.48377128300512157,-0.6632798665578916
underground_alarm-wildcat_strike,bank_tellers,drivers_total_length_avg,supply,24053.7495762,9563.205813985362,27836.8643869,2.4237133776187427,-0.6327703174031775
underground_alarm-wildcat_strike,bank_tellers,drivers_waiting,supply,3.192477633333333,1.5361184528016154,2.876033033333333,1.5409640850246475,0.2943985635672655
underground_alarm-wildcat_strike,bank_tellers,passengers_accept,passenger_decisions,10.7465222,4.963071713780918,9.637538533333332,1.693584467204088,0.324746881939253
underground_alarm-wildcat_strike,bank_tellers,passengers_acceptance_rate,passenger_decisions,1.0649220000000001,2.2892386420999498,2.067848333333333,-10.530352738712482,-8.626173734622279
underground_alarm-wildcat_strike,bank_tellers,passengers_arrivals,demand,1.8843278666666667,1.2479354164563352,2.4467444333333335,0.8321362213666087,-0.7354065820003085
underground_alarm-wildcat_strike,bank_tellers,passengers_change_provider,passenger_decisions,4.8521166000000004,1.4483944093891972,2.955511,2.9847681126837813,1.663158037055201
underground_alarm-wildcat_strike,bank_tellers,passengers_departures,demand,1.9512443666666668,1.2430039525492178,2.335755333333333,0.9585857342579297,-0.5204260021954483
underground_alarm-wildcat_strike,bank_tellers,passengers_drivers_ratio,demand,0.41021509999999994,0.13626999242806664,0.14941793333333334,3.9167661613373794,3.728781749111694
underground_alarm-wildcat_strike,bank_tellers,passengers_no_ratings_count,passenger_experience,0.5296945,0.268410358404846,0.5639327666666666,1.4098699128296452,-0.18474715589729737
underground_alarm-wildcat_strike,bank_tellers,passengers_offers_discarded,passenger_decisions,87.93942759999999,38.1536640005048,74.7110946,1.8599607072022297,0.494201109371677
underground_alarm-wildcat_strike,bank_tellers,passengers_pickup_accept,passenger_decisions,1.4988829333333333,0.39652038616860175,0.7853055000000001,2.7708629039863375,1.793625195477228
underground_alarm-wildcat_strike,bank_tellers,passengers_pickup_reject,passenger_decisions,0.42068373333333325,0.05047288238263504,0.10328873333333333,7.491863127039095,6.42304214233645
underground_alarm-wildcat_strike,bank_tellers,passengers_rating_avg,passenger_experience,4.910264033333333,4.886620991923272,4.8753522333333335,1.1218440349637384,1.6565379174601569
underground_alarm-wildcat_strike,bank_tellers,passengers_ratings_count,passenger_experience,1.3592332000000003,0.9799649924280666,1.8858276,0.6545291526360754,-0.908780065224767
underground_alarm-wildcat_strike,bank_tellers,passengers_reject,passenger_decisions,10.2095111,2.281051713780919,4.6769834333333336,4.407398250193885,3.0755095749874517
underground_alarm-wildcat_strike,bank_tellers,passengers_unassigned,demand,38.82421086666667,11.023064972236243,20.784116866666665,3.4575834420280533,2.2436172431124732
underground_alarm-wildcat_strike,bank_tellers,rides_dispatched,matching,2.752866333333333,1.3711909414437153,2.528177933333333,1.5277496465995912,0.2484430320681654
underground_alarm-wildcat_strike,bank_tellers,rides_duration_avg,trip,1145.4792621333333,542.8980087455831,1050.9835122,2.578391251895759,0.4043388565436395
underground_alarm-wildcat_strike,bank_tellers,rides_in_progress,matching,2832.3256222333334,1063.2273678899546,2744.9573666666665,2.141407472169168,0.10575502793104445
underground_alarm-wildcat_strike,bank_tellers,rides_length_avg,trip,6086.9830767,4425.412367506309,6458.8790749,1.4362273320622634,-0.32145920383888643
underground_alarm-wildcat_strike,bank_tellers,rides_offers_generated,matching,97.58661103333333,42.31246379858657,82.4649168,1.8718158498158022,0.5120843714116727
underground_alarm-wildcat_strike,bank_tellers,rides_offers_lyft,matching,39.23567223333333,15.948183081776879,30.818433299999995,2.083642640468523,0.7531304831690245
underground_alarm-wildcat_strike,bank_tellers,rides_offers_price_lyft_avg,market,22.7395027,20.711061052498735,21.565528033333333,3.7892488814398435,2.193054060975942
underground_alarm-wildcat_strike,bank_tellers,rides_offers_price_no_surge_avg,market,22.22480426666667,19.82444069914185,20.8266489,4.0481648389252625,2.3579608819555005
underground_alarm-wildcat_strike,bank_tellers,rides_offers_price_uber_avg,market,21.878817033333334,19.28154726400808,20.387566066666665,4.154416759812616,2.3853040150758953
underground_alarm-wildcat_strike,bank_tellers,rides_offers_radius_avg,matching,2377.3762537666667,1319.3496992629985,1341.1953471666668,2.2316614369248473,2.1855831132913495
underground_alarm-wildcat_strike,bank_tellers,rides_offers_surge_lyft_avg,market,1.0,1.0,1.0,,
underground_alarm-wildcat_strike,bank_tellers,rides_offers_surge_uber_avg,market,1.0,1.0,1.0,,
underground_alarm-wildcat_strike,bank_tellers,rides_offers_uber,matching,58.35081646666667,26.364284469964666,51.647016666666666,1.7012450856790449,0.35655026516479105
underground_alarm-wildcat_strike,bank_tellers,rides_partial_acceptances,matching,6.5813500666666656,2.973180212014135,5.8952111333333335,1.6735850867403002,0.3182532786747493
underground_alarm-wildcat_strike,bank_tellers,rides_waiting_duration_avg,passenger_experience,1011.5844284666667,451.56864034578496,776.887159,2.428496150855552,1.0177595482238082
underground_alarm-wildcat_strike,bank_tellers,traffic_duration_avg,trip,1037.2011111666666,510.6239810726906,755.3365928666666,3.4694423306535467,1.8571119697598097
underground_alarm-wildcat_strike,bank_tellers,traffic_length_avg,trip,3999.6539612333336,3731.652636792024,3917.560361666667,3.3615410653301767,1.029700158084683
underground_alarm-wildcat_strike,bank_tellers,traffic_speed_avg,trip,3.9682721,6.992399078748107,5.293380600000001,-3.1062905697852314,-1.361110848326951
underground_alarm-wildcat_strike,bank_tellers_drivers,drivers_accept,driver_decisions,2.678018495575221,1.3669188959390863,2.515182064896755,1.4497124011607156,0.180051914424224
underground_alarm-wildcat_strike,bank_tellers_drivers,drivers_acceptance_rate,driver_decisions,1.8041630383480827,2.394792446700508,2.1221722418879057,-2.9205240145803972,-1.5724809883517625
underground_alarm-wildcat_strike,bank_tellers_drivers,drivers_busy,supply,2988.5161831563423,1078.3663428401017,3163.6742706784667,1.9642401925295576,-0.18011809769887263
underground_alarm-wildcat_strike,bank_tellers_drivers,drivers_change_provider,driver_decisions,0.9459292330383479,0.4201607563451776,0.7826691150442479,1.9520337928861615,0.6061399294219136
underground_alarm-wildcat_strike,bank_tellers_drivers,drivers_change_zone,driver_decisions,1.630648790560472,0.759286271573604,1.430702802359882,1.6752443269130115,0.384407608915185
underground_alarm-wildcat_strike,bank_tellers_drivers,drivers_demand_pressure,market,0.0,0.0,0.0,,
underground_alarm-wildcat_strike,bank_tellers_drivers,drivers_idle,supply,5465.81450421829,4980.337246967005,8473.103716165191,0.14733382793868044,-0.9126595009279648
underground_alarm-wildcat_strike,bank_tellers_drivers,drivers_idle_duration_avg,supply,970.4290166666668,252.99220198730964,1168.9201618289087,6.045646669028961,-1.672631381647412
underground_alarm-wildcat_strike,bank_tellers_drivers,drivers_occupied_distance_avg,supply,5241.931748525074,1969.671010426396,6331.99433920354,2.942889218379009,-0.9803416360182515
underground_alarm-wildcat_strike,bank_tellers_drivers,drivers_occupied_duration_avg,supply,629.0013711799411,221.48548003045684,755.9792262831858,3.3963480800293433,-1.0582679197360547
underground_alarm-wildcat_strike,bank_tellers_drivers,drivers_passengers_served,supply,2.9865881415929203,0.8778160101522843,2.1267207964601775,2.4488186155991825,0.998523799851432
underground_alarm-wildcat_strike,bank_tellers_drivers,drivers_pickup,supply,1321.7639202654868,304.144381928934,644.1098680530973,3.55970541052082,2.370481997687439
underground_alarm-wildcat_strike,bank_tellers_drivers,drivers_pickup_accept,driver_decisions,1.47027994100295,0.3625178274111675,0.7109342772861357,3.0496951400649777,2.0904964629616867
underground_alarm-wildcat_strike,bank_tellers_drivers,drivers_pickup_reject,driver_decisions,0.39020666666666665,0.0811696345177665,0.16836769911504426,3.7898658640091747,2.720515158279955
underground_alarm-wildcat_strike,bank_tellers_drivers,drivers_reject,driver_decisions,1.500147640117994,0.618370921319797,1.2035545722713865,1.9447086575907397,0.6541192282881065
underground_alarm-wildcat_strike,bank_tellers_drivers,drivers_removed,supply,0.5861108259587021,0.21557730203045683,0.4138244542772861,2.438257931374647,1.1337128359303927
underground_alarm-wildcat_strike,bank_tellers_drivers,drivers_shift_duration_avg,supply,4144.027667846608,1514.257249923858,5004.670792477877,2.8144709207741134,-0.9210899289650578
underground_alarm-wildcat_strike,bank_tellers_drivers,drivers_starting,supply,0.2589186430678466,0.23396776649746193,0.41395728613569316,0.16027748273871958,-0.9959250677243101
underground_alarm-wildcat_strike,bank_tellers_drivers,drivers_total_length_avg,supply,23399.9637920354,9503.210175598984,28335.54993643068,2.3243950122463097,-0.825534663216275
underground_alarm-wildcat_strike,bank_tellers_drivers,drivers_waiting,supply,3.14128778761062,1.5281002842639593,2.860717492625369,1.5008000887040578,0.26102354669127487
underground_alarm-wildcat_strike,bank_tellers_drivers,passengers_accept,passenger_decisions,10.940044159292036,4.987675109137056,9.571587699115044,1.7430493769125623,0.4007290475682739
underground_alarm-wildcat_strike,bank_tellers_drivers,passengers_acceptance_rate,passenger_decisions,1.0955574336283185,2.262351114213198,2.070447551622419,-10.035597497707089,-8.385034125122045
underground_alarm-wildcat_strike,bank_tellers_drivers,passengers_arrivals,demand,1.8176254277286137,1.2470851243654821,2.4487610619469025,0.7460290454750704,-0.8252624958932907
underground_alarm-wildcat_strike,bank_tellers_drivers,passengers_change_provider,passenger_decisions,4.9124830088495575,1.4584260076142133,2.9299654572271385,3.028907360629615,1.7384953411419983
underground_alarm-wildcat_strike,bank_tellers_drivers,passengers_departures,demand,1.8595035398230086,1.241346459390863,2.3298277286135693,0.8366601891409737,-0.6365720578271039
underground_alarm-wildcat_strike,bank_tellers_drivers,passengers_drivers_ratio,demand,0.41898970501474925,0.1353585964467005,0.14804578171091445,4.055253032946514,3.8738563350243114
underground_alarm-wildcat_strike,bank_tellers_drivers,passengers_no_ratings_count,passenger_experience,0.5087314749262537,0.2717604822335025,0.5626790560471976,1.2786779586820516,-0.2910971596975254
underground_alarm-wildcat_strike,bank_tellers_drivers,passengers_offers_discarded,passenger_decisions,89.48565876106194,38.34274504568528,74.19548690265488,1.9106628699654837,0.5712299421936514
underground_alarm-wildcat_strike,bank_tellers_drivers,passengers_pickup_accept,passenger_decisions,1.4572126548672566,0.39532063959390856,0.7771337168141593,2.6691374817912075,1.709424459385369
underground_alarm-wildcat_strike,bank_tellers_drivers,passengers_pickup_reject,passenger_decisions,0.40357463126843657,0.048346931472081224,0.10206973451327432,7.188652895972627,6.101478151764231
underground_alarm-wildcat_strike,bank_tellers_drivers,passengers_rating_avg,passenger_experience,4.882045103244837,4.886438766497463,4.874425516224189,-0.20847592431572293,0.36154351294092546
underground_alarm-wildcat_strike,bank_tellers_drivers,passengers_ratings_count,passenger_experience,1.3103689675516226,0.9757194771573605,1.8889036578171092,0.5775275728491086,-0.9984169857375231
underground_alarm-wildcat_strike,bank_tellers_drivers,passengers_reject,passenger_decisions,10.185992861356931,2.292030855329949,4.638240147492625,4.388221297183415,3.0839731166554123
underground_alarm-wildcat_strike,bank_tellers_drivers,passengers_unassigned,demand,38.531179911504424,11.013884885786801,20.627718997050145,3.4222813696820613,2.226624407780792
underground_alarm-wildcat_strike,bank_tellers_drivers,rides_dispatched,matching,2.678018495575221,1.3669188959390863,2.515182064896755,1.4497124011607156,0.180051914424224
underground_alarm-wildcat_strike,bank_tellers_drivers,rides_duration_avg,trip,1135.6879635988198,544.8155417411167,1042.356684218289,2.528290209725487,0.39935619126894584
underground_alarm-wildcat_strike,bank_tellers_drivers,rides_in_progress,matching,2750.6496360766964,1057.5904949568526,2713.5645575516223,2.049365820534374,0.04488968550197882
underground_alarm-wildcat_strike,bank_tellers_drivers,rides_length_avg,trip,5911.004167433628,4443.325100083757,6459.626759144543,1.2686314097619382,-0.4742180136194252
underground_alarm-wildcat_strike,bank_tellers_drivers,rides_offers_generated,matching,99.37316109144541,42.524057180203044,81.88736492625368,1.9251505282743873,0.592142837946475
underground_alarm-wildcat_strike,bank_tellers_drivers,rides_offers_lyft,matching,38.960393156342185,15.983214078680204,30.60418879056047,2.0558777192472824,0.7476694295249214
underground_alarm-wildcat_strike,bank_tellers_drivers,rides_offers_price_lyft_avg,market,22.833004306784662,20.69684336548223,21.548973274336284,3.9904748886303265,2.398645856750501
underground_alarm-wildcat_strike,bank_tellers_drivers,rides_offers_price_no_surge_avg,market,22.295799852507376,19.801514614213197,20.81236460176991,4.206561846097677,2.5017836898141432
underground_alarm-wildcat_strike,bank_tellers_drivers,rides_offers_price_uber_avg,market,21.950541445427728,19.25213608121827,20.374260678466076,4.316186405523966,2.5213119229185863
underground_alarm-wildcat_strike,bank_tellers_drivers,rides_offers_radius_avg,matching,2384.0242422713864,1310.9015548401014,1321.2012291445428,2.263503225354305,2.241778453078726
underground_alarm-wildcat_strike,bank_tellers_drivers,rides_offers_surge_lyft_avg,market,1.0,1.0,1.0,,
underground_alarm-wildcat_strike,bank_tellers_drivers,rides_offers_surge_uber_avg,market,1.0,1.0,1.0,,
underground_alarm-wildcat_strike,bank_tellers_drivers,rides_offers_uber,matching,60.41264997050148,26.54089717258883,51.2836775221239,1.8015129929285774,0.4855362099493325
underground_alarm-wildcat_strike,bank_tellers_drivers,rides_partial_acceptances,matching,6.761681002949852,3.0023417588832486,5.853485722713864,1.7437023056868546,0.42125014566345825
underground_alarm-wildcat_strike,bank_tellers_drivers,rides_waiting_duration_avg,passenger_experience,968.5641537168143,454.5179012538071,778.946027758112,2.2291502703110773,0.8222748336583571
underground_alarm-wildcat_strike,bank_tellers_drivers,traffic_duration_avg,trip,1052.0546356932155,504.81167767005076,749.7881856047197,3.6056026272519457,1.9915335420781535
underground_alarm-wildcat_strike,bank_tellers_drivers,traffic_length_avg,trip,3998.5201504719766,3729.099211573604,3916.187824896755,3.3793472918639553,1.0326944988133848
underground_alarm-wildcat_strike,bank_tellers_drivers,traffic_speed_avg,trip,3.8900479941002946,7.070334114213198,5.31443825958702,-3.266692454896561,-1.4630900357255932
underground_alarm-wildcat_strike,baseline,drivers_accept,driver_decisions,2.6625438721804513,1.3714493012108981,2.494473796992481,1.4275923897202671,0.18583887321118447
underground_alarm-wildcat_strike,baseline,drivers_acceptance_rate,driver_decisions,1.9495047744360903,2.387183251765893,2.0864715789473682,-2.164217503615982,-0.6772687511300476
underground_alarm-wildcat_strike,baseline,drivers_busy,supply,3507.707206578947,1112.523718105449,3183.5124184586466,2.463008700806371,0.3333751204193862
underground_alarm-wildcat_strike,baseline,drivers_change_provider,driver_decisions,0.9005827443609021,0.4150668466195762,0.7825682330827068,1.8025870347636255,0.4381554320542145
underground_alarm-wildcat_strike,baseline,drivers_change_zone,driver_decisions,1.5700124436090226,0.7547843012108981,1.4415098872180452,1.5673227743146394,0.24705352123488403
underground_alarm-wildcat_strike,baseline,drivers_demand_pressure,market,0.0,0.0,0.0,,
underground_alarm-wildcat_strike,baseline,drivers_idle,supply,4891.693725902256,5020.364025817356,8507.916489436091,-0.03904917799001515,-1.0974601476638453
underground_alarm-wildcat_strike,baseline,drivers_idle_duration_avg,supply,926.6637753007519,241.5562685898083,1185.945425112782,5.773216304386183,-2.1848965796758066
underground_alarm-wildcat_strike,baseline,drivers_occupied_distance_avg,supply,5346.018906578946,1960.0053796644804,6352.951379774436,3.045192146708931,-0.9055790342442313
underground_alarm-wildcat_strike,baseline,drivers_occupied_duration_avg,supply,662.4202460902256,223.54676888496465,759.4375037969925,3.657690716004797,-0.8085681665386181
underground_alarm-wildcat_strike,baseline,drivers_passengers_served,supply,2.9538343233082704,0.8605071569122099,2.150971315789474,2.4308830988335104,0.9323273241688902
underground_alarm-wildcat_strike,baseline,drivers_pickup,supply,1409.8626119548874,309.3229403128153,636.0361561654136,3.849765925329002,2.7068998950046943
underground_alarm-wildcat_strike,baseline,drivers_pickup_accept,driver_decisions,1.5185213533834587,0.36695498234106966,0.7000501503759399,3.1702892905799493,2.253270462556179
underground_alarm-wildcat_strike,baseline,drivers_pickup_reject,driver_decisions,0.36238710526315787,0.08002503531786075,0.16504413533834586,3.462738309177944,2.4201092665809694
underground_alarm-wildcat_strike,baseline,drivers_reject,driver_decisions,1.383678045112782,0.616386733097881,1.2143860902255639,1.6922175711366565,0.37336382704495036
underground_alarm-wildcat_strike,baseline,drivers_removed,supply,0.5145677443609022,0.2082025782038345,0.41824488721804515,2.016004620472721,0.6338427031145489
underground_alarm-wildcat_strike,baseline,drivers_shift_duration_avg,supply,4101.479944812029,1461.2965684989908,5005.480105451128,2.82561522766454,-0.967492122944935
underground_alarm-wildcat_strike,baseline,drivers_starting,supply,0.32825195488721803,0.23817950554994952,0.40920981203007517,0.5786003310610608,-0.5200507290465086
underground_alarm-wildcat_strike,baseline,drivers_total_length_avg,supply,23618.024079172934,9259.552311680121,28248.897098308273,2.401622787667882,-0.7745678195872361
underground_alarm-wildcat_strike,baseline,drivers_waiting,supply,3.0889348872180453,1.5355470055499496,2.8483080075187965,1.4451665821628326,0.22386290598459266
underground_alarm-wildcat_strike,baseline,passengers_accept,passenger_decisions,10.786616541353382,4.9604392860746715,9.572969586466167,1.7060962700777582,0.3553957341493989
underground_alarm-wildcat_strike,baseline,passengers_acceptance_rate,passenger_decisions,1.8467854887218047,2.2880515161453077,2.0621212781954883,-3.795331012090024,-1.8521040574419485
underground_alarm-wildcat_strike,baseline,passengers_arrivals,demand,1.927951165413534,1.2546123940464178,2.4488722180451132,0.8804466186232744,-0.6811477355268621
underground_alarm-wildcat_strike,baseline,passengers_change_provider,passenger_decisions,3.563283045112782,1.454099793138244,2.9346364661654136,1.8495701357961176,0.5512683344621426
underground_alarm-wildcat_strike,baseline,passengers_departures,demand,2.045238308270677,1.2465601841574168,2.316071090225564,1.0809909188716447,-0.3665654147608278
underground_alarm-wildcat_strike,baseline,passengers_drivers_ratio,demand,0.50524,0.13995483097880929,0.14658556390977442,5.2227126884714234,5.1279089133682305
underground_alarm-wildcat_strike,baseline,passengers_no_ratings_count,passenger_experience,0.45194796992481207,0.27003152875882946,0.5715659022556391,0.9816076685065838,-0.6454495201987159
underground_alarm-wildcat_strike,baseline,passengers_offers_discarded,passenger_decisions,83.62875293233083,38.148121876892034,74.19483721804511,1.6991240183114387,0.3524443791760383
underground_alarm-wildcat_strike,baseline,passengers_pickup_accept,passenger_decisions,1.6322308270676693,0.39743063572149345,0.7620988345864662,3.1037538900757515,2.187135680306811
underground_alarm-wildcat_strike,baseline,passengers_pickup_reject,passenger_decisions,0.24827101503759402,0.049545560040363264,0.10262518796992481,4.021556647717195,2.947397675171589
underground_alarm-wildcat_strike,baseline,passengers_rating_avg,passenger_experience,4.907700037593985,4.8866002926337035,4.87416127819549,1.0011665848064364,1.5913882025040549
underground_alarm-wildcat_strike,baseline,passengers_ratings_count,passenger_experience,1.480113045112782,0.9852837840565086,1.8801376315789475,0.8539607867798129,-0.6903498589810916
underground_alarm-wildcat_strike,baseline,passengers_reject,passenger_decisions,5.882650451127819,2.2876384006054487,4.659824736842106,1.9984525428027964,0.6797638293768278
underground_alarm-wildcat_strike,baseline,passengers_unassigned,demand,41.63763789473684,11.05254995459132,20.583107932330826,3.8038178007621153,2.618517756575012
underground_alarm-wildcat_strike,baseline,rides_dispatched,matching,2.6625438721804513,1.3714493012108981,2.494473796992481,1.4275923897202671,0.18583887321118447
underground_alarm-wildcat_strike,baseline,rides_duration_avg,trip,1221.9742311278194,547.0195815893037,1057.3397236090225,2.888070536566504,0.704456322794827
underground_alarm-wildcat_strike,baseline,rides_in_progress,matching,3077.956716541353,1073.014848244198,2727.538527669173,2.42688470665519,0.42416418997224564
underground_alarm-wildcat_strike,baseline,rides_length_avg,trip,6097.127231992481,4458.3379665111,6461.576776466166,1.4165355236171477,-0.3150226433545842
underground_alarm-wildcat_strike,baseline,rides_offers_generated,matching,93.53320154135338,42.29402833249243,81.90896646616541,1.7351746040780427,0.39364564709274635
underground_alarm-wildcat_strike,baseline,rides_offers_lyft,matching,38.250927142857144,16.05513835015136,30.641240563909776,1.9859630064164333,0.680874925300224
underground_alarm-wildcat_strike,baseline,rides_offers_price_lyft_avg,market,22.621057406015037,20.752927689202824,21.535083909774436,3.4897767202400125,2.0286626736204654
underground_alarm-wildcat_strike,baseline,rides_offers_price_no_surge_avg,market,22.164946240601502,19.85791447023209,20.806066353383457,3.890762641729017,2.2917235764543964
underground_alarm-wildcat_strike,baseline,rides_offers_price_uber_avg,market,21.849923984962405,19.321273842078707,20.372060789473686,4.04465745428813,2.363889843311728
underground_alarm-wildcat_strike,baseline,rides_offers_radius_avg,matching,2469.8742107142857,1313.2160458299697,1330.9131267669172,2.439701925522551,2.402374040976543
underground_alarm-wildcat_strike,baseline,rides_offers_surge_lyft_avg,market,1.0,1.0,1.0,,
underground_alarm-wildcat_strike,baseline,rides_offers_surge_uber_avg,market,1.0,1.0,1.0,,
underground_alarm-wildcat_strike,baseline,rides_offers_uber,matching,55.282312218045114,26.23895816094854,51.267738082706764,1.5447083593296873,0.2135203191000124
underground_alarm-wildcat_strike,baseline,rides_partial_acceptances,matching,6.740701654135338,2.9726980297679115,5.865043796992482,1.747721123603258,0.40615824360696023
underground_alarm-wildcat_strike,baseline,rides_waiting_duration_avg,passenger_experience,1127.673055037594,468.3929729969728,775.60749,2.85895357869051,1.5267245811256107
underground_alarm-wildcat_strike,baseline,traffic_duration_avg,trip,1089.6266794736841,503.3171797729566,755.6988698120301,3.8629991332190556,2.200139755434883
underground_alarm-wildcat_strike,baseline,traffic_length_avg,trip,4019.183522518797,3724.039980877901,3916.8601877819547,3.7019859415289194,1.2834417605079675
underground_alarm-wildcat_strike,baseline,traffic_speed_avg,trip,3.940593646616541,7.065877192230071,5.312184887218045,-3.210195495713967,-1.4088564951873204
underground_alarm-wildcat_strike,drivers,drivers_accept,driver_decisions,2.611241655172414,1.3704249785190803,2.5059312068965514,1.371998987880544,0.11644413809574945
underground_alarm-wildcat_strike,drivers,drivers_acceptance_rate,driver_decisions,1.7692014827586209,2.4057858074298712,2.1009462413793103,-3.1477603065753215,-1.640400089398837
underground_alarm-wildcat_strike,drivers,drivers_busy,supply,3229.1688046206896,1099.7753781728582,3182.8293275172414,2.189692172654158,0.04765168758296297
underground_alarm-wildcat_strike,drivers,drivers_change_provider,driver_decisions,0.9564599310344828,0.41612081627495573,0.7850971379310345,2.0061305658009827,0.6362229342564841
underground_alarm-wildcat_strike,drivers,drivers_change_zone,driver_decisions,1.6262467241379308,0.7610568536770281,1.4362411724137931,1.6633770567472317,0.36529655071454303
underground_alarm-wildcat_strike,drivers,drivers_demand_pressure,market,0.0,0.0,0.0,,
underground_alarm-wildcat_strike,drivers,drivers_idle,supply,5094.925432896552,4984.58697260551,8488.589418827585,0.03348578636944227,-1.0299174643438689
underground_alarm-wildcat_strike,drivers,drivers_idle_duration_avg,supply,914.9286259655172,250.74852295931262,1175.3273856896549,5.5968667138573975,-2.19431016381435
underground_alarm-wildcat_strike,drivers,drivers_occupied_distance_avg,supply,5429.544678827586,1980.6903891180186,6304.235911448276,3.1017076319058323,-0.7866486212176806
underground_alarm-wildcat_strike,drivers,drivers_occupied_duration_avg,supply,667.6809817241381,224.2689938337124,754.6153829310344,3.6955158962898462,-0.7245349029082073
underground_alarm-wildcat_strike,drivers,drivers_passengers_served,supply,3.036453965517241,0.8781660096032348,2.1306783103448277,2.5063190306176097,1.051834976796398
underground_alarm-wildcat_strike,drivers,drivers_pickup,supply,1374.786632137931,311.2853713848875,639.3236005862069,3.720202933786711,2.5727019126738377
underground_alarm-wildcat_strike,drivers,drivers_pickup_accept,driver_decisions,1.4599431034482757,0.3706557897397018,0.7051264827586207,2.9988335816796576,2.078027901038867
underground_alarm-wildcat_strike,drivers,drivers_pickup_reject,driver_decisions,0.38958082758620693,0.07996813495072023,0.16623013793103447,3.796925458169146,2.739054114457065
underground_alarm-wildcat_strike,drivers,drivers_reject,driver_decisions,1.4938906551724138,0.6189057189790246,1.2114484137931036,1.9297297653718053,0.6229103812451451
underground_alarm-wildcat_strike,drivers,drivers_removed,supply,0.5911893103448276,0.21449885772049532,0.41551662068965517,2.4787729705187145,1.1559961547786677
underground_alarm-wildcat_strike,drivers,drivers_shift_duration_avg,supply,4133.856293620689,1506.8112498155167,4968.169238137931,2.811554131479551,-0.892910462892803
underground_alarm-wildcat_strike,drivers,drivers_starting,supply,0.26666651724137935,0.23561620924943136,0.4119879655172414,0.1994585316140114,-0.9335045144364277
underground_alarm-wildcat_strike,drivers,drivers_total_length_avg,supply,24005.368884275864,9483.804171991405,28038.341837344833,2.4289019953065565,-0.6745620218487864
underground_alarm-wildcat_strike,drivers,drivers_waiting,supply,3.055603448275862,1.5353314354308822,2.8553675172413797,1.4143578269721693,0.18628591061786348
underground_alarm-wildcat_strike,drivers,passengers_accept,passenger_decisions,11.112293034482759,5.002538109679049,9.572022655172413,1.789137135992985,0.45104181248033887
underground_alarm-wildcat_strike,drivers,passengers_acceptance_rate,passenger_decisions,1.828743379310345,2.2463139423805916,2.065496310344828,-3.5915262206110836,-2.0363129847202126
underground_alarm-wildcat_strike,drivers,passengers_arrivals,demand,1.896183827586207,1.250408953752843,2.447074655172414,0.8444045230071304,-0.7203357165874622
underground_alarm-wildcat_strike,drivers,passengers_change_provider,passenger_decisions,3.695103586206896,1.4664859160980541,2.9349711724137935,1.9543037253315905,0.6665699675389378
underground_alarm-wildcat_strike,drivers,passengers_departures,demand,1.9439425172413793,1.245526515036644,2.322999655172414,0.9452886377928313,-0.5130443810413134
underground_alarm-wildcat_strike,drivers,passengers_drivers_ratio,demand,0.4852073448275862,0.13788118018701034,0.14720906896551725,4.965941464218654,4.8325747490829185
underground_alarm-wildcat_strike,drivers,passengers_no_ratings_count,passenger_experience,0.4395634482758621,0.26971229466767754,0.5681661379310344,0.9165042687612819,-0.6939306065300007
underground_alarm-wildcat_strike,drivers,passengers_offers_discarded,passenger_decisions,86.38320696551725,38.45539222643417,74.19109779310345,1.7905490596445586,0.4554885244110123
underground_alarm-wildcat_strike,drivers,passengers_pickup_accept,passenger_decisions,1.607011448275862,0.40118950214809196,0.768988448275862,3.030915108583385,2.1064275535844628
underground_alarm-wildcat_strike,drivers,passengers_pickup_reject,passenger_decisions,0.24238517241379318,0.04941755117513267,0.10195951724137932,3.905036825792262,2.841758380055202
underground_alarm-wildcat_strike,drivers,passengers_rating_avg,passenger_experience,4.885636068965518,4.886929903967652,4.874871689655173,-0.061391470504901464,0.5107614756474916
underground_alarm-wildcat_strike,drivers,passengers_ratings_count,passenger_experience,1.4588105172413794,0.9811632625726561,1.8816952413793102,0.8243086201681474,-0.7298011661055007
underground_alarm-wildcat_strike,drivers,passengers_reject,passenger_decisions,6.122787310344828,2.3051035835228713,4.6502817586206895,2.12223481987372,0.8185598331184308
underground_alarm-wildcat_strike,drivers,passengers_unassigned,demand,41.59503403448276,11.078617680060653,20.602833551724135,3.795277226980131,2.6107659402435055
underground_alarm-wildcat_strike,drivers,rides_dispatched,matching,2.611241655172414,1.3704249785190803,2.5059312068965514,1.371998987880544,0.11644413809574945
underground_alarm-wildcat_strike,drivers,rides_duration_avg,trip,1182.8366151034484,543.0135791559262,1052.1805498620688,2.7377455063091967,0.5590656093788512
underground_alarm-wildcat_strike,drivers,rides_in_progress,matching,2874.4361262413795,1067.0255349355573,2727.316419586207,2.1877826943741607,0.17808125600782682
underground_alarm-wildcat_strike,drivers,rides_length_avg,trip,6087.872241896552,4419.855413219611,6461.463027344827,1.441799224330438,-0.32292414285986004
underground_alarm-wildcat_strike,drivers,rides_offers_generated,matching,96.59720113793105,42.64560948951225,81.89435655172414,1.827028537254698,0.49790035506038754
underground_alarm-wildcat_strike,drivers,rides_offers_lyft,matching,38.058379482758625,16.203500940106142,30.6485344137931,1.9554601415965749,0.6629941529754859
underground_alarm-wildcat_strike,drivers,rides_offers_price_lyft_avg,market,22.587643,20.71532850391711,21.539366931034483,3.4975941352442934,1.9582416514967889
underground_alarm-wildcat_strike,drivers,rides_offers_price_no_surge_avg,market,22.175129137931034,19.83179881981299,20.81006079310345,3.9519794118417098,2.3021602856433923
underground_alarm-wildcat_strike,drivers,rides_offers_price_uber_avg,market,21.90860772413793,19.27585927217589,20.375546655172414,4.2111660569026235,2.452180622108107
underground_alarm-wildcat_strike,drivers,rides_offers_radius_avg,matching,2435.6721791034483,1308.9481127571394,1330.9571677931035,2.376562892695803,2.3301398996453506
underground_alarm-wildcat_strike,drivers,rides_offers_surge_lyft_avg,market,1.0,1.0,1.0,,
underground_alarm-wildcat_strike,drivers,rides_offers_surge_uber_avg,market,1.0,1.0,1.0,,
underground_alarm-wildcat_strike,drivers,rides_offers_uber,matching,58.53913803448276,26.442097952994693,51.24618389655172,1.7071226011342833,0.38788520082505606
underground_alarm-wildcat_strike,drivers,rides_partial_acceptances,matching,7.007143482758621,3.0132466590851656,5.855057517241379,1.8524976459909575,0.5343744801942353
underground_alarm-wildcat_strike,drivers,rides_waiting_duration_avg,passenger_experience,1069.4015757931036,463.7865017664897,775.6087784137931,2.6262364514913785,1.2740260055502832
underground_alarm-wildcat_strike,drivers,traffic_duration_avg,trip,1064.2788473448275,509.8829353904473,753.8118120689655,3.6527310719562283,2.0455644821991212
underground_alarm-wildcat_strike,drivers,traffic_length_avg,trip,4029.2601648620685,3725.281803992924,3916.670609413793,3.81280109403773,1.4122109842391104
underground_alarm-wildcat_strike,drivers,traffic_speed_avg,trip,3.906145620689655,7.0403891533990395,5.31142724137931,-3.2193989199143522,-1.4434622213012507
underground_alarm-wildcat_strike,managers,drivers_accept,driver_decisions,2.706028178913738,1.3698331455280446,2.532928785942492,1.477460988323231,0.1913999033280545
underground_alarm-wildcat_strike,managers,drivers_acceptance_rate,driver_decisions,1.870415910543131,2.3792984714502277,2.119337731629393,-2.5163050107446354,-1.2308600722463967
underground_alarm-wildcat_strike,managers,drivers_busy,supply,3170.1097782108627,1096.3668825795855,3197.7817110223646,2.132465767134378,-0.028455528192662925
underground_alarm-wildcat_strike,managers,drivers_change_provider,driver_decisions,0.9447656230031949,0.41802329206670036,0.7896266453674121,1.9556494459284868,0.5759883681949779
underground_alarm-wildcat_strike,managers,drivers_change_zone,driver_decisions,1.6322732268370608,0.7585653638201112,1.4431306389776357,1.679753385078173,0.3636374532812823
underground_alarm-wildcat_strike,managers,drivers_demand_pressure,market,0.0,0.0,0.0,,
underground_alarm-wildcat_strike,managers,drivers_idle,supply,5168.350319392971,4923.1413522991415,8428.363558977637,0.07441661834248202,-0.9893568082637847
underground_alarm-wildcat_strike,managers,drivers_idle_duration_avg,supply,815.4619055591054,219.3981991334007,1151.4863436741214,5.022868199051319,-2.8315873724856213
underground_alarm-wildcat_strike,managers,drivers_occupied_distance_avg,supply,5029.091467987221,1894.2627273547246,6270.56143402556,2.8192905274511837,-1.1165090041444632
underground_alarm-wildcat_strike,managers,drivers_occupied_duration_avg,supply,606.4854486261981,217.1005068241536,748.1773389776357,3.245239825498239,-1.1808986844498475
underground_alarm-wildcat_strike,managers,drivers_passengers_served,supply,2.9721780191693288,0.8635212051541182,2.132635910543131,2.4486847028573195,0.9749210517016446
underground_alarm-wildcat_strike,managers,drivers_pickup,supply,1392.793018115016,312.10908642496213,653.1696378913738,3.7803091369377015,2.5872551077719663
underground_alarm-wildcat_strike,managers,drivers_pickup_accept,driver_decisions,1.5347282428115014,0.3685526983324912,0.7216827476038339,3.210508688484406,2.238333361435282
underground_alarm-wildcat_strike,managers,drivers_pickup_reject,driver_decisions,0.38404693290734826,0.08255818595250126,0.17129399361022365,3.697297707404032,2.6090889383162823
underground_alarm-wildcat_strike,managers,drivers_reject,driver_decisions,1.4672575079872205,0.6241569833249115,1.2133067731629392,1.859410499933285,0.5600739757423042
underground_alarm-wildcat_strike,managers,drivers_removed,supply,0.5452339616613419,0.21367396664982313,0.41847121405750803,2.1817966131451256,0.8341492868746324
underground_alarm-wildcat_strike,managers,drivers_shift_duration_avg,supply,3816.9480652076677,1388.9946278650834,4921.524951948882,2.5984794337263657,-1.1821562469122233
underground_alarm-wildcat_strike,managers,drivers_starting,supply,0.29675718849840255,0.23660484082870134,0.41630405750798727,0.3864019301336854,-0.7679357949649889
underground_alarm-wildcat_strike,managers,drivers_total_length_avg,supply,22482.025773418532,8887.072050818597,27906.381828498405,2.2739154407368694,-0.907287162676841
underground_alarm-wildcat_strike,managers,drivers_waiting,supply,3.1681469009584666,1.5393741283476505,2.8800956230031947,1.515299564707682,0.26798334515345557
underground_alarm-wildcat_strike,managers,passengers_accept,passenger_decisions,10.964456900958467,4.997707695805962,9.643961309904155,1.7472603591277343,0.3866845280944193
underground_alarm-wildcat_strike,managers,passengers_acceptance_rate,passenger_decisions,1.2912805111821086,2.2547759095502777,2.069210319488818,-8.287028092292188,-6.6909776488686115
underground_alarm-wildcat_strike,managers,passengers_arrivals,demand,1.8728807987220444,1.246747518948964,2.447108594249201,0.8187215001215834,-0.750850749118281
underground_alarm-wildcat_strike,managers,passengers_change_provider,passenger_decisions,4.805058466453674,1.4578164957049016,2.9549999361022365,2.9352398757123304,1.6223403082731198
underground_alarm-wildcat_strike,managers,passengers_departures,demand,1.9231203194888182,1.2398863567458311,2.3389987220447286,0.9247401260800283,-0.5628810442465972
underground_alarm-wildcat_strike,managers,passengers_drivers_ratio,demand,0.4677172523961661,0.14194795351187467,0.14977306709265173,4.657729344326946,4.545848754987489
underground_alarm-wildcat_strike,managers,passengers_no_ratings_count,passenger_experience,0.4776305431309904,0.26605991409802937,0.56248089456869,1.1416194740750631,-0.45784622386456014
underground_alarm-wildcat_strike,managers,passengers_offers_discarded,passenger_decisions,88.7287326198083,38.395630715007584,74.75706086261981,1.8804088768758842,0.5219717164800344
underground_alarm-wildcat_strike,managers,passengers_pickup_accept,passenger_decisions,1.5451114057507986,0.4006873092470945,0.7893396805111821,2.8765874562648115,1.8996834051867242
underground_alarm-wildcat_strike,managers,passengers_pickup_reject,passenger_decisions,0.3736313738019169,0.0504294770085902,0.10351955271565495,6.540554840456258,5.46618443888626
underground_alarm-wildcat_strike,managers,passengers_rating_avg,passenger_experience,4.899688785942492,4.891638923698838,4.8754700638977635,0.38195973959932916,1.149159635983276
underground_alarm-wildcat_strike,managers,passengers_ratings_count,passenger_experience,1.397630287539936,0.9811896210207176,1.8876623003194888,0.7186802139969223,-0.8456818464761987
underground_alarm-wildcat_strike,managers,passengers_reject,passenger_decisions,8.583279936102237,2.296027872662961,4.676560319488818,3.4950577903060536,2.1717295080288275
underground_alarm-wildcat_strike,managers,passengers_unassigned,demand,40.689409137380196,11.120875037897928,20.802870287539935,3.6773906476960456,2.473256595521492
underground_alarm-wildcat_strike,managers,rides_dispatched,matching,2.706028178913738,1.3698331455280446,2.532928785942492,1.477460988323231,0.1913999033280545
underground_alarm-wildcat_strike,managers,rides_duration_avg,trip,1196.8036215974441,550.668122266296,1048.2485217571884,2.7647559721588206,0.6356539764540954
underground_alarm-wildcat_strike,managers,rides_in_progress,matching,2924.7626678274764,1068.4299794340575,2742.4257454952076,2.247000515657043,0.2207099842962496
underground_alarm-wildcat_strike,managers,rides_length_avg,trip,6020.773978753994,4437.637497516423,6457.18494827476,1.3684304087435764,-0.3772246098041024
underground_alarm-wildcat_strike,managers,rides_offers_generated,matching,98.68905760383386,42.592212870136436,82.50915884984025,1.899675858430673,0.5479196414829854
underground_alarm-wildcat_strike,managers,rides_offers_lyft,matching,39.34678916932908,16.18153283981809,30.819936038338657,2.0727058873294792,0.7629381878448109
underground_alarm-wildcat_strike,managers,rides_offers_price_lyft_avg,market,23.02433587859425,20.680877127337038,21.56321594249201,4.377719449233638,2.7294583949925606
underground_alarm-wildcat_strike,managers,rides_offers_price_no_surge_avg,market,22.601701980830672,19.79432261748358,20.82275047923323,4.734588785625106,3.0001658983459825
underground_alarm-wildcat_strike,managers,rides_offers_price_uber_avg,market,22.32086408945687,19.238844643759474,20.382964568690095,4.9297895006878685,3.0997327820890357
underground_alarm-wildcat_strike,managers,rides_offers_radius_avg,matching,2412.0682338338656,1315.8727468721577,1338.5609704472843,2.3121699405088196,2.264314399067621
underground_alarm-wildcat_strike,managers,rides_offers_surge_lyft_avg,market,1.0,1.0,1.0,,
underground_alarm-wildcat_strike,managers,rides_offers_surge_uber_avg,market,1.0,1.0,1.0,,
underground_alarm-wildcat_strike,managers,rides_offers_uber,matching,59.342257603833865,26.410691445174333,51.689739105431315,1.751507950186983,0.4070090965102949
underground_alarm-wildcat_strike,managers,rides_partial_acceptances,matching,6.791379361022364,3.0036887291561394,5.898269488817891,1.756852590102832,0.4142530488177036
underground_alarm-wildcat_strike,managers,rides_waiting_duration_avg,passenger_experience,1023.1761109584664,463.0349274658919,777.136398658147,2.429039925127547,1.0669458021600617
underground_alarm-wildcat_strike,managers,traffic_duration_avg,trip,1069.6065169648564,509.64502254168775,754.0606172843451,3.6894008517632475,2.079027437861467
underground_alarm-wildcat_strike,managers,traffic_length_avg,trip,4004.0950337380195,3730.9323909348154,3917.3862892651755,3.4262794902649056,1.087587928441441
underground_alarm-wildcat_strike,managers,traffic_speed_avg,trip,3.80556785942492,7.085641119252148,5.294122875399362,-3.369190747216536,-1.528998101343633
underground_alarm-wildcat_strike,managers_drivers,drivers_accept,driver_decisions,2.6214670226537216,1.3682437607704003,2.4981069255663435,1.3857172290187172,0.13640204192388877
underground_alarm-wildcat_strike,managers_drivers,drivers_acceptance_rate,driver_decisions,1.7541324595469256,2.3718474987328944,2.1082164401294494,-3.054456111730937,-1.7508623069653035
underground_alarm-wildcat_strike,managers_drivers,drivers_busy,supply,3083.8837874110027,1077.2823729270146,3164.5083629773458,2.0634230181981814,-0.08290764865170412
underground_alarm-wildcat_strike,managers_drivers,drivers_change_provider,driver_decisions,0.9493796116504853,0.4197101647237709,0.7816660841423949,1.9665170227838815,0.6226742144736651
underground_alarm-wildcat_strike,managers_drivers,drivers_change_zone,driver_decisions,1.6380260517799352,0.7533485631018753,1.4273406148867311,1.700843118405814,0.40505481384361514
underground_alarm-wildcat_strike,managers_drivers,drivers_demand_pressure,market,0.0,0.0,0.0,,
underground_alarm-wildcat_strike,managers_drivers,drivers_idle,supply,5253.8056542394825,4889.131557896605,8507.875008317153,0.1106721885768277,-0.9875529433216178
underground_alarm-wildcat_strike,managers_drivers,drivers_idle_duration_avg,supply,858.8387222653722,235.15993891282312,1181.9931079935275,5.255573009317253,-2.7231349098424444
underground_alarm-wildcat_strike,managers_drivers,drivers_occupied_distance_avg,supply,5001.500962686085,1896.7913716345668,6325.867697346278,2.792203040339717,-1.1910617449378098
underground_alarm-wildcat_strike,managers_drivers,drivers_occupied_duration_avg,supply,610.7810432038835,213.819266495185,757.38821394822,3.308387224769778,-1.2218639657745567
underground_alarm-wildcat_strike,managers_drivers,drivers_passengers_served,supply,2.8952588349514565,0.8781841535732388,2.119730420711974,2.3423346482857386,0.9005849372726413
underground_alarm-wildcat_strike,managers_drivers,drivers_pickup,supply,1299.363211326861,310.3481005499239,635.0452616504854,3.4596450915972468,2.3238313639640436
underground_alarm-wildcat_strike,managers_drivers,drivers_pickup_accept,driver_decisions,1.4375567313915856,0.37072174860618345,0.6997736245954693,2.9370217868372492,2.0311342368649563
underground_alarm-wildcat_strike,managers_drivers,drivers_pickup_reject,driver_decisions,0.3745362783171521,0.08069307906741004,0.16548556634304207,3.6035367750725635,2.563686790700735
underground_alarm-wildcat_strike,managers_drivers,drivers_reject,driver_decisions,1.5135815857605177,0.6183562037506336,1.203770355987055,1.9743689233056656,0.6832711364623509
underground_alarm-wildcat_strike,managers_drivers,drivers_removed,supply,0.6061484466019418,0.21676468322351747,0.4122540129449838,2.5623000028192022,1.275902476249423
underground_alarm-wildcat_strike,managers_drivers,drivers_shift_duration_avg,supply,3871.3626310679606,1427.9161410440954,5004.167352880259,2.6150606325824737,-1.2123666487109974
underground_alarm-wildcat_strike,managers_drivers,drivers_starting,supply,0.27259456310679614,0.23470474657881396,0.4111536893203883,0.2433936297751195,-0.8900652406878018
underground_alarm-wildcat_strike,managers_drivers,drivers_total_length_avg,supply,22354.26291343042,9029.43119966295,28223.29749012945,2.228734366986988,-0.9816648602480302
underground_alarm-wildcat_strike,managers_drivers,drivers_waiting,supply,3.0884734304207115,1.5307158565636088,2.8443523624595466,1.4492318469948908,0.22711366142532924
underground_alarm-wildcat_strike,managers_drivers,passengers_accept,passenger_decisions,11.026796148867314,4.974348309680689,9.528694368932037,1.7723557370179108,0.43869346004340865
underground_alarm-wildcat_strike,managers_drivers,passengers_acceptance_rate,passenger_decisions,1.296458770226537,2.2482778357830715,2.0655615533980582,-8.186599903233008,-6.6150563674690686
underground_alarm-wildcat_strike,managers_drivers,passengers_arrivals,demand,1.8732740453074435,1.2429164292954893,2.4481822977346277,0.8242451721802898,-0.7517405032839765
underground_alarm-wildcat_strike,managers_drivers,passengers_change_provider,passenger_decisions,4.881531779935275,1.4547355955397872,2.922427022653722,3.0050019969504738,1.7179643582755917
underground_alarm-wildcat_strike,managers_drivers,passengers_departures,demand,1.9199572491909385,1.2379198631525594,2.3191205501618124,0.9231205893575837,-0.5402575711904114
underground_alarm-wildcat_strike,managers_drivers,passengers_drivers_ratio,demand,0.46867935275080896,0.1418322377090725,0.14637906148867313,4.673139562421514,4.608130752155291
underground_alarm-wildcat_strike,managers_drivers,passengers_no_ratings_count,passenger_experience,0.5040350485436893,0.27012918651799295,0.5675022330097087,1.2621387401899171,-0.3424642356186128
underground_alarm-wildcat_strike,managers_drivers,passengers_offers_discarded,passenger_decisions,89.42573355987055,38.24133766852509,73.86411550161812,1.9122126145465228,0.5813709790951498
underground_alarm-wildcat_strike,managers_drivers,passengers_pickup_accept,passenger_decisions,1.4674166666666668,0.4002686670045616,0.7637055016181229,2.6823487544384834,1.7688256620919431
underground_alarm-wildcat_strike,managers_drivers,passengers_pickup_reject,passenger_decisions,0.3446170873786408,0.05114358337557019,0.10122964401294499,5.938948892927954,4.925369982682117
underground_alarm-wildcat_strike,managers_drivers,passengers_rating_avg,passenger_experience,4.8913021035598705,4.884713114546376,4.8745236245954695,0.3126424343225732,0.7961258543483318
underground_alarm-wildcat_strike,managers_drivers,passengers_ratings_count,passenger_experience,1.3735761165048543,0.9734380385200203,1.8834627508090613,0.6905457190770933,-0.8799463282940615
underground_alarm-wildcat_strike,managers_drivers,passengers_reject,passenger_decisions,8.627200550161813,2.290159199189052,4.628349676375405,3.5227354522658167,2.222944898292186
underground_alarm-wildcat_strike,managers_drivers,passengers_unassigned,demand,41.50525886731392,11.073163522554484,20.506095177993526,3.7847903597145938,2.6116319429544306
underground_alarm-wildcat_strike,managers_drivers,rides_dispatched,matching,2.6214670226537216,1.3682437607704003,2.4981069255663435,1.3857172290187172,0.13640204192388877
underground_alarm-wildcat_strike,managers_drivers,rides_duration_avg,trip,1186.4692553721684,538.1576138570705,1047.4433265695793,2.7740674897980306,0.5948795064499186
underground_alarm-wildcat_strike,managers_drivers,rides_in_progress,matching,2872.4253773462783,1049.4754925316777,2711.8882416181227,2.206592254075116,0.19432240191571748
underground_alarm-wildcat_strike,managers_drivers,rides_length_avg,trip,5956.879302265372,4433.414134901166,6464.380010420711,1.31685176002836,-0.4386731085596463
underground_alarm-wildcat_strike,managers_drivers,rides_offers_generated,matching,99.59491941747572,42.40618898378104,81.52848453074434,1.9366517153491365,0.6118057150122924
underground_alarm-wildcat_strike,managers_drivers,rides_offers_lyft,matching,39.69138093851132,16.007736066903192,30.517928770226536,2.1190885807840774,0.820792485344393
underground_alarm-wildcat_strike,managers_drivers,rides_offers_price_lyft_avg,market,22.94820802588997,20.690259964521033,21.536406699029126,4.217980426713837,2.6373283181267366
underground_alarm-wildcat_strike,managers_drivers,rides_offers_price_no_surge_avg,market,22.52908563106796,19.810540154586928,20.805792200647247,4.584772223591936,2.906299681665993
underground_alarm-wildcat_strike,managers_drivers,rides_offers_price_uber_avg,market,22.249452653721683,19.280728583375566,20.37034200647249,4.748569893957956,3.005698082915143
underground_alarm-wildcat_strike,managers_drivers,rides_offers_radius_avg,matching,2295.9955960194175,1323.907932716675,1320.1109936893204,2.050393293314638,2.0584020548808137
underground_alarm-wildcat_strike,managers_drivers,rides_offers_surge_lyft_avg,market,1.0,1.0,1.0,,
underground_alarm-wildcat_strike,managers_drivers,rides_offers_surge_uber_avg,market,1.0,1.0,1.0,,
underground_alarm-wildcat_strike,managers_drivers,rides_offers_uber,matching,59.90344103559871,26.398486188545363,51.0111866343042,1.7820043693803644,0.4729460543696926
underground_alarm-wildcat_strike,managers_drivers,rides_partial_acceptances,matching,6.892362297734628,2.9877677724277745,5.827141262135923,1.8110763712787201,0.4940837352657642
underground_alarm-wildcat_strike,managers_drivers,rides_waiting_duration_avg,passenger_experience,1045.0726123624595,454.8266595362392,776.8293226860842,2.559588595361415,1.1632311272111757
underground_alarm-wildcat_strike,managers_drivers,traffic_duration_avg,trip,1103.8670460194176,496.9939529827674,750.7920291262136,3.998485839938094,2.326294363157933
underground_alarm-wildcat_strike,managers_drivers,traffic_length_avg,trip,4007.7362167313913,3722.284964318297,3916.0766307766985,3.580415541366783,1.149686341514095
underground_alarm-wildcat_strike,managers_drivers,traffic_speed_avg,trip,3.902205857605178,7.098504194120629,5.321746116504855,-3.2831397129522344,-1.4581082575692463
underground_alarm-wildcat_strike,students,drivers_accept,driver_decisions,2.7671297863247863,1.3803458575,2.527720897435897,1.5333982711196177,0.2647198086755979
underground_alarm-wildcat_strike,students,drivers_acceptance_rate,driver_decisions,1.933572222222222,2.37244442,2.0732229487179485,-2.170120171491482,-0.6905401163854754
underground_alarm-wildcat_strike,students,drivers_busy,supply,3381.743862735043,1126.9247181,3256.449333803419,2.3186696128739364,0.12884253603414067
underground_alarm-wildcat_strike,students,drivers_change_provider,driver_decisions,0.9545796153846153,0.4199388275,0.7938741025641026,1.9849742448806045,0.5966553828060952
underground_alarm-wildcat_strike,students,drivers_change_zone,driver_decisions,1.6281126923076923,0.7610178800000001,1.4643873076923077,1.6670394165026683,0.3147714249489165
underground_alarm-wildcat_strike,students,drivers_demand_pressure,market,0.0,0.0,0.0,,
underground_alarm-wildcat_strike,students,drivers_idle,supply,4999.155046239316,5041.850471962501,8374.71540628205,-0.012957312445250996,-1.0244233315871776
underground_alarm-wildcat_strike,students,drivers_idle_duration_avg,supply,926.4733743162392,255.03991607750007,1106.2901891452993,5.65798878343011,-1.5152678331576344
underground_alarm-wildcat_strike,students,drivers_occupied_distance_avg,supply,5372.541273119658,1999.0765830950002,6104.881962307691,3.0339064211075932,-0.6586264637468877
underground_alarm-wildcat_strike,students,drivers_occupied_duration_avg,supply,639.5769433760685,225.88526794499998,729.3421634188035,3.4478187429972813,-0.7481277156716356
underground_alarm-wildcat_strike,students,drivers_passengers_served,supply,3.0792588888888885,0.878806345,2.142663931623932,2.5552827979267985,1.0876239933329714
underground_alarm-wildcat_strike,students,drivers_pickup,supply,1480.755634230769,308.1152045575,667.8055225641026,4.1019794970985135,2.84375722159755
underground_alarm-wildcat_strike,students,drivers_pickup_accept,driver_decisions,1.5929771794871794,0.365012155,0.7384403418803419,3.380616579498177,2.3525600024414843
underground_alarm-wildcat_strike,students,drivers_pickup_reject,driver_decisions,0.39221500000000004,0.079907205,0.1739816239316239,3.8299767607274693,2.6762981012272804
underground_alarm-wildcat_strike,students,drivers_reject,driver_decisions,1.4510257264957267,0.621585,1.2371866666666664,1.8292845880225008,0.4716099462768986
underground_alarm-wildcat_strike,students,drivers_removed,supply,0.5462039316239317,0.21192880000000003,0.42591811965811965,2.1996632917381898,0.7915284748007752
underground_alarm-wildcat_strike,students,drivers_shift_duration_avg,supply,4252.650020299146,1489.9435906525,4760.126116495727,2.956743621375912,-0.5431184053174638
underground_alarm-wildcat_strike,students,drivers_starting,supply,0.31621811965811975,0.239084975,0.4180264102564102,0.49548184115498345,-0.6539881071109983
underground_alarm-wildcat_strike,students,drivers_total_length_avg,supply,24681.12144294872,9361.146321332499,27128.9862659829,2.562445499379429,-0.40943409823314564
underground_alarm-wildcat_strike,students,drivers_waiting,supply,3.206609615384615,1.545522025,2.8909043589743586,1.5453630764078163,0.2937107285060789
underground_alarm-wildcat_strike,students,passengers_accept,passenger_decisions,11.174850555555556,5.008644577499999,9.728226196581195,1.8056678605444356,0.4236191785640615
underground_alarm-wildcat_strike,students,passengers_acceptance_rate,passenger_decisions,1.607637735042735,2.2548970499999994,2.07135141025641,-5.567080169903437,-3.9884033279081357
underground_alarm-wildcat_strike,students,passengers_arrivals,demand,1.9465954700854702,1.26483374,2.4441879914529916,0.8914603398550418,-0.6506437346549317
underground_alarm-wildcat_strike,students,passengers_change_provider,passenger_decisions,4.415121025641025,1.47177415,2.966773418803419,2.58105903096758,1.2700747919133166
underground_alarm-wildcat_strike,students,passengers_departures,demand,2.086232264957265,1.2553445625,2.332100811965812,1.1245857797290286,-0.33277694546534886
underground_alarm-wildcat_strike,students,passengers_drivers_ratio,demand,0.5092505982905983,0.13951950249999998,0.15159974358974357,5.286278910480433,5.113560076621789
underground_alarm-wildcat_strike,students,passengers_no_ratings_count,passenger_experience,0.45846145299145297,0.2704992775,0.5647788034188035,1.0142300040008254,-0.5736805634822638
underground_alarm-wildcat_strike,students,passengers_offers_discarded,passenger_decisions,88.63784196581197,38.528606180000004,75.35512123931623,1.8720453979435825,0.4962329961385433
underground_alarm-wildcat_strike,students,passengers_pickup_accept,passenger_decisions,1.6972935042735044,0.3939362775,0.8056196153846154,3.276076640663971,2.2412826955433998
underground_alarm-wildcat_strike,students,passengers_pickup_reject,passenger_decisions,0.2876351709401709,0.050975735,0.10613931623931624,4.789217002237878,3.6728855949304897
underground_alarm-wildcat_strike,students,passengers_rating_avg,passenger_experience,4.9060732905982904,4.88461842,4.875563461538462,1.018017021759687,1.4476677997935845
underground_alarm-wildcat_strike,students,passengers_ratings_count,passenger_experience,1.4935684188034186,0.9953467675000001,1.8826495726495724,0.8598152672491618,-0.6714640269057844
underground_alarm-wildcat_strike,students,passengers_reject,passenger_decisions,7.004601025641025,2.307774135,4.7152920940170935,2.610946920565184,1.272617502074916
underground_alarm-wildcat_strike,students,passengers_unassigned,demand,42.825278119658115,11.102547937499999,21.00593333333333,3.945304521988324,2.7136365362627557
underground_alarm-wildcat_strike,students,rides_dispatched,matching,2.7671297863247863,1.3803458575,2.527720897435897,1.5333982711196177,0.2647198086755979
underground_alarm-wildcat_strike,students,rides_duration_avg,trip,1172.2424941452994,543.3254661800001,1064.5154778205128,2.69107967424692,0.46095426122711786
underground_alarm-wildcat_strike,students,rides_in_progress,matching,2909.6819229487182,1079.8668308674999,2790.202087051282,2.2149022538745236,0.1446245355429846
underground_alarm-wildcat_strike,students,rides_length_avg,trip,6026.516355726496,4462.3671993775,6442.731985299146,1.3520181580841077,-0.35976817592904403
underground_alarm-wildcat_strike,students,rides_offers_generated,matching,98.78804149572649,42.70701377,83.25235072649572,1.8991402278022902,0.5261040409394646
underground_alarm-wildcat_strike,students,rides_offers_lyft,matching,39.699230854700865,15.9376611875,31.007122435897433,2.1260608836283263,0.7777243660372793
underground_alarm-wildcat_strike,students,rides_offers_price_lyft_avg,market,22.748139102564107,20.712966334999997,21.609120085470085,3.80182301153641,2.1277548416435486
underground_alarm-wildcat_strike,students,rides_offers_price_no_surge_avg,market,22.23110764957265,19.8147001825,20.870393333333332,4.07522255255976,2.2948173040729487
underground_alarm-wildcat_strike,students,rides_offers_price_uber_avg,market,21.882968461538464,19.274549547499998,20.433773119658117,4.172250176349157,2.318034686906694
underground_alarm-wildcat_strike,students,rides_offers_radius_avg,matching,2551.4793204273506,1319.5217259649999,1362.6189312393162,2.5985285943773504,2.5076250431947016
underground_alarm-wildcat_strike,students,rides_offers_surge_lyft_avg,market,1.0,1.0,1.0,,
underground_alarm-wildcat_strike,students,rides_offers_surge_uber_avg,market,1.0,1.0,1.0,,
underground_alarm-wildcat_strike,students,rides_offers_uber,matching,59.08845448717948,26.769383785,52.24497867521368,1.7189315869399495,0.3639791145620486
underground_alarm-wildcat_strike,students,rides_partial_acceptances,matching,6.956403162393163,3.0067603725,5.963739358974358,1.8319712035156126,0.4604293601661947
underground_alarm-wildcat_strike,students,rides_waiting_duration_avg,passenger_experience,1130.3123263675213,470.56277148999993,775.7089926923077,2.860989437324369,1.5377295590190039
underground_alarm-wildcat_strike,students,traffic_duration_avg,trip,1074.4056841452991,501.21845805749996,766.3159805982906,3.776540817912072,2.029901030706996
underground_alarm-wildcat_strike,students,traffic_length_avg,trip,4000.0704212820515,3728.626082735,3923.5856511965812,3.4047267970764277,0.959348600424361
underground_alarm-wildcat_strike,students,traffic_speed_avg,trip,4.020885,7.061800995,5.245960641025642,-3.123535732844097,-1.2583601607121935
underground_alarm-wildcat_strike,students_drivers,drivers_accept,driver_decisions,2.609637128027682,1.3711440727640223,2.5072377854671277,1.3694297072971717,0.1132252628419218
underground_alarm-wildcat_strike,students_drivers,drivers_acceptance_rate,driver_decisions,1.7713179584775087,2.379217574532592,2.1007232871972317,-3.005921144521999,-1.6288321567670043
underground_alarm-wildcat_strike,students_drivers,drivers_busy,supply,3365.417903737024,1225.730761907529,3184.9373970934257,2.2002773786188254,0.18559123354362725
underground_alarm-wildcat_strike,students_drivers,drivers_change_provider,driver_decisions,0.9630452595155709,0.41492539413845375,0.7856280276816608,2.0350183535114263,0.6587014005828652
underground_alarm-wildcat_strike,students_drivers,drivers_change_zone,driver_decisions,1.6510262975778547,0.7625787165234966,1.4371393425605536,1.708091336831223,0.4112099157191681
underground_alarm-wildcat_strike,students_drivers,drivers_demand_pressure,market,0.0,0.0,0.0,,
underground_alarm-wildcat_strike,students_drivers,drivers_idle,supply,4960.62306982699,4819.534866053563,8485.119893564013,0.04281779388930707,-1.0696229346334063
underground_alarm-wildcat_strike,students_drivers,drivers_idle_duration_avg,supply,1056.994961314879,258.80836812531584,1173.8183016262974,6.726103288324747,-0.9844388018117199
underground_alarm-wildcat_strike,students_drivers,drivers_occupied_distance_avg,supply,5587.997158096886,1879.2018824759982,6301.281141799308,3.3354840898593996,-0.6414879232698193
underground_alarm-wildcat_strike,students_drivers,drivers_occupied_duration_avg,supply,675.6273106920414,213.32816556594238,754.1598683391004,3.852926592676803,-0.6545116575258738
underground_alarm-wildcat_strike,students_drivers,drivers_passengers_served,supply,3.0382987197231834,0.8772595679636179,2.1312977162629756,2.5095138658970204,1.053257916550298
underground_alarm-wildcat_strike,students_drivers,drivers_pickup,supply,1385.7599538754325,314.7758964931784,640.0630805536333,3.746378287780375,2.608500617933467
underground_alarm-wildcat_strike,students_drivers,drivers_pickup_accept,driver_decisions,1.471915017301038,0.3753107402728651,0.7060207958477509,3.018977353706183,2.108524796354135
underground_alarm-wildcat_strike,students_drivers,drivers_pickup_reject,driver_decisions,0.38948034602076126,0.08307094239514906,0.16643622837370242,3.75764202476745,2.7352944783373045
underground_alarm-wildcat_strike,students_drivers,drivers_reject,driver_decisions,1.4899481314878893,0.6257904143506822,1.2121742906574395,1.9058509464062894,0.6126144879981065
underground_alarm-wildcat_strike,students_drivers,drivers_removed,supply,0.5905362283737025,0.21655930267812024,0.4158183044982699,2.460916884284248,1.1497134162820921
underground_alarm-wildcat_strike,students_drivers,drivers_shift_duration_avg,supply,4311.670518269896,1411.462160186963,4963.432748685121,3.103902923380678,-0.6975383981281106
underground_alarm-wildcat_strike,students_drivers,drivers_starting,supply,0.2721046712802768,0.2379661318847903,0.41215055363321795,0.21929647013603212,-0.8996157480933824
underground_alarm-wildcat_strike,students_drivers,drivers_total_length_avg,supply,24291.584636470587,8738.555639327942,28018.608075709344,2.601426493128759,-0.6233883777320038
underground_alarm-wildcat_strike,students_drivers,drivers_waiting,supply,3.0449136678200697,1.5444290828701364,2.8569316608996544,1.3959489479804201,0.1748856918837041
underground_alarm-wildcat_strike,students_drivers,passengers_accept,passenger_decisions,11.156032076124568,5.026538266801415,9.577623667820069,1.7949173304118222,0.46220988138110713
underground_alarm-wildcat_strike,students_drivers,passengers_acceptance_rate,passenger_decisions,1.6393651557093425,2.28093766548762,2.065615778546713,-5.518167933941051,-3.666183452243699
underground_alarm-wildcat_strike,students_drivers,passengers_arrivals,demand,1.898459930795848,1.2418978852956037,2.446926124567474,0.8585096499097893,-0.7171653055934347
underground_alarm-wildcat_strike,students_drivers,passengers_change_provider,passenger_decisions,4.385899584775087,1.4777354017180395,2.9368107612456744,2.550206871754149,1.2707247744390338
underground_alarm-wildcat_strike,students_drivers,passengers_departures,demand,1.9483392733564016,1.2393540424456797,2.323690553633218,0.9595938252090184,-0.5080285951447252
underground_alarm-wildcat_strike,students_drivers,passengers_drivers_ratio,demand,0.5019980276816609,0.14486385042950986,0.1473559515570934,5.106172812927447,5.070541669689794
underground_alarm-wildcat_strike,students_drivers,passengers_no_ratings_count,passenger_experience,0.4785179584775086,0.26821048509348155,0.568067508650519,1.1348035795711702,-0.4832027528558502
underground_alarm-wildcat_strike,students_drivers,passengers_offers_discarded,passenger_decisions,88.41339685121108,38.654609191510865,74.23496550173012,1.8589529052839515,0.5296961077456742
underground_alarm-wildcat_strike,students_drivers,passengers_pickup_accept,passenger_decisions,1.5915220415224915,0.40791730166750884,0.7699768858131487,2.9750706562751925,2.065009376234301
underground_alarm-wildcat_strike,students_drivers,passengers_pickup_reject,passenger_decisions,0.26978681660899656,0.050457420414350695,0.10205858131487891,4.43851338178427,3.3942737716531197
underground_alarm-wildcat_strike,students_drivers,passengers_rating_avg,passenger_experience,4.8861642560553635,4.886255955027792,4.874913148788927,-0.0043510453434145715,0.5338563408435938
underground_alarm-wildcat_strike,students_drivers,passengers_ratings_count,passenger_experience,1.4232754325259516,0.9746525745325922,1.881718408304498,0.7742192285913535,-0.7911664792292965
underground_alarm-wildcat_strike,students_drivers,passengers_reject,passenger_decisions,6.862134013840831,2.3178697018696313,4.652872110726643,2.5261380050470943,1.2281196852606824
underground_alarm-wildcat_strike,students_drivers,passengers_unassigned,demand,41.95220280276817,11.222492819605861,20.617007128027684,3.8218042097823024,2.6534236961861954
underground_alarm-wildcat_strike,students_drivers,rides_dispatched,matching,2.609637128027682,1.3711440727640223,2.5072377854671277,1.3694297072971717,0.1132252628419218
underground_alarm-wildcat_strike,students_drivers,rides_duration_avg,trip,1163.1220125605535,534.3113959676604,1052.5427623529413,2.69062434950827,0.4731587147352426
underground_alarm-wildcat_strike,students_drivers,rides_in_progress,matching,2723.473264013841,1047.636466174836,2729.13291816609,2.0285190108677513,-0.006850736335171849
underground_alarm-wildcat_strike,students_drivers,rides_length_avg,trip,6072.120622491349,4400.780390591208,6461.458735155709,1.444671905293225,-0.33653580658835897
underground_alarm-wildcat_strike,students_drivers,rides_offers_generated,matching,98.79773930795848,42.85842382516422,81.94374301038063,1.8943412533141457,0.5707474286045873
underground_alarm-wildcat_strike,students_drivers,rides_offers_lyft,matching,39.95174764705882,16.149474924204146,30.66499415224913,2.129702780004775,0.8309300950125081
underground_alarm-wildcat_strike,students_drivers,rides_offers_price_lyft_avg,market,22.662022387543253,20.633011141990902,21.540946920415227,3.790312924263362,2.0942352298166744
underground_alarm-wildcat_strike,students_drivers,rides_offers_price_no_surge_avg,market,22.134655570934257,19.727577218292065,20.811371211072665,4.059489188861598,2.231692436081781
underground_alarm-wildcat_strike,students_drivers,rides_offers_price_uber_avg,market,21.778708096885815,19.186974792824657,20.37675598615917,4.145561005067794,2.242467615048911
underground_alarm-wildcat_strike,students_drivers,rides_offers_radius_avg,matching,2469.4887487889273,1346.2875192268823,1332.2312037024221,2.3691322861892297,2.398780821159981
underground_alarm-wildcat_strike,students_drivers,rides_offers_surge_lyft_avg,market,1.0,1.0,1.0,,
underground_alarm-wildcat_strike,students_drivers,rides_offers_surge_uber_avg,market,1.0,1.0,1.0,,
underground_alarm-wildcat_strike,students_drivers,rides_offers_uber,matching,58.84632626297578,26.708974108135415,51.27918107266436,1.7092666509078316,0.40246840667079714
underground_alarm-wildcat_strike,students_drivers,rides_partial_acceptances,matching,7.0566777508650524,3.0296180469934306,5.858575605536332,1.8678796551448342,0.5557182626056835
underground_alarm-wildcat_strike,students_drivers,rides_waiting_duration_avg,passenger_experience,1102.0549469896193,536.1282710257706,775.6988944636678,2.4541285860105515,1.4152358454519314
underground_alarm-wildcat_strike,students_drivers,traffic_duration_avg,trip,1088.1336177854673,495.1477793178373,754.1336842214533,3.906987318439976,2.2006149559432204
underground_alarm-wildcat_strike,students_drivers,traffic_length_avg,trip,4023.4852370588233,3722.4538011975746,3916.790605709343,3.7758378086840407,1.3382709413068103
underground_alarm-wildcat_strike,students_drivers,traffic_speed_avg,trip,4.039933910034602,7.095340626579081,5.3098574394463665,-3.138420158001943,-1.3044265374707065
wildcat_strike,bank_tellers,drivers_accept,driver_decisions,2.651552,1.4051987804284323,2.687935923076923,1.3781208682703714,-0.04023052444080596
wildcat_strike,bank_tellers,drivers_acceptance_rate,driver_decisions,2.0456426153846152,2.3900967599805254,2.089746,-1.7032450246937882,-0.21808090161445076
wildcat_strike,bank_tellers,drivers_busy,supply,3002.129696692308,1124.9591453334956,3412.6564483076927,1.9303270180110066,-0.42215177501364815
wildcat_strike,bank_tellers,drivers_change_provider,driver_decisions,0.8536023846153846,0.43240635832521906,0.8206790769230768,1.563785036940484,0.12223518913340839
wildcat_strike,bank_tellers,drivers_change_zone,driver_decisions,1.452627846153846,0.7738717210321323,1.5382049999999998,1.3049475082881612,-0.1645269774293468
wildcat_strike,bank_tellers,drivers_demand_pressure,market,0.0,0.0,0.0,,
wildcat_strike,bank_tellers,drivers_idle,supply,6768.519264692308,5355.59887748783,8034.367247769231,0.42879654218629715,-0.3841626485062035
wildcat_strike,bank_tellers,drivers_idle_duration_avg,supply,926.053352076923,316.9165915360273,922.6758683076923,5.1330313025447785,0.028461145401738084
wildcat_strike,bank_tellers,drivers_occupied_distance_avg,supply,5200.654800461539,2223.578595211782,5445.832216615385,2.6774166754855955,-0.22049892485291878
wildcat_strike,bank_tellers,drivers_occupied_duration_avg,supply,612.9598533076924,249.25749328140213,640.892789,3.0311942159927106,-0.23280067003166788
wildcat_strike,bank_tellers,drivers_passengers_served,supply,2.414461461538462,0.9289528773125608,2.072013,1.7250517590061287,0.39766940912946763
wildcat_strike,bank_tellers,drivers_pickup,supply,978.9615319999999,317.6088754795521,765.5805364615385,2.3134585579267393,0.7464218754704862
wildcat_strike,bank_tellers,drivers_pickup_accept,driver_decisions,1.250974,0.3787616991236611,0.8733333076923078,2.4012209683384094,1.0396537035260511
wildcat_strike,bank_tellers,drivers_pickup_reject,driver_decisions,0.2770252307692308,0.08131469571567673,0.20880776923076924,2.400089953197136,0.8365826807753156
wildcat_strike,bank_tellers,drivers_reject,driver_decisions,1.3133716923076921,0.6345876314508276,1.3020513846153847,1.497019836928862,0.02496629805085559
wildcat_strike,bank_tellers,drivers_removed,supply,0.4686276923076923,0.216818488315482,0.43537138461538466,1.6570046950624664,0.2188397291002138
wildcat_strike,bank_tellers,drivers_shift_duration_avg,supply,4035.9760543076923,1755.9499499659203,4074.0561706153844,2.4401625045066213,-0.040754652678903144
wildcat_strike,bank_tellers,drivers_starting,supply,0.25639700000000004,0.24120331304771178,0.4293326923076923,0.09760001382570041,-1.1108907280497724
wildcat_strike,bank_tellers,drivers_total_length_avg,supply,23053.225130615385,10783.98547719328,23573.49422846154,2.0521742157635,-0.08702110791035203
wildcat_strike,bank_tellers,drivers_waiting,supply,3.0688715384615386,1.5694494668938654,3.0892945384615387,1.3949604576933101,-0.019000172111435256
wildcat_strike,bank_tellers,passengers_accept,passenger_decisions,9.997051615384617,5.078014374391432,10.227307615384616,1.4404558463490464,-0.0674265278158328
wildcat_strike,bank_tellers,passengers_acceptance_rate,passenger_decisions,1.1935074615384618,2.236547358812074,2.0999396923076925,-8.971190671722407,-7.796227540749873
wildcat_strike,bank_tellers,passengers_arrivals,demand,2.1580770000000005,1.277979970788705,2.443986923076923,1.1508002901068606,-0.37385107721157834
wildcat_strike,bank_tellers,passengers_change_provider,passenger_decisions,4.0534360000000005,1.5212564849074977,3.1131666923076926,2.2205010423846883,0.8245343449817881
wildcat_strike,bank_tellers,passengers_departures,demand,2.1132436153846155,1.2748295399221032,2.4032817692307695,1.134772537854833,-0.39255940655954186
wildcat_strike,bank_tellers,passengers_drivers_ratio,demand,0.23151376923076925,0.13334859542356378,0.16814261538461536,1.4035294676284895,0.9060573966422998
wildcat_strike,bank_tellers,passengers_no_ratings_count,passenger_experience,0.5708082307692308,0.28297362220058425,0.5515122307692306,1.5531342698969195,0.10411978955888415
wildcat_strike,bank_tellers,passengers_offers_discarded,passenger_decisions,80.34679492307693,39.14220233446933,79.18780792307692,1.5393742634463363,0.04329892974022934
wildcat_strike,bank_tellers,passengers_pickup_accept,passenger_decisions,1.2061415384615386,0.40709706913339827,0.9592689230769231,2.008452377478983,0.6205310346751981
wildcat_strike,bank_tellers,passengers_pickup_reject,passenger_decisions,0.32141015384615385,0.05300234907497566,0.12210223076923077,5.431700692756006,4.0333439065663566
wildcat_strike,bank_tellers,passengers_rating_avg,passenger_experience,4.913177846153845,4.888051260954236,4.882683384615384,1.1922370407554406,1.4469386227863108
wildcat_strike,bank_tellers,passengers_ratings_count,passenger_experience,1.5924227692307695,0.9961001898734178,1.8956540769230767,1.0291147656780544,-0.5233070605817427
wildcat_strike,bank_tellers,passengers_reject,passenger_decisions,8.41957676923077,2.4686611124634856,4.8895515384615384,3.308089753007506,1.9623266346391635
wildcat_strike,bank_tellers,passengers_unassigned,demand,26.080756461538463,11.230567986854917,22.48871838461538,1.8468938645923971,0.4467359520023118
wildcat_strike,bank_tellers,rides_dispatched,matching,2.651552,1.4051987804284323,2.687935923076923,1.3781208682703714,-0.04023052444080596
wildcat_strike,bank_tellers,rides_duration_avg,trip,1116.4739223076922,545.2013749878286,1070.9345346153846,2.44442410077752,0.194858964135379
wildcat_strike,bank_tellers,rides_in_progress,matching,2768.3409742307695,1091.9377024926969,2930.9482436923076,2.0292046999962516,-0.19682819820723002
wildcat_strike,bank_tellers,rides_length_avg,trip,6319.279093923077,4467.549771448394,6496.155639923078,1.6005965017341048,-0.1528884256085882
wildcat_strike,bank_tellers,rides_offers_generated,matching,88.91671823076923,43.39189230769231,87.53510269230769,1.5416626937910118,0.046787331738668725
wildcat_strike,bank_tellers,rides_offers_lyft,matching,36.71512784615385,16.383603140214213,32.91488446153846,1.8191584136585046,0.3400258872397071
wildcat_strike,bank_tellers,rides_offers_price_lyft_avg,market,22.143033307692306,20.696547207887047,21.673164923076925,2.70212152390839,0.8777419123793997
wildcat_strike,bank_tellers,rides_offers_price_no_surge_avg,market,21.509134230769234,19.817966251217136,20.97217576923077,2.8521207554398074,0.9055696367716758
wildcat_strike,bank_tellers,rides_offers_price_uber_avg,market,21.063002076923077,19.282509661635828,20.55141192307692,2.8479550403846705,0.8183049502192208
wildcat_strike,bank_tellers,rides_offers_radius_avg,matching,2146.816600153846,1334.0527419668938,1503.5006453846154,1.7143367072605817,1.3569256857550869
wildcat_strike,bank_tellers,rides_offers_surge_lyft_avg,market,1.0,1.0,1.0,,
wildcat_strike,bank_tellers,rides_offers_surge_uber_avg,market,1.0,1.0,1.0,,
wildcat_strike,bank_tellers,rides_offers_uber,matching,52.20002584615385,27.008340642648495,54.62014107692308,1.3398523683922914,-0.12871695948618858
wildcat_strike,bank_tellers,rides_partial_acceptances,matching,6.033615230769231,3.0381945447906524,6.236359153846154,1.3893723384732153,-0.09403914442975607
wildcat_strike,bank_tellers,rides_waiting_duration_avg,passenger_experience,829.9669163846155,457.60519667234666,769.7798798461539,1.614738409574993,0.2609997604808712
wildcat_strike,bank_tellers,traffic_duration_avg,trip,896.6212247692307,507.86166909931836,773.692045,2.561407971984175,0.8099396566800646
wildcat_strike,bank_tellers,traffic_length_avg,trip,4013.3710361538465,3735.418352607108,3927.076316923077,3.486360979405166,1.0823948091304918
wildcat_strike,bank_tellers,traffic_speed_avg,trip,4.715152076923077,6.937438330087634,5.112689307692308,-2.282664345802725,-0.408338062440815
wildcat_strike,bank_tellers_drivers,drivers_accept,driver_decisions,2.5517594444444445,1.3978686767949031,2.604244259259259,1.2758830495491325,-0.05803364361546341
wildcat_strike,bank_tellers_drivers,drivers_acceptance_rate,driver_decisions,1.9546199074074073,2.3186013869149718,2.1108112037037037,-1.7998031197424706,-0.772329357886608
wildcat_strike,bank_tellers_drivers,drivers_busy,supply,2856.4616464814812,1100.5639647904925,3363.848505555555,1.8056200239117897,-0.5217547025471188
wildcat_strike,bank_tellers_drivers,drivers_change_provider,driver_decisions,0.850956666666667,0.4323834452340113,0.7974223148148147,1.5540472836498982,0.1987583290507135
wildcat_strike,bank_tellers_drivers,drivers_change_zone,driver_decisions,1.5781017592592594,0.7811721587846115,1.5242739814814814,1.532142779903443,0.10348698433506513
wildcat_strike,bank_tellers_drivers,drivers_demand_pressure,market,0.0,0.0,0.0,,
wildcat_strike,bank_tellers_drivers,drivers_idle,supply,6630.071195925927,5259.650403197746,8210.170097685184,0.41589866108783535,-0.47953228753905813
wildcat_strike,bank_tellers_drivers,drivers_idle_duration_avg,supply,869.2787398148149,285.0806952781181,1045.0477295370372,4.922879464423636,-1.481157901978673
wildcat_strike,bank_tellers_drivers,drivers_occupied_distance_avg,supply,5869.7287237962955,2159.9437032737073,5870.595249074075,3.3363742113482675,-0.0007793046158390286
wildcat_strike,bank_tellers_drivers,drivers_occupied_duration_avg,supply,690.6390289814815,240.76239344033326,691.2142929629629,3.7493940250044484,-0.004794406209542509
wildcat_strike,bank_tellers_drivers,drivers_passengers_served,supply,2.4553241666666668,0.9318520681205587,2.1554012037037036,1.7691370156323998,0.3482865331910538
wildcat_strike,bank_tellers_drivers,drivers_pickup,supply,947.4995709259258,315.7427511026709,729.5196375,2.2099302194358117,0.7625092867906507
wildcat_strike,bank_tellers_drivers,drivers_pickup_accept,driver_decisions,1.1766971296296296,0.3790508355795148,0.8178856481481482,2.1959389986430753,0.9878164434831289
wildcat_strike,bank_tellers_drivers,drivers_pickup_reject,driver_decisions,0.2888888888888889,0.08407834844400883,0.19865768518518523,2.511687581335983,1.1065475111745176
wildcat_strike,bank_tellers_drivers,drivers_reject,driver_decisions,1.3176851851851852,0.6393681965204606,1.255555648148148,1.4959897356385803,0.13702317830834268
wildcat_strike,bank_tellers_drivers,drivers_removed,supply,0.49364148148148146,0.22468677530017153,0.44723703703703704,1.7698289174344997,0.30535969733095397
wildcat_strike,bank_tellers_drivers,drivers_shift_duration_avg,supply,4373.191315740741,1671.157328953688,4465.648850740741,2.8918098823099982,-0.09895123996014167
wildcat_strike,bank_tellers_drivers,drivers_starting,supply,0.28094138888888887,0.23955197745650578,0.40661972222222215,0.26587405286968896,-0.8073226142833586
wildcat_strike,bank_tellers_drivers,drivers_total_length_avg,supply,26183.53594574074,10409.092731754472,25519.921104814814,2.6384606174628793,0.11099736448348997
wildcat_strike,bank_tellers_drivers,drivers_waiting,supply,2.9327925925925915,1.5655517838765007,2.974583333333334,1.2719879882183593,-0.03887926684319002
wildcat_strike,bank_tellers_drivers,passengers_accept,passenger_decisions,10.194042962962964,5.138236574369027,10.080061111111108,1.4805063498540578,0.03337763404380044
wildcat_strike,bank_tellers_drivers,passengers_acceptance_rate,passenger_decisions,1.161262685185185,2.2257121097770156,2.0651926851851856,-9.155334108867269,-7.774705843071683
wildcat_strike,bank_tellers_drivers,passengers_arrivals,demand,2.0400314814814817,1.265682063219799,2.46072537037037,1.0125264665172287,-0.5500923572181311
wildcat_strike,bank_tellers_drivers,passengers_change_provider,passenger_decisions,4.174768055555556,1.5407459446214162,3.0936113888888888,2.3098081349022803,0.9480802964424855
wildcat_strike,bank_tellers_drivers,passengers_departures,demand,2.105386388888889,1.2638209850526831,2.3753394444444442,1.139037782202332,-0.365374727023105
wildcat_strike,bank_tellers_drivers,passengers_drivers_ratio,demand,0.23893499999999998,0.13498229355550112,0.16110907407407407,1.4862774757688944,1.1127263992527188
wildcat_strike,bank_tellers_drivers,passengers_no_ratings_count,passenger_experience,0.5825778703703703,0.278716037735849,0.5795830555555556,1.639615986156867,0.016159799351489458
wildcat_strike,bank_tellers_drivers,passengers_offers_discarded,passenger_decisions,82.21077175925927,39.63564974025974,78.12341083333331,1.5905762678807749,0.1527008961745261
wildcat_strike,bank_tellers_drivers,passengers_pickup_accept,passenger_decisions,1.1470371296296298,0.4094254422935555,0.8979012037037037,1.854036920288148,0.6262200189710166
wildcat_strike,bank_tellers_drivers,passengers_pickup_reject,passenger_decisions,0.3182871296296296,0.0537195834354325,0.11873453703703707,5.353986353596855,4.038295221521191
wildcat_strike,bank_tellers_drivers,passengers_rating_avg,passenger_experience,4.877418148148149,4.88272128154864,4.874274166666667,-0.2516295796625101,0.14917949048368292
wildcat_strike,bank_tellers_drivers,passengers_ratings_count,passenger_experience,1.4616667592592596,0.987436307277628,1.8866821296296292,0.8184120094771955,-0.7334781684095257
wildcat_strike,bank_tellers_drivers,passengers_reject,passenger_decisions,8.821882962962961,2.4890035015927467,4.898919814814816,3.5204218748028806,2.1807592209876354
wildcat_strike,bank_tellers_drivers,passengers_unassigned,demand,26.330478611111108,11.400487204116638,21.972454074074076,1.856818825902672,0.5420004461841239
wildcat_strike,bank_tellers_drivers,rides_dispatched,matching,2.5517594444444445,1.3978686767949031,2.604244259259259,1.2758830495491325,-0.05803364361546341
wildcat_strike,bank_tellers_drivers,rides_duration_avg,trip,1048.8987112037037,539.9074327713796,1093.1527205555556,2.17792812541523,-0.1893589452586306
wildcat_strike,bank_tellers_drivers,rides_in_progress,matching,2654.2131016666663,1071.2236881842687,2886.743148333334,1.9161317637804507,-0.2814663222991332
wildcat_strike,bank_tellers_drivers,rides_length_avg,trip,6085.052929444444,4467.019975773094,6530.689573981481,1.3985941972748939,-0.38519909234750355
wildcat_strike,bank_tellers_drivers,rides_offers_generated,matching,91.12183648148147,43.94111290860083,86.16635861111108,1.5977383751291923,0.16781338989775996
wildcat_strike,bank_tellers_drivers,rides_offers_lyft,matching,35.57947462962963,16.466444128889975,31.94444435185185,1.7101339298854745,0.32524348318013907
wildcat_strike,bank_tellers_drivers,rides_offers_price_lyft_avg,market,22.084238333333335,20.69866901249694,21.601671388888892,2.5883253805226385,0.9014635726437917
wildcat_strike,bank_tellers_drivers,rides_offers_price_no_surge_avg,market,21.472570833333332,19.80364958833619,20.887518611111112,2.814602085424691,0.9866787960697506
wildcat_strike,bank_tellers_drivers,rides_offers_price_uber_avg,market,21.079254351851848,19.261032567998036,20.468114351851856,2.908304382205561,0.9775381396948369
wildcat_strike,bank_tellers_drivers,rides_offers_radius_avg,matching,2066.003444907408,1349.654870477824,1468.1547878703702,1.5109710452404799,1.261022974657523
wildcat_strike,bank_tellers_drivers,rides_offers_surge_lyft_avg,market,1.0,1.0,1.0,,
wildcat_strike,bank_tellers_drivers,rides_offers_surge_uber_avg,market,1.0,1.0,1.0,,
wildcat_strike,bank_tellers_drivers,rides_offers_uber,matching,55.54172833333333,27.47468024748836,54.22212990740741,1.4927822631876562,0.07018454946624883
wildcat_strike,bank_tellers_drivers,rides_partial_acceptances,matching,6.326188333333333,3.1009449473168345,6.220555833333332,1.4959714895308898,0.048995746818055505
wildcat_strike,bank_tellers_drivers,rides_waiting_duration_avg,passenger_experience,843.7144405555555,457.73511793678017,774.8074850925924,1.673790845138099,0.2988134971524405
wildcat_strike,bank_tellers_drivers,traffic_duration_avg,trip,861.2453562037037,500.707474271012,770.6441608333334,2.3754647095254873,0.5969412731040499
wildcat_strike,bank_tellers_drivers,traffic_length_avg,trip,3970.9295280555557,3736.3316606640533,3933.136829259259,2.942561447110009,0.474033884863236
wildcat_strike,bank_tellers_drivers,traffic_speed_avg,trip,4.864428796296296,6.993756346483705,5.133561666666667,-2.187180014467896,-0.2764450378987707
wildcat_strike,managers,drivers_accept,driver_decisions,2.6840275000000005,1.4152423037913546,2.7419445833333334,1.4029244108252958,-0.06404022544945732
wildcat_strike,managers,drivers_acceptance_rate,driver_decisions,2.1396716666666666,2.4074014030427433,2.1343633333333334,-1.3238608058558587,0.026248464363878638
wildcat_strike,managers,drivers_busy,supply,2845.4383670833336,1146.6831811543104,3428.1055087500004,1.7468594049759891,-0.5991667220925976
wildcat_strike,managers,drivers_change_provider,driver_decisions,0.8731254166666668,0.4224318304757305,0.8161116666666667,1.6733013664400005,0.21167637770742986
wildcat_strike,managers,drivers_change_zone,driver_decisions,1.4832641666666666,0.7756926998309587,1.5613883333333334,1.3603466523672012,-0.1501981829047578
wildcat_strike,managers,drivers_demand_pressure,market,0.0,0.0,0.0,,
wildcat_strike,managers,drivers_idle,supply,6660.771064583333,5341.061511898092,8087.333715,0.4005086896660094,-0.43293672966321206
wildcat_strike,managers,drivers_idle_duration_avg,supply,883.8033633333333,311.7433813813089,911.54154125,4.82059528255281,-0.23374214912817995
wildcat_strike,managers,drivers_occupied_distance_avg,supply,5026.852425416667,2209.8686138348226,5284.170575416666,2.533438485182968,-0.23141762528625073
wildcat_strike,managers,drivers_occupied_duration_avg,supply,598.1220487500001,246.40506887466796,625.8103445833334,2.931304803706709,-0.23076177502567824
wildcat_strike,managers,drivers_passengers_served,supply,2.5502775,0.9343625452789183,2.0465970833333333,1.8764865882606105,0.5849005505414457
wildcat_strike,managers,drivers_pickup,supply,950.5482862499999,317.1515941463415,786.3048383333334,2.215666609126852,0.574535244426676
wildcat_strike,managers,drivers_pickup_accept,driver_decisions,1.22715375,0.3769597730016904,0.9141666666666667,2.3406040050939456,0.8616607981382219
wildcat_strike,managers,drivers_pickup_reject,driver_decisions,0.2709708333333334,0.08443621347500604,0.22090208333333336,2.2875614075803847,0.6140165311553416
wildcat_strike,managers,drivers_reject,driver_decisions,1.2838879166666668,0.6371472736054092,1.3133329166666667,1.4263498921713669,-0.06493928134188375
wildcat_strike,managers,drivers_removed,supply,0.5147225,0.217140540932142,0.43819416666666666,1.9582076251532936,0.5035868650875904
wildcat_strike,managers,drivers_shift_duration_avg,supply,3872.3895966666664,1723.559342410046,3974.0631974999997,2.2997521848550044,-0.10881459119227835
wildcat_strike,managers,drivers_starting,supply,0.30958416666666666,0.2425533252837479,0.4032625,0.4305874582163815,-0.6017635256809681
wildcat_strike,managers,drivers_total_length_avg,supply,22310.458716249996,10592.18099455687,22908.96060333333,1.9600193714454908,-0.10010645936120748
wildcat_strike,managers,drivers_waiting,supply,3.062222916666667,1.592614189809225,3.1704174999999997,1.3672241466365633,-0.100656891977591
wildcat_strike,managers,passengers_accept,passenger_decisions,10.016945416666665,5.108658476213475,10.471319166666667,1.4373078048717842,-0.13305557420071376
wildcat_strike,managers,passengers_acceptance_rate,passenger_decisions,1.4192495833333334,2.237517292924415,2.0822679166666664,-7.037924112436428,-5.702623555176075
wildcat_strike,managers,passengers_arrivals,demand,2.3140283333333334,1.2850196981405457,2.3888883333333335,1.3455146382706666,-0.09788569539270305
wildcat_strike,managers,passengers_change_provider,passenger_decisions,4.122846249999999,1.5270796643322868,3.218401666666667,2.2762613688753177,0.7931191797819611
wildcat_strike,managers,passengers_departures,demand,2.26639,1.283849294856315,2.370416666666667,1.329844336053766,-0.14079749850667983
wildcat_strike,managers,passengers_drivers_ratio,demand,0.23027666666666666,0.13413322144409565,0.17132208333333335,1.3746235376124718,0.8429108995681232
wildcat_strike,managers,passengers_no_ratings_count,passenger_experience,0.61694375,0.28603892538034287,0.5390279166666666,1.7855379717774569,0.42042807680201494
wildcat_strike,managers,passengers_offers_discarded,passenger_decisions,79.74659625,39.378091019077516,80.97020875,1.5081386346108951,-0.04571329244138715
wildcat_strike,managers,passengers_pickup_accept,passenger_decisions,1.2290958333333333,0.40805203574015936,1.0070133333333333,2.063749178662025,0.5582194011010693
wildcat_strike,managers,passengers_pickup_reject,passenger_decisions,0.26909750000000004,0.053376425984061816,0.12722166666666668,4.365492680711581,2.8711052678180278
wildcat_strike,managers,passengers_rating_avg,passenger_experience,4.90493125,4.892755358609032,4.888840833333333,0.5777366325429855,0.7634778303056964
wildcat_strike,managers,passengers_ratings_count,passenger_experience,1.7009033333333334,0.9994980922482491,1.850277916666667,1.2104631206528147,-0.25778596123428066
wildcat_strike,managers,passengers_reject,passenger_decisions,7.130833333333334,2.429155571118087,5.0589587499999995,2.613643500297345,1.1517466342927416
wildcat_strike,managers,passengers_unassigned,demand,25.46187541666667,11.285320714803188,23.02652875,1.7631151244016858,0.3028801166052582
wildcat_strike,managers,rides_dispatched,matching,2.6840275000000005,1.4152423037913546,2.7419445833333334,1.4029244108252958,-0.06404022544945732
wildcat_strike,managers,rides_duration_avg,trip,1138.6772233333334,545.5670037551317,1064.2167495833335,2.537865545887385,0.3186097029232877
wildcat_strike,managers,rides_in_progress,matching,2612.4929858333335,1093.8309595121952,2945.7525691666665,1.8382665874432733,-0.40339453174513484
wildcat_strike,managers,rides_length_avg,trip,6529.339487916666,4479.862809389037,6539.64000375,1.7715252235963905,-0.008903552700054948
wildcat_strike,managers,rides_offers_generated,matching,88.0897225,43.64405580294615,89.10451499999999,1.5051178089795618,-0.03436515587851751
wildcat_strike,managers,rides_offers_lyft,matching,35.89979208333333,16.31594340255977,33.166597083333336,1.7522602763302075,0.24455198281153984
wildcat_strike,managers,rides_offers_price_lyft_avg,market,21.406198749999998,20.679935385172666,21.593143749999996,1.3567028887386274,-0.3492243087265453
wildcat_strike,managers,rides_offers_price_no_surge_avg,market,20.775409166666666,19.781791593817918,20.828920416666666,1.6757160357554761,-0.0902456459795015
wildcat_strike,managers,rides_offers_price_uber_avg,market,20.340987916666666,19.239425167833854,20.37632625,1.7619851429315254,-0.05652480385277557
wildcat_strike,managers,rides_offers_radius_avg,matching,2161.9748429166666,1335.8266282757788,1583.35680875,1.7425679005412797,1.2204604393551983
wildcat_strike,managers,rides_offers_surge_lyft_avg,market,1.0,1.0,1.0,,
wildcat_strike,managers,rides_offers_surge_uber_avg,market,1.0,1.0,1.0,,
wildcat_strike,managers,rides_offers_uber,matching,52.19263875000001,27.328146607099733,55.944375416666674,1.3224501821696628,-0.19954096829211218
wildcat_strike,managers,rides_partial_acceptances,matching,6.047915416666666,3.0562468654914277,6.40868125,1.3876319778185717,-0.16733478267204457
wildcat_strike,managers,rides_waiting_duration_avg,passenger_experience,856.5767112499999,470.7162968389278,776.7800166666666,1.673275202310097,0.3460366113906623
wildcat_strike,managers,traffic_duration_avg,trip,759.9490129166667,505.4433343443613,765.6652412500001,1.6768536348566405,-0.03766233552112087
wildcat_strike,managers,traffic_length_avg,trip,3902.512409166667,3734.3167719753683,3929.2120200000004,2.1096781615038056,-0.33489326379892337
wildcat_strike,managers,traffic_speed_avg,trip,5.050190416666667,6.958870183530548,5.067060833333334,-1.9605373723439121,-0.017328775070717214
wildcat_strike,managers_drivers,drivers_accept,driver_decisions,2.600488048780488,1.4091655969968515,2.685000731707317,1.317272107024696,-0.09344757982413375
wildcat_strike,managers_drivers,drivers_acceptance_rate,driver_decisions,2.0149641463414634,2.340091557277791,2.0986785365853655,-1.6076788558271515,-0.4139480418953087
wildcat_strike,managers_drivers,drivers_busy,supply,2718.5088685365854,1106.288557987406,3421.686625853658,1.6578740925732278,-0.7230898771723158
wildcat_strike,managers_drivers,drivers_change_provider,driver_decisions,0.8763819512195122,0.4381432332283846,0.8022765853658537,1.6270598653045911,0.275132847998707
wildcat_strike,managers_drivers,drivers_change_zone,driver_decisions,1.5339843902439023,0.7923327270525551,1.5561375609756096,1.4258677808996147,-0.04259073896657624
wildcat_strike,managers_drivers,drivers_demand_pressure,market,0.0,0.0,0.0,,
wildcat_strike,managers_drivers,drivers_idle,supply,6867.553211219512,5270.45613198111,8102.149511707316,0.4846909361030777,-0.37467831127597107
wildcat_strike,managers_drivers,drivers_idle_duration_avg,supply,809.7917685365853,298.1153349358198,912.5585724390245,4.311759395566592,-0.8659881581031029
wildcat_strike,managers_drivers,drivers_occupied_distance_avg,supply,5362.64401609756,2194.171150748365,5316.80688,2.849548181047608,0.04122336953541754
wildcat_strike,managers_drivers,drivers_occupied_duration_avg,supply,624.8787331707317,244.17371209493822,628.2921634146342,3.1728990095112724,-0.02844845442098244
wildcat_strike,managers_drivers,drivers_passengers_served,supply,2.4409348780487803,0.9526536691692904,2.0515856097560974,1.728271478559772,0.4521331261683941
wildcat_strike,managers_drivers,drivers_pickup,supply,974.0876485365853,322.12966546379266,780.2478592682927,2.2805953230517875,0.6780653482346485
wildcat_strike,managers_drivers,drivers_pickup_accept,driver_decisions,1.260162682926829,0.3862096488253814,0.9017073170731708,2.406013247828408,0.9868360487881419
wildcat_strike,managers_drivers,drivers_pickup_reject,driver_decisions,0.3113412195121951,0.08823850326955679,0.22174756097560974,2.7360131003597896,1.09872899619324
wildcat_strike,managers_drivers,drivers_reject,driver_decisions,1.3314239024390246,0.6530814507144587,1.3026014634146341,1.4960458929762221,0.06356625833806041
wildcat_strike,managers_drivers,drivers_removed,supply,0.5114239024390244,0.2287375248244127,0.4415848780487805,1.8601887759118731,0.459568552215415
wildcat_strike,managers_drivers,drivers_shift_duration_avg,supply,4202.683311463415,1717.323383613466,4003.5840878048784,2.659917838043156,0.21308284993877058
wildcat_strike,managers_drivers,drivers_starting,supply,0.2550807317073171,0.23963159360620004,0.3958526829268293,0.09924096086744047,-0.9042798122957236
wildcat_strike,managers_drivers,drivers_total_length_avg,supply,25309.07097414634,10645.44171187939,23121.92723414634,2.452663957309377,0.3658254395694891
wildcat_strike,managers_drivers,drivers_waiting,supply,2.996788048780488,1.583561286025672,3.1118699999999997,1.31477019658365,-0.10706443128289224
wildcat_strike,managers_drivers,passengers_accept,passenger_decisions,10.076626341463415,5.205579980624847,10.371584878048779,1.4264025386582517,-0.08637355800322458
wildcat_strike,managers_drivers,passengers_acceptance_rate,passenger_decisions,1.4034019512195122,2.2389249794139015,2.0859495121951217,-7.186337182440964,-5.870594526668429
wildcat_strike,managers_drivers,passengers_arrivals,demand,2.3209346341463415,1.2711931436183095,2.3978448780487804,1.3726245763145712,-0.10056656034214027
wildcat_strike,managers_drivers,passengers_change_provider,passenger_decisions,4.154999999999999,1.5672600799224994,3.1923170731707313,2.2692226817665606,0.8441891381592044
wildcat_strike,managers_drivers,passengers_departures,demand,2.183332926829268,1.271870484378784,2.348983902439024,1.2336416804647825,-0.2242044635129897
wildcat_strike,managers_drivers,passengers_drivers_ratio,demand,0.2295429268292683,0.13574769435698716,0.16927926829268294,1.341049657350561,0.8616275742486414
wildcat_strike,managers_drivers,passengers_no_ratings_count,passenger_experience,0.625529268292683,0.2811722208767256,0.5602029268292683,1.858125171541656,0.35249610933988756
wildcat_strike,managers_drivers,passengers_offers_discarded,passenger_decisions,80.90939024390244,40.1483971348995,80.26479707317074,1.5228017024942255,0.02408154225245245
wildcat_strike,managers_drivers,passengers_pickup_accept,passenger_decisions,1.2890653658536586,0.41841885202228146,0.9988609756097561,2.18842896455905,0.7294483848067825
wildcat_strike,managers_drivers,passengers_pickup_reject,passenger_decisions,0.2829678048780488,0.056031474933397926,0.12560926829268293,4.5924529714131035,3.1844248080284734
wildcat_strike,managers_drivers,passengers_rating_avg,passenger_experience,4.88684512195122,4.882193373698232,4.882249512195123,0.22072185804091884,0.2180581297677306
wildcat_strike,managers_drivers,passengers_ratings_count,passenger_experience,1.6946748780487806,0.99053644223783,1.8397565853658537,1.215179982209346,-0.2503774507258914
wildcat_strike,managers_drivers,passengers_reject,passenger_decisions,7.213090243902439,2.488319571324776,4.995244146341464,2.626480755023036,1.2328916039577569
wildcat_strike,managers_drivers,passengers_unassigned,demand,26.195284634146347,11.484837786388955,22.794838048780488,1.8295144250089832,0.42290802881679945
wildcat_strike,managers_drivers,rides_dispatched,matching,2.600488048780488,1.4091655969968515,2.685000731707317,1.317272107024696,-0.09344757982413375
wildcat_strike,managers_drivers,rides_duration_avg,trip,1160.9954729268293,539.987968445144,1074.795247317073,2.657235531167196,0.36884305041699855
wildcat_strike,managers_drivers,rides_in_progress,matching,2572.3110568292686,1077.2222842601113,2938.6006507317074,1.809732309257256,-0.44337575453186034
wildcat_strike,managers_drivers,rides_length_avg,trip,6623.958427804879,4466.242446180673,6548.642626585366,1.8650850370009684,0.06510141978858322
wildcat_strike,managers_drivers,rides_offers_generated,matching,89.69154512195122,44.507444901913296,88.41028536585365,1.5301242838237006,0.0433888615053465
wildcat_strike,managers_drivers,rides_offers_lyft,matching,37.05158585365854,16.794011501574232,33.007764146341465,1.812541723058333,0.36182000064420505
wildcat_strike,managers_drivers,rides_offers_price_lyft_avg,market,21.652690731707317,20.606182448534753,21.614593902439022,1.9549393231567915,0.0711671286522425
wildcat_strike,managers_drivers,rides_offers_price_no_surge_avg,market,20.99494707317073,19.724997791232745,20.862676097560975,2.1417439007628922,0.22307233784001396
wildcat_strike,managers_drivers,rides_offers_price_uber_avg,market,20.53096634146341,19.18834275369339,20.415350731707317,2.1475697291931986,0.18493089648960695
wildcat_strike,managers_drivers,rides_offers_radius_avg,matching,2208.5136224390244,1363.3475226640833,1563.0897568292685,1.782681714967651,1.3613718344034849
wildcat_strike,managers_drivers,rides_offers_surge_lyft_avg,market,1.0,1.0,1.0,,
wildcat_strike,managers_drivers,rides_offers_surge_uber_avg,market,1.0,1.0,1.0,,
wildcat_strike,managers_drivers,rides_offers_uber,matching,52.641381951219515,27.713410457737954,55.404959756097554,1.3258264135544733,-0.14698446083261546
wildcat_strike,managers_drivers,rides_partial_acceptances,matching,6.144756829268293,3.1433397384354564,6.377846097560976,1.3921536636719734,-0.10811429034884198
wildcat_strike,managers_drivers,rides_waiting_duration_avg,passenger_experience,859.4608490243904,462.41430488253815,774.801876097561,1.7217836079129525,0.36712177450934874
wildcat_strike,managers_drivers,traffic_duration_avg,trip,788.4624556097561,500.0566520513441,765.0382409756097,1.900210332137159,0.15433439313917452
wildcat_strike,managers_drivers,traffic_length_avg,trip,3924.568467317074,3735.372773521434,3934.101271463415,2.3730819069774998,-0.11956997851587889
wildcat_strike,managers_drivers,traffic_speed_avg,trip,5.22886243902439,6.9749622523613475,5.0737451219512195,-1.7935402257208344,0.15933175512168482
wildcat_strike,students,drivers_accept,driver_decisions,2.71513875,1.4120575985489723,2.6550008333333337,1.4408462221341638,0.06649585096039329
wildcat_strike,students,drivers_acceptance_rate,driver_decisions,2.02405625,2.3534952116082226,2.0677325,-1.628998463519011,-0.2159688210372752
wildcat_strike,students,drivers_busy,supply,2949.7309375000004,1131.8914354268438,3427.299629583334,1.8693158715490397,-0.4910921645437789
wildcat_strike,students,drivers_change_provider,driver_decisions,0.8897208333333334,0.43040949939540507,0.7935416666666667,1.7052966943579089,0.357086801182507
wildcat_strike,students,drivers_change_zone,driver_decisions,1.4542366666666666,0.7873284691656589,1.5413187500000003,1.2821691891617646,-0.1674202905233429
wildcat_strike,students,drivers_demand_pressure,market,0.0,0.0,0.0,,
wildcat_strike,students,drivers_idle,supply,6688.332303333333,5344.22243971705,8096.917314166666,0.40791375583269,-0.4274808315391451
wildcat_strike,students,drivers_idle_duration_avg,supply,699.6289879166667,302.51856071100366,937.2583141666668,3.3463425382562293,-2.0024382848947844
wildcat_strike,students,drivers_occupied_distance_avg,supply,4647.870972916667,2196.6828746747283,5506.11104,2.2044621758125973,-0.771853358381203
wildcat_strike,students,drivers_occupied_duration_avg,supply,547.6949829166666,247.40623935912936,651.26618875,2.502687919136761,-0.8631905496645584
wildcat_strike,students,drivers_passengers_served,supply,2.327429583333333,0.9376876469165659,2.04701375,1.613842422344265,0.32563381435921385
wildcat_strike,students,drivers_pickup,supply,982.7784483333335,318.8716372091899,787.8079058333333,2.322393172111668,0.6820208033386778
wildcat_strike,students,drivers_pickup_accept,driver_decisions,1.1988895833333333,0.37911853929866984,0.9271525,2.2568489554606592,0.7480985784304276
wildcat_strike,students,drivers_pickup_reject,driver_decisions,0.31014125,0.08274048125755744,0.22402750000000002,2.788722131175484,1.056053247979593
wildcat_strike,students,drivers_reject,driver_decisions,1.3593066666666667,0.6420640822249093,1.3138891666666666,1.5818379345030795,0.10016572628103303
wildcat_strike,students,drivers_removed,supply,0.44347125,0.21957841596130595,0.43999875,1.4733038797280587,0.022850430851536287
wildcat_strike,students,drivers_shift_duration_avg,supply,3325.1024445833336,1698.728296669891,4137.6079675,1.7406016564810343,-0.8695714088318172
wildcat_strike,students,drivers_starting,supply,0.33270833333333333,0.2404486868198307,0.39180499999999996,0.5926502766279484,-0.3796205293574777
wildcat_strike,students,drivers_total_length_avg,supply,19784.76269208333,10462.153551712212,23965.54239,1.5593157067540528,-0.6992844332826341
wildcat_strike,students,drivers_waiting,supply,3.154515,1.5852365925030232,3.1006941666666665,1.4599500481418732,0.05007124793194941
wildcat_strike,students,passengers_accept,passenger_decisions,9.854931666666667,5.166415472793228,10.336666666666666,1.372951704021574,-0.14106784786220677
wildcat_strike,students,passengers_acceptance_rate,passenger_decisions,1.8826562500000001,2.2840136178960098,2.0648266666666664,-3.4520764587312898,-1.5668485423574081
wildcat_strike,students,passengers_arrivals,demand,2.37729125,1.2857072986698912,2.3933320833333336,1.427337084630804,-0.02097472783211087
wildcat_strike,students,passengers_change_provider,passenger_decisions,3.475554583333333,1.5280470713422007,3.216249166666667,1.7077945835409476,0.22738828134911815
wildcat_strike,students,passengers_departures,demand,2.4004166666666666,1.2836690278113663,2.3406941666666667,1.5114900731934149,0.08083291404029559
wildcat_strike,students,passengers_drivers_ratio,demand,0.2203733333333333,0.13710019588875452,0.16884708333333331,1.190608621494284,0.7367033279381222
wildcat_strike,students,passengers_no_ratings_count,passenger_experience,0.56138875,0.2786908561064087,0.5602083333333333,1.5254169372377788,0.006369441071990741
wildcat_strike,students,passengers_offers_discarded,passenger_decisions,77.13229166666666,39.758775866989126,80.04840291666666,1.3962479602925437,-0.10894384158617935
wildcat_strike,students,passengers_pickup_accept,passenger_decisions,1.2768750000000002,0.40893556711003626,1.0239566666666666,2.18162453331459,0.6357273560988105
wildcat_strike,students,passengers_pickup_reject,passenger_decisions,0.23374958333333332,0.05292152599758162,0.12763916666666666,3.6593715489669503,2.147329598736212
wildcat_strike,students,passengers_rating_avg,passenger_experience,4.885585,4.885488263603386,4.879623333333334,0.004590067226254902,0.2828764739884673
wildcat_strike,students,passengers_ratings_count,passenger_experience,1.8206929166666665,1.007607784764208,1.8326391666666666,1.403196766246669,-0.020616462792220007
wildcat_strike,students,passengers_reject,passenger_decisions,5.269444583333333,2.404396193470375,5.02340375,1.5926687197453826,0.1367730961950105
wildcat_strike,students,passengers_unassigned,demand,24.413819583333332,11.404222067714631,22.702778750000004,1.6179825510884425,0.212799374401053
wildcat_strike,students,rides_dispatched,matching,2.71513875,1.4120575985489723,2.6550008333333337,1.4408462221341638,0.06649585096039329
wildcat_strike,students,rides_duration_avg,trip,1137.9717475,551.2829564546554,1079.8106383333334,2.5103888279166413,0.2488661806732137
wildcat_strike,students,rides_in_progress,matching,2794.6031254166664,1108.542280573156,2941.780625416666,2.040894722955819,-0.17815121204342327
wildcat_strike,students,rides_length_avg,trip,6353.783076250001,4495.016803765417,6577.930329166666,1.6066790956812977,-0.19374824632158325
wildcat_strike,students,rides_offers_generated,matching,85.16673583333333,44.080906021765415,88.04229291666667,1.3913395554980699,-0.09737849600418343
wildcat_strike,students,rides_offers_lyft,matching,33.77548541666667,16.586644544135428,32.845,1.5379675133349655,0.08325496483897285
wildcat_strike,students,rides_offers_price_lyft_avg,market,21.605710416666664,20.644896370012095,21.611681250000004,1.794857424684802,-0.011153869551777227
wildcat_strike,students,rides_offers_price_no_surge_avg,market,20.988255,19.75948771946796,20.848149583333335,2.0722912843577737,0.23628496498045518
wildcat_strike,students,rides_offers_price_uber_avg,market,20.583073333333335,19.22669859008464,20.394575,2.1695651458657714,0.30150916337050143
wildcat_strike,students,rides_offers_radius_avg,matching,2130.34323125,1352.061954425635,1574.8545604166666,1.6416037056691337,1.1716744159875359
wildcat_strike,students,rides_offers_surge_lyft_avg,market,1.0,1.0,1.0,,
wildcat_strike,students,rides_offers_surge_uber_avg,market,1.0,1.0,1.0,,
wildcat_strike,students,rides_offers_uber,matching,51.391112916666664,27.494252297460697,55.20375041666667,1.2709854477432236,-0.20278005790122608
wildcat_strike,students,rides_partial_acceptances,matching,5.7890991666666665,3.1123099443772673,6.363402916666666,1.2415808299584932,-0.2663805280728913
wildcat_strike,students,rides_waiting_duration_avg,passenger_experience,879.7566858333333,458.5927921426844,776.54009125,1.8263679639087307,0.4475964927544805
wildcat_strike,students,traffic_duration_avg,trip,813.4865145833334,507.18419560822247,763.1044241666667,2.0181245456671077,0.33195090938947963
wildcat_strike,students,traffic_length_avg,trip,3953.2703491666666,3733.958562814994,3936.4093554166666,2.7508281067973366,0.21148747309759242
wildcat_strike,students,traffic_speed_avg,trip,4.995443333333333,6.950259494558646,5.063389166666667,-2.007927262958933,-0.06979187806026116
wildcat_strike,students_drivers,drivers_accept,driver_decisions,2.598425,1.4090861997091613,2.6222230555555557,1.3150787388248373,-0.0263140468290702
wildcat_strike,students_drivers,drivers_acceptance_rate,driver_decisions,1.983859722222223,2.348602561803199,2.051461944444444,-1.8035678668862751,-0.33427714679792914
wildcat_strike,students_drivers,drivers_busy,supply,2722.0050850000002,1110.585105496849,3418.969961111111,1.6570510982851578,-0.7167010637302554
wildcat_strike,students_drivers,drivers_change_provider,driver_decisions,0.8762963888888888,0.43757270237518175,0.7867591666666667,1.6288604200858807,0.332427087675958
wildcat_strike,students_drivers,drivers_change_zone,driver_decisions,1.5086119444444446,0.7928761536597189,1.5478230555555557,1.3760430325541464,-0.07538560588676704
wildcat_strike,students_drivers,drivers_demand_pressure,market,0.0,0.0,0.0,,
wildcat_strike,students_drivers,drivers_idle,supply,6749.580509166666,5234.078437879302,8113.744930000001,0.4599282831001769,-0.41399996201077716
wildcat_strike,students_drivers,drivers_idle_duration_avg,supply,1041.9408719444446,293.71977909355303,926.234085,6.305057483999999,0.9750299075290147
wildcat_strike,students_drivers,drivers_occupied_distance_avg,supply,6538.521559722222,2173.8812317644206,5423.524050555556,3.925314634527725,1.0027667141685708
wildcat_strike,students_drivers,drivers_occupied_duration_avg,supply,786.1824155555555,242.19083253514302,641.4643886111112,4.533773550111137,1.2061193284315443
wildcat_strike,students_drivers,drivers_passengers_served,supply,2.5892125,0.9529063887542413,2.0343983333333338,1.900165886249584,0.6442797869314153
wildcat_strike,students_drivers,drivers_pickup,supply,946.161666388889,321.3837683397964,781.2779480555558,2.1855174554673673,0.5767749558124559
wildcat_strike,students_drivers,drivers_pickup_accept,driver_decisions,1.1521299999999999,0.3809036572952012,0.9093977777777779,2.1232042515074143,0.6682475139432987
wildcat_strike,students_drivers,drivers_pickup_reject,driver_decisions,0.30569583333333333,0.08680374454677653,0.22629583333333336,2.684376203801145,0.9737193873171206
wildcat_strike,students_drivers,drivers_reject,driver_decisions,1.3250919444444444,0.6488786354823073,1.3032866666666665,1.4913501890921537,0.048090306277773866
wildcat_strike,students_drivers,drivers_removed,supply,0.4931936111111111,0.22703823800290843,0.44300888888888884,1.7514081926490555,0.3302354283491576
wildcat_strike,students_drivers,drivers_shift_duration_avg,supply,4642.481586666667,1670.1164625618032,4095.9186294444444,3.181127580834328,0.5849505108850296
wildcat_strike,students_drivers,drivers_starting,supply,0.2760180555555556,0.23905130634997573,0.3875450000000001,0.23746410235287976,-0.7164180329565467
wildcat_strike,students_drivers,drivers_total_length_avg,supply,26946.319549722226,10366.278064619486,23728.309224166667,2.7732063757126797,0.5382499651739932
wildcat_strike,students_drivers,drivers_waiting,supply,2.981620277777778,1.5807698715462917,3.0619449999999997,1.3032560750512723,-0.07472866606401771
wildcat_strike,students_drivers,passengers_accept,passenger_decisions,10.095555833333332,5.214927668444013,10.273749444444443,1.4292084059422914,-0.052180948492925434
wildcat_strike,students_drivers,passengers_acceptance_rate,passenger_decisions,1.8509822222222223,2.251455302956859,2.0700213888888888,-3.444470701028284,-1.8839568207105446
wildcat_strike,students_drivers,passengers_arrivals,demand,2.262963055555556,1.2749652932622395,2.406619722222222,1.2918895005145024,-0.18784307660251545
wildcat_strike,students_drivers,passengers_change_provider,passenger_decisions,3.643008888888889,1.5527440547746,3.197684722222222,1.8329803299278646,0.3905105346554797
wildcat_strike,students_drivers,passengers_departures,demand,2.226250277777778,1.274991473582162,2.3233333333333333,1.2875050634119258,-0.13139949406825663
wildcat_strike,students_drivers,passengers_drivers_ratio,demand,0.22635916666666667,0.13763836888027145,0.1672891666666667,1.2684972608439882,0.8445610845210907
wildcat_strike,students_drivers,passengers_no_ratings_count,passenger_experience,0.5606497222222222,0.2790780513814833,0.5814816666666667,1.5193399208997111,-0.11240763223766075
wildcat_strike,students_drivers,passengers_offers_discarded,passenger_decisions,78.99185166666668,40.149895853126516,79.59199083333334,1.4511078344654023,-0.022420772288092514
wildcat_strike,students_drivers,passengers_pickup_accept,passenger_decisions,1.2608322222222221,0.41653423412506063,1.010323333333333,2.122200161050219,0.6296710543426429
wildcat_strike,students_drivers,passengers_pickup_reject,passenger_decisions,0.19726861111111113,0.05117311682016481,0.1256938888888889,2.9564974767599446,1.448439506480438
wildcat_strike,students_drivers,passengers_rating_avg,passenger_experience,4.859503333333333,4.8831351308773625,4.875506666666666,-1.1213105222139115,-0.7593457934687332
wildcat_strike,students_drivers,passengers_ratings_count,passenger_experience,1.7068525,0.9963935991274843,1.826713333333333,1.2260876421671811,-0.20685205906967716
wildcat_strike,students_drivers,passengers_reject,passenger_decisions,5.478888888888888,2.4223998424624336,4.982546944444445,1.699089800267092,0.27591446343846143
wildcat_strike,students_drivers,passengers_unassigned,demand,25.36314805555556,11.546570976732914,22.546621388888884,1.7183452910411134,0.350286855213695
wildcat_strike,students_drivers,rides_dispatched,matching,2.598425,1.4090861997091613,2.6222230555555557,1.3150787388248373,-0.0263140468290702
wildcat_strike,students_drivers,rides_duration_avg,trip,1063.7711041666664,544.0208439699467,1082.7303933333333,2.2239648454503502,-0.08112510147745926
wildcat_strike,students_drivers,rides_in_progress,matching,2653.8027316666667,1090.245700428987,2933.7245833333336,1.892609809339129,-0.3388317993705297
wildcat_strike,students_drivers,rides_length_avg,trip,6394.411996111111,4475.610131534173,6567.621796388889,1.6585726189496648,-0.14971896649569064
wildcat_strike,students_drivers,rides_offers_generated,matching,87.29444388888889,44.509359420746485,87.63731583333335,1.4488834880266206,-0.011611090757178507
wildcat_strike,students_drivers,rides_offers_lyft,matching,35.38907416666667,16.791662646631117,32.70805555555556,1.663999042288192,0.23988351262967442
wildcat_strike,students_drivers,rides_offers_price_lyft_avg,market,21.689520833333333,20.697938943286477,21.622087499999996,1.8523335745667353,0.12596945207660895
wildcat_strike,students_drivers,rides_offers_price_no_surge_avg,market,21.058095833333333,19.83572428259816,20.865908333333337,2.0615050147970986,0.3241203501447857
wildcat_strike,students_drivers,rides_offers_price_uber_avg,market,20.629259444444447,19.297774260785264,20.416010833333335,2.1297534925965462,0.3410980308899221
wildcat_strike,students_drivers,rides_offers_radius_avg,matching,2136.359553333333,1368.8307618783324,1558.9133944444445,1.6189238335546143,1.217988640462089
wildcat_strike,students_drivers,rides_offers_surge_lyft_avg,market,1.0,1.0,1.0,,
wildcat_strike,students_drivers,rides_offers_surge_uber_avg,market,1.0,1.0,1.0,,
wildcat_strike,students_drivers,rides_offers_uber,matching,51.90717555555556,27.717661110033934,54.931574722222216,1.2865506201062675,-0.1608565823876733
wildcat_strike,students_drivers,rides_partial_acceptances,matching,6.1660644444444435,3.1570488221037323,6.344074444444445,1.395678106679086,-0.08256675635890552
wildcat_strike,students_drivers,rides_waiting_duration_avg,passenger_experience,856.1614491666666,457.8880888996607,772.3733697222223,1.7271036690629067,0.3633451640732857
wildcat_strike,students_drivers,traffic_duration_avg,trip,802.5168002777777,509.6546351914687,762.9506875,1.9295718224905714,0.2606880145101175
wildcat_strike,students_drivers,traffic_length_avg,trip,3936.2099638888885,3738.1083344934564,3939.9296636111103,2.4847890722547477,-0.04665619990129575
wildcat_strike,students_drivers,traffic_speed_avg,trip,5.003853055555556,6.946408162869608,5.074440555555556,-1.9953330840743078,-0.07250531711650701
wildcat_strike-boycott_tncs,bank_tellers,drivers_accept,driver_decisions,2.28404,1.392876563557274,2.8553536363636365,0.9853795132197163,-0.6317143745741713
wildcat_strike-boycott_tncs,bank_tellers,drivers_acceptance_rate,driver_decisions,2.060300606060606,2.348517653455776,2.183946363636363,-1.425165757792382,-0.6113992957247261
wildcat_strike-boycott_tncs,bank_tellers,drivers_busy,supply,2942.3501681818184,1067.681016288062,3240.8178875757576,1.9277547855802664,-0.3069195296789642
wildcat_strike-boycott_tncs,bank_tellers,drivers_change_provider,driver_decisions,0.7237378787878788,0.4280477332044466,0.8882839393939393,1.0978162099648492,-0.6109142807676757
wildcat_strike-boycott_tncs,bank_tellers,drivers_change_zone,driver_decisions,1.1280303030303032,0.7735533059449009,1.6105554545454546,0.6815023201582414,-0.9276822276088523
wildcat_strike-boycott_tncs,bank_tellers,drivers_demand_pressure,market,0.0,0.0,0.0,,
wildcat_strike-boycott_tncs,bank_tellers,drivers_idle,supply,7910.289502727272,5695.476284908168,7525.286506666667,0.6721569438660073,0.11684165288943499
wildcat_strike-boycott_tncs,bank_tellers,drivers_idle_duration_avg,supply,640.4923227272727,299.0315989608506,550.0756684848484,2.8773974864466703,0.7619167756114649
wildcat_strike-boycott_tncs,bank_tellers,drivers_occupied_distance_avg,supply,5318.439706363637,2354.2339607733206,4157.222279090909,2.6658417002623933,1.0443343365420013
wildcat_strike-boycott_tncs,bank_tellers,drivers_occupied_duration_avg,supply,599.3038927272728,257.1948677187047,472.7537215151515,2.8512294992254597,1.0547034860685012
wildcat_strike-boycott_tncs,bank_tellers,drivers_passengers_served,supply,1.7103036363636366,0.9336068197196713,2.033636060606061,0.9019417484311106,-0.3754708475641437
wildcat_strike-boycott_tncs,bank_tellers,drivers_pickup,supply,812.5361696969696,308.3287074117932,929.6896893939394,1.7637535089542657,-0.40981133146142235
wildcat_strike-boycott_tncs,bank_tellers,drivers_pickup_accept,driver_decisions,0.9845960606060605,0.37002093523441276,1.085201212121212,1.691939767621822,-0.2769683471539284
wildcat_strike-boycott_tncs,bank_tellers,drivers_pickup_reject,driver_decisions,0.21242545454545453,0.08330974867085547,0.24974666666666662,1.583406373013,-0.4576875037858809
wildcat_strike-boycott_tncs,bank_tellers,drivers_reject,driver_decisions,1.1325760606060606,0.6286998888351861,1.3313133333333331,1.1112703847885963,-0.43830380936508917
wildcat_strike-boycott_tncs,bank_tellers,drivers_removed,supply,0.3285345454545454,0.2176087046882552,0.4551006060606061,0.7299361422832679,-0.8328550082160258
wildcat_strike-boycott_tncs,bank_tellers,drivers_shift_duration_avg,supply,3725.138154242424,1917.089838436443,2945.582911212121,1.9350356112873521,0.8343068838605496
wildcat_strike-boycott_tncs,bank_tellers,drivers_starting,supply,0.2526269696969697,0.24031016916384726,0.48318212121212123,0.07911969662769025,-1.4810220880637717
wildcat_strike-boycott_tncs,bank_tellers,drivers_total_length_avg,supply,23513.607535151514,12106.479209052683,18123.753093333333,1.9079759861236536,0.9015163632517814
wildcat_strike-boycott_tncs,bank_tellers,drivers_waiting,supply,2.615252727272727,1.5557958989850171,3.2024242424242426,0.9856466768888859,-0.5462644982035436
wildcat_strike-boycott_tncs,bank_tellers,passengers_accept,passenger_decisions,8.299898484848486,5.052523392943451,10.862373939393938,0.9509382034030752,-0.7503770694935142
wildcat_strike-boycott_tncs,bank_tellers,passengers_acceptance_rate,passenger_decisions,1.822967878787879,2.2129546834219433,2.210958181818182,-3.3542781948926503,-3.3371062759559353
wildcat_strike-boycott_tncs,bank_tellers,passengers_arrivals,demand,2.5045963636363635,1.2390719864668922,2.3704548484848487,1.6547787028540057,0.17540122216987467
wildcat_strike-boycott_tncs,bank_tellers,passengers_change_provider,passenger_decisions,2.750403636363636,1.5204305485741905,3.1648984848484853,1.0785793452885608,-0.36347590588974055
wildcat_strike-boycott_tncs,bank_tellers,passengers_departures,demand,2.5160096969696966,1.2531363823102948,2.531969696969697,1.7092675304558043,-0.021601461895988473
wildcat_strike-boycott_tncs,bank_tellers,passengers_drivers_ratio,demand,0.13635242424242425,0.1271284050265829,0.19889545454545457,0.1318816264190681,-0.8942171915009779
wildcat_strike-boycott_tncs,bank_tellers,passengers_no_ratings_count,passenger_experience,0.5036872727272727,0.27790714838086034,0.49757515151515147,1.218292860361054,0.03298055422701298
wildcat_strike-boycott_tncs,bank_tellers,passengers_offers_discarded,passenger_decisions,64.88984909090908,38.99745086031899,83.68075818181819,0.9673215763354971,-0.7020149945446352
wildcat_strike-boycott_tncs,bank_tellers,passengers_pickup_accept,passenger_decisions,1.046061212121212,0.4005233228612856,1.197171515151515,1.6226031944467687,-0.3798259784439422
wildcat_strike-boycott_tncs,bank_tellers,passengers_pickup_reject,passenger_decisions,0.15065666666666666,0.05282624456259063,0.13777727272727272,1.979769448091633,0.2606370296963719
wildcat_strike-boycott_tncs,bank_tellers,passengers_rating_avg,passenger_experience,4.899675151515151,4.888117991783472,4.893539090909091,0.5483782936906861,0.2911513315776482
wildcat_strike-boycott_tncs,bank_tellers,passengers_ratings_count,passenger_experience,2.008283636363636,0.9616449105848236,1.8774248484848486,1.806256218220392,0.22583198337034815
wildcat_strike-boycott_tncs,bank_tellers,passengers_reject,passenger_decisions,4.570959696969696,2.4745162203963265,4.9237366666666675,1.1654043818828406,-0.19610727925953308
wildcat_strike-boycott_tncs,bank_tellers,passengers_unassigned,demand,17.409040606060607,11.152839214596423,24.87722212121212,0.7780736241326287,-0.9288056271817524
wildcat_strike-boycott_tncs,bank_tellers,rides_dispatched,matching,2.28404,1.392876563557274,2.8553536363636365,0.9853795132197163,-0.6317143745741713
wildcat_strike-boycott_tncs,bank_tellers,rides_duration_avg,trip,968.6773236363637,526.8314373465441,1007.5370042424242,1.8906190019866262,-0.16627709535075078
wildcat_strike-boycott_tncs,bank_tellers,rides_in_progress,matching,2711.726060606061,1033.0001392967615,2837.9403033333333,2.0320161544391264,-0.15277620776957376
wildcat_strike-boycott_tncs,bank_tellers,rides_length_avg,trip,6252.856303939395,4437.478229110681,6458.67113,1.5691752356183573,-0.17790207596721863
wildcat_strike-boycott_tncs,bank_tellers,rides_offers_generated,matching,68.31888848484847,43.263888736104406,92.30747515151515,0.848468008880444,-0.8123547622842386
wildcat_strike-boycott_tncs,bank_tellers,rides_offers_lyft,matching,26.439898787878786,16.126126831802804,34.624242424242425,0.9228223314196169,-0.7322922309911074
wildcat_strike-boycott_tncs,bank_tellers,rides_offers_price_lyft_avg,market,21.76815,20.677921058482358,22.186469090909092,2.0366120969010963,-0.7814447850964017
wildcat_strike-boycott_tncs,bank_tellers,rides_offers_price_no_surge_avg,market,21.108549999999997,19.79246608264862,21.33095363636364,2.2195490347283733,-0.3750792558915561
wildcat_strike-boycott_tncs,bank_tellers,rides_offers_price_uber_avg,market,20.69061424242424,19.253647230546157,20.817100303030305,2.2984750786958266,-0.20231853320382176
wildcat_strike-boycott_tncs,bank_tellers,rides_offers_radius_avg,matching,1109.453968787879,1336.9931315732238,1631.4062715151515,-0.4799410495102644,-1.1009372316340476
wildcat_strike-boycott_tncs,bank_tellers,rides_offers_surge_lyft_avg,market,1.0,1.0,1.0,,
wildcat_strike-boycott_tncs,bank_tellers,rides_offers_surge_uber_avg,market,1.0,1.0,1.0,,
wildcat_strike-boycott_tncs,bank_tellers,rides_offers_uber,matching,41.88495,27.137835502658287,57.68303060606061,0.7843443630943034,-0.8402413552364211
wildcat_strike-boycott_tncs,bank_tellers,rides_partial_acceptances,matching,4.889091212121212,3.030896909134848,6.675908787878787,0.8618902100004505,-0.8287833910195203
wildcat_strike-boycott_tncs,bank_tellers,rides_waiting_duration_avg,passenger_experience,774.50567,446.81109978492026,810.071696060606,1.4210402979778274,-0.15423128994135804
wildcat_strike-boycott_tncs,bank_tellers,traffic_duration_avg,trip,690.9698675757576,492.195523518608,745.0299754545454,1.309658327540147,-0.3561841484473337
wildcat_strike-boycott_tncs,bank_tellers,traffic_length_avg,trip,3847.528444242424,3729.6340835403576,3903.8714239393944,1.4787491655013567,-0.7067100895462458
wildcat_strike-boycott_tncs,bank_tellers,traffic_speed_avg,trip,5.3744809090909085,7.022313344610923,5.148419393939394,-1.6926029862545686,0.23220346157462132
wildcat_strike-boycott_tncs,bank_tellers_drivers,drivers_accept,driver_decisions,2.0847705172413793,1.389131004113235,2.8474998275862067,0.7691843008716902,-0.8433670029664629
wildcat_strike-boycott_tncs,bank_tellers_drivers,drivers_acceptance_rate,driver_decisions,2.3020425862068965,2.3245859085410117,2.159855689655172,-0.11147144607795176,0.7030808829793094
wildcat_strike-boycott_tncs,bank_tellers_drivers,drivers_busy,supply,2885.600018965517,1055.171501478345,3257.8491089655176,1.8822613743251408,-0.3827901920456147
wildcat_strike-boycott_tncs,bank_tellers_drivers,drivers_change_provider,driver_decisions,0.6224720689655171,0.4378452963948705,0.8812363793103448,0.6854684430609788,-0.9607207365548535
wildcat_strike-boycott_tncs,bank_tellers_drivers,drivers_change_zone,driver_decisions,1.0956324137931035,0.7865138398257926,1.607327068965517,0.5942981550139202,-0.98376226829905
wildcat_strike-boycott_tncs,bank_tellers_drivers,drivers_demand_pressure,market,0.0,0.0,0.0,,
wildcat_strike-boycott_tncs,bank_tellers_drivers,drivers_idle,supply,7806.447390172414,5428.400119479797,7557.3728832758625,0.7216956143198355,0.07558974183627651
wildcat_strike-boycott_tncs,bank_tellers_drivers,drivers_idle_duration_avg,supply,625.7935687931034,289.087922538108,625.3000543103449,2.837327729877544,0.004158713530947238
wildcat_strike-boycott_tncs,bank_tellers_drivers,drivers_occupied_distance_avg,supply,4992.051498103448,2194.226014347931,4478.1647620689655,2.5162085512275736,0.462161134452438
wildcat_strike-boycott_tncs,bank_tellers_drivers,drivers_occupied_duration_avg,supply,559.7238325862069,242.32758230825064,509.5803108620689,2.645266524943009,0.4179097243381232
wildcat_strike-boycott_tncs,bank_tellers_drivers,drivers_passengers_served,supply,1.8568393103448277,0.943388129687878,2.070316034482759,1.0607482061637632,-0.24790055230337416
wildcat_strike-boycott_tncs,bank_tellers_drivers,drivers_pickup,supply,786.6142960344828,311.653636198887,904.9617917241379,1.6614461170478674,-0.4139879442730649
wildcat_strike-boycott_tncs,bank_tellers_drivers,drivers_pickup_accept,driver_decisions,0.8585920689655172,0.3750790539559642,1.0655177586206894,1.3311226967780072,-0.5696712880438177
wildcat_strike-boycott_tncs,bank_tellers_drivers,drivers_pickup_reject,driver_decisions,0.21454017241379308,0.08378508347447375,0.23382172413793104,1.603510895347477,-0.236458699387292
wildcat_strike-boycott_tncs,bank_tellers_drivers,drivers_reject,driver_decisions,0.9669820689655173,0.6501192571981612,1.3351439655172415,0.6988230015330523,-0.8119602302439789
wildcat_strike-boycott_tncs,bank_tellers_drivers,drivers_removed,supply,0.3341948275862069,0.2319653593031696,0.4526718965517241,0.6727105532011152,-0.7796262266059768
wildcat_strike-boycott_tncs,bank_tellers_drivers,drivers_shift_duration_avg,supply,3525.019961551724,1746.866808028067,3247.5185108620694,1.9030407784525203,0.29699161497739796
wildcat_strike-boycott_tncs,bank_tellers_drivers,drivers_starting,supply,0.21861948275862067,0.2375421485603678,0.4838510344827586,-0.12155393550421151,-1.7037736262816154
wildcat_strike-boycott_tncs,bank_tellers_drivers,drivers_total_length_avg,supply,21939.790559999998,10922.99373510525,19746.85726551724,1.842688465054827,0.3667938104519473
wildcat_strike-boycott_tncs,bank_tellers_drivers,drivers_waiting,supply,2.3626146551724134,1.5609456448100651,3.2067246551724136,0.7458183995146909,-0.7853026137679848
wildcat_strike-boycott_tncs,bank_tellers_drivers,passengers_accept,passenger_decisions,7.635373620689655,5.147826307766755,10.837441896551722,0.7284356459245224,-0.9376708779385141
wildcat_strike-boycott_tncs,bank_tellers_drivers,passengers_acceptance_rate,passenger_decisions,1.6246039655172413,2.208081645293975,2.1997401724137933,-5.018494049607909,-4.946749005255611
wildcat_strike-boycott_tncs,bank_tellers_drivers,passengers_arrivals,demand,2.2952872413793104,1.2356218824098717,2.419511206896552,1.3856008622265776,-0.1624331986253583
wildcat_strike-boycott_tncs,bank_tellers_drivers,passengers_change_provider,passenger_decisions,2.6647987931034485,1.5547650399225743,3.1722410344827576,0.9734029879513799,-0.4449826796310752
wildcat_strike-boycott_tncs,bank_tellers_drivers,passengers_departures,demand,2.2543387931034484,1.246594868134527,2.511494655172414,1.3639562654216262,-0.3480540448504138
wildcat_strike-boycott_tncs,bank_tellers_drivers,passengers_drivers_ratio,demand,0.1292553448275862,0.13633375030244374,0.19700086206896553,-0.10120443210641145,-0.9686004319082719
wildcat_strike-boycott_tncs,bank_tellers_drivers,passengers_no_ratings_count,passenger_experience,0.47428155172413794,0.273795068957174,0.511838275862069,1.081810240210247,-0.2026533070979687
wildcat_strike-boycott_tncs,bank_tellers_drivers,passengers_offers_discarded,passenger_decisions,60.386925000000005,39.73685256472296,83.51991431034484,0.7714720143588318,-0.8642320223005855
wildcat_strike-boycott_tncs,bank_tellers_drivers,passengers_pickup_accept,passenger_decisions,0.9059763793103448,0.4040881804984273,1.157298620689655,1.2615299708913714,-0.6317154708999444
wildcat_strike-boycott_tncs,bank_tellers_drivers,passengers_pickup_reject,passenger_decisions,0.16669568965517242,0.05478981611420276,0.14221241379310345,2.264610790115225,0.4954618461050672
wildcat_strike-boycott_tncs,bank_tellers_drivers,passengers_rating_avg,passenger_experience,4.907744482758621,4.878035910960561,4.893474310344828,1.4096487622257812,0.6771086478537677
wildcat_strike-boycott_tncs,bank_tellers_drivers,passengers_ratings_count,passenger_experience,1.8239360344827584,0.9622268279699975,1.9110348275862066,1.4871106660067965,-0.15031235971660564
wildcat_strike-boycott_tncs,bank_tellers_drivers,passengers_reject,passenger_decisions,4.66767224137931,2.536405710137915,4.9417522413793105,1.1847623760067723,-0.15235995463542418
wildcat_strike-boycott_tncs,bank_tellers_drivers,passengers_unassigned,demand,16.29140827586207,11.436686765061697,24.750487931034478,0.6037738435365555,-1.0520420223534712
wildcat_strike-boycott_tncs,bank_tellers_drivers,rides_dispatched,matching,2.0847705172413793,1.389131004113235,2.8474998275862067,0.7691843008716902,-0.8433670029664629
wildcat_strike-boycott_tncs,bank_tellers_drivers,rides_duration_avg,trip,956.9540143103449,533.8659896298088,1016.5754544827587,1.8103557909993342,-0.2551148063463855
wildcat_strike-boycott_tncs,bank_tellers_drivers,rides_in_progress,matching,2761.5327587931033,1035.631822692959,2851.1445982758623,2.089119217496696,-0.10847077724036783
wildcat_strike-boycott_tncs,bank_tellers_drivers,rides_length_avg,trip,6207.612052413792,4439.475028538591,6524.070569137933,1.5283410489061318,-0.27354019222188325
wildcat_strike-boycott_tncs,bank_tellers_drivers,rides_offers_generated,matching,64.01660913793104,44.09629479554802,92.25571879310345,0.6745858956634598,-0.9562954053863723
wildcat_strike-boycott_tncs,bank_tellers_drivers,rides_offers_lyft,matching,24.209338620689657,16.658865630292766,34.58491344827586,0.6755768033259755,-0.9283521288805636
wildcat_strike-boycott_tncs,bank_tellers_drivers,rides_offers_price_lyft_avg,market,21.899694310344824,20.683860933946285,22.168371379310344,2.2712486046668596,-0.5019046440405416
wildcat_strike-boycott_tncs,bank_tellers_drivers,rides_offers_price_no_surge_avg,market,21.160427931034484,19.803533663198646,21.35505448275862,2.2883748693354873,-0.3282337617810795
wildcat_strike-boycott_tncs,bank_tellers_drivers,rides_offers_price_uber_avg,market,20.7157,19.264295042342123,20.866576034482755,2.3215690386045122,-0.2413310830134008
wildcat_strike-boycott_tncs,bank_tellers_drivers,rides_offers_radius_avg,matching,991.4454010344826,1366.978401778369,1603.1730755172414,-0.7920996996582431,-1.2902975404840424
wildcat_strike-boycott_tncs,bank_tellers_drivers,rides_offers_surge_lyft_avg,market,1.0,1.0,1.0,,
wildcat_strike-boycott_tncs,bank_tellers_drivers,rides_offers_surge_uber_avg,market,1.0,1.0,1.0,,
wildcat_strike-boycott_tncs,bank_tellers_drivers,rides_offers_uber,matching,39.806522413793104,27.437447055407695,57.66954017241379,0.6578652749856279,-0.9500677091340901
wildcat_strike-boycott_tncs,bank_tellers_drivers,rides_partial_acceptances,matching,4.580028620689654,3.1086095136704577,6.655747068965517,0.6824914494190853,-0.9627848962894069
wildcat_strike-boycott_tncs,bank_tellers_drivers,rides_waiting_duration_avg,passenger_experience,756.1206184482759,449.0023480909751,804.261545,1.3318116261020985,-0.2087620694083829
wildcat_strike-boycott_tncs,bank_tellers_drivers,traffic_duration_avg,trip,766.2250039655172,498.62858284297124,747.8573120689656,1.7631042024332968,0.12101863932245865
wildcat_strike-boycott_tncs,bank_tellers_drivers,traffic_length_avg,trip,3904.0572022413794,3733.253612886523,3904.6172708620693,2.142389709898168,-0.007024941655705112
wildcat_strike-boycott_tncs,bank_tellers_drivers,traffic_speed_avg,trip,4.9045770689655175,7.00345458988628,5.144012586206897,-2.155902677429679,-0.24594082672627682
wildcat_strike-boycott_tncs,baseline,drivers_accept,driver_decisions,2.11670756097561,1.3926881681971965,2.839918536585366,0.8005645739522875,-0.7996706888538259
wildcat_strike-boycott_tncs,baseline,drivers_acceptance_rate,driver_decisions,2.2547431707317074,2.3848525543740937,2.16816,-0.6433604119202725,0.42813348912958515
wildcat_strike-boycott_tncs,baseline,drivers_busy,supply,3024.777343902439,1082.8066008240696,3254.4610231707316,1.996962178443291,-0.23618770887217722
wildcat_strike-boycott_tncs,baseline,drivers_change_provider,driver_decisions,0.6467885365853658,0.42244524407926537,0.8826839024390245,0.8329249614461366,-0.8758146335203584
wildcat_strike-boycott_tncs,baseline,drivers_change_zone,driver_decisions,1.1060158536585365,0.7750190333494442,1.606788536585366,0.6363603361018664,-0.9627641513908431
wildcat_strike-boycott_tncs,baseline,drivers_demand_pressure,market,0.0,0.0,0.0,,
wildcat_strike-boycott_tncs,baseline,drivers_idle,supply,7958.823150975609,5665.882767216046,7538.30993878049,0.6958671676758331,0.1276183803177189
wildcat_strike-boycott_tncs,baseline,drivers_idle_duration_avg,supply,566.1218173170732,301.25403900676656,586.5994580487804,2.2319693789208066,-0.17255955917811017
wildcat_strike-boycott_tncs,baseline,drivers_occupied_distance_avg,supply,4289.151860487805,2251.748391802803,4285.020521463414,1.832327305606133,0.0037154964244723713
wildcat_strike-boycott_tncs,baseline,drivers_occupied_duration_avg,supply,478.78956707317076,246.58644226437895,486.15223609756094,1.9352438868006392,-0.06136248266133603
wildcat_strike-boycott_tncs,baseline,drivers_passengers_served,supply,1.6036178048780487,0.9209175543740937,2.0565851219512195,0.7927879249647477,-0.526009795827968
wildcat_strike-boycott_tncs,baseline,drivers_pickup,supply,792.6951826829268,310.3705297752538,916.9084287804881,1.6872058877619411,-0.4345067557513903
wildcat_strike-boycott_tncs,baseline,drivers_pickup_accept,driver_decisions,0.9015043902439026,0.37384808361527305,1.0778048780487803,1.4526502163288142,-0.48535938741063744
wildcat_strike-boycott_tncs,baseline,drivers_pickup_reject,driver_decisions,0.21979560975609752,0.08206114064765586,0.24353634146341463,1.689102303182881,-0.29114371199633454
wildcat_strike-boycott_tncs,baseline,drivers_reject,driver_decisions,0.9437397560975609,0.6281270855485742,1.3296341463414632,0.6960658858157225,-0.851068241681219
wildcat_strike-boycott_tncs,baseline,drivers_removed,supply,0.3271141463414634,0.2152747245045916,0.4560156097560976,0.7359478690163412,-0.8482228873773773
wildcat_strike-boycott_tncs,baseline,drivers_shift_duration_avg,supply,3199.238643902439,1848.7579066650555,3086.1641402439022,1.4453310213377923,0.1210162302606243
wildcat_strike-boycott_tncs,baseline,drivers_starting,supply,0.2628860975609756,0.24292700338327697,0.4808948780487805,0.1282116627655317,-1.4004276945122462
wildcat_strike-boycott_tncs,baseline,drivers_total_length_avg,supply,19928.25261487805,11559.58418050991,18858.20350268293,1.3997579366292738,0.17897826268598213
wildcat_strike-boycott_tncs,baseline,drivers_waiting,supply,2.373211219512195,1.5608557757370711,3.1906507317073176,0.7557603313611448,-0.7604902033195391
wildcat_strike-boycott_tncs,baseline,passengers_accept,passenger_decisions,7.995487804878048,5.070823733687772,10.83817024390244,0.8564378055211546,-0.8324308879962237
wildcat_strike-boycott_tncs,baseline,passengers_acceptance_rate,passenger_decisions,2.0476804878048784,2.265833344610923,2.212698780487805,-1.876333665762542,-1.4193230497225031
wildcat_strike-boycott_tncs,baseline,passengers_arrivals,demand,2.368821219512195,1.241217561623973,2.3963821951219515,1.4744358559944435,-0.03603827495675023
wildcat_strike-boycott_tncs,baseline,passengers_change_provider,passenger_decisions,2.4406499999999998,1.4786036394393425,3.1573982926829265,0.8436309249462105,-0.6285258693326661
wildcat_strike-boycott_tncs,baseline,passengers_departures,demand,2.35894243902439,1.2538207177380376,2.5309756097560974,1.495754683759109,-0.23284260541396654
wildcat_strike-boycott_tncs,baseline,passengers_drivers_ratio,demand,0.13156951219512195,0.12881530691155146,0.19772414634146343,0.039378611838259796,-0.9458545718762517
wildcat_strike-boycott_tncs,baseline,passengers_no_ratings_count,passenger_experience,0.4891858536585366,0.26832602948284195,0.5059339024390244,1.1917432843690527,-0.09037123313361796
wildcat_strike-boycott_tncs,baseline,passengers_offers_discarded,passenger_decisions,62.042479756097556,38.96819676413726,83.48922829268292,0.8620387960132847,-0.8012352666958025
wildcat_strike-boycott_tncs,baseline,passengers_pickup_accept,passenger_decisions,1.000691219512195,0.4044301474142098,1.1812192682926828,1.4987425779447676,-0.45376947428180275
wildcat_strike-boycott_tncs,baseline,passengers_pickup_reject,passenger_decisions,0.12215463414634145,0.05148594006766555,0.1397960975609756,1.4301044446548237,-0.3570058222866835
wildcat_strike-boycott_tncs,baseline,passengers_rating_avg,passenger_experience,4.905201707317073,4.892814185596907,4.894205853658537,0.5877783280385597,0.5217447545015812
wildcat_strike-boycott_tncs,baseline,passengers_ratings_count,passenger_experience,1.8848773170731705,0.9732856935717739,1.8947156097560973,1.5731961734951052,-0.01697861630524473
wildcat_strike-boycott_tncs,baseline,passengers_reject,passenger_decisions,3.939430731707317,2.325542216046399,4.909795853658537,0.8971540463832788,-0.5394220153250341
wildcat_strike-boycott_tncs,baseline,passengers_unassigned,demand,16.921462926829268,11.19608302561624,24.781015853658538,0.7120562159892923,-0.9774798551376314
wildcat_strike-boycott_tncs,baseline,rides_dispatched,matching,2.11670756097561,1.3926881681971965,2.839918536585366,0.8005645739522875,-0.7996706888538259
wildcat_strike-boycott_tncs,baseline,rides_duration_avg,trip,980.6243626829267,531.0044008385694,1013.6072348780489,1.9238835755004966,-0.14113075813789921
wildcat_strike-boycott_tncs,baseline,rides_in_progress,matching,2854.788333902439,1044.1549198042533,2849.409675365853,2.1916837647596523,0.006510604796660016
wildcat_strike-boycott_tncs,baseline,rides_length_avg,trip,6276.0790307317075,4449.984522571291,6496.246463902438,1.5784382987958998,-0.19030817250217574
wildcat_strike-boycott_tncs,baseline,rides_offers_generated,matching,65.81105707317073,43.24977448042532,92.14174829268292,0.7640202239561099,-0.8916683047496409
wildcat_strike-boycott_tncs,baseline,rides_offers_lyft,matching,24.45280512195122,16.185962307878203,34.66756097560976,0.7396738256044262,-0.9139628888344901
wildcat_strike-boycott_tncs,baseline,rides_offers_price_lyft_avg,market,21.510704634146343,20.741046756887386,22.189618536585368,1.437766402640898,-1.2682512945738704
wildcat_strike-boycott_tncs,baseline,rides_offers_price_no_surge_avg,market,20.81239536585366,19.860628632189464,21.34727195121951,1.6051354378999954,-0.9020585945133304
wildcat_strike-boycott_tncs,baseline,rides_offers_price_uber_avg,market,20.39895268292683,19.32395762445626,20.83896097560976,1.7194892653704186,-0.7038074547232674
wildcat_strike-boycott_tncs,baseline,rides_offers_radius_avg,matching,1112.7113356097561,1334.4787477211214,1616.3023365853658,-0.467766881151411,-1.0622083274524796
wildcat_strike-boycott_tncs,baseline,rides_offers_surge_lyft_avg,market,1.0,1.0,1.0,,
wildcat_strike-boycott_tncs,baseline,rides_offers_surge_uber_avg,market,1.0,1.0,1.0,,
wildcat_strike-boycott_tncs,baseline,rides_offers_uber,matching,41.359024634146344,27.06380331077815,57.47341463414634,0.7603098400158519,-0.8570646795670792
wildcat_strike-boycott_tncs,baseline,rides_partial_acceptances,matching,4.9321136585365855,3.050001648139198,6.669959268292684,0.872984011025503,-0.8060686200220453
wildcat_strike-boycott_tncs,baseline,rides_waiting_duration_avg,passenger_experience,766.7003529268293,439.7193348598357,805.9648921951219,1.4179459947781325,-0.1702698111389368
wildcat_strike-boycott_tncs,baseline,traffic_duration_avg,trip,725.9954795121952,499.94881617689697,746.5879429268293,1.4893466078530828,-0.13567692210714855
wildcat_strike-boycott_tncs,baseline,traffic_length_avg,trip,3878.202254878049,3728.098597750121,3902.369336585366,1.8827504249975127,-0.3031277466918859
wildcat_strike-boycott_tncs,baseline,traffic_speed_avg,trip,5.1247514634146345,6.987917249879168,5.146320487804878,-1.9137868062792527,-0.022155040953543412
wildcat_strike-boycott_tncs,drivers,drivers_accept,driver_decisions,2.0230181081081082,1.3926528585224531,2.8260810810810817,0.6970090753125936,-0.8879648435214318
wildcat_strike-boycott_tncs,drivers,drivers_acceptance_rate,driver_decisions,2.1277967567567564,2.321388285852245,2.167377027027027,-0.9572647446050476,-0.19571516113693535
wildcat_strike-boycott_tncs,drivers,drivers_busy,supply,3048.268657027027,1073.9972483220665,3261.81241,2.0301775128270605,-0.21959074288312017
wildcat_strike-boycott_tncs,drivers,drivers_change_provider,driver_decisions,0.6021616216216216,0.4346125808788025,0.8772083783783784,0.6220635203401719,-1.0211729831917171
wildcat_strike-boycott_tncs,drivers,drivers_change_zone,driver_decisions,1.1262616216216215,0.7918537349106712,1.6012164864864868,0.6429183065377306,-0.9131279181364386
wildcat_strike-boycott_tncs,drivers,drivers_demand_pressure,market,0.0,0.0,0.0,,
wildcat_strike-boycott_tncs,drivers,drivers_idle,supply,7656.1148051351365,5480.730407923708,7541.920194864864,0.6601909887476825,0.034656060216588944
wildcat_strike-boycott_tncs,drivers,drivers_idle_duration_avg,supply,749.5644364864866,318.2981690222115,598.4184808108108,3.6341645982095527,1.2736662306299962
wildcat_strike-boycott_tncs,drivers,drivers_occupied_distance_avg,supply,5154.57335054054,2235.6904719435056,4295.053404324325,2.6250808357421485,0.7730044104526749
wildcat_strike-boycott_tncs,drivers,drivers_occupied_duration_avg,supply,579.0597275675675,247.95653672139062,488.52084297297284,2.75950388916122,0.7545756461017435
wildcat_strike-boycott_tncs,drivers,drivers_passengers_served,supply,1.78063027027027,0.9432624915499759,2.0534232432432433,0.9723961039035187,-0.31678174254156816
wildcat_strike-boycott_tncs,drivers,drivers_pickup,supply,796.0279729729731,315.3318252438435,913.8497827027028,1.6815092610004323,-0.41214905745408703
wildcat_strike-boycott_tncs,drivers,drivers_pickup_accept,driver_decisions,0.8727027027027024,0.37736765572187353,1.0770270270270272,1.363669028708058,-0.5625096681349223
wildcat_strike-boycott_tncs,drivers,drivers_pickup_reject,driver_decisions,0.19378297297297298,0.08741029212940608,0.24274729729729724,1.30449800526798,-0.6004724418322145
wildcat_strike-boycott_tncs,drivers,drivers_reject,driver_decisions,0.9710364864864863,0.6474830226943505,1.3244140540540539,0.7135788559802527,-0.7793542292470995
wildcat_strike-boycott_tncs,drivers,drivers_removed,supply,0.3339651351351351,0.23033840898116853,0.45391837837837834,0.6819050656162151,-0.7893400403591795
wildcat_strike-boycott_tncs,drivers,drivers_shift_duration_avg,supply,3761.9750729729735,1821.4338339304684,3109.335171891892,2.076834103321537,0.6984777115184488
wildcat_strike-boycott_tncs,drivers,drivers_starting,supply,0.2093683783783784,0.23793746982134237,0.4776586486486486,-0.18351988747543865,-1.7234219824264334
wildcat_strike-boycott_tncs,drivers,drivers_total_length_avg,supply,22833.094554864867,11211.676690859487,18928.782042702704,1.9438184243530705,0.6530420542814346
wildcat_strike-boycott_tncs,drivers,drivers_waiting,supply,2.318468918918919,1.5657089787542247,3.177522702702703,0.7003167224072292,-0.7992052952490585
wildcat_strike-boycott_tncs,drivers,passengers_accept,passenger_decisions,7.786621621621619,5.164716772090777,10.815450000000004,0.7677799504349901,-0.8869405396780753
wildcat_strike-boycott_tncs,drivers,passengers_acceptance_rate,passenger_decisions,2.0717927027027025,2.244683015451473,2.223054324324324,-1.4870303283864423,-1.3010018623722175
wildcat_strike-boycott_tncs,drivers,passengers_arrivals,demand,2.3789194594594596,1.2355444109126024,2.4005402702702705,1.495058265050421,-0.02827101390823261
wildcat_strike-boycott_tncs,drivers,passengers_change_provider,passenger_decisions,2.3722972972972975,1.51836150651859,3.1439189189189185,0.748827364826243,-0.6766450028227091
wildcat_strike-boycott_tncs,drivers,passengers_departures,demand,2.343784054054054,1.2488230226943504,2.5372521621621624,1.482002443390221,-0.26185425848283933
wildcat_strike-boycott_tncs,drivers,passengers_drivers_ratio,demand,0.13186270270270267,0.13254188314823756,0.19681648648648647,-0.009710671638165958,-0.9286852560721334
wildcat_strike-boycott_tncs,drivers,passengers_no_ratings_count,passenger_experience,0.4972064864864865,0.2673527909222598,0.5080621621621622,1.2402735495169395,-0.05857642344894449
wildcat_strike-boycott_tncs,drivers,passengers_offers_discarded,passenger_decisions,60.43752243243243,39.71591866489618,83.29860432432434,0.7741443740399295,-0.8540737546000503
wildcat_strike-boycott_tncs,drivers,passengers_pickup_accept,passenger_decisions,0.9286032432432431,0.4125181168517624,1.1793689189189192,1.297214909645839,-0.630316505318433
wildcat_strike-boycott_tncs,drivers,passengers_pickup_reject,passenger_decisions,0.13864891891891892,0.05226756397875422,0.14013459459459457,1.7480775787041414,-0.030065241968867996
wildcat_strike-boycott_tncs,drivers,passengers_rating_avg,passenger_experience,4.9059078378378365,4.883293918396911,4.895226756756757,1.0730129932081227,0.5068090390720265
wildcat_strike-boycott_tncs,drivers,passengers_ratings_count,passenger_experience,1.888332972972973,0.9685647054563012,1.8963067567567566,1.5873071687535458,-0.013760905446611486
wildcat_strike-boycott_tncs,drivers,passengers_reject,passenger_decisions,3.7786486486486495,2.3969692201834865,4.878557567567569,0.7680699614771257,-0.6114348839374805
wildcat_strike-boycott_tncs,drivers,passengers_unassigned,demand,16.317613513513514,11.439873657653308,24.68572027027027,0.6066365977929442,-1.040727870468161
wildcat_strike-boycott_tncs,drivers,rides_dispatched,matching,2.0230181081081082,1.3926528585224531,2.8260810810810817,0.6970090753125936,-0.8879648435214318
wildcat_strike-boycott_tncs,drivers,rides_duration_avg,trip,1012.3569435135133,538.1344195243844,1017.1152121621624,2.0291557369752606,-0.02036020567993324
wildcat_strike-boycott_tncs,drivers,rides_in_progress,matching,2900.778738918919,1049.7091428899082,2855.657387837838,2.240629798096167,0.05461720292932941
wildcat_strike-boycott_tncs,drivers,rides_length_avg,trip,6481.269996486487,4472.841120024143,6508.001823783784,1.736044353043579,-0.0231064382562311
wildcat_strike-boycott_tncs,drivers,rides_offers_generated,matching,64.0067564864865,44.07931023901497,91.95644189189187,0.6748274120622084,-0.946494279088861
wildcat_strike-boycott_tncs,drivers,rides_offers_lyft,matching,24.619684324324325,16.512350338000967,34.707387297297295,0.7254018105809378,-0.90259486207695
wildcat_strike-boycott_tncs,drivers,rides_offers_price_lyft_avg,market,22.449126756756755,20.849059582327378,22.185694864864864,2.989020048175356,0.49210634326926417
wildcat_strike-boycott_tncs,drivers,rides_offers_price_no_surge_avg,market,21.786992972972975,19.964822308063734,21.338514324324326,3.0730541472986173,0.7563502133721688
wildcat_strike-boycott_tncs,drivers,rides_offers_price_uber_avg,market,21.372701081081082,19.440378109608886,20.824924864864865,3.090812911644722,0.876185724006095
wildcat_strike-boycott_tncs,drivers,rides_offers_radius_avg,matching,1064.4062013513515,1362.8418497754708,1607.866605135135,-0.6294807300977432,-1.1463035785418665
wildcat_strike-boycott_tncs,drivers,rides_offers_surge_lyft_avg,market,1.0,1.0,1.0,,
wildcat_strike-boycott_tncs,drivers,rides_offers_surge_uber_avg,market,1.0,1.0,1.0,,
wildcat_strike-boycott_tncs,drivers,rides_offers_uber,matching,39.388378648648654,27.56696729116369,57.248693513513516,0.628737056576978,-0.9499239522329143
wildcat_strike-boycott_tncs,drivers,rides_partial_acceptances,matching,4.793738648648648,3.1245900024142923,6.666486216216216,0.7742047615326555,-0.8686404816194777
wildcat_strike-boycott_tncs,drivers,rides_waiting_duration_avg,passenger_experience,812.6306289189189,450.2947306784162,804.878108108108,1.571261655223036,0.03361863602391499
wildcat_strike-boycott_tncs,drivers,traffic_duration_avg,trip,760.9200118918918,502.58244119507486,747.8369140540542,1.7021007031083621,0.08620019909823079
wildcat_strike-boycott_tncs,drivers,traffic_length_avg,trip,3896.0098786486487,3734.2507015813617,3903.026655135136,2.028945631292135,-0.08801143932680697
wildcat_strike-boycott_tncs,drivers,traffic_speed_avg,trip,4.98121972972973,6.975159488169966,5.146925675675677,-2.0481138232253615,-0.17020807025183746
wildcat_strike-boycott_tncs,managers,drivers_accept,driver_decisions,2.1556660000000005,1.3930151849166061,2.841259111111111,0.8432802089853166,-0.7580757675495978
wildcat_strike-boycott_tncs,managers,drivers_acceptance_rate,driver_decisions,2.3036893333333337,2.354580838772057,2.166112444444444,-0.25164656833893,0.6802854754084844
wildcat_strike-boycott_tncs,managers,drivers_busy,supply,3038.0721420000004,1073.9233750640562,3256.428524888889,2.0197682248237756,-0.22453965365079417
wildcat_strike-boycott_tncs,managers,drivers_change_provider,driver_decisions,0.6585182222222222,0.42899520908871164,0.8825193333333333,0.8521558399613479,-0.831654536009988
wildcat_strike-boycott_tncs,managers,drivers_change_zone,driver_decisions,1.0259997777777778,0.772043214890017,1.6074442222222227,0.48824603077339884,-1.1178602312424268
wildcat_strike-boycott_tncs,managers,drivers_demand_pressure,market,0.0,0.0,0.0,,
wildcat_strike-boycott_tncs,managers,drivers_idle,supply,7880.66431488889,5590.660471097413,7543.160950666667,0.6949759793288388,0.10242634819720205
wildcat_strike-boycott_tncs,managers,drivers_idle_duration_avg,supply,665.8269226666666,339.0847354145516,598.1814684444445,2.7533683462770644,0.5700300104843441
wildcat_strike-boycott_tncs,managers,drivers_occupied_distance_avg,supply,5241.332961777777,2262.5159514503266,4340.777785777778,2.678982258702971,0.8099092126581899
wildcat_strike-boycott_tncs,managers,drivers_occupied_duration_avg,supply,571.815675111111,249.71944939569735,493.005376,2.684437396312386,0.6568264302958796
wildcat_strike-boycott_tncs,managers,drivers_passengers_served,supply,1.6925922222222216,0.9282289533478366,2.0682591111111113,0.8876193752717609,-0.4362444178105072
wildcat_strike-boycott_tncs,managers,drivers_pickup,supply,798.4580733333332,311.54785084118924,913.0470004444445,1.7032465358088957,-0.40084020447364366
wildcat_strike-boycott_tncs,managers,drivers_pickup_accept,driver_decisions,0.902740888888889,0.3754810369833212,1.0759631111111112,1.4515587671563408,-0.47688484989751084
wildcat_strike-boycott_tncs,managers,drivers_pickup_reject,driver_decisions,0.211112,0.08346074691805656,0.24025911111111106,1.565447102534165,-0.3574446747251274
wildcat_strike-boycott_tncs,managers,drivers_reject,driver_decisions,0.959296222222222,0.6358182451051486,1.3292964444444442,0.7134123743898488,-0.8160145534878056
wildcat_strike-boycott_tncs,managers,drivers_removed,supply,0.29877733333333334,0.21868306985738456,0.4556291111111111,0.5270521034303532,-1.0321470704252433
wildcat_strike-boycott_tncs,managers,drivers_shift_duration_avg,supply,3640.5693782222224,1860.1072316799614,3136.6081975555558,1.905511942346844,0.5393566215965351
wildcat_strike-boycott_tncs,managers,drivers_starting,supply,0.2569251111111111,0.2426774111675127,0.48155600000000004,0.0915232567214507,-1.4429662747482797
wildcat_strike-boycott_tncs,managers,drivers_total_length_avg,supply,22592.026852666666,11335.619617316896,19142.572791111113,1.8827661161607092,0.5769616442051128
wildcat_strike-boycott_tncs,managers,drivers_waiting,supply,2.396704,1.5611095769881556,3.191482,0.7773802992988504,-0.7394074714969511
wildcat_strike-boycott_tncs,managers,passengers_accept,passenger_decisions,7.569222000000001,5.060876654580614,10.836814222222223,0.7345259936967369,-0.9568584439166261
wildcat_strike-boycott_tncs,managers,passengers_acceptance_rate,passenger_decisions,1.8461502222222217,2.243974587865603,2.210021555555556,-3.421689091062228,-3.1296589131823884
wildcat_strike-boycott_tncs,managers,passengers_arrivals,demand,2.358629777777778,1.238166487793087,2.4041482222222226,1.465099229256574,-0.059519163607248016
wildcat_strike-boycott_tncs,managers,passengers_change_provider,passenger_decisions,2.504074222222222,1.5271247328982354,3.159666666666667,0.8566996717536648,-0.5748975132259672
wildcat_strike-boycott_tncs,managers,passengers_departures,demand,2.336445111111111,1.2524877012327773,2.5234815555555556,1.4671093161879851,-0.25314916214459127
wildcat_strike-boycott_tncs,managers,passengers_drivers_ratio,demand,0.1256982222222222,0.13290831036983322,0.1975273333333333,-0.10308718241813139,-1.0269861516875902
wildcat_strike-boycott_tncs,managers,passengers_no_ratings_count,passenger_experience,0.4794073333333333,0.2727294174522601,0.5084062222222221,1.1152187555973196,-0.15647586072515204
wildcat_strike-boycott_tncs,managers,passengers_offers_discarded,passenger_decisions,59.15092533333333,39.044707587623876,83.48692666666668,0.7511539900906726,-0.9091756955773608
wildcat_strike-boycott_tncs,managers,passengers_pickup_accept,passenger_decisions,0.957110888888889,0.404668484408992,1.174962888888889,1.3886013898961098,-0.5475857529011524
wildcat_strike-boycott_tncs,managers,passengers_pickup_reject,passenger_decisions,0.15644266666666662,0.05428327773749094,0.14077733333333334,2.067373652160353,0.31701537886150577
wildcat_strike-boycott_tncs,managers,passengers_rating_avg,passenger_experience,4.905536222222222,4.892532762871647,4.894052444444445,0.6170040923807749,0.5448963767142723
wildcat_strike-boycott_tncs,managers,passengers_ratings_count,passenger_experience,1.8857393333333325,0.9660204520183707,1.899259555555555,1.5872219395987899,-0.023332774585078386
wildcat_strike-boycott_tncs,managers,passengers_reject,passenger_decisions,4.078592444444444,2.422530737249214,4.915258444444445,0.9205979516262692,-0.46509921849460634
wildcat_strike-boycott_tncs,managers,passengers_unassigned,demand,15.967629777777773,11.258320519700266,24.77236977777778,0.5856891574163583,-1.0950312390346817
wildcat_strike-boycott_tncs,managers,rides_dispatched,matching,2.1556660000000005,1.3930151849166061,2.841259111111111,0.8432802089853166,-0.7580757675495978
wildcat_strike-boycott_tncs,managers,rides_duration_avg,trip,975.1764293333333,531.7927195310612,1015.7231653333336,1.897199211160369,-0.17349585438904183
wildcat_strike-boycott_tncs,managers,rides_in_progress,matching,2827.4091844444442,1042.8199734517768,2851.0630746666666,2.1601585224505144,-0.028631884714925823
wildcat_strike-boycott_tncs,managers,rides_length_avg,trip,6318.729831777777,4445.124668155668,6512.1705622222225,1.6195055260650832,-0.1672061638190659
wildcat_strike-boycott_tncs,managers,rides_offers_generated,matching,62.29692577777778,43.320753367174284,92.15240777777777,0.6426132661288031,-1.0110325931244808
wildcat_strike-boycott_tncs,managers,rides_offers_lyft,matching,24.244407777777774,16.175165218757556,34.657333333333334,0.7219935890398094,-0.9316940765221918
wildcat_strike-boycott_tncs,managers,rides_offers_price_lyft_avg,market,21.698849999999997,20.72825484892434,22.185927777777774,1.8131291058211596,-0.9098900759073958
wildcat_strike-boycott_tncs,managers,rides_offers_price_no_surge_avg,market,21.04100533333333,19.845369050036258,21.351912666666667,2.01641652442571,-0.5243389593110103
wildcat_strike-boycott_tncs,managers,rides_offers_price_uber_avg,market,20.619148444444445,19.31631591491419,20.848891555555554,2.08392264824908,-0.36748151559914344
wildcat_strike-boycott_tncs,managers,rides_offers_radius_avg,matching,961.0290742222223,1338.5878413560552,1612.6228586666664,-0.7963725836547914,-1.3743858460780682
wildcat_strike-boycott_tncs,managers,rides_offers_surge_lyft_avg,market,1.0,1.0,1.0,,
wildcat_strike-boycott_tncs,managers,rides_offers_surge_uber_avg,market,1.0,1.0,1.0,,
wildcat_strike-boycott_tncs,managers,rides_offers_uber,matching,38.05522222222222,27.145599456127627,57.49444444444445,0.5802424007499247,-1.033900182689022
wildcat_strike-boycott_tncs,managers,rides_partial_acceptances,matching,4.451888444444444,3.0320341527677064,6.6682962222222235,0.6585740316050711,-1.0280411267892802
wildcat_strike-boycott_tncs,managers,rides_waiting_duration_avg,passenger_experience,770.6035299999999,449.7168196736766,805.0333184444444,1.3915181632700102,-0.14930402050389396
wildcat_strike-boycott_tncs,managers,traffic_duration_avg,trip,785.8010911111111,504.2921248948514,746.8922957777778,1.8547693548234934,0.2563571675437371
wildcat_strike-boycott_tncs,managers,traffic_length_avg,trip,3933.1098537777775,3729.096748600435,3902.1379933333333,2.5589367229763313,0.38848009789024307
wildcat_strike-boycott_tncs,managers,traffic_speed_avg,trip,4.861311999999999,6.948722861977278,5.145731111111112,-2.1441244767147634,-0.29214659599937975
wildcat_strike-boycott_tncs,managers_drivers,drivers_accept,driver_decisions,2.1165904545454546,1.390484869502175,2.8385604545454544,0.8028713237967856,-0.7982985141300285
wildcat_strike-boycott_tncs,managers_drivers,drivers_acceptance_rate,driver_decisions,2.112832727272727,2.317968303528275,2.167702727272727,-1.0143473525477327,-0.2713192916130705
wildcat_strike-boycott_tncs,managers_drivers,drivers_busy,supply,3091.8693625,1064.6290257008218,3258.1953852272727,2.084646379782883,-0.17103593236978992
wildcat_strike-boycott_tncs,managers_drivers,drivers_change_provider,driver_decisions,0.6796586363636364,0.43611440792653455,0.8811372727272727,0.904212757222889,-0.7480347798712929
wildcat_strike-boycott_tncs,managers_drivers,drivers_change_zone,driver_decisions,1.1034095454545456,0.7906029434509425,1.6062877272727276,0.6013886000476109,-0.9668120935460335
wildcat_strike-boycott_tncs,managers_drivers,drivers_demand_pressure,market,0.0,0.0,0.0,,
wildcat_strike-boycott_tncs,managers_drivers,drivers_idle,supply,7672.300549545454,5471.5524210198155,7544.074400227275,0.6678884360935968,0.03891438607824523
wildcat_strike-boycott_tncs,managers_drivers,drivers_idle_duration_avg,supply,502.1857634090909,330.1568951739971,600.482896590909,1.4496409062687057,-0.8283234476353865
wildcat_strike-boycott_tncs,managers_drivers,drivers_occupied_distance_avg,supply,4720.603674318182,2263.3050281053647,4345.446998863636,2.209957662627727,0.3373950377926163
wildcat_strike-boycott_tncs,managers_drivers,drivers_occupied_duration_avg,supply,545.7991411363637,250.06109772595457,493.71595795454544,2.4647611485661907,0.43407538955701125
wildcat_strike-boycott_tncs,managers_drivers,drivers_passengers_served,supply,1.679811136363636,0.9482249565007249,2.0679543181818176,0.8495568721972281,-0.45073255425891817
wildcat_strike-boycott_tncs,managers_drivers,drivers_pickup,supply,785.6676013636362,307.7277643233447,912.3401329545457,1.6718674904737267,-0.44310951105127083
wildcat_strike-boycott_tncs,managers_drivers,drivers_pickup_accept,driver_decisions,0.869128409090909,0.3665281585306911,1.0760229545454545,1.383670304953014,-0.5695855473273522
wildcat_strike-boycott_tncs,managers_drivers,drivers_pickup_reject,driver_decisions,0.1949247727272728,0.08254468825519576,0.23988613636363632,1.3781696095566391,-0.5513822601126218
wildcat_strike-boycott_tncs,managers_drivers,drivers_reject,driver_decisions,1.0198479545454544,0.6452146858385693,1.3279924999999997,0.8262324753467817,-0.6795953585070347
wildcat_strike-boycott_tncs,managers_drivers,drivers_removed,supply,0.3142427272727273,0.229378151280812,0.4548100000000001,0.558442656716548,-0.9249885516036285
wildcat_strike-boycott_tncs,managers_drivers,drivers_shift_duration_avg,supply,3046.2791515909094,1822.8368754253265,3141.608994090909,1.309370082668134,-0.10202528242376294
wildcat_strike-boycott_tncs,managers_drivers,drivers_starting,supply,0.2159854545454546,0.2359971459642339,0.4810611363636364,-0.1285495327948926,-1.7027723614125878
wildcat_strike-boycott_tncs,managers_drivers,drivers_total_length_avg,supply,19455.059044999998,11115.961953040116,19162.77123818182,1.3948117828226838,0.048888563405559214
wildcat_strike-boycott_tncs,managers_drivers,drivers_waiting,supply,2.3959095454545456,1.5595766046399229,3.188750454545455,0.7780673661039302,-0.7376053336784023
wildcat_strike-boycott_tncs,managers_drivers,passengers_accept,passenger_decisions,7.887045227272726,5.147279637506041,10.831741818181818,0.8022934505388168,-0.8623039859813466
wildcat_strike-boycott_tncs,managers_drivers,passengers_acceptance_rate,passenger_decisions,1.8781552272727269,2.231142078298695,2.2127468181818184,-3.0360414337383035,-2.8778237218408087
wildcat_strike-boycott_tncs,managers_drivers,passengers_arrivals,demand,2.343522272727273,1.2376478709521508,2.405568181818182,1.4460230408061328,-0.08113020247977643
wildcat_strike-boycott_tncs,managers_drivers,passengers_change_provider,passenger_decisions,2.5612125000000003,1.5528970347994198,3.155871136363636,0.8842049026088498,-0.5214638670119218
wildcat_strike-boycott_tncs,managers_drivers,passengers_departures,demand,2.3287120454545454,1.2507551933301113,2.5248106818181815,1.4589877109451572,-0.26541461286116635
wildcat_strike-boycott_tncs,managers_drivers,passengers_drivers_ratio,demand,0.13553,0.13482997825036247,0.1972984090909091,0.010008652921317657,-0.8831419429653057
wildcat_strike-boycott_tncs,managers_drivers,passengers_no_ratings_count,passenger_experience,0.48522681818181823,0.27238487191880134,0.5090518181818181,1.1484794078673517,-0.1285579387562384
wildcat_strike-boycott_tncs,managers_drivers,passengers_offers_discarded,passenger_decisions,61.56462113636363,39.737544325761235,83.44147795454545,0.815444060422467,-0.8173038060888548
wildcat_strike-boycott_tncs,managers_drivers,passengers_pickup_accept,passenger_decisions,0.9299997727272727,0.3960763484775254,1.1744695454545455,1.3420526791553866,-0.6144913269579221
wildcat_strike-boycott_tncs,managers_drivers,passengers_pickup_reject,passenger_decisions,0.13337045454545454,0.05300405751570807,0.1409465909090909,1.6263544005097896,-0.15331635072929298
wildcat_strike-boycott_tncs,managers_drivers,passengers_rating_avg,passenger_experience,4.8989531818181815,4.8800318173030455,4.894364772727273,0.8978041169291822,0.21771646377182724
wildcat_strike-boycott_tncs,managers_drivers,passengers_ratings_count,passenger_experience,1.861893181818182,0.9658059134847752,1.9000002272727265,1.5464392446313844,-0.06576394138202778
wildcat_strike-boycott_tncs,managers_drivers,passengers_reject,passenger_decisions,4.195947045454544,2.478835577573707,4.907044545454546,0.9545352647047959,-0.39529620126008325
wildcat_strike-boycott_tncs,managers_drivers,passengers_unassigned,demand,16.80446977272727,11.416963914934751,24.747347954545457,0.6700353689904691,-0.9878428820087707
wildcat_strike-boycott_tncs,managers_drivers,rides_dispatched,matching,2.1165904545454546,1.390484869502175,2.8385604545454544,0.8028713237967856,-0.7982985141300285
wildcat_strike-boycott_tncs,managers_drivers,rides_duration_avg,trip,992.94123,529.4527219598839,1016.6315095454548,1.9832258434297092,-0.10136858588207692
wildcat_strike-boycott_tncs,managers_drivers,rides_in_progress,matching,2870.270189772727,1042.4706858965685,2852.554129318182,2.2124624822945482,0.02144443031449637
wildcat_strike-boycott_tncs,managers_drivers,rides_length_avg,trip,6239.169445454545,4420.317348504108,6515.148486590909,1.5721781084397188,-0.23855057131377022
wildcat_strike-boycott_tncs,managers_drivers,rides_offers_generated,matching,65.10291659090909,44.095961756887384,92.1003034090909,0.7113841276952025,-0.9142454307845722
wildcat_strike-boycott_tncs,managers_drivers,rides_offers_lyft,matching,24.136402045454552,16.568627808119864,34.66227272727273,0.6771248283456871,-0.9417998152552213
wildcat_strike-boycott_tncs,managers_drivers,rides_offers_price_lyft_avg,market,21.630138181818182,20.66448580473659,22.18487340909091,1.8038957118749812,-1.0362781902194917
wildcat_strike-boycott_tncs,managers_drivers,rides_offers_price_no_surge_avg,market,21.07352931818182,19.77919076123731,21.349873863636365,2.1828759221216805,-0.4660495132791201
wildcat_strike-boycott_tncs,managers_drivers,rides_offers_price_uber_avg,market,20.745390454545458,19.24573182696955,20.84576363636364,2.3987523398532002,-0.16055014142389276
wildcat_strike-boycott_tncs,managers_drivers,rides_offers_radius_avg,matching,1151.5625645454547,1346.1253377863702,1610.427118863636,-0.41038500995524807,-0.9678682697373091
wildcat_strike-boycott_tncs,managers_drivers,rides_offers_surge_lyft_avg,market,1.0,1.0,1.0,,
wildcat_strike-boycott_tncs,managers_drivers,rides_offers_surge_uber_avg,market,1.0,1.0,1.0,,
wildcat_strike-boycott_tncs,managers_drivers,rides_offers_uber,matching,40.96844681818181,27.527306234896084,57.437386363636364,0.7148844509180832,-0.8759218558279037
wildcat_strike-boycott_tncs,managers_drivers,rides_partial_acceptances,matching,4.750037954545454,3.111593269695505,6.667272727272728,0.7599632779144344,-0.8892750764709467
wildcat_strike-boycott_tncs,managers_drivers,rides_waiting_duration_avg,passenger_experience,751.8892820454545,446.81809874818754,804.9218218181818,1.3229344780801835,-0.22997444257832703
wildcat_strike-boycott_tncs,managers_drivers,traffic_duration_avg,trip,762.4310888636363,500.42514763412277,747.155650909091,1.726270381742883,0.10064480211913693
wildcat_strike-boycott_tncs,managers_drivers,traffic_length_avg,trip,3885.256303181818,3727.2040643910104,3902.3718518181818,1.98244949822635,-0.21468035546739267
wildcat_strike-boycott_tncs,managers_drivers,traffic_speed_avg,trip,4.919272727272727,6.971807039632672,5.145865227272727,-2.1083003536060776,-0.23274887294098962
wildcat_strike-boycott_tncs,students,drivers_accept,driver_decisions,2.0285182222222224,1.3948739652257909,2.8292224444444445,0.700634747769682,-0.8853567196111198
wildcat_strike-boycott_tncs,students,drivers_acceptance_rate,driver_decisions,2.2536715555555555,2.354957401593818,2.1702786666666665,-0.5008347730550716,0.4123582930362821
wildcat_strike-boycott_tncs,students,drivers_busy,supply,2999.952740888888,1106.9178275247525,3267.2093393333334,1.9466406164638566,-0.2748245929735028
wildcat_strike-boycott_tncs,students,drivers_change_provider,driver_decisions,0.6057777777777779,0.42925824680028973,0.874926888888889,0.6553684841275849,-0.9992766464786914
wildcat_strike-boycott_tncs,students,drivers_change_zone,driver_decisions,1.0206662222222223,0.7691161555179908,1.601074,0.48361940409236737,-1.1158671802281912
wildcat_strike-boycott_tncs,students,drivers_demand_pressure,market,0.0,0.0,0.0,,
wildcat_strike-boycott_tncs,students,drivers_idle,supply,7778.376419777777,5512.111617821782,7555.2990244444445,0.6877715967280541,0.06770007469997355
wildcat_strike-boycott_tncs,students,drivers_idle_duration_avg,supply,586.242746,315.87781290026567,625.3150324444445,2.278292420702114,-0.32925162684852344
wildcat_strike-boycott_tncs,students,drivers_occupied_distance_avg,supply,4389.113785333333,2300.8832628398936,4423.672833333334,1.8780383294598533,-0.031080484685257558
wildcat_strike-boycott_tncs,students,drivers_occupied_duration_avg,supply,494.69993066666666,254.73459829751266,504.33109777777776,1.999936232098052,-0.08026876162791162
wildcat_strike-boycott_tncs,students,drivers_passengers_served,supply,1.7191113333333337,0.9241378821540689,2.0689628888888887,0.9231655507629294,-0.40626627655378433
wildcat_strike-boycott_tncs,students,drivers_pickup,supply,697.9882655555556,309.79983862835064,904.4963831111113,1.357910684275137,-0.722380060214471
wildcat_strike-boycott_tncs,students,drivers_pickup_accept,driver_decisions,0.7539633333333335,0.37089923931417534,1.070556,1.0545844559314117,-0.8715870538151854
wildcat_strike-boycott_tncs,students,drivers_pickup_reject,driver_decisions,0.2097784444444445,0.08336590920067617,0.23462911111111112,1.550256125526021,-0.3047553642454488
wildcat_strike-boycott_tncs,students,drivers_reject,driver_decisions,0.9165548888888886,0.6364791910166626,1.3221111111111115,0.6176911034521633,-0.8944312995361013
wildcat_strike-boycott_tncs,students,drivers_removed,supply,0.348926,0.21887049504950498,0.45011044444444437,0.8558169395919168,-0.6658338807858597
wildcat_strike-boycott_tncs,students,drivers_shift_duration_avg,supply,3148.5058266666665,1831.1024214127024,3222.0416391111103,1.409930520834155,-0.07870056045571722
wildcat_strike-boycott_tncs,students,drivers_starting,supply,0.2222595555555556,0.24063430330837962,0.48051911111111106,-0.11803426254279176,-1.6589874644643288
wildcat_strike-boycott_tncs,students,drivers_total_length_avg,supply,19256.471043111113,11341.198500586814,19552.278430888888,1.3239221566577328,-0.04947725459585337
wildcat_strike-boycott_tncs,students,drivers_waiting,supply,2.2953704444444445,1.5638971866698865,3.1813704444444446,0.68051303885956,-0.8242742246845015
wildcat_strike-boycott_tncs,students,passengers_accept,passenger_decisions,7.641296,5.058616355952668,10.80762888888889,0.7562935205108375,-0.9272063816224293
wildcat_strike-boycott_tncs,students,passengers_acceptance_rate,passenger_decisions,2.059528222222222,2.276412796425984,2.2199822222222223,-1.8654251616099689,-1.380065548598037
wildcat_strike-boycott_tncs,students,passengers_arrivals,demand,2.306592444444445,1.2450390920067615,2.4188884444444443,1.3880695711971363,-0.14683638858961914
wildcat_strike-boycott_tncs,students,passengers_change_provider,passenger_decisions,2.4045557777777775,1.4990954914271915,3.1461848888888886,0.7940098629247327,-0.6503441815517937
wildcat_strike-boycott_tncs,students,passengers_departures,demand,2.2178882222222223,1.2574651774933592,2.5201113333333334,1.2999086343821389,-0.40905144227778795
wildcat_strike-boycott_tncs,students,passengers_drivers_ratio,demand,0.12719288888888888,0.13405723013764792,0.19605533333333333,-0.09814382071397994,-0.9845698453152768
wildcat_strike-boycott_tncs,students,passengers_no_ratings_count,passenger_experience,0.4810362222222222,0.2721850664090799,0.5141097777777778,1.1269453976157686,-0.1784624608420644
wildcat_strike-boycott_tncs,students,passengers_offers_discarded,passenger_decisions,59.10633333333335,38.911200161796664,83.25407511111112,0.7544758071392813,-0.9021424525220654
wildcat_strike-boycott_tncs,students,passengers_pickup_accept,passenger_decisions,0.8511842222222221,0.4031132745713596,1.1622217777777775,1.1262566660968472,-0.7818139564448467
wildcat_strike-boycott_tncs,students,passengers_pickup_reject,passenger_decisions,0.1120755555555556,0.05115470417773484,0.1429257777777778,1.2328398233959525,-0.6243081253131828
wildcat_strike-boycott_tncs,students,passengers_rating_avg,passenger_experience,4.907714444444444,4.884267874909442,4.89540488888889,1.1125215963971349,0.5840788938083583
wildcat_strike-boycott_tncs,students,passengers_ratings_count,passenger_experience,1.827666666666666,0.9734561289543588,1.907259555555555,1.4741696990660633,-0.13735890612561022
wildcat_strike-boycott_tncs,students,passengers_reject,passenger_decisions,3.7016664444444447,2.3465109587056263,4.884480666666667,0.7533254098478991,-0.6575216040568882
wildcat_strike-boycott_tncs,students,passengers_unassigned,demand,15.975481777777777,11.206951598647668,24.631110666666665,0.59305436735521,-1.0764865318935457
wildcat_strike-boycott_tncs,students,rides_dispatched,matching,2.0285182222222224,1.3948739652257909,2.8292224444444445,0.700634747769682,-0.8853567196111198
wildcat_strike-boycott_tncs,students,rides_duration_avg,trip,977.6257715555556,537.5940113354262,1021.6443222222223,1.8828565188996935,-0.1883514386184036
wildcat_strike-boycott_tncs,students,rides_in_progress,matching,2724.2294071111105,1054.261900504709,2859.8676668888884,2.0214145190335775,-0.16418352247369247
wildcat_strike-boycott_tncs,students,rides_length_avg,trip,6441.776619777778,4469.743604385414,6541.410648666668,1.704584524007466,-0.0861215924798921
wildcat_strike-boycott_tncs,students,rides_offers_generated,matching,62.52488866666668,43.18309189567737,91.930556,0.6549948496915924,-0.9957999705573612
wildcat_strike-boycott_tncs,students,rides_offers_lyft,matching,24.606593111111103,16.351659050953877,34.65577755555556,0.7386082926355303,-0.8991484257536615
wildcat_strike-boycott_tncs,students,rides_offers_price_lyft_avg,market,21.977192,20.74036426467037,22.175402666666667,2.3104673079478637,-0.3702692398774807
wildcat_strike-boycott_tncs,students,rides_offers_price_no_surge_avg,market,21.244922888888887,19.884861518956775,21.346701777777778,2.293716123269217,-0.17164804737048597
wildcat_strike-boycott_tncs,students,rides_offers_price_uber_avg,market,20.76831444444445,19.35461124124608,20.84506711111111,2.2612638664384352,-0.12276836566080801
wildcat_strike-boycott_tncs,students,rides_offers_radius_avg,matching,1099.160691111111,1338.3577059261047,1596.2607991111108,-0.504530582448923,-1.0485172953293116
wildcat_strike-boycott_tncs,students,rides_offers_surge_lyft_avg,market,1.0,1.0,1.0,,
wildcat_strike-boycott_tncs,students,rides_offers_surge_uber_avg,market,1.0,1.0,1.0,,
wildcat_strike-boycott_tncs,students,rides_offers_uber,matching,37.91822222222223,26.831455839169283,57.27418511111112,0.5896640131910883,-1.029471927331897
wildcat_strike-boycott_tncs,students,rides_partial_acceptances,matching,4.690073555555556,3.027272388312002,6.658110888888889,0.7712605968715309,-0.9128389360516951
wildcat_strike-boycott_tncs,students,rides_waiting_duration_avg,passenger_experience,776.5579191111111,464.66084016421155,803.2844295555552,1.3525348244684472,-0.11589892484624585
wildcat_strike-boycott_tncs,students,traffic_duration_avg,trip,726.666869111111,503.9100639048539,748.9289557777777,1.4676708220993362,-0.14667751680789273
wildcat_strike-boycott_tncs,students,traffic_length_avg,trip,3865.383808666667,3730.3769043757547,3904.423982888889,1.693391828652654,-0.4896809712385719
wildcat_strike-boycott_tncs,students,traffic_speed_avg,trip,5.008934888888889,6.965829007486115,5.14562288888889,-2.010061677100321,-0.1404017253199386
wildcat_strike-boycott_tncs,students_drivers,drivers_accept,driver_decisions,2.057286511627907,1.3927943757546486,2.8291086046511627,0.7347439432645559,-0.8534210978755263
wildcat_strike-boycott_tncs,students_drivers,drivers_acceptance_rate,driver_decisions,2.217050930232558,2.3583513547452304,2.169036511627907,-0.6986974864844954,0.2374200481688963
wildcat_strike-boycott_tncs,students_drivers,drivers_busy,supply,2902.2204127906975,1062.9605389785079,3265.5054651162795,1.8913428111224122,-0.37357231671677277
wildcat_strike-boycott_tncs,students_drivers,drivers_change_provider,driver_decisions,0.6391855813953489,0.43801890123158654,0.8760862790697675,0.746876572274131,-0.8795471541528811
wildcat_strike-boycott_tncs,students_drivers,drivers_change_zone,driver_decisions,1.098216976744186,0.787710270466071,1.6023644186046513,0.5969669188498757,-0.9692523186405035
wildcat_strike-boycott_tncs,students_drivers,drivers_demand_pressure,market,0.0,0.0,0.0,,
wildcat_strike-boycott_tncs,students_drivers,drivers_idle,supply,7882.013023488373,5505.653078889157,7551.09877883721,0.7211835404613622,0.10042666603979981
wildcat_strike-boycott_tncs,students_drivers,drivers_idle_duration_avg,supply,523.6951848837209,324.5329204201883,616.9005225581394,1.678286723114915,-0.7854162592686379
wildcat_strike-boycott_tncs,students_drivers,drivers_occupied_distance_avg,supply,3869.8267758139536,2288.3506492151655,4385.814018139535,1.4222916248402642,-0.4640502129250796
wildcat_strike-boycott_tncs,students_drivers,drivers_occupied_duration_avg,supply,432.7585076744186,250.49143579328666,499.5908027906976,1.5190632637414787,-0.5569984928977068
wildcat_strike-boycott_tncs,students_drivers,drivers_passengers_served,supply,1.5439537209302328,0.95014931417532,2.067984418604651,0.6895573322532758,-0.6085323817011319
wildcat_strike-boycott_tncs,students_drivers,drivers_pickup,supply,721.2025132558141,314.2766399951702,907.1136953488374,1.4234556021739388,-0.6503305172919998
wildcat_strike-boycott_tncs,students_drivers,drivers_pickup_accept,driver_decisions,0.8002330232558138,0.3751883602994446,1.0732948837209304,1.1701579490976117,-0.7517457210171777
wildcat_strike-boycott_tncs,students_drivers,drivers_pickup_reject,driver_decisions,0.21612395348837207,0.08808387829026805,0.2365886046511628,1.5702154102510824,-0.25096760191298734
wildcat_strike-boycott_tncs,students_drivers,drivers_reject,driver_decisions,0.937092558139535,0.6522353272156484,1.3226744186046513,0.6282365040324759,-0.8503789749387399
wildcat_strike-boycott_tncs,students_drivers,drivers_removed,supply,0.35883767441860465,0.22902151171214682,0.4518211627906977,0.8542419724508876,-0.6118683286914749
wildcat_strike-boycott_tncs,students_drivers,drivers_shift_duration_avg,supply,2903.495528372093,1847.8731675658053,3191.8189086046505,1.129763426327921,-0.30857361688812956
wildcat_strike-boycott_tncs,students_drivers,drivers_starting,supply,0.1962011627906977,0.23754731465829512,0.47992325581395345,-0.2655961654724804,-1.822551714319476
wildcat_strike-boycott_tncs,students_drivers,drivers_total_length_avg,supply,17906.694197209305,11372.271040941801,19395.077772790697,1.0929589033204594,-0.248949607575893
wildcat_strike-boycott_tncs,students_drivers,drivers_waiting,supply,2.2880230232558136,1.566451444095629,3.1802713953488375,0.6713011895785921,-0.8300872857031442
wildcat_strike-boycott_tncs,students_drivers,passengers_accept,passenger_decisions,7.789186279069768,5.153990118328906,10.811317209302327,0.771672083387058,-0.8849793066431072
wildcat_strike-boycott_tncs,students_drivers,passengers_acceptance_rate,passenger_decisions,1.9515174418604657,2.279543636802704,2.2202100000000002,-2.8213547227086067,-2.3110258557159464
wildcat_strike-boycott_tncs,students_drivers,passengers_arrivals,demand,2.477713255813953,1.234424385414151,2.414108139534884,1.6257039226969363,0.08316899595926305
wildcat_strike-boycott_tncs,students_drivers,passengers_change_provider,passenger_decisions,2.54891488372093,1.5293785341704904,3.145968837209302,0.8940446415558059,-0.5235643516500046
wildcat_strike-boycott_tncs,students_drivers,passengers_departures,demand,2.2872088372093025,1.2487233929002657,2.5237597674418604,1.4055641450363043,-0.32016578357637987
wildcat_strike-boycott_tncs,students_drivers,passengers_drivers_ratio,demand,0.1288802325581395,0.13205138130886257,0.1963486046511628,-0.04533991583017417,-0.9646379127434619
wildcat_strike-boycott_tncs,students_drivers,passengers_no_ratings_count,passenger_experience,0.5211623255813954,0.26821579328664574,0.5125181395348837,1.3648807893956547,0.046643388892549514
wildcat_strike-boycott_tncs,students_drivers,passengers_offers_discarded,passenger_decisions,60.817248372093026,39.6649231320937,83.27721023255815,0.7902358218074944,-0.839088195609184
wildcat_strike-boycott_tncs,students_drivers,passengers_pickup_accept,passenger_decisions,0.8729453488372093,0.4111281985027771,1.167441395348837,1.160808677306358,-0.7402357534265575
wildcat_strike-boycott_tncs,students_drivers,passengers_pickup_reject,passenger_decisions,0.1423655813953488,0.05215404733156243,0.14220906976744188,1.8255879425212125,0.0031672861318288643
wildcat_strike-boycott_tncs,students_drivers,passengers_rating_avg,passenger_experience,4.872256744186046,4.878214948080174,4.895251627906977,-0.2827121681088275,-1.0910894537465712
wildcat_strike-boycott_tncs,students_drivers,passengers_ratings_count,passenger_experience,1.961123255813953,0.9666682347259116,1.9044190697674415,1.7161992207427343,0.0978583021275315
wildcat_strike-boycott_tncs,students_drivers,passengers_reject,passenger_decisions,3.9903488372093032,2.396253759961362,4.883952558139535,0.8861509546630503,-0.4967506654370116
wildcat_strike-boycott_tncs,students_drivers,passengers_unassigned,demand,16.374922093023258,11.423217821782178,24.65573604651163,0.6158354322183781,-1.0298714060499286
wildcat_strike-boycott_tncs,students_drivers,rides_dispatched,matching,2.057286511627907,1.3927943757546486,2.8291086046511627,0.7347439432645559,-0.8534210978755263
wildcat_strike-boycott_tncs,students_drivers,rides_duration_avg,trip,980.3193639534885,526.4995388239556,1020.3542069767442,1.941854414607711,-0.17130551015625217
wildcat_strike-boycott_tncs,students_drivers,rides_in_progress,matching,2691.4629851162795,1031.947817691379,2858.6396902325578,2.008762470358519,-0.2023592780274905
wildcat_strike-boycott_tncs,students_drivers,rides_length_avg,trip,6417.280221860465,4420.694799623279,6533.136730930233,1.725807116331302,-0.10014396859708
wildcat_strike-boycott_tncs,students_drivers,rides_offers_generated,matching,64.14259744186046,44.024133943491904,91.9487988372093,0.6812960621582255,-0.9416353050900703
wildcat_strike-boycott_tncs,students_drivers,rides_offers_lyft,matching,24.315891162790695,16.499022728809468,34.67542627906977,0.6994124732801901,-0.926916979466093
wildcat_strike-boycott_tncs,students_drivers,rides_offers_price_lyft_avg,market,21.98149860465116,20.641946952426952,22.1791188372093,2.502361655842661,-0.36916627406722025
wildcat_strike-boycott_tncs,students_drivers,rides_offers_price_no_surge_avg,market,21.330376744186047,19.7566531320937,21.345843953488373,2.6540531937951215,-0.02608513714384463
wildcat_strike-boycott_tncs,students_drivers,rides_offers_price_uber_avg,market,20.93197558139535,19.225202470417774,20.84122953488372,2.7300386356419333,0.1451512280191782
wildcat_strike-boycott_tncs,students_drivers,rides_offers_radius_avg,matching,1074.6927660465117,1361.8811154648636,1600.149816744186,-0.6057571634690123,-1.1083296839863943
wildcat_strike-boycott_tncs,students_drivers,rides_offers_surge_lyft_avg,market,1.0,1.0,1.0,,
wildcat_strike-boycott_tncs,students_drivers,rides_offers_surge_uber_avg,market,1.0,1.0,1.0,,
wildcat_strike-boycott_tncs,students_drivers,rides_offers_uber,matching,39.82523279069767,27.525146882395557,57.2732169767442,0.6541959818303082,-0.9279936116418582
wildcat_strike-boycott_tncs,students_drivers,rides_partial_acceptances,matching,4.790930465116279,3.109014948080174,6.661821627906978,0.7801264463310019,-0.8677794214491764
wildcat_strike-boycott_tncs,students_drivers,rides_waiting_duration_avg,passenger_experience,756.8913072093023,449.89541236899294,803.543808604651,1.331280947363612,-0.20230754644712287
wildcat_strike-boycott_tncs,students_drivers,traffic_duration_avg,trip,741.0336067441859,497.0451678024632,748.4543488372092,1.6075590257849202,-0.048892812222594464
wildcat_strike-boycott_tncs,students_drivers,traffic_length_avg,trip,3877.7326355813957,3730.2423590437097,3903.40753883721,1.8499707878380698,-0.3220403549225718
wildcat_strike-boycott_tncs,students_drivers,traffic_speed_avg,trip,5.17305976744186,6.960368865008452,5.145897209302325,-1.8358691397808864,0.027900547428404244
wildcat_strike-long_rides,bank_tellers,drivers_accept,driver_decisions,2.3154137984496126,1.366305544781832,2.3698711240310075,1.0494504046588302,-0.06021469326304802
wildcat_strike-long_rides,bank_tellers,drivers_acceptance_rate,driver_decisions,1.8898660077519378,2.4020010002551673,2.090655620155039,-2.532387522803734,-0.9928575797425216
wildcat_strike-long_rides,bank_tellers,drivers_busy,supply,2939.1842109689924,1092.58924004593,3004.8380179069763,1.898885618632685,-0.06751294775849297
wildcat_strike-long_rides,bank_tellers,drivers_change_provider,driver_decisions,0.8110073643410852,0.4177257718805818,0.749276085271318,1.46014641925937,0.22919126604958975
wildcat_strike-long_rides,bank_tellers,drivers_change_zone,driver_decisions,1.3695088759689922,0.7566152207195713,1.3736689922480618,1.1783231394338238,-0.007998061706754366
wildcat_strike-long_rides,bank_tellers,drivers_demand_pressure,market,0.0,0.0,0.0,,
wildcat_strike-long_rides,bank_tellers,drivers_idle,supply,6957.822970426356,5241.338651949478,8829.672785503875,0.5209228680861059,-0.5680735697963578
wildcat_strike-long_rides,bank_tellers,drivers_idle_duration_avg,supply,1196.6079585271316,258.2762754376117,1297.2951098062015,7.907068188088227,-0.8484634859675798
wildcat_strike-long_rides,bank_tellers,drivers_occupied_distance_avg,supply,6711.517820736434,2026.8759899948968,6719.7610427131785,4.213106179205953,-0.00741349514041509
wildcat_strike-long_rides,bank_tellers,drivers_occupied_duration_avg,supply,792.4398372480621,222.7901585659607,811.0683150000001,4.747615085693907,-0.15525479133636017
wildcat_strike-long_rides,bank_tellers,drivers_passengers_served,supply,2.383217209302326,0.8576435621331973,2.1363436821705424,1.7715774459249434,0.2866827002905884
wildcat_strike-long_rides,bank_tellers,drivers_pickup,supply,861.7774603100775,314.0532533120694,564.7299602325583,1.9159781722657994,1.0390932498565284
wildcat_strike-long_rides,bank_tellers,drivers_pickup_accept,driver_decisions,1.167202984496124,0.377447920387854,0.6060336434108526,2.1742142571056084,1.5449123880146332
wildcat_strike-long_rides,bank_tellers,drivers_pickup_reject,driver_decisions,0.28821674418604654,0.08393257718805817,0.14558135658914728,2.5052324172275773,1.7492045619722016
wildcat_strike-long_rides,bank_tellers,drivers_reject,driver_decisions,1.2365889147286822,0.6146871370247512,1.1529198449612401,1.3715691801437695,0.18452739892143413
wildcat_strike-long_rides,bank_tellers,drivers_removed,supply,0.44863670542635653,0.2068600918601684,0.40224100775193794,1.5909862605652438,0.30530214010600093
wildcat_strike-long_rides,bank_tellers,drivers_shift_duration_avg,supply,5265.824065658914,1558.5483737968868,5424.759045581395,3.9676541948023796,-0.17009769226888474
wildcat_strike-long_rides,bank_tellers,drivers_starting,supply,0.3694639147286822,0.2353743633579995,0.38408217054263566,0.8613539365894065,-0.09390360443977751
wildcat_strike-long_rides,bank_tellers,drivers_total_length_avg,supply,30186.552061007755,9814.788002906353,30299.036513527135,3.4074164423051894,-0.018814343810633873
wildcat_strike-long_rides,bank_tellers,drivers_waiting,supply,2.6807690310077517,1.5280551569277876,2.700535968992248,1.0724066984653842,-0.0183898165706066
wildcat_strike-long_rides,bank_tellers,passengers_accept,passenger_decisions,9.012687441860466,4.982287583567236,9.12883031007752,1.1802336015310715,-0.03401045069161202
wildcat_strike-long_rides,bank_tellers,passengers_acceptance_rate,passenger_decisions,1.0781671705426357,2.2506252743046695,2.0480282558139535,-10.084317225974825,-8.34177939290294
wildcat_strike-long_rides,bank_tellers,passengers_arrivals,demand,1.887719573643411,1.2340146006634345,2.43442507751938,0.8547737892307377,-0.7148630566646704
wildcat_strike-long_rides,bank_tellers,passengers_change_provider,passenger_decisions,4.103598178294574,1.4580182163817301,2.811026899224806,2.3199433642542955,1.1334725107062873
wildcat_strike-long_rides,bank_tellers,passengers_departures,demand,1.807473914728682,1.2349587343710131,2.2440823255813953,0.7748850158753545,-0.5909385933898865
wildcat_strike-long_rides,bank_tellers,passengers_drivers_ratio,demand,0.24730503875968993,0.13235918346516967,0.1337193410852713,1.643453465528093,1.6240064332824071
wildcat_strike-long_rides,bank_tellers,passengers_no_ratings_count,passenger_experience,0.5663624031007752,0.26500158713957644,0.5831845736434108,1.6261206850732435,-0.09077118868277662
wildcat_strike-long_rides,bank_tellers,passengers_offers_discarded,passenger_decisions,74.11972236434109,38.280550760398064,70.79209972868216,1.338925952773532,0.12431761417806356
wildcat_strike-long_rides,bank_tellers,passengers_pickup_accept,passenger_decisions,1.1439796899224806,0.411425159479459,0.6605038372093023,1.841325414014065,1.215249292260215
wildcat_strike-long_rides,bank_tellers,passengers_pickup_reject,passenger_decisions,0.31155713178294575,0.049954534319979586,0.09074290697674418,5.293985437859168,4.468561481931308
wildcat_strike-long_rides,bank_tellers,passengers_rating_avg,passenger_experience,4.893742790697674,4.897268134728247,4.8680817054263565,-0.1672748485822999,1.2175986559019052
wildcat_strike-long_rides,bank_tellers,passengers_ratings_count,passenger_experience,1.3225253875968992,0.9699097831079356,1.8531651937984497,0.6085329278981149,-0.9157615001046402
wildcat_strike-long_rides,bank_tellers,passengers_reject,passenger_decisions,8.527002829457365,2.2929434651696865,4.475161550387597,3.4654881857027506,2.2524020485588427
wildcat_strike-long_rides,bank_tellers,passengers_unassigned,demand,28.541072713178295,11.046586713447308,19.421996124031008,2.17576086069098,1.1341247710058566
wildcat_strike-long_rides,bank_tellers,rides_dispatched,matching,2.3154137984496126,1.366305544781832,2.3698711240310075,1.0494504046588302,-0.06021469326304802
wildcat_strike-long_rides,bank_tellers,rides_duration_avg,trip,1247.3533896899226,531.4467038785405,1038.2113137596898,3.063300634548545,0.8949002245757434
wildcat_strike-long_rides,bank_tellers,rides_in_progress,matching,2746.640316782946,1044.7184587343709,2570.8939731007754,2.060093708716,0.21273240909227786
wildcat_strike-long_rides,bank_tellers,rides_length_avg,trip,8773.674986124031,4432.380492008166,6482.228162868218,3.752525110415745,1.980679208725511
wildcat_strike-long_rides,bank_tellers,rides_offers_generated,matching,82.10815224806201,42.45863823424343,78.06236468992249,1.3426998421769396,0.13700743756662728
wildcat_strike-long_rides,bank_tellers,rides_offers_lyft,matching,32.12850139534884,16.009684845623884,29.19526488372093,1.4422273375338053,0.2624506502367417
wildcat_strike-long_rides,bank_tellers,rides_offers_price_lyft_avg,market,27.91488817829458,20.690980431232454,21.430417751937988,13.494686615165605,12.11337399824618
wildcat_strike-long_rides,bank_tellers,rides_offers_price_no_surge_avg,market,27.040246279069766,19.814540977290125,20.694832015503877,12.186006542859985,10.701413426579455
wildcat_strike-long_rides,bank_tellers,rides_offers_price_uber_avg,market,26.47598531007752,19.271066708343966,20.25584926356589,11.524499667165358,9.949308210157833
wildcat_strike-long_rides,bank_tellers,rides_offers_radius_avg,matching,2656.857938139535,1350.1562632202092,1248.9281276744184,2.7561838831640184,2.9697011389150503
wildcat_strike-long_rides,bank_tellers,rides_offers_surge_lyft_avg,market,1.0,1.0,1.0,,
wildcat_strike-long_rides,bank_tellers,rides_offers_surge_uber_avg,market,1.0,1.0,1.0,,
wildcat_strike-long_rides,bank_tellers,rides_offers_uber,matching,49.980213178294576,26.448963194692524,48.86735147286822,1.251539973092915,0.059188989528223664
wildcat_strike-long_rides,bank_tellers,rides_partial_acceptances,matching,5.462384069767442,3.0012869890278138,5.606705155038759,1.1415358858549574,-0.06694075549154332
wildcat_strike-long_rides,bank_tellers,rides_waiting_duration_avg,passenger_experience,951.4409176744185,465.58893224291916,779.0163955813954,2.106886451299905,0.7477151485694001
wildcat_strike-long_rides,bank_tellers,traffic_duration_avg,trip,727.3503456589148,490.77093907884665,735.1609955426356,1.5587433651045577,-0.051461785534930596
wildcat_strike-long_rides,bank_tellers,traffic_length_avg,trip,3888.127847829457,3722.599761002807,3909.9467942248066,2.0762190727724463,-0.2736750815060516
wildcat_strike-long_rides,bank_tellers,traffic_speed_avg,trip,5.407167286821705,7.000281309007399,5.421928294573643,-1.6363979087136864,-0.015162054868262278
wildcat_strike-long_rides,bank_tellers_drivers,drivers_accept,driver_decisions,2.2674695026178013,1.3546946109958509,2.3697121465968585,1.0092757866905842,-0.11305199768578589
wildcat_strike-long_rides,bank_tellers_drivers,drivers_acceptance_rate,driver_decisions,1.7608992408376962,2.372711804979253,2.104153507853403,-3.025269755838578,-1.6973119112422999
wildcat_strike-long_rides,bank_tellers_drivers,drivers_busy,supply,2782.3721814921464,1047.7458383169087,2928.7160470942413,1.783746337785353,-0.1504879338147567
wildcat_strike-long_rides,bank_tellers_drivers,drivers_change_provider,driver_decisions,0.8433113089005234,0.4145007728215767,0.7474995549738221,1.5920556181618026,0.35572269869987005
wildcat_strike-long_rides,bank_tellers_drivers,drivers_change_zone,driver_decisions,1.443014790575916,0.7463836099585062,1.3703315183246076,1.3393133257980048,0.1397377519084148
wildcat_strike-long_rides,bank_tellers_drivers,drivers_demand_pressure,market,0.0,0.0,0.0,,
wildcat_strike-long_rides,bank_tellers_drivers,drivers_idle,supply,6733.51152277487,5037.104180414938,8877.333733350784,0.5148298581653301,-0.6506124189884024
wildcat_strike-long_rides,bank_tellers_drivers,drivers_idle_duration_avg,supply,1031.400662539267,228.15632305757262,1273.8507986649215,6.768723553131596,-2.0430619503806406
wildcat_strike-long_rides,bank_tellers_drivers,drivers_occupied_distance_avg,supply,6303.634831623037,1884.3712926296682,6471.671652774869,3.974439710949115,-0.15112296630302774
wildcat_strike-long_rides,bank_tellers_drivers,drivers_occupied_duration_avg,supply,763.8614743455497,209.47869906379668,779.3363230628272,4.620376567692786,-0.1289715907309017
wildcat_strike-long_rides,bank_tellers_drivers,drivers_passengers_served,supply,2.322434842931937,0.8549161851659751,2.0805846596858637,1.704160897375544,0.28084932558097503
wildcat_strike-long_rides,bank_tellers_drivers,drivers_pickup,supply,826.9223872774868,309.82611613329874,566.0531341623036,1.808839477631312,0.9125391728136465
wildcat_strike-long_rides,bank_tellers_drivers,drivers_pickup_accept,driver_decisions,1.0901135863874343,0.3704172302904564,0.6154189267015707,1.9813409870056677,1.3068455572693958
wildcat_strike-long_rides,bank_tellers_drivers,drivers_pickup_reject,driver_decisions,0.29483892670157064,0.08201057831950208,0.14742586387434556,2.610013715243105,1.807795430965565
wildcat_strike-long_rides,bank_tellers_drivers,drivers_reject,driver_decisions,1.3037651832460733,0.6173361566390042,1.1466708900523561,1.5138803762972302,0.34646257438991984
wildcat_strike-long_rides,bank_tellers_drivers,drivers_removed,supply,0.5124432984293195,0.21184915197095433,0.39299701570680634,1.9780290159894787,0.7860040385381851
wildcat_strike-long_rides,bank_tellers_drivers,drivers_shift_duration_avg,supply,4695.614990183246,1402.0564668101658,5290.495160418848,3.524879824765584,-0.6366612572194652
wildcat_strike-long_rides,bank_tellers_drivers,drivers_starting,supply,0.3023603664921466,0.23379057313278007,0.3908940052356021,0.4404732571439268,-0.5687154403361886
wildcat_strike-long_rides,bank_tellers_drivers,drivers_total_length_avg,supply,27266.77873222513,8913.646246895747,29428.164940471204,3.0697766388791132,-0.36151719032012547
wildcat_strike-long_rides,bank_tellers_drivers,drivers_waiting,supply,2.643197670157068,1.5216653060165977,2.6996594764397903,1.0433975394023274,-0.05252822979455707
wildcat_strike-long_rides,bank_tellers_drivers,passengers_accept,passenger_decisions,9.395505706806281,4.928649743257261,9.04564554973822,1.30804230020307,0.10245055769318229
wildcat_strike-long_rides,bank_tellers_drivers,passengers_acceptance_rate,passenger_decisions,1.1877782722513086,2.237193817427386,2.056001204188482,-9.0260276469314,-7.467589196089038
wildcat_strike-long_rides,bank_tellers_drivers,passengers_arrivals,demand,1.915676178010471,1.2165984206431535,2.3747731151832463,0.9141024901612487,-0.6003075467247813
wildcat_strike-long_rides,bank_tellers_drivers,passengers_change_provider,passenger_decisions,4.1542495811518325,1.4402878163900414,2.764393376963351,2.3799082536316924,1.21878292268414
wildcat_strike-long_rides,bank_tellers_drivers,passengers_departures,demand,1.7849126178010473,1.2222980653526971,2.211679424083769,0.7614847629599723,-0.5776182270920139
wildcat_strike-long_rides,bank_tellers_drivers,passengers_drivers_ratio,demand,0.2663871204188482,0.13753033973029047,0.13331248691099476,1.842346748708731,1.9026520534558908
wildcat_strike-long_rides,bank_tellers_drivers,passengers_no_ratings_count,passenger_experience,0.5543015968586387,0.25965671161825726,0.5581148167539267,1.5898820193734329,-0.020575852665792774
wildcat_strike-long_rides,bank_tellers_drivers,passengers_offers_discarded,passenger_decisions,76.78235609947644,37.872957738589214,70.1237697643979,1.4536274400512137,0.2487600481211733
wildcat_strike-long_rides,bank_tellers_drivers,passengers_pickup_accept,passenger_decisions,1.1076530366492148,0.4021897588174274,0.6705191884816754,1.7732297162093258,1.0987655259873679
wildcat_strike-long_rides,bank_tellers_drivers,passengers_pickup_reject,passenger_decisions,0.27756573298429316,0.050214027489626556,0.09191960732984293,4.6008588211040164,3.7568735759543217
wildcat_strike-long_rides,bank_tellers_drivers,passengers_rating_avg,passenger_experience,4.840914528795811,4.8893788874481325,4.873007198952879,-2.2995963471651137,-1.5227723860621825
wildcat_strike-long_rides,bank_tellers_drivers,passengers_ratings_count,passenger_experience,1.3627963350785337,0.9575548988589212,1.8187083507853403,0.6993529343256173,-0.7867986278828389
wildcat_strike-long_rides,bank_tellers_drivers,passengers_reject,passenger_decisions,8.436627329842931,2.268699398340249,4.414533167539267,3.428725991821046,2.235865747621094
wildcat_strike-long_rides,bank_tellers_drivers,passengers_unassigned,demand,29.7222252617801,11.046355850622408,19.339035942408376,2.32268760024145,1.2913404218095348
wildcat_strike-long_rides,bank_tellers_drivers,rides_dispatched,matching,2.2674695026178013,1.3546946109958509,2.3697121465968585,1.0092757866905842,-0.11305199768578589
wildcat_strike-long_rides,bank_tellers_drivers,rides_duration_avg,trip,1218.9249183246075,522.178875560166,1007.482012539267,2.981313957838676,0.904745269600224
wildcat_strike-long_rides,bank_tellers_drivers,rides_in_progress,matching,2690.2943017539264,1017.7670652100622,2505.5876441623036,2.0245129477394785,0.22357843367659613
wildcat_strike-long_rides,bank_tellers_drivers,rides_length_avg,trip,8353.666042958115,4370.379550596473,6444.663059973822,3.443070403269441,1.6501026685051077
wildcat_strike-long_rides,bank_tellers_drivers,rides_offers_generated,matching,85.23346842931937,42.007815536825724,77.4440184816754,1.4638029938152257,0.26378364213245126
wildcat_strike-long_rides,bank_tellers_drivers,rides_offers_lyft,matching,32.949131910994765,15.91350226141079,29.092604659685865,1.5242589750269653,0.34506187303662234
wildcat_strike-long_rides,bank_tellers_drivers,rides_offers_price_lyft_avg,market,27.100926544502617,20.700148599585063,21.430490994764398,11.957031496568375,10.592708738055467
wildcat_strike-long_rides,bank_tellers_drivers,rides_offers_price_no_surge_avg,market,26.316280732984296,19.821867199170125,20.6844827486911,10.952697696598014,9.497913936202144
wildcat_strike-long_rides,bank_tellers_drivers,rides_offers_price_uber_avg,market,25.818092958115184,19.274165728734438,20.236267434554975,10.467222649650372,8.928309942733708
wildcat_strike-long_rides,bank_tellers_drivers,rides_offers_radius_avg,matching,2583.232908612565,1351.8944073443986,1283.8212048952878,2.597222760982676,2.7408073809971745
wildcat_strike-long_rides,bank_tellers_drivers,rides_offers_surge_lyft_avg,market,1.0,1.0,1.0,,
wildcat_strike-long_rides,bank_tellers_drivers,rides_offers_surge_uber_avg,market,1.0,1.0,1.0,,
wildcat_strike-long_rides,bank_tellers_drivers,rides_offers_uber,matching,52.284668324607324,26.094305430497922,48.35130447643979,1.392968333370696,0.20920104491392105
wildcat_strike-long_rides,bank_tellers_drivers,rides_partial_acceptances,matching,5.824733612565446,2.956676968360996,5.529803481675393,1.3302968044804628,0.13679806898544405
wildcat_strike-long_rides,bank_tellers_drivers,rides_waiting_duration_avg,passenger_experience,948.2793647382198,447.8076316856846,762.8411991361259,2.1702846653811503,0.8041485274861442
wildcat_strike-long_rides,bank_tellers_drivers,traffic_duration_avg,trip,700.3326227225131,485.5632039496888,729.5020477486912,1.4150445779658432,-0.1921876818474558
wildcat_strike-long_rides,bank_tellers_drivers,traffic_length_avg,trip,3879.0670360994764,3714.81023217583,3905.0182111256545,2.0602733691718833,-0.32550563220508577
wildcat_strike-long_rides,bank_tellers_drivers,traffic_speed_avg,trip,5.489121020942408,7.032923874481328,5.422857984293194,-1.5857469872315557,0.06806336086918992
wildcat_strike-long_rides,baseline,drivers_accept,driver_decisions,2.2620381294964034,1.3540878129048977,2.235287985611511,1.003941145253803,0.029578237483654412
wildcat_strike-long_rides,baseline,drivers_acceptance_rate,driver_decisions,1.9282992805755395,2.4015027727390517,2.1013505035971227,-2.339880376938852,-0.855697744541485
wildcat_strike-long_rides,baseline,drivers_busy,supply,2854.548849856115,1049.299180570096,2757.1894635251797,1.8563695282539878,0.10011634465261368
wildcat_strike-long_rides,baseline,drivers_change_provider,driver_decisions,0.7680337769784172,0.412888958279347,0.715694892086331,1.3185550640640369,0.19431988892509142
wildcat_strike-long_rides,baseline,drivers_change_zone,driver_decisions,1.3635189568345323,0.7472860248769112,1.3107073381294962,1.1847430900737819,0.10153336034417844
wildcat_strike-long_rides,baseline,drivers_demand_pressure,market,0.0,0.0,0.0,,
wildcat_strike-long_rides,baseline,drivers_idle,supply,6785.576427877698,5104.945205817569,9190.818456402878,0.5100420825093676,-0.729948746081398
wildcat_strike-long_rides,baseline,drivers_idle_duration_avg,supply,1257.2516027338131,238.84692772739052,1410.7937030575538,8.581821709174207,-1.293857895754624
wildcat_strike-long_rides,baseline,drivers_occupied_distance_avg,supply,6548.358397086331,1892.2902674086554,6888.185195179857,4.187408582492164,-0.305621312073922
wildcat_strike-long_rides,baseline,drivers_occupied_duration_avg,supply,794.1963297482015,208.42851012438453,834.7877782733813,4.8819480484812585,-0.3383001528486007
wildcat_strike-long_rides,baseline,drivers_passengers_served,supply,2.214124604316547,0.8346943586421351,2.09254190647482,1.6018679373481404,0.1411883101879723
wildcat_strike-long_rides,baseline,drivers_pickup,supply,860.8628046762589,307.03672579683854,492.4160171942446,1.9373229534264222,1.2888530275594747
wildcat_strike-long_rides,baseline,drivers_pickup_accept,driver_decisions,1.1159592086330934,0.3702427286861881,0.5180035971223022,2.052974999647352,1.6461858552702262
wildcat_strike-long_rides,baseline,drivers_pickup_reject,driver_decisions,0.2702220503597122,0.08128279865250065,0.12637284172661872,2.3170505341624854,1.7640902178371345
wildcat_strike-long_rides,baseline,drivers_reject,driver_decisions,1.1920205395683454,0.6074907955428869,1.085533345323741,1.289147274578659,0.2348514812823298
wildcat_strike-long_rides,baseline,drivers_removed,supply,0.4073137050359712,0.20614186058564396,0.3825656115107914,1.323790733157158,0.1628522965599643
wildcat_strike-long_rides,baseline,drivers_shift_duration_avg,supply,5228.765361474821,1440.5898316014511,5772.740727589928,4.054235989177461,-0.5821811817161426
wildcat_strike-long_rides,baseline,drivers_starting,supply,0.3684525179856115,0.23448646022285569,0.37213381294964026,0.8605606480427295,-0.02364761367757252
wildcat_strike-long_rides,baseline,drivers_total_length_avg,supply,29168.82581697842,9089.213435770926,31783.856694820144,3.358550648225886,-0.43739458128812136
wildcat_strike-long_rides,baseline,drivers_waiting,supply,2.6218411151079137,1.5120726224410468,2.538836798561151,1.0324532323614781,0.07722157863098184
wildcat_strike-long_rides,baseline,passengers_accept,passenger_decisions,9.137247913669064,4.920363640839596,8.59872870503597,1.2348423698756403,0.15769613126372276
wildcat_strike-long_rides,baseline,passengers_acceptance_rate,passenger_decisions,1.8105864388489208,2.2758525265612852,2.035700107913669,-4.001755634529687,-1.936203642132689
wildcat_strike-long_rides,baseline,passengers_arrivals,demand,2.0426740287769785,1.2187367115833119,2.3601679856115108,1.0773667813718948,-0.41514983633087066
wildcat_strike-long_rides,baseline,passengers_change_provider,passenger_decisions,3.0798620503597123,1.4314067193573465,2.6423439928057553,1.4455518493054516,0.38366525638100163
wildcat_strike-long_rides,baseline,passengers_departures,demand,1.8685729136690645,1.2230314252396994,2.137763417266187,0.8737243022923593,-0.36434263196835565
wildcat_strike-long_rides,baseline,passengers_drivers_ratio,demand,0.2576238848920863,0.13560115573982898,0.11997974820143886,1.744635999137529,1.9679851254684704
wildcat_strike-long_rides,baseline,passengers_no_ratings_count,passenger_experience,0.48723600719424454,0.25985960870691893,0.571888273381295,1.2269062376221538,-0.4567773704953486
wildcat_strike-long_rides,baseline,passengers_offers_discarded,passenger_decisions,71.178519352518,37.810252612075665,66.70857327338129,1.2466147050377883,0.16699400530217515
wildcat_strike-long_rides,baseline,passengers_pickup_accept,passenger_decisions,1.2071943165467625,0.4017881653278051,0.5632615467625899,2.024442895665186,1.618568617960774
wildcat_strike-long_rides,baseline,passengers_pickup_reject,passenger_decisions,0.17931046762589928,0.04971554806944805,0.08071946043165468,2.6225795294311145,1.9951612157218273
wildcat_strike-long_rides,baseline,passengers_rating_avg,passenger_experience,4.887670647482015,4.88687225447007,4.866519388489208,0.03788313112818951,1.0036108858209631
wildcat_strike-long_rides,baseline,passengers_ratings_count,passenger_experience,1.5570804316546762,0.9593711479657944,1.7899457194244606,1.0315078964307844,-0.4018715949277258
wildcat_strike-long_rides,baseline,passengers_reject,passenger_decisions,5.116834820143885,2.2438817932106763,4.243962697841727,1.5970628752672482,0.48522605427788573
wildcat_strike-long_rides,baseline,passengers_unassigned,demand,28.748159424460432,10.944801318994559,18.135449640287767,2.2141747837195,1.3198855099046736
wildcat_strike-long_rides,baseline,rides_dispatched,matching,2.2620381294964034,1.3540878129048977,2.235287985611511,1.003941145253803,0.029578237483654412
wildcat_strike-long_rides,baseline,rides_duration_avg,trip,1247.9867535611513,528.7889719072298,991.7942924460431,3.0773829391039005,1.0962246117467216
wildcat_strike-long_rides,baseline,rides_in_progress,matching,2790.129298561151,1027.8441741824306,2353.98761410072,2.1331605094132216,0.527928315872237
wildcat_strike-long_rides,baseline,rides_length_avg,trip,8702.49058726619,4371.315144586681,6438.92476794964,3.7437784117847293,1.9565794459640817
wildcat_strike-long_rides,baseline,rides_offers_generated,matching,79.198009676259,41.940241396734905,73.63202661870504,1.2617052398510362,0.18848767150922946
wildcat_strike-long_rides,baseline,rides_offers_lyft,matching,29.90007805755396,15.606954705882352,27.60305751798561,1.278873866014397,0.2055253750684724
wildcat_strike-long_rides,baseline,rides_offers_price_lyft_avg,market,26.349104820143882,20.60618292821975,21.334774424460434,10.728117509309003,9.367065533494216
wildcat_strike-long_rides,baseline,rides_offers_price_no_surge_avg,market,25.476687230215827,19.722409629437678,20.573934460431655,9.704473343971653,8.268393857122856
wildcat_strike-long_rides,baseline,rides_offers_price_uber_avg,market,24.94354550359712,19.18909104172065,20.117277338129497,9.20443549697525,7.719771581208394
wildcat_strike-long_rides,baseline,rides_offers_radius_avg,matching,2666.5584479136687,1350.253690331692,1200.5970668705036,2.776439357057954,3.092105267272648
wildcat_strike-long_rides,baseline,rides_offers_surge_lyft_avg,market,1.0,1.0,1.0,,
wildcat_strike-long_rides,baseline,rides_offers_surge_uber_avg,market,1.0,1.0,1.0,,
wildcat_strike-long_rides,baseline,rides_offers_uber,matching,49.2979135971223,26.33330495983415,46.02856712230216,1.2214024200171871,0.17388442186365666
wildcat_strike-long_rides,baseline,rides_partial_acceptances,matching,5.683675107913669,2.9588054936512047,5.279196258992806,1.2638820602808387,0.18761028353002215
wildcat_strike-long_rides,baseline,rides_waiting_duration_avg,passenger_experience,1016.4090914028778,442.1419194791397,760.0243260431655,2.490296963339309,1.1118068972720965
wildcat_strike-long_rides,baseline,traffic_duration_avg,trip,738.6662369784173,488.4101541694739,713.6563847122302,1.6488544556538844,0.16478163440219182
wildcat_strike-long_rides,baseline,traffic_length_avg,trip,3920.882866726619,3718.440278004665,3899.8739152517983,2.539237732422571,0.26351531384914595
wildcat_strike-long_rides,baseline,traffic_speed_avg,trip,5.394404460431655,7.024982339984452,5.53528071942446,-1.6748796350648016,-0.14470377662419595
wildcat_strike-long_rides,drivers,drivers_accept,driver_decisions,2.200484818181818,1.3505464250325947,2.2611113030303027,0.9397960529566177,-0.06703607181942728
wildcat_strike-long_rides,drivers,drivers_acceptance_rate,driver_decisions,1.7325599696969696,2.3817784954367665,2.1047631515151517,-3.210233470125807,-1.8404575109721102
wildcat_strike-long_rides,drivers,drivers_busy,supply,2678.0877473939395,1050.5944941486312,2758.1860143636363,1.6735795242984008,-0.0823664363984103
wildcat_strike-long_rides,drivers,drivers_change_provider,driver_decisions,0.8216562424242425,0.41078538983050844,0.7214035757575759,1.5254505059324261,0.37221058666567913
wildcat_strike-long_rides,drivers,drivers_change_zone,driver_decisions,1.4506009393939394,0.7425736010430248,1.328302696969697,1.3612230914531274,0.23512537244642726
wildcat_strike-long_rides,drivers,drivers_demand_pressure,market,0.0,0.0,0.0,,
wildcat_strike-long_rides,drivers,drivers_idle,supply,6851.649300424241,5083.240693548892,9171.91537809091,0.5366809783960582,-0.7041600362382231
wildcat_strike-long_rides,drivers,drivers_idle_duration_avg,supply,1141.1698324848485,225.29291067535857,1377.291763,7.717847966935894,-1.9897358673203962
wildcat_strike-long_rides,drivers,drivers_occupied_distance_avg,supply,6476.231355545456,1877.240224049544,6733.109629,4.136076706455859,-0.231022024798806
wildcat_strike-long_rides,drivers,drivers_occupied_duration_avg,supply,763.7259670909092,205.18422638070402,814.9951737272728,4.65503851475941,-0.42729148802731687
wildcat_strike-long_rides,drivers,drivers_passengers_served,supply,2.321833454545455,0.8472169308996089,2.069722212121212,1.7124033176155213,0.29276501450564785
wildcat_strike-long_rides,drivers,drivers_pickup,supply,830.9960145757576,308.6891620599739,509.5041297272728,1.82706646129433,1.124601443683366
wildcat_strike-long_rides,drivers,drivers_pickup_accept,driver_decisions,1.0581110606060606,0.374816221642764,0.545454606060606,1.8811267546073132,1.4113552709262949
wildcat_strike-long_rides,drivers,drivers_pickup_reject,driver_decisions,0.2851517575757576,0.08052780964797915,0.1324038787878788,2.509399309907392,1.873218777674096
wildcat_strike-long_rides,drivers,drivers_reject,driver_decisions,1.289772909090909,0.609212631029987,1.0966763636363637,1.5009371834643885,0.42586350454809235
wildcat_strike-long_rides,drivers,drivers_removed,supply,0.513591,0.20960065971316819,0.3824744242424242,2.000377321888915,0.8627992074409544
wildcat_strike-long_rides,drivers,drivers_shift_duration_avg,supply,5084.576512454545,1418.9230239634942,5631.094092757576,3.923108678491229,-0.5849019469424629
wildcat_strike-long_rides,drivers,drivers_starting,supply,0.33467681818181816,0.2339739895697523,0.37270148484848487,0.6468869271618448,-0.2442598695128038
wildcat_strike-long_rides,drivers,drivers_total_length_avg,supply,29143.296356,9045.571614698827,31011.116871909086,3.3615801528586773,-0.3124148855755368
wildcat_strike-long_rides,drivers,drivers_waiting,supply,2.5784241818181814,1.513388482398957,2.5705604545454546,0.9908368796840823,0.007315877766204651
wildcat_strike-long_rides,drivers,passengers_accept,passenger_decisions,9.540813,4.901919561929596,8.689939151515153,1.3584205294834442,0.24916384030222236
wildcat_strike-long_rides,drivers,passengers_acceptance_rate,passenger_decisions,1.7848923636363638,2.2908996870925686,2.036509545454545,-4.352171179529406,-2.164160470057464
wildcat_strike-long_rides,drivers,passengers_arrivals,demand,1.9721767575757578,1.2123485136897,2.32919703030303,0.9935388195538737,-0.4668337919476552
wildcat_strike-long_rides,drivers,passengers_change_provider,passenger_decisions,3.2402374545454546,1.4264520260756195,2.6751211212121215,1.5905319550112142,0.4955578385166103
wildcat_strike-long_rides,drivers,passengers_departures,demand,1.807605818181818,1.2208900208604954,2.136651181818182,0.7941051967174523,-0.44535469202019434
wildcat_strike-long_rides,drivers,passengers_drivers_ratio,demand,0.2672034545454546,0.13577973924380707,0.1225001515151515,1.879047833535645,2.068914483512051
wildcat_strike-long_rides,drivers,passengers_no_ratings_count,passenger_experience,0.4834847878787879,0.2588983572359844,0.5632875454545454,1.2118517773792177,-0.43060978052479437
wildcat_strike-long_rides,drivers,passengers_offers_discarded,passenger_decisions,74.38663621212122,37.64053049804433,67.41382848484848,1.3728083658754076,0.2604991357757316
wildcat_strike-long_rides,drivers,passengers_pickup_accept,passenger_decisions,1.1667425151515152,0.40428203389830514,0.5927072424242424,1.9164960463269283,1.4428765263030954
wildcat_strike-long_rides,drivers,passengers_pickup_reject,passenger_decisions,0.17661636363636363,0.05104919687092568,0.08476775757575758,2.541070917400076,1.858716953455889
wildcat_strike-long_rides,drivers,passengers_rating_avg,passenger_experience,4.840863909090909,4.883995833116037,4.868902545454546,-2.0465764469502057,-1.3304116169960323
wildcat_strike-long_rides,drivers,passengers_ratings_count,passenger_experience,1.489530787878788,0.953818664928292,1.767656333333333,0.9245151449325141,-0.4799803251588992
wildcat_strike-long_rides,drivers,passengers_reject,passenger_decisions,5.393540212121212,2.236882320730117,4.287676636363636,1.754773252816331,0.6147450533982484
wildcat_strike-long_rides,drivers,passengers_unassigned,demand,30.282297969696977,10.900018558018253,18.40786372727273,2.4105426667325713,1.4768041351950956
wildcat_strike-long_rides,drivers,rides_dispatched,matching,2.200484818181818,1.3505464250325947,2.2611113030303027,0.9397960529566177,-0.06703607181942728
wildcat_strike-long_rides,drivers,rides_duration_avg,trip,1165.3410470606061,522.7953952985658,985.2692469090911,2.749395335703921,0.770511116324128
wildcat_strike-long_rides,drivers,rides_in_progress,matching,2534.2528583636367,1014.7090217653196,2354.6905506969697,1.839333975934529,0.21735144806869838
wildcat_strike-long_rides,drivers,rides_length_avg,trip,8483.487296030304,4373.1468536166885,6422.3696705151515,3.5528932081019047,1.7815874172436779
wildcat_strike-long_rides,drivers,rides_offers_generated,matching,82.90664169696969,41.74794604172099,74.40697003030304,1.3938071004161783,0.28783474625720856
wildcat_strike-long_rides,drivers,rides_offers_lyft,matching,31.532474666666662,15.7033512125163,27.828590909090913,1.4163071156215084,0.33140413216715525
wildcat_strike-long_rides,drivers,rides_offers_price_lyft_avg,market,26.14678039393939,20.56214186440678,21.361423181818182,10.43243483358035,8.93933009394547
wildcat_strike-long_rides,drivers,rides_offers_price_no_surge_avg,market,25.30561933333333,19.662922073011732,20.58891121212121,9.51629534582894,7.954633302259824
wildcat_strike-long_rides,drivers,rides_offers_price_uber_avg,market,24.788598303030305,19.12701136636245,20.12728006060606,9.055890895361063,7.45592885954947
wildcat_strike-long_rides,drivers,rides_offers_radius_avg,matching,2649.815930393939,1355.900021499348,1237.880969060606,2.7292152774541845,2.9781490750312267
wildcat_strike-long_rides,drivers,rides_offers_surge_lyft_avg,market,1.0,1.0,1.0,,
wildcat_strike-long_rides,drivers,rides_offers_surge_uber_avg,market,1.0,1.0,1.0,,
wildcat_strike-long_rides,drivers,rides_offers_uber,matching,51.37425757575758,26.044590062581488,46.57829284848485,1.3471911360418196,0.25507958862823976
wildcat_strike-long_rides,drivers,rides_partial_acceptances,matching,6.051060696969697,2.942165199478487,5.3327421818181815,1.4420056012957314,0.3331792024527021
wildcat_strike-long_rides,drivers,rides_waiting_duration_avg,passenger_experience,1011.8037877272726,454.92882916297253,754.3821676666666,2.4148760125479414,1.116303194882858
wildcat_strike-long_rides,drivers,traffic_duration_avg,trip,684.0661196666666,484.59043485006515,712.3486888181818,1.3142792295504961,-0.1863444821775512
wildcat_strike-long_rides,drivers,traffic_length_avg,trip,3893.8390838787877,3715.305257199478,3898.302275545455,2.239350089721174,-0.05598182061681093
wildcat_strike-long_rides,drivers,traffic_speed_avg,trip,5.549679757575758,7.054537752281617,5.5094579999999995,-1.545744021554224,0.041314556940161104
wildcat_strike-long_rides,managers,drivers_accept,driver_decisions,2.3722665666666662,1.370472650418888,2.469800133333333,1.107706130178683,-0.10784506468108397
wildcat_strike-long_rides,managers,drivers_acceptance_rate,driver_decisions,1.9653739999999997,2.38555674790556,2.0941039999999997,-2.077705221610526,-0.6365396830572342
wildcat_strike-long_rides,managers,drivers_busy,supply,3129.765378633333,1099.2240226834222,3135.869421266667,2.0880408749975126,-0.006276892851151036
wildcat_strike-long_rides,managers,drivers_change_provider,driver_decisions,0.8038498333333334,0.41452404163493267,0.7746495000000001,1.4454596186848736,0.10841280897765011
wildcat_strike-long_rides,managers,drivers_change_zone,driver_decisions,1.4211165666666667,0.7595731632394007,1.4184386666666668,1.271855065428807,0.005148416055646059
wildcat_strike-long_rides,managers,drivers_demand_pressure,market,0.0,0.0,0.0,,
wildcat_strike-long_rides,managers,drivers_idle,supply,6596.385930533333,5188.696119809597,8574.243516866667,0.4272091540157429,-0.6002450680428412
wildcat_strike-long_rides,managers,drivers_idle_duration_avg,supply,974.4338349333334,250.79594589235845,1207.5953468333335,6.097901451320096,-1.9647892175619497
wildcat_strike-long_rides,managers,drivers_occupied_distance_avg,supply,6024.010398799999,1990.4533316984005,6404.186539933335,3.627556773298849,-0.34190926590902077
wildcat_strike-long_rides,managers,drivers_occupied_duration_avg,supply,708.6220079999999,220.86052880426502,767.7169942333334,4.065136598000869,-0.49251365993803525
wildcat_strike-long_rides,managers,drivers_passengers_served,supply,2.2117389,0.8704966768215283,2.124661233333333,1.5575219698598974,0.10111922855818409
wildcat_strike-long_rides,managers,drivers_pickup,supply,905.771517,316.3702228535161,621.1540028666666,2.0617675827754387,0.995612276318477
wildcat_strike-long_rides,managers,drivers_pickup_accept,driver_decisions,1.2068442666666668,0.38069351358212744,0.6823056333333333,2.2744124444495997,1.4440671884563892
wildcat_strike-long_rides,managers,drivers_pickup_reject,driver_decisions,0.2861169,0.08520527037319116,0.16095020000000002,2.4638734119030308,1.5349778644396206
wildcat_strike-long_rides,managers,drivers_reject,driver_decisions,1.2225225666666666,0.6187746001523229,1.1987667333333334,1.331531976806427,0.05239214618251749
wildcat_strike-long_rides,managers,drivers_removed,supply,0.42804986666666667,0.21109216552424476,0.40962166666666666,1.427667947491203,0.12126488403694238
wildcat_strike-long_rides,managers,drivers_shift_duration_avg,supply,4536.0052912,1502.3208180223407,5093.525425133333,3.2467536612214136,-0.5966772589756717
wildcat_strike-long_rides,managers,drivers_starting,supply,0.33466133333333337,0.23546846407717695,0.4063717,0.6371873687547386,-0.46064742547947707
wildcat_strike-long_rides,managers,drivers_total_length_avg,supply,26731.025699766662,9471.237138438692,28648.892795499996,2.886902045735799,-0.3207857629569909
wildcat_strike-long_rides,managers,drivers_waiting,supply,2.7365443333333332,1.5387264051789797,2.8178663333333334,1.114368447000706,-0.07565646557538727
wildcat_strike-long_rides,managers,passengers_accept,passenger_decisions,9.337777466666667,4.989917788778878,9.448699733333333,1.2731962750609769,-0.03248168689977772
wildcat_strike-long_rides,managers,passengers_acceptance_rate,passenger_decisions,1.2812171333333333,2.2611229779131756,2.0626231,-8.428174411198862,-6.7208761019707355
wildcat_strike-long_rides,managers,passengers_arrivals,demand,1.9548666666666668,1.236980642294999,2.4480777666666667,0.9386958683986579,-0.6449146606852778
wildcat_strike-long_rides,managers,passengers_change_provider,passenger_decisions,4.1148109,1.4732881340441737,2.8961609333333334,2.3163855565246227,1.0686499535900975
wildcat_strike-long_rides,managers,passengers_departures,demand,1.8887055666666668,1.236216049758822,2.3040385333333333,0.883128285527329,-0.5621428103757824
wildcat_strike-long_rides,managers,passengers_drivers_ratio,demand,0.2688984333333333,0.13583764661081493,0.14375516666666666,1.9024540772236285,1.7892522941681415
wildcat_strike-long_rides,managers,passengers_no_ratings_count,passenger_experience,0.5284890666666666,0.26633793602437167,0.5711884999999999,1.4145481216365574,-0.2304029857457616
wildcat_strike-long_rides,managers,passengers_offers_discarded,passenger_decisions,75.57912256666665,38.37788735211983,73.23682236666666,1.3898116802038283,0.08750666900519513
wildcat_strike-long_rides,managers,passengers_pickup_accept,passenger_decisions,1.2102663,0.4134171363290175,0.7430776666666667,2.0029343280641374,1.1743102635307165
wildcat_strike-long_rides,managers,passengers_pickup_reject,passenger_decisions,0.2827111333333333,0.0524793145468393,0.0996832,4.659142943563762,3.7038898817711257
wildcat_strike-long_rides,managers,passengers_rating_avg,passenger_experience,4.897745566666668,4.892772736735211,4.8732378333333335,0.2359569354355383,1.1628729981745674
wildcat_strike-long_rides,managers,passengers_ratings_count,passenger_experience,1.4276111,0.9713718532622493,1.8793165999999997,0.7873633529115233,-0.7795391552822928
wildcat_strike-long_rides,managers,passengers_reject,passenger_decisions,7.3238779,2.3112821579080984,4.596811333333333,2.7864815377657655,1.515965186752461
wildcat_strike-long_rides,managers,passengers_unassigned,demand,29.378050199999997,11.154843028687482,20.288483533333334,2.266390731354705,1.1304546697901734
wildcat_strike-long_rides,managers,rides_dispatched,matching,2.3722665666666662,1.370472650418888,2.469800133333333,1.107706130178683,-0.10784506468108397
wildcat_strike-long_rides,managers,rides_duration_avg,trip,1266.8974568333335,539.8989862934754,1047.4206387333331,3.1107613886809187,0.9391216613551252
wildcat_strike-long_rides,managers,rides_in_progress,matching,2886.513999966667,1057.1771883346025,2686.3398167333335,2.2143233186316134,0.24230112186183855
wildcat_strike-long_rides,managers,rides_length_avg,trip,8556.560665300001,4471.7784781442,6464.852531933334,3.5308011812275812,1.808029219109174
wildcat_strike-long_rides,managers,rides_offers_generated,matching,83.76035003333334,42.551068418380304,80.8405558,1.395520154454816,0.09887655255798274
wildcat_strike-long_rides,managers,rides_offers_lyft,matching,32.3634609,16.11482395531861,30.294683333333335,1.4538429869828833,0.1851033884974787
wildcat_strike-long_rides,managers,rides_offers_price_lyft_avg,market,28.463902633333333,20.692731670474743,21.511091500000003,14.51700664634049,12.988262118508585
wildcat_strike-long_rides,managers,rides_offers_price_no_surge_avg,market,27.545640366666667,19.81030990352881,20.78789413333333,13.045479119078632,11.396802993626826
wildcat_strike-long_rides,managers,rides_offers_price_uber_avg,market,26.968669433333336,19.276614074638236,20.35591493333333,12.303690620428396,10.577314088733765
wildcat_strike-long_rides,managers,rides_offers_radius_avg,matching,2667.9634414333336,1360.560145227215,1306.0683724666667,2.757663790414358,2.8726015369026157
wildcat_strike-long_rides,managers,rides_offers_surge_lyft_avg,market,1.0,1.0,1.0,,
wildcat_strike-long_rides,managers,rides_offers_surge_uber_avg,market,1.0,1.0,1.0,,
wildcat_strike-long_rides,managers,rides_offers_uber,matching,51.3969884,26.436203703985786,50.546155533333334,1.3275716261820822,0.04525264674832894
wildcat_strike-long_rides,managers,rides_partial_acceptances,matching,5.743271966666668,3.0007164254887027,5.780777700000001,1.2720853613235528,-0.01739636394694326
wildcat_strike-long_rides,managers,rides_waiting_duration_avg,passenger_experience,976.4854281333334,470.6314351840569,776.9362652666667,2.193624717071477,0.8653405568336293
wildcat_strike-long_rides,managers,traffic_duration_avg,trip,752.8071464,490.3179676770754,748.8053150000001,1.729454273559643,0.02636674186138764
wildcat_strike-long_rides,managers,traffic_length_avg,trip,3933.5858226000005,3720.3947035542014,3914.721741533333,2.674056566437192,0.23661220069532596
wildcat_strike-long_rides,managers,traffic_speed_avg,trip,5.4268985333333335,7.007357915714649,5.342926366666667,-1.6233994504595812,0.08625363659467762
wildcat_strike-long_rides,managers_drivers,drivers_accept,driver_decisions,2.306604185463659,1.3495290667361834,2.41910619047619,1.0582595470600782,-0.12439600459597004
wildcat_strike-long_rides,managers_drivers,drivers_acceptance_rate,driver_decisions,1.7537199498746865,2.378925886339937,2.1232539097744363,-3.0914968433394856,-1.8272588340982787
wildcat_strike-long_rides,managers_drivers,drivers_busy,supply,2860.9889257894733,1048.1576374504693,2981.5396421804508,1.8641658385507003,-0.12396439136637939
wildcat_strike-long_rides,managers_drivers,drivers_change_provider,driver_decisions,0.8211406766917293,0.4122992335766423,0.7609727819548873,1.5179158665283328,0.22338684987703206
wildcat_strike-long_rides,managers_drivers,drivers_change_zone,driver_decisions,1.450258596491228,0.7446793404588111,1.3846738345864662,1.3565165130468773,0.12609045938840596
wildcat_strike-long_rides,managers_drivers,drivers_demand_pressure,market,0.0,0.0,0.0,,
wildcat_strike-long_rides,managers_drivers,drivers_idle,supply,6735.734269849625,4991.674764906153,8768.186321428573,0.5292914532619576,-0.6168135301669858
wildcat_strike-long_rides,managers_drivers,drivers_idle_duration_avg,supply,1187.039743283208,238.1947279692388,1238.2125150877193,7.995661205121434,-0.4312191555756587
wildcat_strike-long_rides,managers_drivers,drivers_occupied_distance_avg,supply,6219.465929172933,1874.9535681647549,6465.669088646617,3.9072126611017466,-0.22142142131587741
wildcat_strike-long_rides,managers_drivers,drivers_occupied_duration_avg,supply,751.2342680701755,207.73406286235664,776.4931939097745,4.529678274008742,-0.2105147459082938
wildcat_strike-long_rides,managers_drivers,drivers_passengers_served,supply,2.3513285714285717,0.8412491684045882,2.0868338095238097,1.7535847036406695,0.3071454174796827
wildcat_strike-long_rides,managers_drivers,drivers_pickup,supply,869.3624965413534,309.30973112356617,589.0541847619048,1.9591043451206838,0.9805383804701056
wildcat_strike-long_rides,managers_drivers,drivers_pickup_accept,driver_decisions,1.1087384210526319,0.37404243743482796,0.6437637593984963,2.0226353141827618,1.2800861741896765
wildcat_strike-long_rides,managers_drivers,drivers_pickup_reject,driver_decisions,0.3070633082706767,0.08356107142857143,0.15366328320802006,2.740912608588171,1.8812163528770909
wildcat_strike-long_rides,managers_drivers,drivers_reject,driver_decisions,1.3332708521303258,0.6137916084462982,1.1584583458646616,1.5867707598995717,0.38553909072731557
wildcat_strike-long_rides,managers_drivers,drivers_removed,supply,0.5151960401002507,0.20902725234619396,0.39681661654135336,2.014712372490363,0.7789836810013872
wildcat_strike-long_rides,managers_drivers,drivers_shift_duration_avg,supply,4841.073254210527,1416.5987669838373,5210.788008370927,3.6649906005275783,-0.3956814699389329
wildcat_strike-long_rides,managers_drivers,drivers_starting,supply,0.2891224812030075,0.2324503884254432,0.39636972431077694,0.3640457418920705,-0.6889264233860043
wildcat_strike-long_rides,managers_drivers,drivers_total_length_avg,supply,27089.7522935589,8925.409305943691,29185.410616867164,3.038199381415737,-0.35052343076075293
wildcat_strike-long_rides,managers_drivers,drivers_waiting,supply,2.7288681704260656,1.5146159202294056,2.7464325563909773,1.1296578240431863,-0.01634071176443222
wildcat_strike-long_rides,managers_drivers,passengers_accept,passenger_decisions,9.563667894736842,4.937348759124086,9.188725764411027,1.3547383602699365,0.10979538417996182
wildcat_strike-long_rides,managers_drivers,passengers_acceptance_rate,passenger_decisions,1.364409573934837,2.2624301642335767,2.059282781954887,-7.723878984649573,-5.976607470254826
wildcat_strike-long_rides,managers_drivers,passengers_arrivals,demand,1.9326649874686717,1.206040990615224,2.387105313283208,0.9501214964069576,-0.5942186388838142
wildcat_strike-long_rides,managers_drivers,passengers_change_provider,passenger_decisions,4.058717418546366,1.4345521506777892,2.8155722305764415,2.3011645414401056,1.090130130691736
wildcat_strike-long_rides,managers_drivers,passengers_departures,demand,1.8322139348370927,1.216636235662148,2.250325588972431,0.8331690609490783,-0.5659036945534373
wildcat_strike-long_rides,managers_drivers,passengers_drivers_ratio,demand,0.2573495238095238,0.13819586548488008,0.13765426065162908,1.7036150820944076,1.7113587483438122
wildcat_strike-long_rides,managers_drivers,passengers_no_ratings_count,passenger_experience,0.5268756140350878,0.2563251147028154,0.5562484962406015,1.459870494171172,-0.15849390101450808
wildcat_strike-long_rides,managers_drivers,passengers_offers_discarded,passenger_decisions,77.2227653132832,37.88398811261731,71.25206786967418,1.4696687280169263,0.22306100854538652
wildcat_strike-long_rides,managers_drivers,passengers_pickup_accept,passenger_decisions,1.1620174185463659,0.4069351746611053,0.7025481954887218,1.8979503471173178,1.154907003116462
wildcat_strike-long_rides,managers_drivers,passengers_pickup_reject,passenger_decisions,0.2539726065162907,0.05063661887382691,0.09469090225563911,4.114858827899459,3.223343464671267
wildcat_strike-long_rides,managers_drivers,passengers_rating_avg,passenger_experience,4.853141604010025,4.885530440563087,4.874673809523809,-1.536825252566939,-1.0216865037073044
wildcat_strike-long_rides,managers_drivers,passengers_ratings_count,passenger_experience,1.407193007518797,0.9501972497393119,1.8329990726817043,0.7886689158910207,-0.7348427246318008
wildcat_strike-long_rides,managers_drivers,passengers_reject,passenger_decisions,7.184737117794486,2.262413553180396,4.477468671679198,2.736299602325893,1.5049594922505833
wildcat_strike-long_rides,managers_drivers,passengers_unassigned,demand,28.736624736842106,10.97451252085506,19.70773200501253,2.2090450993152935,1.122908750882657
wildcat_strike-long_rides,managers_drivers,rides_dispatched,matching,2.306604185463659,1.3495290667361834,2.41910619047619,1.0582595470600782,-0.12439600459597004
wildcat_strike-long_rides,managers_drivers,rides_duration_avg,trip,1248.0176096491227,522.3941331699688,1012.4879074436091,3.104877912157883,1.0078105157007444
wildcat_strike-long_rides,managers_drivers,rides_in_progress,matching,2755.2478196741854,1025.3823688008342,2552.51425245614,2.0939180699844124,0.24539913180874542
wildcat_strike-long_rides,managers_drivers,rides_length_avg,trip,8303.448546942356,4339.608259144943,6440.03693340852,3.4262615065156137,1.6106944323412251
wildcat_strike-long_rides,managers_drivers,rides_offers_generated,matching,85.6052588471178,42.0366388894682,78.65752729323309,1.4754173057610491,0.23527950576235337
wildcat_strike-long_rides,managers_drivers,rides_offers_lyft,matching,33.14021701754386,15.91885859489051,29.479632431077693,1.5408770135201102,0.32752994896802595
wildcat_strike-long_rides,managers_drivers,rides_offers_price_lyft_avg,market,27.51960117794486,20.721040122523462,21.475892907268175,12.700113856560895,11.290004241739513
wildcat_strike-long_rides,managers_drivers,rides_offers_price_no_surge_avg,market,26.735834135338344,19.840181139207505,20.727617067669172,11.629379973114366,10.132737143252566
wildcat_strike-long_rides,managers_drivers,rides_offers_price_uber_avg,market,26.239402832080202,19.295860179874868,20.2802734085213,11.10642040633676,9.531819699097774
wildcat_strike-long_rides,managers_drivers,rides_offers_radius_avg,matching,2557.580651453634,1351.8936338607928,1296.434773859649,2.54311691016593,2.6600945027164555
wildcat_strike-long_rides,managers_drivers,rides_offers_surge_lyft_avg,market,1.0,1.0,1.0,,
wildcat_strike-long_rides,managers_drivers,rides_offers_surge_uber_avg,market,1.0,1.0,1.0,,
wildcat_strike-long_rides,managers_drivers,rides_offers_uber,matching,52.46559355889724,26.11772808654849,49.17802413533834,1.4013453117576964,0.17485363296761694
wildcat_strike-long_rides,managers_drivers,rides_partial_acceptances,matching,5.924135388471178,2.974064937434828,5.611491127819549,1.3683374426848098,0.1450144514141509
wildcat_strike-long_rides,managers_drivers,rides_waiting_duration_avg,passenger_experience,936.7984179197995,446.10162092805007,766.7818321804511,2.1278958700971264,0.7372731855204188
wildcat_strike-long_rides,managers_drivers,traffic_duration_avg,trip,772.579344536341,492.33078789103234,732.6925593233083,1.8464649335535492,0.2628008189931921
wildcat_strike-long_rides,managers_drivers,traffic_length_avg,trip,3917.210501278195,3719.8753181465067,3905.0465931829576,2.475175535473482,0.15257191979286955
wildcat_strike-long_rides,managers_drivers,traffic_speed_avg,trip,5.241695438596492,6.992601329509906,5.3906464160400995,-1.798476881343537,-0.15299787999805123
wildcat_strike-long_rides,students,drivers_accept,driver_decisions,2.314605905511811,1.3659732039826398,2.356765433070866,1.048924575932369,-0.046616740594231834
wildcat_strike-long_rides,students,drivers_acceptance_rate,driver_decisions,1.9612961023622049,2.366202384477917,2.0900341732283465,-2.002166678208797,-0.6365795915989556
wildcat_strike-long_rides,students,drivers_busy,supply,3051.715151220472,1089.8328043375031,2989.527706732283,2.017437625795758,0.06394842716327315
wildcat_strike-long_rides,students,drivers_change_provider,driver_decisions,0.7845208661417322,0.41276739596630074,0.74601,1.3802184204144137,0.14298025734594866
wildcat_strike-long_rides,students,drivers_change_zone,driver_decisions,1.4175262598425198,0.7550425708450345,1.3670076771653543,1.2736628182674528,0.09712486730782005
wildcat_strike-long_rides,students,drivers_demand_pressure,market,0.0,0.0,0.0,,
wildcat_strike-long_rides,students,drivers_idle,supply,6857.508982047244,5228.907310965024,8855.60702559055,0.4942520268538083,-0.6063876916064218
wildcat_strike-long_rides,students,drivers_idle_duration_avg,supply,1295.8285722440946,272.99998013020166,1308.1426684251967,8.619100866275716,-0.10376756954221011
wildcat_strike-long_rides,students,drivers_occupied_distance_avg,supply,6837.521221299212,2003.682955351034,6759.575901220473,4.347285150789165,0.07009968350385945
wildcat_strike-long_rides,students,drivers_occupied_duration_avg,supply,817.7725947244094,221.1378187260659,816.7856174803151,4.972516213355219,0.008225736322961521
wildcat_strike-long_rides,students,drivers_passengers_served,supply,2.261397598425197,0.8554905310186368,2.133215275590551,1.6326142341968626,0.14885214654927334
wildcat_strike-long_rides,students,drivers_pickup,supply,901.5955576377952,313.8406170998213,558.6353040551182,2.056008520938415,1.1996993220742245
wildcat_strike-long_rides,students,drivers_pickup_accept,driver_decisions,1.150636496062992,0.37776021444983404,0.5982612598425197,2.127746572109003,1.5207020105894287
wildcat_strike-long_rides,students,drivers_pickup_reject,driver_decisions,0.28838622047244095,0.08142545825887158,0.14399602362204725,2.5380567579506437,1.7707246097199476
wildcat_strike-long_rides,students,drivers_reject,driver_decisions,1.1945138976377951,0.6196578886903242,1.1477361023622046,1.267812399256659,0.10316578053844867
wildcat_strike-long_rides,students,drivers_removed,supply,0.4075265354330709,0.20754016594332395,0.4011017322834646,1.3159898365083549,0.04227775956942027
wildcat_strike-long_rides,students,drivers_shift_duration_avg,supply,5376.980911811023,1531.8084234005614,5467.222711417323,4.115236098267564,-0.0965798835895627
wildcat_strike-long_rides,students,drivers_starting,supply,0.3661026377952756,0.23652420985448047,0.3825322834645669,0.8323757359387634,-0.10553946843249207
wildcat_strike-long_rides,students,drivers_total_length_avg,supply,30000.254571771653,9479.673106190963,30515.888376496066,3.432307898916405,-0.08624580077676866
wildcat_strike-long_rides,students,drivers_waiting,supply,2.6639763779527557,1.5367799106459024,2.686049724409449,1.048667036293979,-0.020535542366572564
wildcat_strike-long_rides,students,passengers_accept,passenger_decisions,9.270636377952755,4.968055876946643,9.082388031496063,1.259937043251641,0.055125305610480346
wildcat_strike-long_rides,students,passengers_acceptance_rate,passenger_decisions,1.6218005511811024,2.3188177865713557,2.04567688976378,-5.99504825894734,-3.6457622230909146
wildcat_strike-long_rides,students,passengers_arrivals,demand,2.0474934645669287,1.2321794204748533,2.433792637795275,1.0660911323722897,-0.5051183970222132
wildcat_strike-long_rides,students,passengers_change_provider,passenger_decisions,3.623005354330709,1.4485653535869287,2.799665157480315,1.9067946247397634,0.7219976918882572
wildcat_strike-long_rides,students,passengers_departures,demand,1.9027298031496063,1.233768205259127,2.2377555118110233,0.9054228362600358,-0.4534489398387121
wildcat_strike-long_rides,students,passengers_drivers_ratio,demand,0.25350566929133855,0.1327801378606076,0.13248409448818896,1.7260891443122266,1.7303218633180701
wildcat_strike-long_rides,students,passengers_no_ratings_count,passenger_experience,0.5388844488188975,0.2647118892009191,0.5848029527559055,1.479414863714979,-0.2477728527560126
wildcat_strike-long_rides,students,passengers_offers_discarded,passenger_decisions,73.58896318897638,38.22103006637733,70.43645035433072,1.3213208183806486,0.11777563659686655
wildcat_strike-long_rides,students,passengers_pickup_accept,passenger_decisions,1.2279853937007872,0.4082648021444983,0.6522309842519686,2.0604232106931697,1.4471976928565708
wildcat_strike-long_rides,students,passengers_pickup_reject,passenger_decisions,0.21132559055118114,0.05090077355118713,0.08974417322834646,3.2464763473513276,2.460412316481237
wildcat_strike-long_rides,students,passengers_rating_avg,passenger_experience,4.891333858267717,4.888795767168752,4.867601181102363,0.12043046028574837,1.1260971822492638
wildcat_strike-long_rides,students,passengers_ratings_count,passenger_experience,1.5090224409448818,0.9682835231044167,1.8507544094488189,0.9331902295668697,-0.5897502909761214
wildcat_strike-long_rides,students,passengers_reject,passenger_decisions,5.758090511811023,2.281687914220066,4.459015748031496,1.9325180314631782,0.7221503651396406
wildcat_strike-long_rides,students,passengers_unassigned,demand,28.648910866141733,11.037012984426857,19.29935696850394,2.190363186098228,1.1627888601993748
wildcat_strike-long_rides,students,rides_dispatched,matching,2.314605905511811,1.3659732039826398,2.356765433070866,1.048924575932369,-0.046616740594231834
wildcat_strike-long_rides,students,rides_duration_avg,trip,1313.5318087795276,532.5940023002298,1037.0382016535434,3.3415629795658317,1.183091398563633
wildcat_strike-long_rides,students,rides_in_progress,matching,2934.210977952756,1048.2513956650498,2557.2634910236225,2.2828624310744754,0.4562766161481726
wildcat_strike-long_rides,students,rides_length_avg,trip,8945.816152401574,4427.163465123818,6483.9513496850395,3.905829861862583,2.1279849830883046
wildcat_strike-long_rides,students,rides_offers_generated,matching,81.69736236220471,42.38973114373245,77.65948858267717,1.3311222481818523,0.13673944363132648
wildcat_strike-long_rides,students,rides_offers_lyft,matching,30.743812125984253,15.702690426346697,29.042460669291344,1.3458008430997601,0.1522280233183337
wildcat_strike-long_rides,students,rides_offers_price_lyft_avg,market,27.770382637795276,20.57787725044677,21.4217844488189,13.436025151294565,11.859556628569347
wildcat_strike-long_rides,students,rides_offers_price_no_surge_avg,market,26.872180787401575,19.691100372734237,20.68462838582677,12.110747569014071,10.435182573984676
wildcat_strike-long_rides,students,rides_offers_price_uber_avg,market,26.330634212598426,19.162845667602756,20.24462653543307,11.465108943942669,9.734765557654216
wildcat_strike-long_rides,students,rides_offers_radius_avg,matching,2721.975511141732,1357.1677668419711,1242.31278515748,2.8787451494532452,3.1210050741904176
wildcat_strike-long_rides,students,rides_offers_surge_lyft_avg,market,1.0,1.0,1.0,,
wildcat_strike-long_rides,students,rides_offers_surge_uber_avg,market,1.0,1.0,1.0,,
wildcat_strike-long_rides,students,rides_offers_uber,matching,50.954337362204726,26.686981914730662,48.61755255905512,1.2906906944991268,0.12428492288747124
wildcat_strike-long_rides,students,rides_partial_acceptances,matching,5.762874133858268,2.9824087515956093,5.578483976377952,1.2896691634270563,0.08552607835322351
wildcat_strike-long_rides,students,rides_waiting_duration_avg,passenger_experience,998.4241602362204,449.7231269466428,778.8161338976379,2.379429965332644,0.952325377200104
wildcat_strike-long_rides,students,traffic_duration_avg,trip,756.7691044094489,493.72376438600975,733.4916869685038,1.7331186361922022,0.15336719504604246
wildcat_strike-long_rides,students,traffic_length_avg,trip,3925.788717913386,3720.751477487873,3908.926284409449,2.5717824531246927,0.2115055319336529
wildcat_strike-long_rides,students,traffic_speed_avg,trip,5.414986771653544,6.965580181261169,5.431542283464567,-1.592722038354756,-0.017005314452053288
wildcat_strike-long_rides,students_drivers,drivers_accept,driver_decisions,2.2064756369426752,1.355063616083009,2.283232738853503,0.9414254763559657,-0.08487205895583079
wildcat_strike-long_rides,students_drivers,drivers_acceptance_rate,driver_decisions,1.7292499044585983,2.4043250402075227,2.1044132165605096,-3.3380883473117353,-1.8550946615400674
wildcat_strike-long_rides,students_drivers,drivers_busy,supply,2661.2185661146495,1042.83719583917,2815.759533821656,1.664209617089446,-0.15891715600293357
wildcat_strike-long_rides,students_drivers,drivers_change_provider,driver_decisions,0.8111570382165605,0.4110961011673152,0.7250685668789809,1.4853162617232551,0.3196228238821112
wildcat_strike-long_rides,students_drivers,drivers_change_zone,driver_decisions,1.4614756369426753,0.7418624332036317,1.3354244904458599,1.383497580934736,0.24234054537392083
wildcat_strike-long_rides,students_drivers,drivers_demand_pressure,market,0.0,0.0,0.0,,
wildcat_strike-long_rides,students_drivers,drivers_idle,supply,6761.987689458599,5011.595572212712,9091.27863955414,0.5312132899647702,-0.7068989266429615
wildcat_strike-long_rides,students_drivers,drivers_idle_duration_avg,supply,1166.4792881847136,229.30378751491568,1361.163842611465,7.897325350459096,-1.6405542674967262
wildcat_strike-long_rides,students_drivers,drivers_occupied_distance_avg,supply,6533.455150127389,1896.8589413203633,6714.645303057326,4.169896620403025,-0.16295234096894712
wildcat_strike-long_rides,students_drivers,drivers_occupied_duration_avg,supply,768.9000542038217,207.76030378988327,812.3578515605096,4.676691033006693,-0.36218908224256163
wildcat_strike-long_rides,students_drivers,drivers_passengers_served,supply,2.4199256050955413,0.8437950428015564,2.0842197133757963,1.8302868309073963,0.3898395776162018
wildcat_strike-long_rides,students_drivers,drivers_pickup,supply,847.7269638535032,308.4644542464332,520.6363146496816,1.8863785538917757,1.1441863189900077
wildcat_strike-long_rides,students_drivers,drivers_pickup_accept,driver_decisions,1.0938059872611465,0.3736234889753567,0.5563376433121019,1.9826793478797309,1.479662985733955
wildcat_strike-long_rides,students_drivers,drivers_pickup_reject,driver_decisions,0.2836093949044586,0.08349641245136187,0.13553595541401273,2.454079227562105,1.8158939392767723
wildcat_strike-long_rides,students_drivers,drivers_reject,driver_decisions,1.2974308917197452,0.6122840492866408,1.1069636305732482,1.5110525916544997,0.4200647667858868
wildcat_strike-long_rides,students_drivers,drivers_removed,supply,0.5199523566878981,0.20994894163424124,0.3876535668789809,2.0399457449744305,0.8705786460102535
wildcat_strike-long_rides,students_drivers,drivers_shift_duration_avg,supply,5088.802939713376,1405.4267102049284,5586.912938152866,3.942076166637694,-0.5330944847505568
wildcat_strike-long_rides,students_drivers,drivers_starting,supply,0.32262232484076436,0.2339512373540856,0.37490926751592357,0.5695983727857673,-0.33587675881597456
wildcat_strike-long_rides,students_drivers,drivers_total_length_avg,supply,29003.039487802547,8914.264824337224,30843.76589799363,3.3600831473813506,-0.30788307865642206
wildcat_strike-long_rides,students_drivers,drivers_waiting,supply,2.598349331210191,1.5194528093385216,2.598534904458599,1.0037320474950062,-0.00017264474656168368
wildcat_strike-long_rides,students_drivers,passengers_accept,passenger_decisions,9.440350286624204,4.913243019455253,8.776926433121018,1.3256858630178043,0.19427231825411623
wildcat_strike-long_rides,students_drivers,passengers_acceptance_rate,passenger_decisions,1.6486526751592359,2.2788816783398183,2.040983184713376,-5.420602384588754,-3.3744364110560126
wildcat_strike-long_rides,students_drivers,passengers_arrivals,demand,1.9479670382165606,1.2162443035019455,2.358163535031847,0.9567885215360719,-0.5363661413093099
wildcat_strike-long_rides,students_drivers,passengers_change_provider,passenger_decisions,3.610621050955414,1.435948114137484,2.696141050955414,1.906998889402824,0.801919366749861
wildcat_strike-long_rides,students_drivers,passengers_departures,demand,1.8051009872611468,1.2232632451361867,2.1572396178343944,0.7875028706867035,-0.47661085278403925
wildcat_strike-long_rides,students_drivers,passengers_drivers_ratio,demand,0.27015452229299364,0.1383240207522698,0.12487159235668789,1.884863913224871,2.077201775341258
wildcat_strike-long_rides,students_drivers,passengers_no_ratings_count,passenger_experience,0.5028507006369426,0.2601482983138781,0.5677014649681529,1.3096042213574237,-0.3499299302911658
wildcat_strike-long_rides,students_drivers,passengers_offers_discarded,passenger_decisions,74.82397015923566,37.74372628793775,68.06528675159235,1.385291529701268,0.25249960353653544
wildcat_strike-long_rides,students_drivers,passengers_pickup_accept,passenger_decisions,1.1799254777070065,0.4067436264591439,0.6060828343949044,1.9434449357594492,1.4423923392250007
wildcat_strike-long_rides,students_drivers,passengers_pickup_reject,passenger_decisions,0.19789242038216562,0.050360622568093386,0.0854724203821656,2.9855635869955313,2.2750150369144566
wildcat_strike-long_rides,students_drivers,passengers_rating_avg,passenger_experience,4.841893566878982,4.889228848249027,4.868683694267515,-2.2460225030827816,-1.2711708314293193
wildcat_strike-long_rides,students_drivers,passengers_ratings_count,passenger_experience,1.4460876751592358,0.9564193618677043,1.7921016560509555,0.8450541853304551,-0.597140053375916
wildcat_strike-long_rides,students_drivers,passengers_reject,passenger_decisions,5.7980574203821655,2.2440578287937747,4.31938949044586,1.9756538840802764,0.8219854740438982
wildcat_strike-long_rides,students_drivers,passengers_unassigned,demand,30.289155891719744,10.99102029312581,18.607112611464967,2.4000778371181433,1.4528767831456872
wildcat_strike-long_rides,students_drivers,rides_dispatched,matching,2.2064756369426752,1.355063616083009,2.283232738853503,0.9414254763559657,-0.08487205895583079
wildcat_strike-long_rides,students_drivers,rides_duration_avg,trip,1171.5239707961782,525.1866037846952,997.3927720063695,2.765619745895706,0.7450918147844448
wildcat_strike-long_rides,students_drivers,rides_in_progress,matching,2597.073407515924,1019.3879671647211,2405.603843089172,1.909711562037874,0.2317646037747087
wildcat_strike-long_rides,students_drivers,rides_length_avg,trip,8578.992046496816,4384.8784992840465,6447.655455796178,3.62530494606679,1.8422832374519331
wildcat_strike-long_rides,students_drivers,rides_offers_generated,matching,83.30326423566879,41.86999566018158,75.1065501910828,1.4031052980319634,0.2775753228702731
wildcat_strike-long_rides,students_drivers,rides_offers_lyft,matching,31.642192038216564,15.814559377431907,28.132324777070064,1.4161737272340915,0.3140445515664586
wildcat_strike-long_rides,students_drivers,rides_offers_price_lyft_avg,market,26.622193566878984,20.7157999922179,21.364150445859874,11.03349227408034,9.822335308204478
wildcat_strike-long_rides,students_drivers,rides_offers_price_no_surge_avg,market,25.78428375796178,19.83136546044099,20.600030159235672,10.0394768805244,8.74313933871094
wildcat_strike-long_rides,students_drivers,rides_offers_price_uber_avg,market,25.2725850955414,19.286239577172502,20.142133248407642,9.575352720484565,8.20632319017106
wildcat_strike-long_rides,students_drivers,rides_offers_radius_avg,matching,2696.680157675159,1359.5203338806743,1239.8981707961784,2.8204282785390427,3.0727434659233865
wildcat_strike-long_rides,students_drivers,rides_offers_surge_lyft_avg,market,1.0,1.0,1.0,,
wildcat_strike-long_rides,students_drivers,rides_offers_surge_uber_avg,market,1.0,1.0,1.0,,
wildcat_strike-long_rides,students_drivers,rides_offers_uber,matching,51.66079076433121,26.055408996108948,46.974357738853506,1.3618553553919295,0.24925400336554027
wildcat_strike-long_rides,students_drivers,rides_partial_acceptances,matching,5.936741337579618,2.945913935149157,5.387197197452229,1.387241826009844,0.2548962256410427
wildcat_strike-long_rides,students_drivers,rides_waiting_duration_avg,passenger_experience,990.2028610191082,449.0273409105058,760.8910991401274,2.3467957429037836,0.9944054129931146
wildcat_strike-long_rides,students_drivers,traffic_duration_avg,trip,709.324573821656,485.72635323216605,718.0291866560509,1.4732146294191304,-0.057351811375116225
wildcat_strike-long_rides,students_drivers,traffic_length_avg,trip,3893.4429429617835,3715.504140158236,3902.0884194267514,2.2318867042420285,-0.10844022590903175
wildcat_strike-long_rides,students_drivers,traffic_speed_avg,trip,5.5280159872611465,7.043782459143969,5.490212229299363,-1.5569488750619118,0.03883086182701995
